DK01.No,DK02.No,DK03.No,DK04.No,DK05.No,DK01.Yes,DK02.Yes,DK03.Yes,DK04.Yes,DK05.Yes,variable
No,No,No,No,No,Yes,Yes,Yes,Yes,Yes,flag_two
1453.456,3699.259,4228.507,3208.027,2026.163,1105.544,3524.741,8027.493,9798.973,5849.037,Total.area
310.0772,236.9575,504.4414,341.0272,185.1709,119.4778,269.4958,322.7149,463.1620,308.1431,Total.SURVEY_LC1_1A
 249.5378,1317.1431,1157.4488, 824.6265, 338.0857, 320.6679,2201.0144,4591.4633,5072.4445,3202.5719,Total.SURVEY_LC1_1B
 384.4278, 919.7662, 907.4826, 681.9212, 352.3691, 322.8908, 394.9908,1250.2431,2284.6490,1069.3092,Total.SURVEY_LC1_1C
 12.41110, 23.08729,130.11028,138.02982,206.35808,  3.97959, 16.44012, 77.94716,156.74423, 78.04302,Total.SURVEY_LC1_1D
 269.4112, 442.6147, 989.4692, 668.1351, 620.1913, 305.0943, 591.2847,1596.1469,1641.3740,1124.7825,Total.SURVEY_LC1_1E
113.17828,621.00424,314.77784,253.35563,137.44227,  3.97959, 14.08110,131.23219,132.69351, 38.13783,Total.SURVEY_LC1_1F
 90.342747, 80.169524,133.933464,217.822380, 95.062178, 11.946595, 22.518847, 20.206537, 27.560666,  8.016641,Total.SURVEY_LC1_1G
24.07027,58.51605,90.84289,83.10895,91.48360,17.50707,14.91561,37.53931,20.34523,20.03254,Total.SURVEY_LC1_1H
 746.8001,2802.9599,2766.0804,1907.3002,1168.4773, 704.3377,2888.3196,6899.3464,8293.0867,4870.7797,Total.SURVEY_LU1_1U1
 0.000000,10.511417,59.489346, 0.000000, 9.354788, 0.000000, 5.430899,14.490523,42.635725, 0.000000,Total.SURVEY_LU1_1U2
591.9436,614.5860,977.2215,758.3621,387.9103,361.1140,530.5878,734.0976,847.0750,622.1307,Total.SURVEY_LU1_1U3
114.71261,271.20139,425.71537,542.36457,460.42071, 40.09194,100.40304,379.55891,616.17580,356.12632,Total.SURVEY_LU1_1U4
123.54523, 61.85281,197.71793,126.96241, 86.99715, 23.99127, 94.67225, 25.06554, 42.64839, 44.49925,Total.SURVEY_LC1_2A1
182.55240,167.12120,268.62871,214.06481, 86.20577, 90.18962,174.82355,275.89457,393.09225,243.30783,Total.SURVEY_LC1_2A2
 3.979590, 7.983516,38.094789, 0.000000,11.968022, 5.296860, 0.000000,21.754792,27.421400,20.335977,Total.SURVEY_LC1_2A3
  32.62064, 114.09127, 207.47077,  45.00356,  47.44987, 251.86142,1459.89294,3207.03552,3340.36862,2051.15460,Total.SURVEY_LC1_2B1
  0.000000, 30.005338, 20.006587,  0.000000,  0.000000,  3.932998,209.917168,234.858220,407.376060,144.428828,Total.SURVEY_LC1_2B2
  5.296860, 30.005338,104.051461, 86.468362,  8.011434, 19.758689,226.143460,350.123581,441.666586,334.873606,Total.SURVEY_LC1_2B3
  0.000000,  6.001068,  4.018527, 22.501782,  0.000000,  5.296860, 27.949361,105.517479,113.132969, 43.635085,Total.SURVEY_LC1_2B4
  0.000000,  6.001068, 50.756775,  3.943615,  0.000000, 39.817945,263.022932,670.561796,705.215625,594.606115,Total.SURVEY_LC1_2B5
 4.027772, 0.000000, 8.352549, 4.008238, 0.000000, 0.000000,14.088557, 0.000000,23.648693, 9.141664,Total.SURVEY_LC1_2B7
 0.000000, 7.854294,10.865026, 0.000000, 0.000000, 0.000000, 0.000000,23.366728,41.035936,24.731985,Total.SURVEY_LC1_2B8
 207.5925,1123.1848, 751.9271, 662.7010, 282.6244,   0.0000,   0.0000,   0.0000,   0.0000,   0.0000,Total.SURVEY_LC1_2Bx
323.7551,822.3762,499.5060,488.1864,177.0804,255.1823,327.0499,670.0304,873.9178,479.8573,Total.SURVEY_LC1_2C1
  54.44391,  91.60877, 222.21898, 162.45801, 150.75782,  42.02739,  13.74959, 424.24823,1246.96196, 361.26522,Total.SURVEY_LC1_2C2
  6.228760,  5.781279,185.757613, 31.276767, 24.530898, 25.681130, 54.191274,155.964538,163.769203,228.186686,Total.SURVEY_LC1_2C3
 0.000000, 7.890182, 4.066620,19.984455,12.615222, 3.979590, 0.000000,41.195362,72.403843,24.275642,Total.SURVEY_LC1_2D1
 12.41110, 15.19711,126.04366,118.04536,193.74286,  0.00000, 16.44012, 36.75180, 84.34039, 53.76738,Total.SURVEY_LC1_2D2
 21.83302, 44.95658,111.73776, 46.29979, 59.32775, 67.26741, 89.03232,136.10789,226.53618,130.84871,Total.SURVEY_LC1_2E1
 243.5985, 378.5235, 818.2570, 613.5591, 538.2875, 219.2280, 448.0177,1292.8064,1278.6963, 904.2285,Total.SURVEY_LC1_2E2
  3.979590, 19.134593, 59.474441,  8.276113, 22.576002, 18.598956, 54.234637,167.232580,136.141575, 89.705295,Total.SURVEY_LC1_2E3
0.000000,0.000000,0.000000,0.000000,4.342859,0.000000,0.000000,0.000000,4.343829,0.000000,Total.SURVEY_LC1_2F1
12.825033, 8.658395,38.314412,17.375314,21.045218, 0.000000, 4.040017,25.542428, 4.056233, 0.000000,Total.SURVEY_LC1_2F2
100.35325,612.34585,276.46343,235.98032,112.05420,  3.97959, 10.04108,105.68976,124.29345, 38.13783,Total.SURVEY_LC1_2F4
 90.342747, 51.622956,105.369019,185.174256, 80.748425,  7.942392, 22.518847, 16.182652, 23.504434,  3.963391,Total.SURVEY_LC1_2G1
 0.000000, 7.853463,20.516673,32.648125, 7.873243, 4.004203, 0.000000, 4.023886, 4.056233, 4.053250,Total.SURVEY_LC1_2G2
 0.000000,15.801162, 8.047771, 0.000000, 6.440510, 0.000000, 0.000000, 0.000000, 0.000000, 0.000000,Total.SURVEY_LC1_2G3
0.000000,4.891943,0.000000,0.000000,0.000000,0.000000,0.000000,0.000000,0.000000,0.000000,Total.SURVEY_LC1_2G4
 4.027772,20.103567,28.464360,67.231333,58.728802,13.479297,14.915611,37.539309,20.345230,15.979291,Total.SURVEY_LC1_2H1
20.042494,38.412480,62.378527,15.877619,32.754798, 4.027772, 0.000000, 0.000000, 0.000000, 4.053250,Total.SURVEY_LC1_2H2
 514.2936,2217.3812,2175.6728,1508.1439, 885.1271, 536.8088,2596.4836,5957.2749,6429.4137,4113.9387,Total.SURVEY_LU1_2U11
 232.5065, 577.6781, 573.8788, 382.6941, 268.5136, 167.5289, 281.2106, 942.0715,1835.0567, 756.8410,Total.SURVEY_LU1_2U12
0.000000,0.000000,4.066620,7.774518,0.000000,0.000000,0.000000,0.000000,0.000000,0.000000,Total.SURVEY_LU1_2U13
 0.000000, 7.900581,12.462139, 8.687657,14.836619, 0.000000,10.625367, 0.000000,28.616310, 0.000000,Total.SURVEY_LU1_2U14
 0.000000, 0.000000,20.329218, 0.000000, 5.136744, 0.000000, 0.000000, 0.000000, 4.056233, 0.000000,Total.SURVEY_LU1_2U21
 0.000000,10.511417,39.160128, 0.000000, 4.218044, 0.000000, 5.430899,14.490523,38.579492, 0.000000,Total.SURVEY_LU1_2U22
151.65972,131.67474,224.94540,162.66987, 95.97263, 82.78112,195.00247,220.34494,356.83414,261.75424,Total.SURVEY_LU1_2U31
 3.979590, 8.031775,20.358164, 4.056233, 4.385162, 4.192057, 0.000000,16.646686, 0.000000,13.689623,Total.SURVEY_LU1_2U32
14.748449, 4.329198, 4.066620, 0.000000,12.565822, 0.000000, 4.204567,18.723507,12.447999, 4.342859,Total.SURVEY_LU1_2U33
14.672200,34.687675,62.851361,54.798999,29.556934, 0.000000, 4.204567,66.415284,37.325463,17.474947,Total.SURVEY_LU1_2U34
45.45148,31.49845,85.97235,50.06738,14.51783,15.39164,16.13263,24.86374,84.71051,10.21874,Total.SURVEY_LU1_2U35
120.24499,182.71943,215.93245,141.74307, 60.58325, 97.32518, 46.44645,107.92047,106.36411, 98.43468,Total.SURVEY_LU1_2U36
241.1872,221.6447,363.0951,345.0265,170.3287,161.4240,264.5971,279.1830,249.3927,216.2156,Total.SURVEY_LU1_2U37
 0.00000, 0.00000, 0.00000,12.11269, 0.00000, 0.00000, 0.00000,12.10857,16.19660, 0.00000,Total.SURVEY_LU1_2U41
114.71261,271.20139,425.71537,530.25188,460.42071, 40.09194,100.40304,367.45034,599.97920,356.12632,Total.SURVEY_LU1_2U42
123.54523, 61.85281,176.11478,126.96241, 86.99715, 23.99127, 94.67225, 25.06554, 42.64839, 44.49925,Total.SURVEY_LC1_3A11
 0.00000, 0.00000,14.49052, 0.00000, 0.00000, 0.00000, 0.00000, 0.00000, 0.00000, 0.00000,Total.SURVEY_LC1_3A12
0.000000,0.000000,7.112624,0.000000,0.000000,0.000000,0.000000,0.000000,0.000000,0.000000,Total.SURVEY_LC1_3A13
 90.32714,104.83786,115.99013,106.53616, 30.63181, 27.45478, 22.01275,112.72838,122.80427, 16.55400,Total.SURVEY_LC1_3A21
 92.22526, 62.28334,152.63858,107.52865, 55.57396, 62.73485,152.81080,163.16619,270.28798,226.75383,Total.SURVEY_LC1_3A22
 3.979590, 7.983516,38.094789, 0.000000,11.968022, 5.296860, 0.000000,21.754792,27.421400,20.335977,Total.SURVEY_LC1_3A30
  5.296860, 60.081662, 43.729687,  7.500594, 19.790917, 84.663051,677.466884,875.549245,902.433094,586.754313,Total.SURVEY_LC1_3B11
0.000000,0.000000,0.000000,0.000000,0.000000,0.000000,0.000000,6.668862,0.000000,3.958183,Total.SURVEY_LC1_3B12
  12.725856,  42.007473,  39.848105,   0.000000,   7.916367, 113.305442, 668.766241,1200.423087,1455.092965, 866.438737,Total.SURVEY_LC1_3B13
  0.000000,  6.001068, 20.006587,  7.500594,  3.958183, 30.417299, 53.816003,200.183074,356.927335,186.826639,Total.SURVEY_LC1_3B14
  0.000000,  0.000000,  6.668862, 15.001188,  0.000000,  5.296860, 12.002135,197.991561,109.499324,101.270039,Total.SURVEY_LC1_3B15
 10.593720,  6.001068, 97.217531, 15.001188, 15.784403, 12.881909,  6.001068,574.120726,474.951102,286.069038,Total.SURVEY_LC1_3B16
  4.004203,  0.000000,  0.000000,  0.000000,  0.000000,  5.296860, 41.840611,145.430103, 37.502970, 19.837653,Total.SURVEY_LC1_3B18
0.000000,0.000000,0.000000,0.000000,0.000000,0.000000,0.000000,6.668862,3.961827,0.000000,Total.SURVEY_LC1_3B19
  0.000000,  0.000000, 20.006587,  0.000000,  0.000000,  3.932998,  9.946159,138.631697,226.421278,111.876657,Total.SURVEY_LC1_3B21
  0.00000, 30.00534,  0.00000,  0.00000,  0.00000,  0.00000,193.96994, 23.80616, 22.50178, 28.59399,Total.SURVEY_LC1_3B22
  0.000000,  0.000000,  0.000000,  0.000000,  0.000000,  0.000000,  6.001068, 72.420367,158.453000,  3.958183,Total.SURVEY_LC1_3B23
  5.296860, 30.005338,104.051461, 86.468362,  8.011434, 19.758689,226.143460,336.785857,437.704760,330.915423,Total.SURVEY_LC1_3B32
0.000000,0.000000,0.000000,0.000000,0.000000,0.000000,0.000000,6.668862,0.000000,0.000000,Total.SURVEY_LC1_3B33
0.000000,0.000000,0.000000,0.000000,0.000000,0.000000,0.000000,6.668862,3.961827,3.958183,Total.SURVEY_LC1_3B35
  0.000000,  6.001068,  4.018527, 22.501782,  0.000000,  5.296860, 27.949361, 65.504306,113.132969, 39.581835,Total.SURVEY_LC1_3B41
 0.00000, 0.00000, 0.00000, 0.00000, 0.00000, 0.00000, 0.00000,33.34431, 0.00000, 4.05325,Total.SURVEY_LC1_3B43
0.000000,0.000000,0.000000,0.000000,0.000000,0.000000,0.000000,6.668862,0.000000,0.000000,Total.SURVEY_LC1_3B45
 0.00000, 0.00000, 0.00000, 0.00000, 0.00000, 0.00000,32.11017,56.47371,49.14112, 0.00000,Total.SURVEY_LC1_3B51
  0.00000,  0.00000, 13.33772,  0.00000,  0.00000,  0.00000,  0.00000, 90.43876,104.21774,119.28170,Total.SURVEY_LC1_3B53
 0.000000, 0.000000, 0.000000, 0.000000, 0.000000, 0.000000, 6.072055, 0.000000, 0.000000,16.137210,Total.SURVEY_LC1_3B54
  0.000000,  6.001068, 37.419051,  3.943615,  0.000000, 39.817945,224.840710,523.649324,551.856765,459.187206,Total.SURVEY_LC1_3B55
 4.027772, 0.000000, 4.285929, 4.008238, 0.000000, 0.000000,14.088557, 0.000000,19.592461, 9.141664,Total.SURVEY_LC1_3B71
0.00000,0.00000,4.06662,0.00000,0.00000,0.00000,0.00000,0.00000,0.00000,0.00000,Total.SURVEY_LC1_3B72
0.000000,0.000000,0.000000,0.000000,0.000000,0.000000,0.000000,0.000000,4.056233,0.000000,Total.SURVEY_LC1_3B75
0.000000,3.991758,0.000000,0.000000,0.000000,0.000000,0.000000,0.000000,0.000000,0.000000,Total.SURVEY_LC1_3B82
 0.000000, 3.862537,10.865026, 0.000000, 0.000000, 0.000000, 0.000000,15.014179,33.084084, 0.000000,Total.SURVEY_LC1_3B83
 0.000000, 0.000000, 0.000000, 0.000000, 0.000000, 0.000000, 0.000000, 8.352549, 7.951853,24.731985,Total.SURVEY_LC1_3B84
 203.6365,1105.0645, 751.9271, 657.1078, 282.6244,   0.0000,   0.0000,   0.0000,   0.0000,   0.0000,Total.SURVEY_LC1_3Bx1
 3.956021,18.120240, 0.000000, 0.000000, 0.000000, 0.000000, 0.000000, 0.000000, 0.000000, 0.000000,Total.SURVEY_LC1_3Bx2
0.000000,0.000000,0.000000,5.593167,0.000000,0.000000,0.000000,0.000000,0.000000,0.000000,Total.SURVEY_LC1_3Bxx
323.7551,822.3762,499.5060,484.0735,177.0804,255.1823,327.0499,670.0304,873.9178,479.8573,Total.SURVEY_LC1_3C10
0.000000,0.000000,0.000000,4.112931,0.000000,0.000000,0.000000,0.000000,0.000000,0.000000,Total.SURVEY_LC1_3C1x
 48.37918, 13.03778,128.76738, 73.76792, 78.74363, 38.17681, 13.74959,287.35713,852.83578,148.98083,Total.SURVEY_LC1_3C21
  0.000000, 72.425531,  0.000000,  7.587057, 20.673603,  0.000000,  0.000000, 18.418085,325.337812, 92.933924,Total.SURVEY_LC1_3C22
  6.064734,  6.145464, 50.517732, 46.270371, 31.247991,  3.850576,  0.000000,118.473014, 68.788367,119.350462,Total.SURVEY_LC1_3C23
 0.00000, 0.00000,42.93387,34.83266,20.09259, 0.00000, 0.00000, 0.00000, 0.00000, 0.00000,Total.SURVEY_LC1_3C2x
 0.000000, 5.781279, 0.000000, 9.771620, 0.000000,17.625587, 9.586304, 0.000000,35.129004,69.980050,Total.SURVEY_LC1_3C31
 0.00000, 0.00000,71.29012,11.68444, 0.00000, 0.00000,18.00769, 0.00000,36.92297,71.37954,Total.SURVEY_LC1_3C32
  6.228760,  0.000000, 87.385571,  0.000000,  8.010222,  8.055543, 26.597285,155.964538, 91.717230, 86.827096,Total.SURVEY_LC1_3C33
 0.000000, 0.000000,27.081922, 9.820712,16.520676, 0.000000, 0.000000, 0.000000, 0.000000, 0.000000,Total.SURVEY_LC1_3C3x
 0.000000, 7.890182, 4.066620,19.984455,12.615222, 3.979590, 0.000000,41.195362,72.403843,24.275642,Total.SURVEY_LC1_3D10
 12.41110, 15.19711,126.04366,118.04536,193.74286,  0.00000, 16.44012, 36.75180, 84.34039, 53.76738,Total.SURVEY_LC1_3D20
 21.83302, 44.95658,111.73776, 46.29979, 59.32775, 67.26741, 89.03232,136.10789,226.53618,130.84871,Total.SURVEY_LC1_3E10
 243.5985, 378.5235, 818.2570, 601.5344, 538.2875, 219.2280, 448.0177,1292.8064,1278.6963, 904.2285,Total.SURVEY_LC1_3E20
 0.00000, 0.00000, 0.00000,12.02471, 0.00000, 0.00000, 0.00000, 0.00000, 0.00000, 0.00000,Total.SURVEY_LC1_3E2x
  3.979590, 19.134593, 59.474441,  8.276113, 22.576002, 18.598956, 54.234637,167.232580,136.141575, 89.705295,Total.SURVEY_LC1_3E30
0.000000,0.000000,0.000000,0.000000,4.342859,0.000000,0.000000,0.000000,4.343829,0.000000,Total.SURVEY_LC1_3F10
12.825033, 8.658395,38.314412,17.375314,21.045218, 0.000000, 4.040017,25.542428, 4.056233, 0.000000,Total.SURVEY_LC1_3F20
 95.34208,612.34585,276.46343,235.98032,112.05420,  3.97959, 10.04108,105.68976,124.29345, 38.13783,Total.SURVEY_LC1_3F40
5.011172,0.000000,0.000000,0.000000,0.000000,0.000000,0.000000,0.000000,0.000000,0.000000,Total.SURVEY_LC1_3F4x
 86.404558, 47.582939, 93.112428,156.413522, 70.344524,  7.942392, 22.518847, 16.182652, 23.504434,  3.963391,Total.SURVEY_LC1_3G11
 3.938189, 4.040017, 8.232706,28.760733,10.403900, 0.000000, 0.000000, 0.000000, 0.000000, 0.000000,Total.SURVEY_LC1_3G12
0.000000,0.000000,4.023886,0.000000,0.000000,0.000000,0.000000,0.000000,0.000000,0.000000,Total.SURVEY_LC1_3G1x
 0.000000, 7.853463,12.376435,32.648125, 7.873243, 4.004203, 0.000000, 4.023886, 4.056233, 4.053250,Total.SURVEY_LC1_3G21
0.000000,0.000000,8.140239,0.000000,0.000000,0.000000,0.000000,0.000000,0.000000,0.000000,Total.SURVEY_LC1_3G22
 0.000000,15.801162, 8.047771, 0.000000, 6.440510, 0.000000, 0.000000, 0.000000, 0.000000, 0.000000,Total.SURVEY_LC1_3G30
0.000000,4.891943,0.000000,0.000000,0.000000,0.000000,0.000000,0.000000,0.000000,0.000000,Total.SURVEY_LC1_3G40
 4.027772,20.103567,28.464360,62.887504,50.622302,13.479297,14.915611,37.539309,20.345230,15.979291,Total.SURVEY_LC1_3H11
0.000000,0.000000,0.000000,4.343829,8.106500,0.000000,0.000000,0.000000,0.000000,0.000000,Total.SURVEY_LC1_3H12
20.042494,34.372463,40.865130, 8.064470,32.754798, 4.027772, 0.000000, 0.000000, 0.000000, 4.053250,Total.SURVEY_LC1_3H21
 0.000000, 4.040017,21.513397, 7.813149, 0.000000, 0.000000, 0.000000, 0.000000, 0.000000, 0.000000,Total.SURVEY_LC1_3H23
 510.3140,2211.3091,2164.6382,1504.0947, 881.1222, 527.5973,2568.5284,5890.5149,6336.5691,4088.7742,Total.SURVEY_LU1_3U111
 3.979590, 6.072055, 6.748673, 4.049247, 4.004919, 9.211575,27.955250,66.760067,80.931440,15.974536,Total.SURVEY_LU1_3U112
 0.000000, 0.000000, 4.285929, 0.000000, 0.000000, 0.000000, 0.000000, 0.000000,11.913136, 9.189994,Total.SURVEY_LU1_3U113
 232.5065, 577.6781, 573.8788, 382.6941, 268.5136, 167.5289, 281.2106, 942.0715,1835.0567, 756.8410,Total.SURVEY_LU1_3U120
0.000000,0.000000,4.066620,7.774518,0.000000,0.000000,0.000000,0.000000,0.000000,0.000000,Total.SURVEY_LU1_3U130
 0.000000, 7.900581,12.462139, 8.687657,14.836619, 0.000000,10.625367, 0.000000,28.616310, 0.000000,Total.SURVEY_LU1_3U140
 0.000000, 0.000000,20.329218, 0.000000, 5.136744, 0.000000, 0.000000, 0.000000, 4.056233, 0.000000,Total.SURVEY_LU1_3U210
 0.00000, 0.00000,14.49052, 0.00000, 0.00000, 0.00000, 0.00000,14.49052,10.02222, 0.00000,Total.SURVEY_LU1_3U221
 0.000000, 4.204567,14.490523, 0.000000, 0.000000, 0.000000, 0.000000, 0.000000, 0.000000, 0.000000,Total.SURVEY_LU1_3U223
 0.00000, 6.30685,10.17908, 0.00000, 0.00000, 0.00000, 0.00000, 0.00000, 0.00000, 0.00000,Total.SURVEY_LU1_3U224
0.000000,0.000000,0.000000,0.000000,4.218044,0.000000,5.430899,0.000000,4.219881,0.000000,Total.SURVEY_LU1_3U226
 0.0000, 0.0000, 0.0000, 0.0000, 0.0000, 0.0000, 0.0000, 0.0000,24.3374, 0.0000,Total.SURVEY_LU1_3U227
 0.000000, 6.493796, 0.000000, 0.000000, 0.000000, 0.000000,23.604094,27.335497, 0.000000, 4.053250,Total.SURVEY_LU1_3U311
 97.85970, 76.57530,183.51123,136.23246, 75.56853, 77.48426,162.24296,182.37179,326.77531,245.47151,Total.SURVEY_LU1_3U312
0.000000,3.950291,4.285929,3.804911,0.000000,0.000000,0.000000,0.000000,0.000000,0.000000,Total.SURVEY_LU1_3U313
18.43932, 0.00000, 4.06662,11.71896, 0.00000, 0.00000, 0.00000, 0.00000, 0.00000, 0.00000,Total.SURVEY_LU1_3U314
31.381103,28.350876,22.428674,10.913538, 8.436087, 0.000000, 9.155419, 0.000000,10.913538, 4.218044,Total.SURVEY_LU1_3U317
0.000000,3.991758,4.066620,0.000000,0.000000,0.000000,0.000000,0.000000,0.000000,0.000000,Total.SURVEY_LU1_3U318
 3.979590,12.312713, 6.586328, 0.000000,11.968022, 5.296860, 0.000000,10.637656,19.145287, 8.011434,Total.SURVEY_LU1_3U319
 0.000000, 3.991758, 0.000000, 0.000000, 0.000000, 4.192057, 0.000000, 0.000000, 0.000000,13.689623,Total.SURVEY_LU1_3U321
 3.979590, 4.040017,20.358164, 4.056233, 4.385162, 0.000000, 0.000000,16.646686, 0.000000, 0.000000,Total.SURVEY_LU1_3U322
14.748449, 4.329198, 4.066620, 0.000000,12.565822, 0.000000, 4.204567,18.723507,12.447999, 4.342859,Total.SURVEY_LU1_3U330
10.480143,34.687675,54.826565,54.798999,29.556934, 0.000000, 4.204567,43.467194,33.317225,17.474947,Total.SURVEY_LU1_3U341
 4.192057, 0.000000, 8.024796, 0.000000, 0.000000, 0.000000, 0.000000,22.948090, 4.008238, 0.000000,Total.SURVEY_LU1_3U342
45.45148,31.49845,85.97235,50.06738,14.51783,15.39164,16.13263,24.86374,84.71051,10.21874,Total.SURVEY_LU1_3U350
102.83428,162.26167,185.89140,104.36253, 60.58325, 93.34559, 31.82758, 79.18942, 78.24071, 82.12774,Total.SURVEY_LU1_3U361
17.41071,20.45776,30.04105,37.38054, 0.00000, 3.97959,14.61887,28.73105,28.12340,16.30694,Total.SURVEY_LU1_3U362
241.1872,221.6447,363.0951,345.0265,170.3287,161.4240,264.5971,279.1830,249.3927,216.2156,Total.SURVEY_LU1_3U370
0.000000,0.000000,0.000000,0.000000,0.000000,0.000000,0.000000,3.975328,0.000000,0.000000,Total.SURVEY_LU1_3U414
 0.000000, 0.000000, 0.000000,12.112692, 0.000000, 0.000000, 0.000000, 8.133239,16.196599, 0.000000,Total.SURVEY_LU1_3U415
114.71261,271.20139,425.71537,530.25188,460.42071, 40.09194,100.40304,367.45034,599.97920,356.12632,Total.SURVEY_LU1_3U420
 946.3130,3236.1687,3363.4619,2544.2791,1684.2826, 819.7115,3016.5102,7328.7744,8959.6325,5269.0576,Total.settlement0
507.1434,463.0900,865.0447,663.7478,341.8806,285.8321,508.2312,698.7190,839.3406,579.9791,Total.settlement1
1151.8735,2907.0440,3374.5436,2675.5724,1707.5056, 817.7804,3219.3326,6825.2942,7677.8425,4910.4483,Total.fao_class_name0
 263.4178, 676.4262, 717.3981, 505.1793, 283.5031, 168.1679, 243.2254,1077.0295,1928.2870, 821.3848,Total.fao_class_name1
  0.000000, 25.871932, 14.851835,  4.056233, 16.969732,  7.741723,  0.000000, 49.563056,111.551096, 22.135430,Total.fao_class_name2
 38.16507, 89.91655,121.71301, 23.21883, 18.18471,111.85367, 62.18331, 75.60666, 81.29250, 95.06819,Total.fao_class_name3
1031.9004,3228.7084,3500.6553,2616.3908,1751.1764, 831.4029,3193.3605,7549.1109,9321.1803,5506.6927,Total.lue0
421.5559,470.5503,727.8513,591.6360,274.9867,274.1408,331.3808,478.3825,477.7928,342.3440,Total.lue1
1283.069,3536.811,3907.185,3032.613,1889.048,1018.570,3309.478,7757.288,9358.439,5569.250,Total.lud0
170.38776,162.44771,321.32167,175.41376,137.11503, 86.97318,215.26331,270.20565,440.53417,279.78672,Total.lud1
 63.92034,108.85997,137.45434,158.00734, 31.95794, 62.94199,109.19073,136.93654,151.79311, 32.29753,SE.Total.area
14.240254, 3.948042,33.128975,36.997580,15.339611,11.593567, 7.018934,30.346952,43.482913,20.723950,SE.Total.SURVEY_LC1_1A
14.580219,41.623871,49.991640,46.160023, 8.788431,14.651369,46.068798,68.238051,71.993814,24.761276,SE.Total.SURVEY_LC1_1B
 59.44441, 97.81839,120.14041,145.81167, 22.00157, 57.72050, 97.81506,120.53761,140.48342, 22.15524,SE.Total.SURVEY_LC1_1C
 0.000000, 4.282641,22.447840, 1.881035,11.423074, 0.000000, 0.000000,14.749916, 6.878714, 1.255989,SE.Total.SURVEY_LC1_1D
19.75709,20.41253,44.13085,27.62210,28.70584,22.16951,25.25230,60.92393,44.57498,34.88324,SE.Total.SURVEY_LC1_1E
14.170286,31.033372,24.845771,26.504381, 8.683329, 0.000000, 3.512557,15.606716,18.117088, 3.392263,SE.Total.SURVEY_LC1_1F
0.000000,2.324607,0.000000,0.000000,0.000000,0.000000,3.854550,0.000000,0.000000,0.000000,SE.Total.SURVEY_LC1_1G
0.0000000,3.7422729,5.6359168,3.2625345,3.7230621,7.1915328,3.7972172,5.8606742,0.9104881,0.0000000,SE.Total.SURVEY_LC1_1H
 61.33004,123.27088,127.39893,154.47960, 29.78106, 56.85405,107.43417,136.33744,152.59373, 44.65064,SE.Total.SURVEY_LU1_1U1
 0.000000, 3.641262,19.881644, 0.000000, 2.411202, 0.000000, 2.580714,12.160177,23.489209, 0.000000,SE.Total.SURVEY_LU1_1U2
22.08175,75.12550,73.63539,45.46895,11.51957,46.32475,26.98447,47.86087,49.10890,27.08043,SE.Total.SURVEY_LU1_1U3
16.48237,72.18136,35.38259,28.31863,18.51009,10.41918,13.53072,36.36585,24.68403,24.79715,SE.Total.SURVEY_LU1_1U4
39.393550,22.874626,49.505003,41.156950,22.168926, 4.802605,22.716416, 8.088193, 5.568118,21.256263,SE.Total.SURVEY_LC1_2A1
38.62349,23.21283,53.43770,47.63174,19.97809,11.41024,23.55507,29.25045,42.62476,27.09612,SE.Total.SURVEY_LC1_2A2
 0.000000, 0.000000,10.374839, 0.000000, 0.000000, 2.687785, 0.000000, 6.015117, 7.324184, 0.000000,SE.Total.SURVEY_LC1_2A3
 7.35960,15.11043,26.48011,12.57997, 0.00000,13.84795,42.80806,68.54194,78.29416,21.39712,SE.Total.SURVEY_LC1_2B1
 0.000000, 7.830514, 7.273960, 0.000000, 0.000000, 0.000000,19.683616,23.079266,34.966792, 9.086338,SE.Total.SURVEY_LC1_2B2
 2.687785, 7.830514,16.159906,16.979365, 0.000000, 4.598600,19.694499,28.260784,36.659059, 6.987195,SE.Total.SURVEY_LC1_2B3
 0.000000, 3.512557, 0.000000, 8.912253, 0.000000, 2.687785, 7.009153,15.620444,19.887665, 0.000000,SE.Total.SURVEY_LC1_2B4
 0.000000, 3.512557,11.089878, 0.000000, 0.000000, 6.526679,21.401913,39.903875,43.281608,14.427435,SE.Total.SURVEY_LC1_2B5
0.000000,0.000000,0.000000,0.000000,0.000000,0.000000,7.851202,0.000000,5.274742,2.411202,SE.Total.SURVEY_LC1_2B7
0.000000,0.000000,4.254445,0.000000,0.000000,0.000000,0.000000,4.306475,8.164569,6.363076,SE.Total.SURVEY_LC1_2B8
13.050356,39.533830,39.754416,41.285260, 8.788431, 0.000000, 0.000000, 0.000000, 0.000000, 0.000000,SE.Total.SURVEY_LC1_2Bx
 58.69632,109.62463, 84.53760,145.71409, 14.93169, 57.27913, 97.22648,112.03551, 30.02839, 34.88128,SE.Total.SURVEY_LC1_2C1
 36.05612, 70.90994, 70.33405, 18.75896, 15.85196, 32.39618, 11.67753, 94.26616,137.91630, 26.84060,SE.Total.SURVEY_LC1_2C2
 3.722396, 3.019175,87.253817, 4.749457, 8.304946,10.362871,16.116882,69.559533,12.786473,31.590016,SE.Total.SURVEY_LC1_2C3
 0.000000, 0.000000, 0.000000, 0.000000, 0.000000, 0.000000, 0.000000,14.749916, 5.359246, 1.255989,SE.Total.SURVEY_LC1_2D1
 0.000000, 4.282641,22.447840, 1.881035,11.423074, 0.000000, 0.000000, 0.000000, 4.313979, 0.000000,SE.Total.SURVEY_LC1_2D2
 9.585553, 8.319235,27.934088,15.683259,11.632536,14.389823,13.356316,27.430703,12.155432,22.374657,SE.Total.SURVEY_LC1_2E1
19.68815,19.59766,46.70078,28.08473,29.12192,18.93116,22.99725,53.19035,41.41952,26.89962,SE.Total.SURVEY_LC1_2E2
 0.000000, 4.300593,16.730859, 0.000000, 8.271516, 3.808109, 6.107547,21.602129,13.367620,11.223649,SE.Total.SURVEY_LC1_2E3
0,0,0,0,0,0,0,0,0,0,SE.Total.SURVEY_LC1_2F1
0,0,0,0,0,0,0,0,0,0,SE.Total.SURVEY_LC1_2F2
14.170286,31.033372,24.845771,26.504381, 8.683329, 0.000000, 3.512557,15.606716,18.117088, 3.392263,SE.Total.SURVEY_LC1_2F4
 0.000000, 0.000000, 0.000000,14.743415, 3.994235, 0.000000, 3.854550, 0.000000, 0.000000, 0.000000,SE.Total.SURVEY_LC1_2G1
 0.00000, 0.00000, 0.00000,14.74342, 0.00000, 0.00000, 0.00000, 0.00000, 0.00000, 0.00000,SE.Total.SURVEY_LC1_2G2
0.000000,0.000000,0.000000,0.000000,3.994235,0.000000,0.000000,0.000000,0.000000,0.000000,SE.Total.SURVEY_LC1_2G3
0.000000,2.324607,0.000000,0.000000,0.000000,0.000000,0.000000,0.000000,0.000000,0.000000,SE.Total.SURVEY_LC1_2G4
0.0000000,0.0000000,5.6359168,3.2625345,3.7230621,7.1915328,3.7972172,5.8606742,0.9104881,0.0000000,SE.Total.SURVEY_LC1_2H1
0.000000,3.742273,0.000000,0.000000,0.000000,0.000000,0.000000,0.000000,0.000000,0.000000,SE.Total.SURVEY_LC1_2H2
21.44724,46.15840,67.96930,53.87860,22.95768,19.99166,47.09495,75.34287,65.25060,39.70901,SE.Total.SURVEY_LU1_2U11
 57.45772,114.35343,109.38854,144.83589, 18.64441, 53.33583, 96.75376,118.21692,140.06472, 32.96843,SE.Total.SURVEY_LU1_2U12
0,0,0,0,0,0,0,0,0,0,SE.Total.SURVEY_LU1_2U13
0.000000,0.000000,0.000000,0.000000,3.994235,0.000000,3.854550,0.000000,7.983489,0.000000,SE.Total.SURVEY_LU1_2U14
0.000000,0.000000,8.391059,0.000000,2.411202,0.000000,0.000000,0.000000,0.000000,0.000000,SE.Total.SURVEY_LU1_2U21
 0.000000, 3.641262,18.464552, 0.000000, 0.000000, 0.000000, 2.580714,12.160177,23.489209, 0.000000,SE.Total.SURVEY_LU1_2U22
39.12570,24.76877,50.73245,42.32093,21.65784,14.43401,25.45789,30.54327,46.96898,27.31800,SE.Total.SURVEY_LU1_2U31
 0.000000, 0.000000,10.140743, 0.000000, 1.248664, 0.000000, 0.000000,14.523640, 0.000000, 3.133692,SE.Total.SURVEY_LU1_2U32
8.117884,0.000000,0.000000,0.000000,0.000000,0.000000,0.000000,6.914598,0.000000,0.000000,SE.Total.SURVEY_LU1_2U33
 8.117884,16.337441,17.306874,16.873634,15.144259, 0.000000, 0.000000,19.506847, 5.430632, 2.440300,SE.Total.SURVEY_LU1_2U34
25.930393,15.875953,17.306615, 1.197526, 8.271516, 7.450564, 0.000000, 0.000000,23.237072, 3.777355,SE.Total.SURVEY_LU1_2U35
18.417369,71.321816,69.945162,29.363302, 9.904228,37.680780, 5.541995,22.211135, 9.525494,11.624167,SE.Total.SURVEY_LU1_2U36
40.53414,32.44492,55.97473,50.44114,26.25527,25.22898,34.04316,34.96212,16.36513,24.24299,SE.Total.SURVEY_LU1_2U37
0.0000000,0.0000000,0.0000000,0.8410348,0.0000000,0.0000000,0.0000000,5.7510686,0.0000000,0.0000000,SE.Total.SURVEY_LU1_2U41
16.48237,72.18136,35.38259,28.30839,18.51009,10.41918,13.53072,35.90822,24.68403,24.79715,SE.Total.SURVEY_LU1_2U42
39.393550,22.874626,47.932840,41.156950,22.168926, 4.802605,22.716416, 8.088193, 5.568118,21.256263,SE.Total.SURVEY_LC1_3A11
 0.00000, 0.00000,12.16018, 0.00000, 0.00000, 0.00000, 0.00000, 0.00000, 0.00000, 0.00000,SE.Total.SURVEY_LC1_3A12
0.000000,0.000000,4.483884,0.000000,0.000000,0.000000,0.000000,0.000000,0.000000,0.000000,SE.Total.SURVEY_LC1_3A13
34.251696,23.580507,34.424864,41.082891, 2.440300, 4.802605, 2.580714,25.434805,31.706421, 0.000000,SE.Total.SURVEY_LC1_3A21
37.57850,21.12074,49.06849,39.57120,19.82849,11.24198,23.42531,28.19754,45.67251,27.09612,SE.Total.SURVEY_LC1_3A22
 0.000000, 0.000000,10.374839, 0.000000, 0.000000, 2.687785, 0.000000, 6.015117, 7.324184, 0.000000,SE.Total.SURVEY_LC1_3A30
 2.687785,11.044920,17.110981, 5.151976, 0.000000, 9.245103,32.779052,44.699284,54.056622, 6.467626,SE.Total.SURVEY_LC1_3B11
0.000000,0.000000,0.000000,0.000000,0.000000,0.000000,0.000000,4.204131,0.000000,0.000000,SE.Total.SURVEY_LC1_3B12
 5.761592, 9.251076,10.228153, 0.000000, 0.000000,10.322943,32.998968,51.148377,58.816402,16.534722,SE.Total.SURVEY_LC1_3B13
 0.000000, 3.512557, 7.273960, 5.151976, 0.000000, 5.911537, 9.234996,21.096071,31.020169, 8.692155,SE.Total.SURVEY_LC1_3B14
 0.000000, 0.000000, 4.204131, 7.281411, 0.000000, 2.687785, 4.963746,21.943609,18.446692, 3.312225,SE.Total.SURVEY_LC1_3B15
 3.785619, 3.512557,15.592976, 7.281411, 0.000000, 2.542818, 3.512557,35.917753,41.475780,11.423341,SE.Total.SURVEY_LC1_3B16
 0.000000, 0.000000, 0.000000, 0.000000, 0.000000, 2.687785, 7.830514,18.608782,11.491151, 0.000000,SE.Total.SURVEY_LC1_3B18
0.000000,0.000000,0.000000,0.000000,0.000000,0.000000,0.000000,4.204131,0.000000,0.000000,SE.Total.SURVEY_LC1_3B19
 0.000000, 0.000000, 7.273960, 0.000000, 0.000000, 0.000000, 3.512557,18.136000,26.340840, 6.585752,SE.Total.SURVEY_LC1_3B21
 0.000000, 7.830514, 0.000000, 0.000000, 0.000000, 0.000000,19.108127, 7.273960, 8.912253, 6.431287,SE.Total.SURVEY_LC1_3B22
 0.000000, 0.000000, 0.000000, 0.000000, 0.000000, 0.000000, 3.512557,12.666411,22.201258, 0.000000,SE.Total.SURVEY_LC1_3B23
 2.687785, 7.830514,16.159906,16.979365, 0.000000, 4.598600,19.694499,27.688021,36.659059, 6.987195,SE.Total.SURVEY_LC1_3B32
0.000000,0.000000,0.000000,0.000000,0.000000,0.000000,0.000000,4.204131,0.000000,0.000000,SE.Total.SURVEY_LC1_3B33
0.000000,0.000000,0.000000,0.000000,0.000000,0.000000,0.000000,4.204131,0.000000,0.000000,SE.Total.SURVEY_LC1_3B35
 0.000000, 3.512557, 0.000000, 8.912253, 0.000000, 2.687785, 7.009153,11.846387,19.887665, 0.000000,SE.Total.SURVEY_LC1_3B41
0.00000,0.00000,0.00000,0.00000,0.00000,0.00000,0.00000,9.38055,0.00000,0.00000,SE.Total.SURVEY_LC1_3B43
0.000000,0.000000,0.000000,0.000000,0.000000,0.000000,0.000000,4.204131,0.000000,0.000000,SE.Total.SURVEY_LC1_3B45
 0.000000, 0.000000, 0.000000, 0.000000, 0.000000, 0.000000, 7.051697,10.333458,12.629888, 0.000000,SE.Total.SURVEY_LC1_3B51
 0.000000, 0.000000, 5.942352, 0.000000, 0.000000, 0.000000, 0.000000,14.048358,17.270087, 1.226531,SE.Total.SURVEY_LC1_3B53
0.000000,0.000000,0.000000,0.000000,0.000000,0.000000,3.554107,0.000000,0.000000,5.919683,SE.Total.SURVEY_LC1_3B54
 0.000000, 3.512557, 9.383646, 0.000000, 0.000000, 6.526679,20.056347,36.536810,38.592850,13.099765,SE.Total.SURVEY_LC1_3B55
0.000000,0.000000,0.000000,0.000000,0.000000,0.000000,7.851202,0.000000,5.274742,2.411202,SE.Total.SURVEY_LC1_3B71
0,0,0,0,0,0,0,0,0,0,SE.Total.SURVEY_LC1_3B72
0,0,0,0,0,0,0,0,0,0,SE.Total.SURVEY_LC1_3B75
0,0,0,0,0,0,0,0,0,0,SE.Total.SURVEY_LC1_3B82
0.000000,0.000000,4.254445,0.000000,0.000000,0.000000,0.000000,4.306475,8.164569,0.000000,SE.Total.SURVEY_LC1_3B83
0.000000,0.000000,0.000000,0.000000,0.000000,0.000000,0.000000,0.000000,0.000000,6.363076,SE.Total.SURVEY_LC1_3B84
13.050356,39.454297,39.754416,41.174608, 8.788431, 0.000000, 0.000000, 0.000000, 0.000000, 0.000000,SE.Total.SURVEY_LC1_3Bx1
0.000000,3.554107,0.000000,0.000000,0.000000,0.000000,0.000000,0.000000,0.000000,0.000000,SE.Total.SURVEY_LC1_3Bx2
0.000000,0.000000,0.000000,3.020656,0.000000,0.000000,0.000000,0.000000,0.000000,0.000000,SE.Total.SURVEY_LC1_3Bxx
 58.69632,109.62463, 84.53760,145.71220, 14.93169, 57.27913, 97.22648,112.03551, 30.02839, 34.88128,SE.Total.SURVEY_LC1_3C10
0.0000000,0.0000000,0.0000000,0.8904758,0.0000000,0.0000000,0.0000000,0.0000000,0.0000000,0.0000000,SE.Total.SURVEY_LC1_3C1x
 35.873496,  7.246516, 65.845895,  8.100266, 11.469814, 32.396179, 11.677535, 90.175623,198.989729, 14.293642,SE.Total.SURVEY_LC1_3C21
  0.0000000, 70.4469176,  0.0000000,  0.8410348,  5.3423232,  0.0000000,  0.0000000,  7.2547332,182.9138956, 13.0324729,SE.Total.SURVEY_LC1_3C22
 3.624372, 3.597075,21.082844,15.457085, 7.252419, 0.000000, 0.000000,29.484293, 6.978935,21.279798,SE.Total.SURVEY_LC1_3C23
 0.000000, 0.000000,16.281684, 7.105593, 8.294313, 0.000000, 0.000000, 0.000000, 0.000000, 0.000000,SE.Total.SURVEY_LC1_3C2x
 0.000000, 3.019175, 0.000000, 3.183133, 0.000000, 9.197368, 7.454245, 0.000000, 4.878677,11.550322,SE.Total.SURVEY_LC1_3C31
 0.0000000, 0.0000000,62.4149179, 0.8410348, 0.0000000, 0.0000000,12.1648432, 0.0000000, 6.3322787,20.2615833,SE.Total.SURVEY_LC1_3C32
 3.722396, 0.000000,66.387718, 0.000000, 5.877896, 5.696129, 7.959770,69.559533,10.219943,25.272121,SE.Total.SURVEY_LC1_3C33
 0.000000, 0.000000,15.066064, 3.434043, 6.066729, 0.000000, 0.000000, 0.000000, 0.000000, 0.000000,SE.Total.SURVEY_LC1_3C3x
 0.000000, 0.000000, 0.000000, 0.000000, 0.000000, 0.000000, 0.000000,14.749916, 5.359246, 1.255989,SE.Total.SURVEY_LC1_3D10
 0.000000, 4.282641,22.447840, 1.881035,11.423074, 0.000000, 0.000000, 0.000000, 4.313979, 0.000000,SE.Total.SURVEY_LC1_3D20
 9.585553, 8.319235,27.934088,15.683259,11.632536,14.389823,13.356316,27.430703,12.155432,22.374657,SE.Total.SURVEY_LC1_3E10
19.68815,19.59766,46.70078,28.08473,29.12192,18.93116,22.99725,53.19035,41.41952,26.89962,SE.Total.SURVEY_LC1_3E20
0,0,0,0,0,0,0,0,0,0,SE.Total.SURVEY_LC1_3E2x
 0.000000, 4.300593,16.730859, 0.000000, 8.271516, 3.808109, 6.107547,21.602129,13.367620,11.223649,SE.Total.SURVEY_LC1_3E30
0,0,0,0,0,0,0,0,0,0,SE.Total.SURVEY_LC1_3F10
0,0,0,0,0,0,0,0,0,0,SE.Total.SURVEY_LC1_3F20
13.987733,31.033372,24.845771,26.504381, 8.683329, 0.000000, 3.512557,15.606716,18.117088, 3.392263,SE.Total.SURVEY_LC1_3F40
2.542818,0.000000,0.000000,0.000000,0.000000,0.000000,0.000000,0.000000,0.000000,0.000000,SE.Total.SURVEY_LC1_3F4x
 0.000000, 0.000000, 0.000000,19.303662, 5.229681, 0.000000, 3.854550, 0.000000, 0.000000, 0.000000,SE.Total.SURVEY_LC1_3G11
 0.000000, 0.000000, 0.000000,14.743415, 3.994235, 0.000000, 0.000000, 0.000000, 0.000000, 0.000000,SE.Total.SURVEY_LC1_3G12
0,0,0,0,0,0,0,0,0,0,SE.Total.SURVEY_LC1_3G1x
 0.00000, 0.00000, 0.00000,14.74342, 0.00000, 0.00000, 0.00000, 0.00000, 0.00000, 0.00000,SE.Total.SURVEY_LC1_3G21
0,0,0,0,0,0,0,0,0,0,SE.Total.SURVEY_LC1_3G22
0.000000,0.000000,0.000000,0.000000,3.994235,0.000000,0.000000,0.000000,0.000000,0.000000,SE.Total.SURVEY_LC1_3G30
0.000000,2.324607,0.000000,0.000000,0.000000,0.000000,0.000000,0.000000,0.000000,0.000000,SE.Total.SURVEY_LC1_3G40
0.0000000,0.0000000,5.6359168,3.2625345,3.7230621,7.1915328,3.7972172,5.8606742,0.9104881,0.0000000,SE.Total.SURVEY_LC1_3H11
0,0,0,0,0,0,0,0,0,0,SE.Total.SURVEY_LC1_3H12
0.000000,3.742273,0.000000,0.000000,0.000000,0.000000,0.000000,0.000000,0.000000,0.000000,SE.Total.SURVEY_LC1_3H21
0,0,0,0,0,0,0,0,0,0,SE.Total.SURVEY_LC1_3H23
21.44724,46.14527,67.89745,53.87477,22.95768,19.99383,47.10986,75.71194,65.55454,39.71710,SE.Total.SURVEY_LU1_3U111
 0.0000000, 3.5541068, 4.2544447, 0.6540125, 0.0000000, 2.6877849, 5.0238205,12.3315004, 9.6840138, 0.0000000,SE.Total.SURVEY_LU1_3U112
0.000000,0.000000,0.000000,0.000000,0.000000,0.000000,0.000000,0.000000,0.000000,2.411202,SE.Total.SURVEY_LU1_3U113
 57.45772,114.35343,109.38854,144.83589, 18.64441, 53.33583, 96.75376,118.21692,140.06472, 32.96843,SE.Total.SURVEY_LU1_3U120
0,0,0,0,0,0,0,0,0,0,SE.Total.SURVEY_LU1_3U130
0.000000,0.000000,0.000000,0.000000,3.994235,0.000000,3.854550,0.000000,7.983489,0.000000,SE.Total.SURVEY_LU1_3U140
0.000000,0.000000,8.391059,0.000000,2.411202,0.000000,0.000000,0.000000,0.000000,0.000000,SE.Total.SURVEY_LU1_3U210
 0.000000, 0.000000,12.160177, 0.000000, 0.000000, 0.000000, 0.000000,12.160177, 7.625763, 0.000000,SE.Total.SURVEY_LU1_3U221
 0.00000, 0.00000,12.16018, 0.00000, 0.00000, 0.00000, 0.00000, 0.00000, 0.00000, 0.00000,SE.Total.SURVEY_LU1_3U223
0.000000,3.641262,7.745120,0.000000,0.000000,0.000000,0.000000,0.000000,0.000000,0.000000,SE.Total.SURVEY_LU1_3U224
0.000000,0.000000,0.000000,0.000000,0.000000,0.000000,2.580714,0.000000,0.000000,0.000000,SE.Total.SURVEY_LU1_3U226
 0.0000, 0.0000, 0.0000, 0.0000, 0.0000, 0.0000, 0.0000, 0.0000,22.2169, 0.0000,SE.Total.SURVEY_LU1_3U227
 0.000000, 3.749195, 0.000000, 0.000000, 0.000000, 0.000000, 4.033402,15.810227, 0.000000, 0.000000,SE.Total.SURVEY_LU1_3U311
37.09110,21.17006,49.96553,42.16804,21.65784,14.18961,24.51081,29.68795,46.26019,27.31800,SE.Total.SURVEY_LU1_3U312
0,0,0,0,0,0,0,0,0,0,SE.Total.SURVEY_LU1_3U313
8.117884,0.000000,0.000000,0.000000,0.000000,0.000000,0.000000,0.000000,0.000000,0.000000,SE.Total.SURVEY_LU1_3U314
11.261781,12.910021, 7.745120, 4.252721, 0.000000, 0.000000, 6.966229, 0.000000, 4.252721, 0.000000,SE.Total.SURVEY_LU1_3U317
0,0,0,0,0,0,0,0,0,0,SE.Total.SURVEY_LU1_3U318
0.000000,0.000000,4.152101,0.000000,0.000000,2.687785,0.000000,4.204131,7.324184,0.000000,SE.Total.SURVEY_LU1_3U319
0.000000,0.000000,0.000000,0.000000,0.000000,0.000000,0.000000,0.000000,0.000000,3.133692,SE.Total.SURVEY_LU1_3U321
 0.000000, 0.000000,10.140743, 0.000000, 1.248664, 0.000000, 0.000000,14.523640, 0.000000, 0.000000,SE.Total.SURVEY_LU1_3U322
8.117884,0.000000,0.000000,0.000000,0.000000,0.000000,0.000000,6.914598,0.000000,0.000000,SE.Total.SURVEY_LU1_3U330
 8.117884,16.337441,16.363506,16.873634,15.144259, 0.000000, 0.000000,14.629101, 5.430632, 2.440300,SE.Total.SURVEY_LU1_3U341
 0.000000, 0.000000, 5.635917, 0.000000, 0.000000, 0.000000, 0.000000,13.533359, 0.000000, 0.000000,SE.Total.SURVEY_LU1_3U342
25.930393,15.875953,17.306615, 1.197526, 8.271516, 7.450564, 0.000000, 0.000000,23.237072, 3.777355,SE.Total.SURVEY_LU1_3U350
16.955275,70.962869,68.515681,26.088360, 9.904228,37.680780, 4.152415,20.700149, 8.258957,11.558515,SE.Total.SURVEY_LU1_3U361
 7.191533, 8.131391,16.651119,15.608221, 0.000000, 0.000000, 3.771606, 8.052226, 4.746015, 1.233687,SE.Total.SURVEY_LU1_3U362
40.53414,32.44492,55.97473,50.44114,26.25527,25.22898,34.04316,34.96212,16.36513,24.24299,SE.Total.SURVEY_LU1_3U370
0,0,0,0,0,0,0,0,0,0,SE.Total.SURVEY_LU1_3U414
0.0000000,0.0000000,0.0000000,0.8410348,0.0000000,0.0000000,0.0000000,5.7510686,0.0000000,0.0000000,SE.Total.SURVEY_LU1_3U415
16.48237,72.18136,35.38259,28.30839,18.51009,10.41918,13.53072,35.90822,24.68403,24.79715,SE.Total.SURVEY_LU1_3U420
 62.18822,108.08622,136.22964,155.76974, 33.42732, 60.07312,107.87341,136.06477,152.54315, 33.38784,SE.Total.settlement0
18.99823,25.70698,38.62951,40.94717,13.14803,28.82443,26.89108,42.18414,46.24661,13.67494,SE.Total.settlement1
26.77993,53.64107,73.99669,64.48254,26.92504,30.78520,86.56127,79.09202,64.96554,26.82927,SE.Total.fao_class_name0
 58.12127,108.91888,111.91476,144.31258, 18.97735, 53.63913, 75.60880,119.18748,140.33957, 28.94309,SE.Total.fao_class_name1
 0.000000,12.164843, 4.204131, 0.000000, 1.200912, 0.000000, 0.000000,16.063191,10.290355, 3.396955,SE.Total.fao_class_name2
 7.773558,70.506624,68.304834, 4.680447, 3.313568,40.463097,18.754962,28.772326, 9.333863,21.328713,SE.Total.fao_class_name3
 73.57933,120.64026,139.57527,162.11717, 39.18826, 58.26717,110.61685,138.75927,153.93387, 39.70190,SE.Total.lue0
43.35412,77.09686,86.63045,55.53967,23.87083,44.58755,34.29381,43.96534,29.44226,27.14370,SE.Total.lue1
 74.15330,110.80374,145.00530,161.62741, 38.61132, 62.50428,111.43048,138.04111,153.25230, 42.87322,SE.Total.lud0
39.24582,24.65541,54.20289,42.32093,22.18402,14.43401,25.85421,34.47265,46.69280,27.49715,SE.Total.lud1
1328.1748,3485.8971,3959.1010,2898.3381,1963.5267, 982.1796,3310.7314,7759.1028,9501.4641,5785.7347,CI.l(95%).Total.area
282.16683,229.21951,439.50983,268.51330,155.10585, 96.75478,255.73894,263.23597,377.93710,267.52486,CI.l(95%).Total.SURVEY_LC1_1A
 220.9611,1235.5618,1059.4670, 734.1546, 320.8607, 291.9518,2110.7212,4457.7192,4931.3392,3154.0407,CI.l(95%).Total.SURVEY_LC1_1B
 267.9189, 728.0457, 672.0118, 396.1356, 309.2468, 209.7607, 203.2768,1013.9938,2009.3065,1025.8857,CI.l(95%).Total.SURVEY_LC1_1C
 12.41110, 14.69346, 86.11332,134.34305,183.96927,  3.97959, 16.44012, 49.03786,143.26220, 75.58133,CI.l(95%).Total.SURVEY_LC1_1D
 230.6880, 402.6069, 902.9743, 613.9967, 563.9289, 261.6429, 541.7911,1476.7382,1554.0087,1056.4126,CI.l(95%).Total.SURVEY_LC1_1E
 85.405033,560.179948,266.081024,201.408002,120.423262,  3.979590,  7.196617,100.643587, 97.184673, 31.489116,CI.l(95%).Total.SURVEY_LC1_1F
 90.342747, 75.613378,133.933464,217.822380, 95.062178, 11.946595, 14.964068, 20.206537, 27.560666,  8.016641,CI.l(95%).Total.SURVEY_LC1_1G
24.070266,51.181326,79.796693,76.714502,84.186532, 3.411924, 7.473202,26.052599,18.560706,20.032541,CI.l(95%).Total.SURVEY_LC1_1H
 626.5954,2561.3534,2516.3831,1604.5257,1110.1075, 592.9058,2677.7524,6632.1299,7994.0085,4783.2660,CI.l(95%).Total.SURVEY_LU1_1U1
 0.0000000, 3.3746752,20.5220395, 0.0000000, 4.6289185, 0.0000000, 0.3727922,-9.3429855,-3.4022789, 0.0000000,CI.l(95%).Total.SURVEY_LU1_1U2
548.6642,467.3427,832.8988,669.2446,365.3324,270.3191,477.6992,640.2921,750.8233,569.0540,CI.l(95%).Total.SURVEY_LU1_1U3
 82.40777,129.72852,356.36678,486.86106,424.14160, 19.67072, 73.88332,308.28315,567.79599,307.52481,CI.l(95%).Total.SURVEY_LU1_1U4
 46.335290, 17.019366,100.689903, 46.296275, 43.546851, 14.578340, 50.148894,  9.212977, 31.735078,  2.837740,CI.l(95%).Total.SURVEY_LC1_2A1
106.85175,121.62489,163.89274,120.70832, 47.04943, 67.82596,128.65645,218.56475,309.54925,190.20042,CI.l(95%).Total.SURVEY_LC1_2A2
 3.97958979, 7.98351558,17.76047858, 0.00000000,11.96802216, 0.02889868, 0.00000000, 9.96537901,13.06626239,20.33597716,CI.l(95%).Total.SURVEY_LC1_2A3
  18.19609,  84.47538, 155.57072,  20.34729,  47.44987, 224.71994,1375.99069,3072.69578,3186.91489,2009.21702,CI.l(95%).Total.SURVEY_LC1_2B1
  0.000000, 14.657812,  5.749887,  0.000000,  0.000000,  3.932998,171.337990,189.623689,338.842408,126.619933,CI.l(95%).Total.SURVEY_LC1_2B2
  0.02889868, 14.65781177, 72.37862829, 53.18941783,  8.01143354, 10.74559795,187.54295182,294.73346319,369.81615105,321.17895539,CI.l(95%).Total.SURVEY_LC1_2B3
 0.00000000,-0.88341682, 4.01852732, 5.03408787, 0.00000000, 0.02889868,14.21167379,74.90197229,74.15386098,43.63508488,CI.l(95%).Total.SURVEY_LC1_2B4
  0.0000000, -0.8834168, 29.0210144,  3.9436149,  0.0000000, 27.0258899,221.0759543,592.3516392,620.3852324,566.3288617,CI.l(95%).Total.SURVEY_LC1_2B5
 4.027772, 0.000000, 8.352549, 4.008238, 0.000000, 0.000000,-1.299517, 0.000000,13.310389, 4.415794,CI.l(95%).Total.SURVEY_LC1_2B7
 0.000000, 7.854294, 2.526468, 0.000000, 0.000000, 0.000000, 0.000000,14.926192,25.033676,12.260585,CI.l(95%).Total.SURVEY_LC1_2B8
 182.0143,1045.6999, 674.0099, 581.7834, 265.3994,   0.0000,   0.0000,   0.0000,   0.0000,   0.0000,CI.l(95%).Total.SURVEY_LC1_2Bx
208.7124,607.5158,333.8154,202.5921,147.8148,142.9173,136.4895,450.4448,815.0633,411.4912,CI.l(95%).Total.SURVEY_LC1_2C1
-16.224782,-47.372152, 84.366772,125.691119,119.688549,-21.467954, -9.137957,239.489953,976.650989,308.658603,CI.l(95%).Total.SURVEY_LC1_2C2
 -1.0670023, -0.1361943, 14.7432745, 21.9680030,  8.2535029,  5.3702759, 22.6027670, 19.6303588,138.7081753,166.2713918,CI.l(95%).Total.SURVEY_LC1_2C3
 0.000000, 7.890182, 4.066620,19.984455,12.615222, 3.979590, 0.000000,12.286057,61.899913,21.813948,CI.l(95%).Total.SURVEY_LC1_2D1
 12.411098,  6.803282, 82.046699,114.358599,171.354049,  0.000000, 16.440120, 36.751802, 75.885147, 53.767381,CI.l(95%).Total.SURVEY_LC1_2D2
  3.045681, 28.651181, 56.987956, 15.561167, 36.528398, 39.063877, 62.854418, 82.344704,202.711972, 86.995191,CI.l(95%).Total.SURVEY_LC1_2E1
 205.0105, 340.1128, 726.7251, 558.5141, 481.2096, 182.1236, 402.9439,1188.5552,1197.5155, 851.5062,CI.l(95%).Total.SURVEY_LC1_2E2
  3.979590, 10.705586, 26.682560,  8.276113,  6.364129, 11.135200, 42.264064,124.893184,109.941521, 67.707347,CI.l(95%).Total.SURVEY_LC1_2E3
0.000000,0.000000,0.000000,0.000000,4.342859,0.000000,0.000000,0.000000,4.343829,0.000000,CI.l(95%).Total.SURVEY_LC1_2F1
12.825033, 8.658395,38.314412,17.375314,21.045218, 0.000000, 4.040017,25.542428, 4.056233, 0.000000,CI.l(95%).Total.SURVEY_LC1_2F2
 72.58000,551.52155,227.76661,184.03269, 95.03519,  3.97959,  3.15660, 75.10116, 88.78461, 31.48912,CI.l(95%).Total.SURVEY_LC1_2F4
 90.342747, 51.622956,105.369019,156.277693, 72.919869,  7.942392, 14.964068, 16.182652, 23.504434,  3.963391,CI.l(95%).Total.SURVEY_LC1_2G1
 0.000000, 7.853463,20.516673, 3.751562, 7.873243, 4.004203, 0.000000, 4.023886, 4.056233, 4.053250,CI.l(95%).Total.SURVEY_LC1_2G2
 0.000000,15.801162, 8.047771, 0.000000,-1.388046, 0.000000, 0.000000, 0.000000, 0.000000, 0.000000,CI.l(95%).Total.SURVEY_LC1_2G3
0.0000000,0.3357968,0.0000000,0.0000000,0.0000000,0.0000000,0.0000000,0.0000000,0.0000000,0.0000000,CI.l(95%).Total.SURVEY_LC1_2G4
 4.0277715,20.1035666,17.4181663,60.8368828,51.4317347,-0.6158479, 7.4732017,26.0525985,18.5607060,15.9792914,CI.l(95%).Total.SURVEY_LC1_2H1
20.042494,31.077760,62.378527,15.877619,32.754798, 4.027772, 0.000000, 0.000000, 0.000000, 4.053250,CI.l(95%).Total.SURVEY_LC1_2H2
 472.2578,2126.9124,2042.4554,1402.5438, 840.1309, 497.6259,2504.1792,5809.6056,6301.5248,4036.1105,CI.l(95%).Total.SURVEY_LU1_2U11
 119.89139, 353.54953, 359.48118,  98.82097, 231.97120,  62.99259,  91.57670, 710.37055,1560.53490, 692.22402,CI.l(95%).Total.SURVEY_LU1_2U12
0.000000,0.000000,4.066620,7.774518,0.000000,0.000000,0.000000,0.000000,0.000000,0.000000,CI.l(95%).Total.SURVEY_LU1_2U13
 0.000000, 7.900581,12.462139, 8.687657, 7.008063, 0.000000, 3.070588, 0.000000,12.968959, 0.000000,CI.l(95%).Total.SURVEY_LU1_2U14
0.000000,0.000000,3.883045,0.000000,0.410875,0.000000,0.000000,0.000000,4.056233,0.000000,CI.l(95%).Total.SURVEY_LU1_2U21
 0.0000000, 3.3746752, 2.9702705, 0.0000000, 4.2180435, 0.0000000, 0.3727922,-9.3429855,-7.4585114, 0.0000000,CI.l(95%).Total.SURVEY_LU1_2U22
 74.97476, 83.12883,125.51163, 79.72236, 53.52404, 54.49098,145.10593,160.48123,264.77662,208.21194,CI.l(95%).Total.SURVEY_LU1_2U31
  3.9795898,  8.0317748,  0.4826738,  4.0562325,  1.9378267,  4.1920571,  0.0000000,-11.8191254,  0.0000000,  7.5476991,CI.l(95%).Total.SURVEY_LU1_2U32
-1.162311, 4.329198, 4.066620, 0.000000,12.565822, 0.000000, 4.204567, 5.171143,12.447999, 4.342859,CI.l(95%).Total.SURVEY_LU1_2U33
-1.2385598, 2.6668788,28.9305114,21.7272836,-0.1252689, 0.0000000, 4.2045667,28.1825669,26.6816192,12.6920463,CI.l(95%).Total.SURVEY_LU1_2U34
-5.3711548, 0.3821561,52.0520067,47.7202763,-1.6940407, 0.7888065,16.1326270,24.8637429,39.1666901, 2.8152659,CI.l(95%).Total.SURVEY_LU1_2U35
84.14761,42.93124,78.84245,84.19206,41.17132,23.47221,35.58434,64.38744,87.69448,75.65173,CI.l(95%).Total.SURVEY_LU1_2U36
161.7418,158.0538,253.3867,246.1637,118.8693,111.9761,197.8738,210.6585,217.3177,168.7002,CI.l(95%).Total.SURVEY_LU1_2U37
 0.0000000, 0.0000000, 0.0000000,10.4642938, 0.0000000, 0.0000000, 0.0000000, 0.8366799,16.1965990, 0.0000000,CI.l(95%).Total.SURVEY_LU1_2U41
 82.40777,129.72852,356.36678,474.76844,424.14160, 19.67072, 73.88332,297.07152,551.59940,307.52481,CI.l(95%).Total.SURVEY_LU1_2U42
46.335290,17.019366,82.168138,46.296275,43.546851,14.578340,50.148894, 9.212977,31.735078, 2.837740,CI.l(95%).Total.SURVEY_LC1_3A11
 0.000000, 0.000000,-9.342986, 0.000000, 0.000000, 0.000000, 0.000000, 0.000000, 0.000000, 0.000000,CI.l(95%).Total.SURVEY_LC1_3A12
 0.000000, 0.000000,-1.675627, 0.000000, 0.000000, 0.000000, 0.000000, 0.000000, 0.000000, 0.000000,CI.l(95%).Total.SURVEY_LC1_3A13
23.19505,58.62091,48.51864,26.01517,25.84891,18.04184,16.95464,62.87708,60.66083,16.55400,CI.l(95%).Total.SURVEY_LC1_3A21
 18.57275, 20.88745, 56.46610, 29.97053, 16.71083, 40.70097,106.89804,107.90002,180.77151,173.64642,CI.l(95%).Total.SURVEY_LC1_3A22
 3.97958979, 7.98351558,17.76047858, 0.00000000,11.96802216, 0.02889868, 0.00000000, 9.96537901,13.06626239,20.33597716,CI.l(95%).Total.SURVEY_LC1_3A30
  0.02889868, 38.43401611, 10.19278125, -2.59709347, 19.79091741, 66.54298249,613.22112201,787.94025954,796.48406110,574.07800009,CI.l(95%).Total.SURVEY_LC1_3B11
 0.000000, 0.000000, 0.000000, 0.000000, 0.000000, 0.000000, 0.000000,-1.571083, 0.000000, 3.958183,CI.l(95%).Total.SURVEY_LC1_3B12
   1.433343,  23.875696,  19.801293,   0.000000,   7.916367,  93.072845, 604.089452,1100.174111,1339.814936, 834.031278,CI.l(95%).Total.SURVEY_LC1_3B13
  0.0000000, -0.8834168,  5.7498874, -2.5970935,  3.9581835, 18.8308989, 35.7157444,158.8355339,296.1289196,169.7903283,CI.l(95%).Total.SURVEY_LC1_3B14
  0.00000000,  0.00000000, -1.57108336,  0.72988563,  0.00000000,  0.02889868,  2.27337141,154.98287725, 73.34447262, 94.77819735,CI.l(95%).Total.SURVEY_LC1_3B15
  3.1740442, -0.8834168, 66.6558602,  0.7298856, 15.7844032,  7.8980763, -0.8834168,503.7232247,393.6600677,263.6797015,CI.l(95%).Total.SURVEY_LC1_3B16
  4.00420293,  0.00000000,  0.00000000,  0.00000000,  0.00000000,  0.02889868, 26.49308498,108.95756097, 14.98072909, 19.83765327,CI.l(95%).Total.SURVEY_LC1_3B18
 0.000000, 0.000000, 0.000000, 0.000000, 0.000000, 0.000000, 0.000000,-1.571083, 3.961827, 0.000000,CI.l(95%).Total.SURVEY_LC1_3B19
  0.000000,  0.000000,  5.749887,  0.000000,  0.000000,  3.932998,  3.061674,103.085791,174.794181, 98.968820,CI.l(95%).Total.SURVEY_LC1_3B21
  0.000000, 14.657812,  0.000000,  0.000000,  0.000000,  0.000000,156.518701,  9.549456,  5.034088, 15.988897,CI.l(95%).Total.SURVEY_LC1_3B22
  0.0000000,  0.0000000,  0.0000000,  0.0000000,  0.0000000,  0.0000000, -0.8834168, 47.5946577,114.9393344,  3.9581835,CI.l(95%).Total.SURVEY_LC1_3B23
  0.02889868, 14.65781177, 72.37862829, 53.18941783,  8.01143354, 10.74559795,187.54295182,282.51833290,365.85432431,317.22077191,CI.l(95%).Total.SURVEY_LC1_3B32
 0.000000, 0.000000, 0.000000, 0.000000, 0.000000, 0.000000, 0.000000,-1.571083, 0.000000, 0.000000,CI.l(95%).Total.SURVEY_LC1_3B33
 0.000000, 0.000000, 0.000000, 0.000000, 0.000000, 0.000000, 0.000000,-1.571083, 3.961827, 3.958183,CI.l(95%).Total.SURVEY_LC1_3B35
 0.00000000,-0.88341682, 4.01852732, 5.03408787, 0.00000000, 0.02889868,14.21167379,42.28581367,74.15386098,39.58183482,CI.l(95%).Total.SURVEY_LC1_3B41
 0.00000, 0.00000, 0.00000, 0.00000, 0.00000, 0.00000, 0.00000,14.95877, 0.00000, 4.05325,CI.l(95%).Total.SURVEY_LC1_3B43
 0.000000, 0.000000, 0.000000, 0.000000, 0.000000, 0.000000, 0.000000,-1.571083, 0.000000, 0.000000,CI.l(95%).Total.SURVEY_LC1_3B45
 0.00000, 0.00000, 0.00000, 0.00000, 0.00000, 0.00000,18.28910,36.22051,24.38700, 0.00000,CI.l(95%).Total.SURVEY_LC1_3B51
  0.000000,  0.000000,  1.690928,  0.000000,  0.000000,  0.000000,  0.000000, 62.904482, 70.368987,116.877743,CI.l(95%).Total.SURVEY_LC1_3B53
 0.0000000, 0.0000000, 0.0000000, 0.0000000, 0.0000000, 0.0000000,-0.8938668, 0.0000000, 0.0000000, 4.5348436,CI.l(95%).Total.SURVEY_LC1_3B54
  0.0000000, -0.8834168, 19.0274428,  3.9436149,  0.0000000, 27.0258899,185.5309928,452.0384932,476.2161685,433.5121374,CI.l(95%).Total.SURVEY_LC1_3B55
 4.027772, 0.000000, 4.285929, 4.008238, 0.000000, 0.000000,-1.299517, 0.000000, 9.254157, 4.415794,CI.l(95%).Total.SURVEY_LC1_3B71
0.00000,0.00000,4.06662,0.00000,0.00000,0.00000,0.00000,0.00000,0.00000,0.00000,CI.l(95%).Total.SURVEY_LC1_3B72
0.000000,0.000000,0.000000,0.000000,0.000000,0.000000,0.000000,0.000000,4.056233,0.000000,CI.l(95%).Total.SURVEY_LC1_3B75
0.000000,3.991758,0.000000,0.000000,0.000000,0.000000,0.000000,0.000000,0.000000,0.000000,CI.l(95%).Total.SURVEY_LC1_3B82
 0.000000, 3.862537, 2.526468, 0.000000, 0.000000, 0.000000, 0.000000, 6.573643,17.081823, 0.000000,CI.l(95%).Total.SURVEY_LC1_3B83
 0.000000, 0.000000, 0.000000, 0.000000, 0.000000, 0.000000, 0.000000, 8.352549, 7.951853,12.260585,CI.l(95%).Total.SURVEY_LC1_3B84
 178.0583,1027.7355, 674.0099, 576.4071, 265.3994,   0.0000,   0.0000,   0.0000,   0.0000,   0.0000,CI.l(95%).Total.SURVEY_LC1_3Bx1
 3.956021,11.154318, 0.000000, 0.000000, 0.000000, 0.000000, 0.000000, 0.000000, 0.000000, 0.000000,CI.l(95%).Total.SURVEY_LC1_3Bx2
 0.0000000, 0.0000000, 0.0000000,-0.3272088, 0.0000000, 0.0000000, 0.0000000, 0.0000000, 0.0000000, 0.0000000,CI.l(95%).Total.SURVEY_LC1_3Bxx
208.7124,607.5158,333.8154,198.4829,147.8148,142.9173,136.4895,450.4448,815.0633,411.4912,CI.l(95%).Total.SURVEY_LC1_3C10
0.000000,0.000000,0.000000,2.367631,0.000000,0.000000,0.000000,0.000000,0.000000,0.000000,CI.l(95%).Total.SURVEY_LC1_3C1x
-21.9315800, -1.1651348, -0.2882076, 57.8916945, 56.2632110,-25.3185300, -9.1379574,110.6161522,462.8230798,120.9658046,CI.l(95%).Total.SURVEY_LC1_3C21
  0.000000,-65.647890,  0.000000,  5.938659, 10.202842,  0.000000,  0.000000,  4.199069,-33.166836, 67.390747,CI.l(95%).Total.SURVEY_LC1_3C22
-1.0389042,-0.9046734, 9.1961177,15.9750413,17.0335112, 3.8505760, 0.0000000,60.6848623,55.1099056,77.6428240,CI.l(95%).Total.SURVEY_LC1_3C23
 0.000000, 0.000000,11.022354,20.905952, 3.836041, 0.000000, 0.000000, 0.000000, 0.000000, 0.000000,CI.l(95%).Total.SURVEY_LC1_3C2x
 0.0000000,-0.1361943, 0.0000000, 3.5327943, 0.0000000,-0.4009234,-5.0237471, 0.0000000,25.5669729,47.3418352,CI.l(95%).Total.SURVEY_LC1_3C31
  0.000000,  0.000000,-51.040872, 10.036038,  0.000000,  0.000000, -5.834969,  0.000000, 24.511931, 31.667567,CI.l(95%).Total.SURVEY_LC1_3C32
 -1.067002,  0.000000,-42.731966,  0.000000, -3.510242, -3.108665, 10.996421, 19.630359, 71.686509, 37.294649,CI.l(95%).Total.SURVEY_LC1_3C33
 0.000000, 0.000000,-2.447020, 3.090112, 4.630106, 0.000000, 0.000000, 0.000000, 0.000000, 0.000000,CI.l(95%).Total.SURVEY_LC1_3C3x
 0.000000, 7.890182, 4.066620,19.984455,12.615222, 3.979590, 0.000000,12.286057,61.899913,21.813948,CI.l(95%).Total.SURVEY_LC1_3D10
 12.411098,  6.803282, 82.046699,114.358599,171.354049,  0.000000, 16.440120, 36.751802, 75.885147, 53.767381,CI.l(95%).Total.SURVEY_LC1_3D20
  3.045681, 28.651181, 56.987956, 15.561167, 36.528398, 39.063877, 62.854418, 82.344704,202.711972, 86.995191,CI.l(95%).Total.SURVEY_LC1_3E10
 205.0105, 340.1128, 726.7251, 546.4894, 481.2096, 182.1236, 402.9439,1188.5552,1197.5155, 851.5062,CI.l(95%).Total.SURVEY_LC1_3E20
 0.00000, 0.00000, 0.00000,12.02471, 0.00000, 0.00000, 0.00000, 0.00000, 0.00000, 0.00000,CI.l(95%).Total.SURVEY_LC1_3E2x
  3.979590, 10.705586, 26.682560,  8.276113,  6.364129, 11.135200, 42.264064,124.893184,109.941521, 67.707347,CI.l(95%).Total.SURVEY_LC1_3E30
0.000000,0.000000,0.000000,0.000000,4.342859,0.000000,0.000000,0.000000,4.343829,0.000000,CI.l(95%).Total.SURVEY_LC1_3F10
12.825033, 8.658395,38.314412,17.375314,21.045218, 0.000000, 4.040017,25.542428, 4.056233, 0.000000,CI.l(95%).Total.SURVEY_LC1_3F20
 67.92663,551.52155,227.76661,184.03269, 95.03519,  3.97959,  3.15660, 75.10116, 88.78461, 31.48912,CI.l(95%).Total.SURVEY_LC1_3F40
0.02734002,0.00000000,0.00000000,0.00000000,0.00000000,0.00000000,0.00000000,0.00000000,0.00000000,0.00000000,CI.l(95%).Total.SURVEY_LC1_3F4x
 86.404558, 47.582939, 93.112428,118.579041, 60.094539,  7.942392, 14.964068, 16.182652, 23.504434,  3.963391,CI.l(95%).Total.SURVEY_LC1_3G11
 3.9381891, 4.0400170, 8.2327061,-0.1358293, 2.5753444, 0.0000000, 0.0000000, 0.0000000, 0.0000000, 0.0000000,CI.l(95%).Total.SURVEY_LC1_3G12
0.000000,0.000000,4.023886,0.000000,0.000000,0.000000,0.000000,0.000000,0.000000,0.000000,CI.l(95%).Total.SURVEY_LC1_3G1x
 0.000000, 7.853463,12.376435, 3.751562, 7.873243, 4.004203, 0.000000, 4.023886, 4.056233, 4.053250,CI.l(95%).Total.SURVEY_LC1_3G21
0.000000,0.000000,8.140239,0.000000,0.000000,0.000000,0.000000,0.000000,0.000000,0.000000,CI.l(95%).Total.SURVEY_LC1_3G22
 0.000000,15.801162, 8.047771, 0.000000,-1.388046, 0.000000, 0.000000, 0.000000, 0.000000, 0.000000,CI.l(95%).Total.SURVEY_LC1_3G30
0.0000000,0.3357968,0.0000000,0.0000000,0.0000000,0.0000000,0.0000000,0.0000000,0.0000000,0.0000000,CI.l(95%).Total.SURVEY_LC1_3G40
 4.0277715,20.1035666,17.4181663,56.4930543,43.3252346,-0.6158479, 7.4732017,26.0525985,18.5607060,15.9792914,CI.l(95%).Total.SURVEY_LC1_3H11
0.000000,0.000000,0.000000,4.343829,8.106500,0.000000,0.000000,0.000000,0.000000,0.000000,CI.l(95%).Total.SURVEY_LC1_3H12
20.042494,27.037743,40.865130, 8.064470,32.754798, 4.027772, 0.000000, 0.000000, 0.000000, 4.053250,CI.l(95%).Total.SURVEY_LC1_3H21
 0.000000, 4.040017,21.513397, 7.813149, 0.000000, 0.000000, 0.000000, 0.000000, 0.000000, 0.000000,CI.l(95%).Total.SURVEY_LC1_3H23
 468.2782,2120.8661,2031.5617,1398.5020, 836.1260, 488.4101,2476.1947,5742.1222,6208.0846,4010.9301,CI.l(95%).Total.SURVEY_LU1_3U111
 3.9795898,-0.8938668,-1.5898855, 2.7674065, 4.0049193, 3.9436138,18.1087431,42.5907700,61.9511221,15.9745364,CI.l(95%).Total.SURVEY_LU1_3U112
 0.000000, 0.000000, 4.285929, 0.000000, 0.000000, 0.000000, 0.000000, 0.000000,11.913136, 4.464125,CI.l(95%).Total.SURVEY_LU1_3U113
 119.89139, 353.54953, 359.48118,  98.82097, 231.97120,  62.99259,  91.57670, 710.37055,1560.53490, 692.22402,CI.l(95%).Total.SURVEY_LU1_3U120
0.000000,0.000000,4.066620,7.774518,0.000000,0.000000,0.000000,0.000000,0.000000,0.000000,CI.l(95%).Total.SURVEY_LU1_3U130
 0.000000, 7.900581,12.462139, 8.687657, 7.008063, 0.000000, 3.070588, 0.000000,12.968959, 0.000000,CI.l(95%).Total.SURVEY_LU1_3U140
0.000000,0.000000,3.883045,0.000000,0.410875,0.000000,0.000000,0.000000,4.056233,0.000000,CI.l(95%).Total.SURVEY_LU1_3U210
 0.000000, 0.000000,-9.342986, 0.000000, 0.000000, 0.000000, 0.000000,-9.342986,-4.924005, 0.000000,CI.l(95%).Total.SURVEY_LU1_3U221
 0.000000, 4.204567,-9.342986, 0.000000, 0.000000, 0.000000, 0.000000, 0.000000, 0.000000, 0.000000,CI.l(95%).Total.SURVEY_LU1_3U223
 0.0000000,-0.8298915,-5.0010745, 0.0000000, 0.0000000, 0.0000000, 0.0000000, 0.0000000, 0.0000000, 0.0000000,CI.l(95%).Total.SURVEY_LU1_3U224
0.0000000,0.0000000,0.0000000,0.0000000,4.2180435,0.0000000,0.3727922,0.0000000,4.2198806,0.0000000,CI.l(95%).Total.SURVEY_LU1_3U226
  0.00000,  0.00000,  0.00000,  0.00000,  0.00000,  0.00000,  0.00000,  0.00000,-19.20693,  0.00000,CI.l(95%).Total.SURVEY_LU1_3U227
 0.000000,-0.854491, 0.000000, 0.000000, 0.000000, 0.000000,15.698771,-3.651978, 0.000000, 4.053250,CI.l(95%).Total.SURVEY_LU1_3U311
 25.16249, 35.08274, 85.58059, 53.58463, 33.11993, 49.67314,114.20266,124.18448,236.10700,191.92921,CI.l(95%).Total.SURVEY_LU1_3U312
0.000000,3.950291,4.285929,3.804911,0.000000,0.000000,0.000000,0.000000,0.000000,0.000000,CI.l(95%).Total.SURVEY_LU1_3U313
 2.528563, 0.000000, 4.066620,11.718960, 0.000000, 0.000000, 0.000000, 0.000000, 0.000000, 0.000000,CI.l(95%).Total.SURVEY_LU1_3U314
 9.308417, 3.047701, 7.248518, 2.578359, 8.436087, 0.000000,-4.498139, 0.000000, 2.578359, 4.218044,CI.l(95%).Total.SURVEY_LU1_3U317
0.000000,3.991758,4.066620,0.000000,0.000000,0.000000,0.000000,0.000000,0.000000,0.000000,CI.l(95%).Total.SURVEY_LU1_3U318
 3.97958979,12.31271320,-1.55163958, 0.00000000,11.96802216, 0.02889868, 0.00000000, 2.39771053, 4.79014931, 8.01143354,CI.l(95%).Total.SURVEY_LU1_3U319
0.000000,3.991758,0.000000,0.000000,0.000000,4.192057,0.000000,0.000000,0.000000,7.547699,CI.l(95%).Total.SURVEY_LU1_3U321
  3.9795898,  4.0400170,  0.4826738,  4.0562325,  1.9378267,  0.0000000,  0.0000000,-11.8191254,  0.0000000,  0.0000000,CI.l(95%).Total.SURVEY_LU1_3U322
-1.162311, 4.329198, 4.066620, 0.000000,12.565822, 0.000000, 4.204567, 5.171143,12.447999, 4.342859,CI.l(95%).Total.SURVEY_LU1_3U330
-5.4306168, 2.6668788,22.7546826,21.7272836,-0.1252689, 0.0000000, 4.2045667,14.7946831,22.6733815,12.6920463,CI.l(95%).Total.SURVEY_LU1_3U341
 4.192057, 0.000000,-3.021398, 0.000000, 0.000000, 0.000000, 0.000000,-3.576806, 4.008238, 0.000000,CI.l(95%).Total.SURVEY_LU1_3U342
-5.3711548, 0.3821561,52.0520067,47.7202763,-1.6940407, 0.7888065,16.1326270,24.8637429,39.1666901, 2.8152659,CI.l(95%).Total.SURVEY_LU1_3U350
69.60256,23.17700,51.60313,53.23029,41.17132,19.49262,23.68900,38.61787,62.05345,59.47347,CI.l(95%).Total.SURVEY_LU1_3U361
 3.315560, 4.520524,-2.594540, 6.788991, 0.000000, 3.979590, 7.226658,12.948974,18.821378,13.888957,CI.l(95%).Total.SURVEY_LU1_3U362
161.7418,158.0538,253.3867,246.1637,118.8693,111.9761,197.8738,210.6585,217.3177,168.7002,CI.l(95%).Total.SURVEY_LU1_3U370
0.000000,0.000000,0.000000,0.000000,0.000000,0.000000,0.000000,3.975328,0.000000,0.000000,CI.l(95%).Total.SURVEY_LU1_3U414
 0.000000, 0.000000, 0.000000,10.464294, 0.000000, 0.000000, 0.000000,-3.138648,16.196599, 0.000000,CI.l(95%).Total.SURVEY_LU1_3U415
 82.40777,129.72852,356.36678,474.76844,424.14160, 19.67072, 73.88332,297.07152,551.59940,307.52481,CI.l(95%).Total.SURVEY_LU1_3U420
 824.4263,3024.3236,3096.4567,2238.9760,1618.7662, 701.9704,2805.0822,7062.0924,8660.6535,5203.6186,CI.l(95%).Total.settlement0
469.9075,412.7053,789.3322,583.4928,316.1109,229.3373,455.5256,616.0396,748.6990,553.1767,CI.l(95%).Total.settlement1
1099.3858,2801.9094,3229.5128,2549.1890,1654.7334, 757.4425,3049.6756,6670.2767,7550.5124,4857.8639,CI.l(95%).Total.fao_class_name0
 149.50215, 462.94910, 498.04916, 222.33185, 246.30822,  63.03713,  95.03489, 843.42632,1653.22653, 764.65734,CI.l(95%).Total.fao_class_name1
 0.000000, 2.029277, 6.611889, 4.056233,14.615989, 7.741723, 0.000000,18.079781,91.382372,15.477521,CI.l(95%).Total.fao_class_name2
 22.92918,-48.27390,-12.16201, 14.04532, 11.69024, 32.54746, 25.42426, 19.21394, 62.99847, 53.26468,CI.l(95%).Total.fao_class_name3
 887.6876,2992.2578,3227.0928,2298.6470,1674.3689, 717.2013,2976.5555,7277.1478,9019.4755,5428.8784,CI.l(95%).Total.lue0
336.5834,319.4432,558.0587,482.7802,228.2007,186.7508,264.1662,392.2120,420.0871,289.1433,CI.l(95%).Total.lue1
1137.7308,3319.6396,3622.9797,2715.8292,1813.3713, 896.0644,3091.0783,7486.7322,9058.0700,5485.2200,CI.l(95%).Total.lud0
 93.46736,114.12399,215.08596, 92.46625, 93.63515, 58.68304,164.58998,202.64051,349.01797,225.89330,CI.l(95%).Total.lud1
 1578.738, 3912.620, 4497.912, 3517.716, 2088.800, 1228.908, 3738.751, 8295.884,10096.482, 5912.339,CI.u(95%).Total.area
337.9876,244.6955,569.3730,413.5412,215.2360,142.2007,283.2527,382.1938,548.3870,348.7613,CI.u(95%).Total.SURVEY_LC1_1A
 278.1145,1398.7244,1255.4306, 915.0985, 355.3107, 349.3841,2291.3076,4725.2074,5213.5498,3251.1031,CI.u(95%).Total.SURVEY_LC1_1B
 500.9367,1111.4867,1142.9535, 967.7068, 395.4914, 436.0209, 586.7048,1486.4925,2559.9914,1112.7326,CI.u(95%).Total.SURVEY_LC1_1C
 12.41110, 31.48111,174.10723,141.71658,228.74690,  3.97959, 16.44012,106.85647,170.22626, 80.50472,CI.u(95%).Total.SURVEY_LC1_1D
 308.1343, 482.6225,1075.9641, 722.2734, 676.4537, 348.5458, 640.7783,1715.5556,1728.7394,1193.1525,CI.u(95%).Total.SURVEY_LC1_1E
140.95153,681.82853,363.47465,305.30327,154.46128,  3.97959, 20.96559,161.82079,168.20235, 44.78654,CI.u(95%).Total.SURVEY_LC1_1F
 90.342747, 84.725671,133.933464,217.822380, 95.062178, 11.946595, 30.073627, 20.206537, 27.560666,  8.016641,CI.u(95%).Total.SURVEY_LC1_1G
 24.07027, 65.85077,101.88908, 89.50340, 98.78067, 31.60221, 22.35802, 49.02602, 22.12975, 20.03254,CI.u(95%).Total.SURVEY_LC1_1H
 867.0048,3044.5664,3015.7777,2210.0746,1226.8471, 815.7696,3098.8867,7166.5629,8592.1649,4958.2933,CI.u(95%).Total.SURVEY_LU1_1U1
 0.00000,17.64816,98.45665, 0.00000,14.08066, 0.00000,10.48901,38.32403,88.67373, 0.00000,CI.u(95%).Total.SURVEY_LU1_1U2
 635.2231, 761.8293,1121.5442, 847.4796, 410.4883, 451.9088, 583.4764, 827.9032, 943.3266, 675.2074,CI.u(95%).Total.SURVEY_LU1_1U3
147.01746,412.67426,495.06397,597.86807,496.69983, 60.51317,126.92276,450.83466,664.55561,404.72783,CI.u(95%).Total.SURVEY_LU1_1U4
200.75517,106.68625,294.74595,207.62855,130.44744, 33.40420,139.19561, 40.91811, 53.56170, 86.16076,CI.u(95%).Total.SURVEY_LC1_2A1
258.2530,212.6175,373.3647,307.4213,125.3621,112.5533,220.9906,333.2244,476.6353,296.4152,CI.u(95%).Total.SURVEY_LC1_2A2
 3.979590, 7.983516,58.429100, 0.000000,11.968022,10.564822, 0.000000,33.544206,41.776537,20.335977,CI.u(95%).Total.SURVEY_LC1_2A3
  47.04519, 143.70716, 259.37083,  69.65984,  47.44987, 279.00290,1543.79519,3341.37527,3493.82235,2093.09218,CI.u(95%).Total.SURVEY_LC1_2B1
  0.000000, 45.352864, 34.263286,  0.000000,  0.000000,  3.932998,248.496347,280.092750,475.909713,162.237722,CI.u(95%).Total.SURVEY_LC1_2B2
 10.564822, 45.352864,135.724294,119.747306,  8.011434, 28.771779,264.743968,405.513699,513.517022,348.568257,CI.u(95%).Total.SURVEY_LC1_2B3
  0.000000, 12.885552,  4.018527, 39.969477,  0.000000, 10.564822, 41.687049,136.132986,152.112077, 43.635085,CI.u(95%).Total.SURVEY_LC1_2B4
  0.000000, 12.885552, 72.492537,  3.943615,  0.000000, 52.610001,304.969910,748.771953,790.046018,622.883367,CI.u(95%).Total.SURVEY_LC1_2B5
 4.027772, 0.000000, 8.352549, 4.008238, 0.000000, 0.000000,29.476630, 0.000000,33.986997,13.867533,CI.u(95%).Total.SURVEY_LC1_2B7
 0.000000, 7.854294,19.203584, 0.000000, 0.000000, 0.000000, 0.000000,31.807265,57.038197,37.203385,CI.u(95%).Total.SURVEY_LC1_2B8
 233.1708,1200.6696, 829.8443, 743.6186, 299.8494,   0.0000,   0.0000,   0.0000,   0.0000,   0.0000,CI.u(95%).Total.SURVEY_LC1_2Bx
 438.7978,1037.2365, 665.1967, 773.7808, 206.3460, 367.4473, 517.6103, 889.6159, 932.7724, 548.2233,CI.u(95%).Total.SURVEY_LC1_2C1
 125.11261, 230.58969, 360.07118, 199.22490, 181.82710, 105.52273,  36.63714, 609.00650,1517.27293, 413.87183,CI.u(95%).Total.SURVEY_LC1_2C2
 13.52452, 11.69875,356.77195, 40.58553, 40.80829, 45.99198, 85.77978,292.29872,188.83023,290.10198,CI.u(95%).Total.SURVEY_LC1_2C3
 0.000000, 7.890182, 4.066620,19.984455,12.615222, 3.979590, 0.000000,70.104667,82.907773,26.737336,CI.u(95%).Total.SURVEY_LC1_2D1
 12.41110, 23.59093,170.04061,121.73212,216.13168,  0.00000, 16.44012, 36.75180, 92.79563, 53.76738,CI.u(95%).Total.SURVEY_LC1_2D2
 40.62036, 61.26198,166.48757, 77.03841, 82.12710, 95.47095,115.21022,189.87109,250.36039,174.70223,CI.u(95%).Total.SURVEY_LC1_2E1
 282.1866, 416.9342, 909.7889, 668.6042, 595.3654, 256.3323, 493.0915,1397.0576,1359.8770, 956.9508,CI.u(95%).Total.SURVEY_LC1_2E2
  3.979590, 27.563600, 92.266323,  8.276113, 38.787875, 26.062712, 66.205210,209.571975,162.341629,111.703244,CI.u(95%).Total.SURVEY_LC1_2E3
0.000000,0.000000,0.000000,0.000000,4.342859,0.000000,0.000000,0.000000,4.343829,0.000000,CI.u(95%).Total.SURVEY_LC1_2F1
12.825033, 8.658395,38.314412,17.375314,21.045218, 0.000000, 4.040017,25.542428, 4.056233, 0.000000,CI.u(95%).Total.SURVEY_LC1_2F2
128.12650,673.17014,325.16024,287.92795,129.07321,  3.97959, 16.92557,136.27836,159.80229, 44.78654,CI.u(95%).Total.SURVEY_LC1_2F4
 90.342747, 51.622956,105.369019,214.070818, 88.576981,  7.942392, 30.073627, 16.182652, 23.504434,  3.963391,CI.u(95%).Total.SURVEY_LC1_2G1
 0.000000, 7.853463,20.516673,61.544687, 7.873243, 4.004203, 0.000000, 4.023886, 4.056233, 4.053250,CI.u(95%).Total.SURVEY_LC1_2G2
 0.000000,15.801162, 8.047771, 0.000000,14.269066, 0.000000, 0.000000, 0.000000, 0.000000, 0.000000,CI.u(95%).Total.SURVEY_LC1_2G3
0.00000,9.44809,0.00000,0.00000,0.00000,0.00000,0.00000,0.00000,0.00000,0.00000,CI.u(95%).Total.SURVEY_LC1_2G4
 4.027772,20.103567,39.510554,73.625783,66.025870,27.574443,22.358019,49.026019,22.129754,15.979291,CI.u(95%).Total.SURVEY_LC1_2H1
20.042494,45.747200,62.378527,15.877619,32.754798, 4.027772, 0.000000, 0.000000, 0.000000, 4.053250,CI.u(95%).Total.SURVEY_LC1_2H2
 556.3294,2307.8500,2308.8902,1613.7440, 930.1234, 575.9918,2688.7880,6104.9442,6557.3025,4191.7669,CI.u(95%).Total.SURVEY_LU1_2U11
 345.1215, 801.8067, 788.2764, 666.5672, 305.0559, 272.0652, 470.8445,1173.7724,2109.5785, 821.4579,CI.u(95%).Total.SURVEY_LU1_2U12
0.000000,0.000000,4.066620,7.774518,0.000000,0.000000,0.000000,0.000000,0.000000,0.000000,CI.u(95%).Total.SURVEY_LU1_2U13
 0.000000, 7.900581,12.462139, 8.687657,22.665175, 0.000000,18.180147, 0.000000,44.263660, 0.000000,CI.u(95%).Total.SURVEY_LU1_2U14
 0.000000, 0.000000,36.775390, 0.000000, 9.862614, 0.000000, 0.000000, 0.000000, 4.056233, 0.000000,CI.u(95%).Total.SURVEY_LU1_2U21
 0.000000,17.648158,75.349986, 0.000000, 4.218044, 0.000000,10.489005,38.324031,84.617496, 0.000000,CI.u(95%).Total.SURVEY_LU1_2U22
228.3447,180.2206,324.3792,245.6174,138.4212,111.0713,244.8990,280.2086,448.8917,315.2965,CI.u(95%).Total.SURVEY_LU1_2U31
 3.979590, 8.031775,40.233655, 4.056233, 6.832498, 4.192057, 0.000000,45.112498, 0.000000,19.831547,CI.u(95%).Total.SURVEY_LU1_2U32
30.659208, 4.329198, 4.066620, 0.000000,12.565822, 0.000000, 4.204567,32.275871,12.447999, 4.342859,CI.u(95%).Total.SURVEY_LU1_2U33
 30.582959, 66.708472, 96.772210, 87.870714, 59.239138,  0.000000,  4.204567,104.648001, 47.969307, 22.257847,CI.u(95%).Total.SURVEY_LU1_2U34
 96.27412, 62.61475,119.89269, 52.41449, 30.72971, 29.99448, 16.13263, 24.86374,130.25434, 17.62222,CI.u(95%).Total.SURVEY_LU1_2U35
156.34237,322.50762,353.02245,199.29409, 79.99518,171.17815, 57.30856,151.45349,125.03373,121.21763,CI.u(95%).Total.SURVEY_LU1_2U36
320.6327,285.2356,472.8036,443.8893,221.7881,210.8719,331.3205,347.7075,281.4678,263.7310,CI.u(95%).Total.SURVEY_LU1_2U37
 0.00000, 0.00000, 0.00000,13.76109, 0.00000, 0.00000, 0.00000,23.38045,16.19660, 0.00000,CI.u(95%).Total.SURVEY_LU1_2U41
147.01746,412.67426,495.06397,585.73531,496.69983, 60.51317,126.92276,437.82916,648.35901,404.72783,CI.u(95%).Total.SURVEY_LU1_2U42
200.75517,106.68625,270.06142,207.62855,130.44744, 33.40420,139.19561, 40.91811, 53.56170, 86.16076,CI.u(95%).Total.SURVEY_LC1_3A11
 0.00000, 0.00000,38.32403, 0.00000, 0.00000, 0.00000, 0.00000, 0.00000, 0.00000, 0.00000,CI.u(95%).Total.SURVEY_LC1_3A12
 0.00000, 0.00000,15.90087, 0.00000, 0.00000, 0.00000, 0.00000, 0.00000, 0.00000, 0.00000,CI.u(95%).Total.SURVEY_LC1_3A13
157.45923,151.05480,183.46163,187.05715, 35.41471, 36.86771, 27.07086,162.57969,184.94771, 16.55400,CI.u(95%).Total.SURVEY_LC1_3A21
165.87776,103.67924,248.81106,185.08678, 94.43708, 84.76873,198.72355,218.43236,359.80446,279.86125,CI.u(95%).Total.SURVEY_LC1_3A22
 3.979590, 7.983516,58.429100, 0.000000,11.968022,10.564822, 0.000000,33.544206,41.776537,20.335977,CI.u(95%).Total.SURVEY_LC1_3A30
  10.56482,  81.72931,  77.26659,  17.59828,  19.79092, 102.78312, 741.71265, 963.15823,1008.38213, 599.43063,CI.u(95%).Total.SURVEY_LC1_3B11
 0.000000, 0.000000, 0.000000, 0.000000, 0.000000, 0.000000, 0.000000,14.908808, 0.000000, 3.958183,CI.u(95%).Total.SURVEY_LC1_3B12
  24.018370,  60.139249,  59.894917,   0.000000,   7.916367, 133.538038, 733.443031,1300.672063,1570.370994, 898.846195,CI.u(95%).Total.SURVEY_LC1_3B13
  0.000000, 12.885552, 34.263286, 17.598282,  3.958183, 42.003699, 71.916262,241.530614,417.725750,203.862950,CI.u(95%).Total.SURVEY_LC1_3B14
  0.00000,  0.00000, 14.90881, 29.27249,  0.00000, 10.56482, 21.73090,241.00024,145.65417,107.76188,CI.u(95%).Total.SURVEY_LC1_3B15
 18.01340, 12.88555,127.77920, 29.27249, 15.78440, 17.86574, 12.88555,644.51823,556.24214,308.45837,CI.u(95%).Total.SURVEY_LC1_3B16
  4.004203,  0.000000,  0.000000,  0.000000,  0.000000, 10.564822, 57.188137,181.902646, 60.025212, 19.837653,CI.u(95%).Total.SURVEY_LC1_3B18
 0.000000, 0.000000, 0.000000, 0.000000, 0.000000, 0.000000, 0.000000,14.908808, 3.961827, 0.000000,CI.u(95%).Total.SURVEY_LC1_3B19
  0.000000,  0.000000, 34.263286,  0.000000,  0.000000,  3.932998, 16.830643,174.177603,278.048375,124.784493,CI.u(95%).Total.SURVEY_LC1_3B21
  0.00000, 45.35286,  0.00000,  0.00000,  0.00000,  0.00000,231.42118, 38.06285, 39.96948, 41.19908,CI.u(95%).Total.SURVEY_LC1_3B22
  0.000000,  0.000000,  0.000000,  0.000000,  0.000000,  0.000000, 12.885552, 97.246076,201.966666,  3.958183,CI.u(95%).Total.SURVEY_LC1_3B23
 10.564822, 45.352864,135.724294,119.747306,  8.011434, 28.771779,264.743968,391.053380,509.555195,344.610073,CI.u(95%).Total.SURVEY_LC1_3B32
 0.00000, 0.00000, 0.00000, 0.00000, 0.00000, 0.00000, 0.00000,14.90881, 0.00000, 0.00000,CI.u(95%).Total.SURVEY_LC1_3B33
 0.000000, 0.000000, 0.000000, 0.000000, 0.000000, 0.000000, 0.000000,14.908808, 3.961827, 3.958183,CI.u(95%).Total.SURVEY_LC1_3B35
  0.000000, 12.885552,  4.018527, 39.969477,  0.000000, 10.564822, 41.687049, 88.722798,152.112077, 39.581835,CI.u(95%).Total.SURVEY_LC1_3B41
 0.00000, 0.00000, 0.00000, 0.00000, 0.00000, 0.00000, 0.00000,51.72985, 0.00000, 4.05325,CI.u(95%).Total.SURVEY_LC1_3B43
 0.00000, 0.00000, 0.00000, 0.00000, 0.00000, 0.00000, 0.00000,14.90881, 0.00000, 0.00000,CI.u(95%).Total.SURVEY_LC1_3B45
 0.00000, 0.00000, 0.00000, 0.00000, 0.00000, 0.00000,45.93124,76.72692,73.89525, 0.00000,CI.u(95%).Total.SURVEY_LC1_3B51
  0.00000,  0.00000, 24.98452,  0.00000,  0.00000,  0.00000,  0.00000,117.97303,138.06649,121.68566,CI.u(95%).Total.SURVEY_LC1_3B53
 0.00000, 0.00000, 0.00000, 0.00000, 0.00000, 0.00000,13.03798, 0.00000, 0.00000,27.73958,CI.u(95%).Total.SURVEY_LC1_3B54
  0.000000, 12.885552, 55.810659,  3.943615,  0.000000, 52.610001,264.150426,595.260156,627.497362,484.862274,CI.u(95%).Total.SURVEY_LC1_3B55
 4.027772, 0.000000, 4.285929, 4.008238, 0.000000, 0.000000,29.476630, 0.000000,29.930765,13.867533,CI.u(95%).Total.SURVEY_LC1_3B71
0.00000,0.00000,4.06662,0.00000,0.00000,0.00000,0.00000,0.00000,0.00000,0.00000,CI.u(95%).Total.SURVEY_LC1_3B72
0.000000,0.000000,0.000000,0.000000,0.000000,0.000000,0.000000,0.000000,4.056233,0.000000,CI.u(95%).Total.SURVEY_LC1_3B75
0.000000,3.991758,0.000000,0.000000,0.000000,0.000000,0.000000,0.000000,0.000000,0.000000,CI.u(95%).Total.SURVEY_LC1_3B82
 0.000000, 3.862537,19.203584, 0.000000, 0.000000, 0.000000, 0.000000,23.454716,49.086344, 0.000000,CI.u(95%).Total.SURVEY_LC1_3B83
 0.000000, 0.000000, 0.000000, 0.000000, 0.000000, 0.000000, 0.000000, 8.352549, 7.951853,37.203385,CI.u(95%).Total.SURVEY_LC1_3B84
 229.2147,1182.3935, 829.8443, 737.8086, 299.8494,   0.0000,   0.0000,   0.0000,   0.0000,   0.0000,CI.u(95%).Total.SURVEY_LC1_3Bx1
 3.956021,25.086161, 0.000000, 0.000000, 0.000000, 0.000000, 0.000000, 0.000000, 0.000000, 0.000000,CI.u(95%).Total.SURVEY_LC1_3Bx2
 0.00000, 0.00000, 0.00000,11.51354, 0.00000, 0.00000, 0.00000, 0.00000, 0.00000, 0.00000,CI.u(95%).Total.SURVEY_LC1_3Bxx
 438.7978,1037.2365, 665.1967, 769.6642, 206.3460, 367.4473, 517.6103, 889.6159, 932.7724, 548.2233,CI.u(95%).Total.SURVEY_LC1_3C10
0.000000,0.000000,0.000000,5.858232,0.000000,0.000000,0.000000,0.000000,0.000000,0.000000,CI.u(95%).Total.SURVEY_LC1_3C1x
 118.68994,  27.24069, 257.82296,  89.64415, 101.22406, 101.67216,  36.63714, 464.09810,1242.84848, 176.99585,CI.u(95%).Total.SURVEY_LC1_3C21
  0.000000,210.498952,  0.000000,  9.235455, 31.144364,  0.000000,  0.000000, 32.637100,683.842460,118.477102,CI.u(95%).Total.SURVEY_LC1_3C22
 13.168373, 13.195601, 91.839347, 76.565700, 45.462470,  3.850576,  0.000000,176.261167, 82.466829,161.058101,CI.u(95%).Total.SURVEY_LC1_3C23
 0.00000, 0.00000,74.84538,48.75937,36.34915, 0.00000, 0.00000, 0.00000, 0.00000, 0.00000,CI.u(95%).Total.SURVEY_LC1_3C2x
 0.00000,11.69875, 0.00000,16.01045, 0.00000,35.65210,24.19636, 0.00000,44.69103,92.61826,CI.u(95%).Total.SURVEY_LC1_3C31
  0.00000,  0.00000,193.62111, 13.33283,  0.00000,  0.00000, 41.85034,  0.00000, 49.33401,111.09151,CI.u(95%).Total.SURVEY_LC1_3C32
 13.52452,  0.00000,217.50311,  0.00000, 19.53069, 19.21975, 42.19815,292.29872,111.74795,136.35954,CI.u(95%).Total.SURVEY_LC1_3C33
 0.00000, 0.00000,56.61087,16.55131,28.41125, 0.00000, 0.00000, 0.00000, 0.00000, 0.00000,CI.u(95%).Total.SURVEY_LC1_3C3x
 0.000000, 7.890182, 4.066620,19.984455,12.615222, 3.979590, 0.000000,70.104667,82.907773,26.737336,CI.u(95%).Total.SURVEY_LC1_3D10
 12.41110, 23.59093,170.04061,121.73212,216.13168,  0.00000, 16.44012, 36.75180, 92.79563, 53.76738,CI.u(95%).Total.SURVEY_LC1_3D20
 40.62036, 61.26198,166.48757, 77.03841, 82.12710, 95.47095,115.21022,189.87109,250.36039,174.70223,CI.u(95%).Total.SURVEY_LC1_3E10
 282.1866, 416.9342, 909.7889, 656.5795, 595.3654, 256.3323, 493.0915,1397.0576,1359.8770, 956.9508,CI.u(95%).Total.SURVEY_LC1_3E20
 0.00000, 0.00000, 0.00000,12.02471, 0.00000, 0.00000, 0.00000, 0.00000, 0.00000, 0.00000,CI.u(95%).Total.SURVEY_LC1_3E2x
  3.979590, 27.563600, 92.266323,  8.276113, 38.787875, 26.062712, 66.205210,209.571975,162.341629,111.703244,CI.u(95%).Total.SURVEY_LC1_3E30
0.000000,0.000000,0.000000,0.000000,4.342859,0.000000,0.000000,0.000000,4.343829,0.000000,CI.u(95%).Total.SURVEY_LC1_3F10
12.825033, 8.658395,38.314412,17.375314,21.045218, 0.000000, 4.040017,25.542428, 4.056233, 0.000000,CI.u(95%).Total.SURVEY_LC1_3F20
122.75753,673.17014,325.16024,287.92795,129.07321,  3.97959, 16.92557,136.27836,159.80229, 44.78654,CI.u(95%).Total.SURVEY_LC1_3F40
9.995005,0.000000,0.000000,0.000000,0.000000,0.000000,0.000000,0.000000,0.000000,0.000000,CI.u(95%).Total.SURVEY_LC1_3F4x
 86.404558, 47.582939, 93.112428,194.248004, 80.594510,  7.942392, 30.073627, 16.182652, 23.504434,  3.963391,CI.u(95%).Total.SURVEY_LC1_3G11
 3.938189, 4.040017, 8.232706,57.657296,18.232456, 0.000000, 0.000000, 0.000000, 0.000000, 0.000000,CI.u(95%).Total.SURVEY_LC1_3G12
0.000000,0.000000,4.023886,0.000000,0.000000,0.000000,0.000000,0.000000,0.000000,0.000000,CI.u(95%).Total.SURVEY_LC1_3G1x
 0.000000, 7.853463,12.376435,61.544687, 7.873243, 4.004203, 0.000000, 4.023886, 4.056233, 4.053250,CI.u(95%).Total.SURVEY_LC1_3G21
0.000000,0.000000,8.140239,0.000000,0.000000,0.000000,0.000000,0.000000,0.000000,0.000000,CI.u(95%).Total.SURVEY_LC1_3G22
 0.000000,15.801162, 8.047771, 0.000000,14.269066, 0.000000, 0.000000, 0.000000, 0.000000, 0.000000,CI.u(95%).Total.SURVEY_LC1_3G30
0.00000,9.44809,0.00000,0.00000,0.00000,0.00000,0.00000,0.00000,0.00000,0.00000,CI.u(95%).Total.SURVEY_LC1_3G40
 4.027772,20.103567,39.510554,69.281954,57.919370,27.574443,22.358019,49.026019,22.129754,15.979291,CI.u(95%).Total.SURVEY_LC1_3H11
0.000000,0.000000,0.000000,4.343829,8.106500,0.000000,0.000000,0.000000,0.000000,0.000000,CI.u(95%).Total.SURVEY_LC1_3H12
20.042494,41.707183,40.865130, 8.064470,32.754798, 4.027772, 0.000000, 0.000000, 0.000000, 4.053250,CI.u(95%).Total.SURVEY_LC1_3H21
 0.000000, 4.040017,21.513397, 7.813149, 0.000000, 0.000000, 0.000000, 0.000000, 0.000000, 0.000000,CI.u(95%).Total.SURVEY_LC1_3H23
 552.3498,2301.7522,2297.7148,1609.6873, 926.1184, 566.7845,2660.8620,6038.9075,6465.0536,4166.6183,CI.u(95%).Total.SURVEY_LU1_3U111
 3.979590,13.037976,15.087231, 5.331088, 4.004919,14.479537,37.801757,90.929364,99.911759,15.974536,CI.u(95%).Total.SURVEY_LU1_3U112
 0.000000, 0.000000, 4.285929, 0.000000, 0.000000, 0.000000, 0.000000, 0.000000,11.913136,13.915864,CI.u(95%).Total.SURVEY_LU1_3U113
 345.1215, 801.8067, 788.2764, 666.5672, 305.0559, 272.0652, 470.8445,1173.7724,2109.5785, 821.4579,CI.u(95%).Total.SURVEY_LU1_3U120
0.000000,0.000000,4.066620,7.774518,0.000000,0.000000,0.000000,0.000000,0.000000,0.000000,CI.u(95%).Total.SURVEY_LU1_3U130
 0.000000, 7.900581,12.462139, 8.687657,22.665175, 0.000000,18.180147, 0.000000,44.263660, 0.000000,CI.u(95%).Total.SURVEY_LU1_3U140
 0.000000, 0.000000,36.775390, 0.000000, 9.862614, 0.000000, 0.000000, 0.000000, 4.056233, 0.000000,CI.u(95%).Total.SURVEY_LU1_3U210
 0.00000, 0.00000,38.32403, 0.00000, 0.00000, 0.00000, 0.00000,38.32403,24.96844, 0.00000,CI.u(95%).Total.SURVEY_LU1_3U221
 0.000000, 4.204567,38.324031, 0.000000, 0.000000, 0.000000, 0.000000, 0.000000, 0.000000, 0.000000,CI.u(95%).Total.SURVEY_LU1_3U223
 0.00000,13.44359,25.35924, 0.00000, 0.00000, 0.00000, 0.00000, 0.00000, 0.00000, 0.00000,CI.u(95%).Total.SURVEY_LU1_3U224
 0.000000, 0.000000, 0.000000, 0.000000, 4.218044, 0.000000,10.489005, 0.000000, 4.219881, 0.000000,CI.u(95%).Total.SURVEY_LU1_3U226
 0.00000, 0.00000, 0.00000, 0.00000, 0.00000, 0.00000, 0.00000, 0.00000,67.88172, 0.00000,CI.u(95%).Total.SURVEY_LU1_3U227
 0.00000,13.84208, 0.00000, 0.00000, 0.00000, 0.00000,31.50942,58.32297, 0.00000, 4.05325,CI.u(95%).Total.SURVEY_LU1_3U311
170.5569,118.0679,281.4419,218.8803,118.0171,105.2954,210.2833,240.5591,417.4436,299.0138,CI.u(95%).Total.SURVEY_LU1_3U312
0.000000,3.950291,4.285929,3.804911,0.000000,0.000000,0.000000,0.000000,0.000000,0.000000,CI.u(95%).Total.SURVEY_LU1_3U313
34.35008, 0.00000, 4.06662,11.71896, 0.00000, 0.00000, 0.00000, 0.00000, 0.00000, 0.00000,CI.u(95%).Total.SURVEY_LU1_3U314
53.453789,53.654052,37.608831,19.248718, 8.436087, 0.000000,22.808977, 0.000000,19.248718, 4.218044,CI.u(95%).Total.SURVEY_LU1_3U317
0.000000,3.991758,4.066620,0.000000,0.000000,0.000000,0.000000,0.000000,0.000000,0.000000,CI.u(95%).Total.SURVEY_LU1_3U318
 3.979590,12.312713,14.724296, 0.000000,11.968022,10.564822, 0.000000,18.877602,33.500424, 8.011434,CI.u(95%).Total.SURVEY_LU1_3U319
 0.000000, 3.991758, 0.000000, 0.000000, 0.000000, 4.192057, 0.000000, 0.000000, 0.000000,19.831547,CI.u(95%).Total.SURVEY_LU1_3U321
 3.979590, 4.040017,40.233655, 4.056233, 6.832498, 0.000000, 0.000000,45.112498, 0.000000, 0.000000,CI.u(95%).Total.SURVEY_LU1_3U322
30.659208, 4.329198, 4.066620, 0.000000,12.565822, 0.000000, 4.204567,32.275871,12.447999, 4.342859,CI.u(95%).Total.SURVEY_LU1_3U330
26.390902,66.708472,86.898447,87.870714,59.239138, 0.000000, 4.204567,72.139705,43.961069,22.257847,CI.u(95%).Total.SURVEY_LU1_3U341
 4.192057, 0.000000,19.070990, 0.000000, 0.000000, 0.000000, 0.000000,49.472986, 4.008238, 0.000000,CI.u(95%).Total.SURVEY_LU1_3U342
 96.27412, 62.61475,119.89269, 52.41449, 30.72971, 29.99448, 16.13263, 24.86374,130.25434, 17.62222,CI.u(95%).Total.SURVEY_LU1_3U350
136.06601,301.34634,320.17966,155.49478, 79.99518,167.19856, 39.96617,119.76096, 94.42797,104.78201,CI.u(95%).Total.SURVEY_LU1_3U361
31.50585,36.39499,62.67665,67.97209, 0.00000, 3.97959,22.01108,44.51312,37.42542,18.72492,CI.u(95%).Total.SURVEY_LU1_3U362
320.6327,285.2356,472.8036,443.8893,221.7881,210.8719,331.3205,347.7075,281.4678,263.7310,CI.u(95%).Total.SURVEY_LU1_3U370
0.000000,0.000000,0.000000,0.000000,0.000000,0.000000,0.000000,3.975328,0.000000,0.000000,CI.u(95%).Total.SURVEY_LU1_3U414
 0.00000, 0.00000, 0.00000,13.76109, 0.00000, 0.00000, 0.00000,19.40513,16.19660, 0.00000,CI.u(95%).Total.SURVEY_LU1_3U415
147.01746,412.67426,495.06397,585.73531,496.69983, 60.51317,126.92276,437.82916,648.35901,404.72783,CI.u(95%).Total.SURVEY_LU1_3U420
1068.1996,3448.0138,3630.4671,2849.5821,1749.7989, 937.4527,3227.9382,7595.4565,9258.6116,5334.4965,CI.u(95%).Total.settlement0
544.3792,513.4748,940.7571,744.0027,367.6502,342.3270,560.9367,781.3984,929.9823,606.7815,CI.u(95%).Total.settlement1
1204.3612,3012.1786,3519.5745,2801.9559,1760.2777, 878.1183,3388.9896,6980.3117,7805.1727,4963.0327,CI.u(95%).Total.fao_class_name0
 377.3334, 889.9033, 936.7470, 788.0268, 320.6981, 273.2987, 391.4159,1310.6327,2203.3475, 878.1122,CI.u(95%).Total.fao_class_name1
  0.000000, 49.714587, 23.091780,  4.056233, 19.323476,  7.741723,  0.000000, 81.046332,131.719821, 28.793340,CI.u(95%).Total.fao_class_name2
 53.40096,228.10699,255.58802, 32.39234, 24.67919,191.15989, 98.94236,131.99939, 99.58654,136.87170,CI.u(95%).Total.fao_class_name3
1176.1133,3465.1590,3774.2178,2934.1347,1827.9840, 945.6044,3410.1656,7821.0741,9622.8852,5584.5070,CI.u(95%).Total.lue0
506.5284,621.6573,897.6438,700.4917,321.7727,361.5308,398.5954,564.5530,535.4986,395.5446,CI.u(95%).Total.lue1
1428.406,3753.982,4191.390,3349.397,1964.725,1141.077,3527.878,8027.843,9658.808,5653.280,CI.u(95%).Total.lud0
247.3081,210.7714,427.5574,258.3613,180.5949,115.2633,265.9366,337.7708,532.0504,333.6801,CI.u(95%).Total.lud1
0.043978165,0.029427510,0.032506592,0.049253745,0.015772638,0.056933066,0.030978368,0.017058444,0.015490716,0.005521855,CV.Total.area
0.04592487,0.01666139,0.06567457,0.10848864,0.08284027,0.09703536,0.02604469,0.09403641,0.09388272,0.06725432,CV.Total.SURVEY_LC1_1A
0.058428902,0.031601631,0.043191231,0.055976882,0.025994684,0.045690161,0.020930711,0.014861940,0.014193120,0.007731685,CV.Total.SURVEY_LC1_1B
0.15463090,0.10635136,0.13238866,0.21382480,0.06243898,0.17876167,0.24763885,0.09641134,0.06149015,0.02071921,CV.Total.SURVEY_LC1_1C
0.00000000,0.18549781,0.17252934,0.01362775,0.05535559,0.00000000,0.00000000,0.18922968,0.04388496,0.01609355,CV.Total.SURVEY_LC1_1D
0.07333435,0.04611805,0.04460052,0.04134209,0.04628547,0.07266444,0.04270752,0.03816937,0.02715711,0.03101332,CV.Total.SURVEY_LC1_1E
0.12520323,0.04997288,0.07893113,0.10461335,0.06317800,0.00000000,0.24945183,0.11892445,0.13653333,0.08894745,CV.Total.SURVEY_LC1_1F
0.00000000,0.02899615,0.00000000,0.00000000,0.00000000,0.00000000,0.17116996,0.00000000,0.00000000,0.00000000,CV.Total.SURVEY_LC1_1G
0.00000000,0.06395294,0.06204027,0.03925611,0.04069650,0.41077880,0.25458007,0.15612099,0.04475192,0.00000000,CV.Total.SURVEY_LC1_1H
0.082123779,0.043978823,0.046057565,0.080993857,0.025487067,0.080719866,0.037196082,0.019760921,0.018400113,0.009167042,CV.Total.SURVEY_LU1_1U1
NA,0.3464102,0.3342051,NA,0.2577506,NA,0.4751910,0.8391814,0.5509279,NA,CV.Total.SURVEY_LU1_1U2
0.03730380,0.12223758,0.07535179,0.05995679,0.02969647,0.12828290,0.05085769,0.06519687,0.05797468,0.04352852,CV.Total.SURVEY_LU1_1U3
0.14368398,0.26615410,0.08311325,0.05221328,0.04020257,0.25988225,0.13476403,0.09581082,0.04006004,0.06963020,CV.Total.SURVEY_LU1_1U4
0.3188593,0.3698236,0.2503820,0.3241664,0.2548236,0.2001813,0.2399480,0.3226817,0.1305587,0.4776769,CV.Total.SURVEY_LC1_2A1
0.2115748,0.1388982,0.1989277,0.2225108,0.2317489,0.1265139,0.1347363,0.1060204,0.1084345,0.1113656,CV.Total.SURVEY_LC1_2A2
0.0000000,0.0000000,0.2723427,NA,0.0000000,0.5074298,NA,0.2764962,0.2670974,0.0000000,CV.Total.SURVEY_LC1_2A3
0.22561175,0.13244157,0.12763295,0.27953264,0.00000000,0.05498241,0.02932274,0.02137237,0.02343878,0.01043174,CV.Total.SURVEY_LC1_2B1
NA,0.26097071,0.36357825,NA,NA,0.00000000,0.09376849,0.09826893,0.08583418,0.06291222,CV.Total.SURVEY_LC1_2B2
0.50742983,0.26097071,0.15530686,0.19636506,0.00000000,0.23273813,0.08708852,0.08071660,0.08300166,0.02086517,CV.Total.SURVEY_LC1_2B3
NA,0.5853220,0.0000000,0.3960687,NA,0.5074298,0.2507804,0.1480366,0.1757902,0.0000000,CV.Total.SURVEY_LC1_2B4
NA,0.58532195,0.21849059,0.00000000,NA,0.16391300,0.08136900,0.05950812,0.06137358,0.02426385,CV.Total.SURVEY_LC1_2B5
0.0000000,NA,0.0000000,0.0000000,NA,NA,0.5572751,NA,0.2230458,0.2637597,CV.Total.SURVEY_LC1_2B7
NA,0.0000000,0.3915724,NA,NA,NA,NA,0.1842994,0.1989614,0.2572813,CV.Total.SURVEY_LC1_2B8
0.06286525,0.03519798,0.05287004,0.06229847,0.03109580,NA,NA,NA,NA,NA,CV.Total.SURVEY_LC1_2Bx
0.18129851,0.13330229,0.16924240,0.29848042,0.08432155,0.22446356,0.29728332,0.16720960,0.03436065,0.07269095,CV.Total.SURVEY_LC1_2C1
0.66226171,0.77405183,0.31650785,0.11546961,0.10514852,0.77083490,0.84930058,0.22219576,0.11060185,0.07429611,CV.Total.SURVEY_LC1_2C2
0.59761430,0.52223297,0.46971866,0.15185255,0.33855042,0.40352084,0.29740732,0.44599583,0.07807618,0.13843935,CV.Total.SURVEY_LC1_2C3
NA,0.00000000,0.00000000,0.00000000,0.00000000,0.00000000,NA,0.35804799,0.07401881,0.05173867,CV.Total.SURVEY_LC1_2D1
0.00000000,0.28180638,0.17809575,0.01593485,0.05895997,NA,0.00000000,0.00000000,0.05114962,0.00000000,CV.Total.SURVEY_LC1_2D2
0.43903928,0.18505044,0.24999685,0.33873283,0.19607243,0.21391967,0.15001650,0.20153646,0.05365779,0.17099638,CV.Total.SURVEY_LC1_2E1
0.08082212,0.05177395,0.05707349,0.04577346,0.05410105,0.08635376,0.05133113,0.04114332,0.03239199,0.02974870,CV.Total.SURVEY_LC1_2E2
0.00000000,0.22475487,0.28131175,0.00000000,0.36638533,0.20474852,0.11261341,0.12917417,0.09818911,0.12511691,CV.Total.SURVEY_LC1_2E3
NA,NA,NA,NA,  0,NA,NA,NA,  0,NA,CV.Total.SURVEY_LC1_2F1
  0,  0,  0,  0,  0,NA,  0,  0,  0,NA,CV.Total.SURVEY_LC1_2F2
0.14120406,0.05067949,0.08987001,0.11231607,0.07749222,0.00000000,0.34981844,0.14766535,0.14576060,0.08894745,CV.Total.SURVEY_LC1_2F4
0.00000000,0.00000000,0.00000000,0.07961914,0.04946517,0.00000000,0.17116996,0.00000000,0.00000000,0.00000000,CV.Total.SURVEY_LC1_2G1
NA,0.0000000,0.0000000,0.4515854,0.0000000,0.0000000,NA,0.0000000,0.0000000,0.0000000,CV.Total.SURVEY_LC1_2G2
NA,0.0000000,0.0000000,NA,0.6201737,NA,NA,NA,NA,NA,CV.Total.SURVEY_LC1_2G3
NA,0.475191,NA,NA,NA,NA,NA,NA,NA,NA,CV.Total.SURVEY_LC1_2G4
0.00000000,0.00000000,0.19799907,0.04852699,0.06339414,0.53352431,0.25458007,0.15612099,0.04475192,0.00000000,CV.Total.SURVEY_LC1_2H1
0.00000000,0.09742336,0.00000000,0.00000000,0.00000000,0.00000000,NA,NA,NA,0.00000000,CV.Total.SURVEY_LC1_2H2
0.04170233,0.02081663,0.03124059,0.03572511,0.02593715,0.03724167,0.01813797,0.01264720,0.01014876,0.00965231,CV.Total.SURVEY_LU1_2U11
0.24712313,0.19795354,0.19061263,0.37846387,0.06943562,0.31836794,0.34406159,0.12548615,0.07632719,0.04356058,CV.Total.SURVEY_LU1_2U12
NA,NA,  0,  0,NA,NA,NA,NA,NA,NA,CV.Total.SURVEY_LU1_2U13
NA,0.0000000,0.0000000,0.0000000,0.2692146,NA,0.3627686,NA,0.2789839,NA,CV.Total.SURVEY_LU1_2U14
NA,NA,0.4127586,NA,0.4694028,NA,NA,NA,0.0000000,NA,CV.Total.SURVEY_LU1_2U21
NA,0.3464102,0.4715141,NA,0.0000000,NA,0.4751910,0.8391814,0.6088522,NA,CV.Total.SURVEY_LU1_2U22
0.2579834,0.1881057,0.2255323,0.2601646,0.2256669,0.1743635,0.1305516,0.1386157,0.1316269,0.1043651,CV.Total.SURVEY_LU1_2U31
0.0000000,0.0000000,0.4981168,0.0000000,0.2847474,0.0000000,NA,0.8724643,NA,0.2289101,CV.Total.SURVEY_LU1_2U32
0.5504229,0.0000000,0.0000000,NA,0.0000000,NA,0.0000000,0.3693004,0.0000000,0.0000000,CV.Total.SURVEY_LU1_2U33
0.5532833,0.4709869,0.2753620,0.3079187,0.5123759,NA,0.0000000,0.2937102,0.1454940,0.1396456,CV.Total.SURVEY_LU1_2U34
0.57050710,0.50402327,0.20130443,0.02391828,0.56974868,0.48406552,0.00000000,0.00000000,0.27431154,0.36964956,CV.Total.SURVEY_LU1_2U35
0.15316538,0.39033515,0.32392150,0.20715864,0.16348129,0.38716374,0.11932008,0.20581022,0.08955553,0.11809016,CV.Total.SURVEY_LU1_2U36
0.16806091,0.14638254,0.15415995,0.14619495,0.15414476,0.15629015,0.12866035,0.12523013,0.06561992,0.11212415,CV.Total.SURVEY_LU1_2U37
NA,NA,NA,0.06943418,NA,NA,NA,0.47495864,0.00000000,NA,CV.Total.SURVEY_LU1_2U41
0.14368398,0.26615410,0.08311325,0.05338669,0.04020257,0.25988225,0.13476403,0.09772265,0.04114147,0.06963020,CV.Total.SURVEY_LU1_2U42
0.3188593,0.3698236,0.2721682,0.3241664,0.2548236,0.2001813,0.2399480,0.3226817,0.1305587,0.4776769,CV.Total.SURVEY_LC1_3A11
NA,NA,0.8391814,NA,NA,NA,NA,NA,NA,NA,CV.Total.SURVEY_LC1_3A12
NA,NA,0.6304121,NA,NA,NA,NA,NA,NA,NA,CV.Total.SURVEY_LC1_3A13
0.37919607,0.22492359,0.29679131,0.38562391,0.07966555,0.17492784,0.11723724,0.22562911,0.25818663,0.00000000,CV.Total.SURVEY_LC1_3A21
0.4074643,0.3391074,0.3214685,0.3680061,0.3567946,0.1791984,0.1532961,0.1728149,0.1689772,0.1194957,CV.Total.SURVEY_LC1_3A22
0.0000000,0.0000000,0.2723427,NA,0.0000000,0.5074298,NA,0.2764962,0.2670974,0.0000000,CV.Total.SURVEY_LC1_3A30
0.50742983,0.18383180,0.39128980,0.68687573,0.00000000,0.10919879,0.04838473,0.05105285,0.05990098,0.01102272,CV.Total.SURVEY_LC1_3B11
NA,NA,NA,NA,NA,NA,NA,0.6304121,NA,0.0000000,CV.Total.SURVEY_LC1_3B12
0.45274691,0.22022454,0.25667853,NA,0.00000000,0.09110721,0.04934305,0.04260862,0.04042106,0.01908354,CV.Total.SURVEY_LC1_3B13
NA,0.58532195,0.36357825,0.68687573,0.00000000,0.19434787,0.17160315,0.10538389,0.08690892,0.04652525,CV.Total.SURVEY_LC1_3B14
NA,NA,0.63041205,0.48538893,NA,0.50742983,0.41357193,0.11083103,0.16846398,0.03270686,CV.Total.SURVEY_LC1_3B15
0.35734553,0.58532195,0.16039263,0.48538893,0.00000000,0.19739453,0.58532195,0.06256132,0.08732642,0.03993211,CV.Total.SURVEY_LC1_3B16
0.0000000,NA,NA,NA,NA,0.5074298,0.1871510,0.1279569,0.3064064,0.0000000,CV.Total.SURVEY_LC1_3B18
NA,NA,NA,NA,NA,NA,NA,0.6304121,0.0000000,NA,CV.Total.SURVEY_LC1_3B19
NA,NA,0.36357825,NA,NA,0.00000000,0.35315710,0.13082145,0.11633553,0.05886618,CV.Total.SURVEY_LC1_3B21
NA,0.26097071,NA,NA,NA,NA,0.09851076,0.30554954,0.39606875,0.22491745,CV.Total.SURVEY_LC1_3B22
NA,NA,NA,NA,NA,NA,0.5853220,0.1749012,0.1401126,0.0000000,CV.Total.SURVEY_LC1_3B23
0.50742983,0.26097071,0.15530686,0.19636506,0.00000000,0.23273813,0.08708852,0.08221254,0.08375294,0.02111475,CV.Total.SURVEY_LC1_3B32
NA,NA,NA,NA,NA,NA,NA,0.6304121,NA,NA,CV.Total.SURVEY_LC1_3B33
NA,NA,NA,NA,NA,NA,NA,0.6304121,0.0000000,0.0000000,CV.Total.SURVEY_LC1_3B35
NA,0.5853220,0.0000000,0.3960687,NA,0.5074298,0.2507804,0.1808490,0.1757902,0.0000000,CV.Total.SURVEY_LC1_3B41
NA,NA,NA,NA,NA,NA,NA,0.2813238,NA,0.0000000,CV.Total.SURVEY_LC1_3B43
NA,NA,NA,NA,NA,NA,NA,0.6304121,NA,NA,CV.Total.SURVEY_LC1_3B45
NA,NA,NA,NA,NA,NA,0.2196095,0.1829782,0.2570126,NA,CV.Total.SURVEY_LC1_3B51
NA,NA,0.44552968,NA,NA,NA,NA,0.15533559,0.16571160,0.01028264,CV.Total.SURVEY_LC1_3B53
NA,NA,NA,NA,NA,NA,0.5853220,NA,NA,0.3668344,CV.Total.SURVEY_LC1_3B54
NA,0.58532195,0.25077189,0.00000000,NA,0.16391300,0.08920247,0.06977343,0.06993273,0.02852816,CV.Total.SURVEY_LC1_3B55
0.0000000,NA,0.0000000,0.0000000,NA,NA,0.5572751,NA,0.2692230,0.2637597,CV.Total.SURVEY_LC1_3B71
NA,NA,  0,NA,NA,NA,NA,NA,NA,NA,CV.Total.SURVEY_LC1_3B72
NA,NA,NA,NA,NA,NA,NA,NA,  0,NA,CV.Total.SURVEY_LC1_3B75
NA,  0,NA,NA,NA,NA,NA,NA,NA,NA,CV.Total.SURVEY_LC1_3B82
NA,0.0000000,0.3915724,NA,NA,NA,NA,0.2868272,0.2467824,NA,CV.Total.SURVEY_LC1_3B83
NA,NA,NA,NA,NA,NA,NA,0.0000000,0.0000000,0.2572813,CV.Total.SURVEY_LC1_3B84
0.06408653,0.03570316,0.05287004,0.06266035,0.03109580,NA,NA,NA,NA,NA,CV.Total.SURVEY_LC1_3Bx1
0.0000000,0.1961402,NA,NA,NA,NA,NA,NA,NA,NA,CV.Total.SURVEY_LC1_3Bx2
NA,NA,NA,0.5400617,NA,NA,NA,NA,NA,NA,CV.Total.SURVEY_LC1_3Bxx
0.18129851,0.13330229,0.16924240,0.30101254,0.08432155,0.22446356,0.29728332,0.16720960,0.03436065,0.07269095,CV.Total.SURVEY_LC1_3C10
NA,NA,NA,0.2165064,NA,NA,NA,NA,NA,NA,CV.Total.SURVEY_LC1_3C1x
0.74150690,0.55580923,0.51135542,0.10980743,0.14566021,0.84858258,0.84930058,0.31381029,0.23332713,0.09594283,CV.Total.SURVEY_LC1_3C21
NA,0.9726807,NA,0.1108513,0.2584128,NA,NA,0.3938918,0.5622276,0.1402338,CV.Total.SURVEY_LC1_3C22
0.5976143,0.5853220,0.4173355,0.3340601,0.2320923,0.0000000,NA,0.2488693,0.1014552,0.1782967,CV.Total.SURVEY_LC1_3C23
NA,NA,0.3792270,0.2039923,0.4128044,NA,NA,NA,NA,NA,CV.Total.SURVEY_LC1_3C2x
NA,0.5222330,NA,0.3257528,NA,0.5218191,0.7775932,NA,0.1388789,0.1650516,CV.Total.SURVEY_LC1_3C31
NA,NA,0.87550587,0.07197907,NA,NA,0.67553618,NA,0.17149972,0.28385702,CV.Total.SURVEY_LC1_3C32
0.5976143,NA,0.7597103,NA,0.7337994,0.7071068,0.2992700,0.4459958,0.1114288,0.2910626,CV.Total.SURVEY_LC1_3C33
NA,NA,0.5563144,0.3496735,0.3672204,NA,NA,NA,NA,NA,CV.Total.SURVEY_LC1_3C3x
NA,0.00000000,0.00000000,0.00000000,0.00000000,0.00000000,NA,0.35804799,0.07401881,0.05173867,CV.Total.SURVEY_LC1_3D10
0.00000000,0.28180638,0.17809575,0.01593485,0.05895997,NA,0.00000000,0.00000000,0.05114962,0.00000000,CV.Total.SURVEY_LC1_3D20
0.43903928,0.18505044,0.24999685,0.33873283,0.19607243,0.21391967,0.15001650,0.20153646,0.05365779,0.17099638,CV.Total.SURVEY_LC1_3E10
0.08082212,0.05177395,0.05707349,0.04668848,0.05410105,0.08635376,0.05133113,0.04114332,0.03239199,0.02974870,CV.Total.SURVEY_LC1_3E20
NA,NA,NA,  0,NA,NA,NA,NA,NA,NA,CV.Total.SURVEY_LC1_3E2x
0.00000000,0.22475487,0.28131175,0.00000000,0.36638533,0.20474852,0.11261341,0.12917417,0.09818911,0.12511691,CV.Total.SURVEY_LC1_3E30
NA,NA,NA,NA,  0,NA,NA,NA,  0,NA,CV.Total.SURVEY_LC1_3F10
  0,  0,  0,  0,  0,NA,  0,  0,  0,NA,CV.Total.SURVEY_LC1_3F20
0.14671101,0.05067949,0.08987001,0.11231607,0.07749222,0.00000000,0.34981844,0.14766535,0.14576060,0.08894745,CV.Total.SURVEY_LC1_3F40
0.5074298,NA,NA,NA,NA,NA,NA,NA,NA,NA,CV.Total.SURVEY_LC1_3F4x
0.00000000,0.00000000,0.00000000,0.12341428,0.07434382,0.00000000,0.17116996,0.00000000,0.00000000,0.00000000,CV.Total.SURVEY_LC1_3G11
0.0000000,0.0000000,0.0000000,0.5126231,0.3839170,NA,NA,NA,NA,NA,CV.Total.SURVEY_LC1_3G12
NA,NA,  0,NA,NA,NA,NA,NA,NA,NA,CV.Total.SURVEY_LC1_3G1x
NA,0.0000000,0.0000000,0.4515854,0.0000000,0.0000000,NA,0.0000000,0.0000000,0.0000000,CV.Total.SURVEY_LC1_3G21
NA,NA,  0,NA,NA,NA,NA,NA,NA,NA,CV.Total.SURVEY_LC1_3G22
NA,0.0000000,0.0000000,NA,0.6201737,NA,NA,NA,NA,NA,CV.Total.SURVEY_LC1_3G30
NA,0.475191,NA,NA,NA,NA,NA,NA,NA,NA,CV.Total.SURVEY_LC1_3G40
0.00000000,0.00000000,0.19799907,0.05187890,0.07354589,0.53352431,0.25458007,0.15612099,0.04475192,0.00000000,CV.Total.SURVEY_LC1_3H11
NA,NA,NA,  0,  0,NA,NA,NA,NA,NA,CV.Total.SURVEY_LC1_3H12
0.0000000,0.1088742,0.0000000,0.0000000,0.0000000,0.0000000,NA,NA,NA,0.0000000,CV.Total.SURVEY_LC1_3H21
NA,  0,  0,  0,NA,NA,NA,NA,NA,NA,CV.Total.SURVEY_LC1_3H23
0.042027542,0.020867850,0.031366648,0.035818738,0.026055042,0.037896012,0.018341187,0.012853195,0.010345431,0.009713692,CV.Total.SURVEY_LU1_3U111
0.0000000,0.5853220,0.6304121,0.1615146,0.0000000,0.2917834,0.1797094,0.1847137,0.1196570,0.0000000,CV.Total.SURVEY_LU1_3U112
NA,NA,0.0000000,NA,NA,NA,NA,NA,0.0000000,0.2623725,CV.Total.SURVEY_LU1_3U113
0.24712313,0.19795354,0.19061263,0.37846387,0.06943562,0.31836794,0.34406159,0.12548615,0.07632719,0.04356058,CV.Total.SURVEY_LU1_3U120
NA,NA,  0,  0,NA,NA,NA,NA,NA,NA,CV.Total.SURVEY_LU1_3U130
NA,0.0000000,0.0000000,0.0000000,0.2692146,NA,0.3627686,NA,0.2789839,NA,CV.Total.SURVEY_LU1_3U140
NA,NA,0.4127586,NA,0.4694028,NA,NA,NA,0.0000000,NA,CV.Total.SURVEY_LU1_3U210
NA,NA,0.8391814,NA,NA,NA,NA,0.8391814,0.7608859,NA,CV.Total.SURVEY_LU1_3U221
NA,0.0000000,0.8391814,NA,NA,NA,NA,NA,NA,NA,CV.Total.SURVEY_LU1_3U223
NA,0.5773503,0.7608859,NA,NA,NA,NA,NA,NA,NA,CV.Total.SURVEY_LU1_3U224
NA,NA,NA,NA,0.000000,NA,0.475191,NA,0.000000,NA,CV.Total.SURVEY_LU1_3U226
NA,NA,NA,NA,NA,NA,NA,NA,0.9128709,NA,CV.Total.SURVEY_LU1_3U227
NA,0.5773503,NA,NA,NA,NA,0.1708772,0.5783771,NA,0.0000000,CV.Total.SURVEY_LU1_3U311
0.3790232,0.2764607,0.2722751,0.3095300,0.2865987,0.1831289,0.1510747,0.1627881,0.1415657,0.1112879,CV.Total.SURVEY_LU1_3U312
NA,  0,  0,  0,NA,NA,NA,NA,NA,NA,CV.Total.SURVEY_LU1_3U313
0.4402485,NA,0.0000000,0.0000000,NA,NA,NA,NA,NA,NA,CV.Total.SURVEY_LU1_3U314
0.3588714,0.4553658,0.3453222,0.3896739,0.0000000,NA,0.7608859,NA,0.3896739,0.0000000,CV.Total.SURVEY_LU1_3U317
NA,  0,  0,NA,NA,NA,NA,NA,NA,NA,CV.Total.SURVEY_LU1_3U318
0.0000000,0.0000000,0.6304121,NA,0.0000000,0.5074298,NA,0.3952122,0.3825581,0.0000000,CV.Total.SURVEY_LU1_3U319
NA,0.0000000,NA,NA,NA,0.0000000,NA,NA,NA,0.2289101,CV.Total.SURVEY_LU1_3U321
0.0000000,0.0000000,0.4981168,0.0000000,0.2847474,NA,NA,0.8724643,NA,NA,CV.Total.SURVEY_LU1_3U322
0.5504229,0.0000000,0.0000000,NA,0.0000000,NA,0.0000000,0.3693004,0.0000000,0.0000000,CV.Total.SURVEY_LU1_3U330
0.7745967,0.4709869,0.2984594,0.3079187,0.5123759,NA,0.0000000,0.3365550,0.1629977,0.1396456,CV.Total.SURVEY_LU1_3U341
0.0000000,NA,0.7023128,NA,NA,NA,NA,0.5897379,0.0000000,NA,CV.Total.SURVEY_LU1_3U342
0.57050710,0.50402327,0.20130443,0.02391828,0.56974868,0.48406552,0.00000000,0.00000000,0.27431154,0.36964956,CV.Total.SURVEY_LU1_3U350
0.1648796,0.4373360,0.3685791,0.2499782,0.1634813,0.4036696,0.1304659,0.2614004,0.1055583,0.1407383,CV.Total.SURVEY_LU1_3U361
0.41305235,0.39747225,0.55427881,0.41754935,NA,0.00000000,0.25799573,0.28026219,0.16875682,0.07565412,CV.Total.SURVEY_LU1_3U362
0.16806091,0.14638254,0.15415995,0.14619495,0.15414476,0.15629015,0.12866035,0.12523013,0.06561992,0.11212415,CV.Total.SURVEY_LU1_3U370
NA,NA,NA,NA,NA,NA,NA,  0,NA,NA,CV.Total.SURVEY_LU1_3U414
NA,NA,NA,0.06943418,NA,NA,NA,0.70710678,0.00000000,NA,CV.Total.SURVEY_LU1_3U415
0.14368398,0.26615410,0.08311325,0.05338669,0.04020257,0.25988225,0.13476403,0.09772265,0.04114147,0.06963020,CV.Total.SURVEY_LU1_3U420
0.065716332,0.033399439,0.040502804,0.061223527,0.019846621,0.073285686,0.035760998,0.018565828,0.017025603,0.006336586,CV.Total.settlement0
0.03746127,0.05551184,0.04465608,0.06169086,0.03845795,0.10084391,0.05291113,0.06037355,0.05509873,0.02357832,CV.Total.settlement1
0.023249020,0.018452100,0.021927912,0.024100466,0.015768639,0.037644825,0.026887954,0.011588074,0.008461431,0.005463711,CV.Total.fao_class_name0
0.22064296,0.16102109,0.15600093,0.28566606,0.06693876,0.31896178,0.31085896,0.11066315,0.07277940,0.03523695,CV.Total.fao_class_name1
NA,0.47019462,0.28307150,0.00000000,0.07076786,0.00000000,NA,0.32409605,0.09224790,0.15346234,CV.Total.fao_class_name2
0.2036825,0.7841340,0.5611958,0.2015798,0.1822173,0.3617503,0.3016076,0.3805528,0.1148182,0.2243517,CV.Total.fao_class_name3
0.071304678,0.037364866,0.039871185,0.061962138,0.022378245,0.070082953,0.034639638,0.018380876,0.016514418,0.007209754,CV.Total.lue0
0.10284311,0.16384405,0.11902218,0.09387473,0.08680720,0.16264471,0.10348763,0.09190416,0.06162139,0.07928779,CV.Total.lue1
0.057793715,0.031328715,0.037112474,0.053296418,0.020439565,0.061364703,0.033670109,0.017795022,0.016375840,0.007698204,CV.Total.lud0
0.23033239,0.15177444,0.16868732,0.24126349,0.16179131,0.16595932,0.12010506,0.12757930,0.10599131,0.09827897,CV.Total.lud1
