HR02.No,HR03.No,HR05.No,HR06.No,HR02.Yes,HR03.Yes,HR05.Yes,HR06.Yes,variable
No,No,No,No,Yes,Yes,Yes,Yes,flag_two
13213.7033,16213.0802,  244.5858, 2988.1567,10006.2967, 8491.9198,  396.4142, 5039.8433,Total.area
253.56671,314.64701, 67.67973,111.59080,315.71381,372.53416, 40.94336,258.64431,Total.SURVEY_LC1_1A
1637.80177, 345.48007,   0.00000, 142.92940,3581.24755, 706.00280,  59.55815,1671.50135,Total.SURVEY_LC1_1B
8447.1420,9139.5345, 124.3234,2174.7008,2680.9287,3063.9816, 155.9015,1287.7348,Total.SURVEY_LC1_1C
 633.689831,3967.192298,   6.214102, 167.271824, 553.728387,1627.899752,  12.877655, 200.730538,Total.SURVEY_LC1_1D
 894.14922,1852.12691,  46.36863, 273.82293,2317.79007,2472.67592, 117.74129,1525.10671,Total.SURVEY_LC1_1E
971.47152,417.37068,  0.00000, 68.67848,513.79703,228.28792,  0.00000, 60.78855,Total.SURVEY_LC1_1F
281.458112,102.003937,  0.000000, 36.820270, 39.033623, 15.953583,  9.392226, 31.568680,Total.SURVEY_LC1_1G
94.424182,74.724801, 0.000000,12.342214, 4.057473, 4.584054, 0.000000, 3.768346,Total.SURVEY_LC1_1H
9872.8236,5388.2847, 121.7722,2344.9851,8202.9476,3129.9217, 309.8787,3898.4987,Total.SURVEY_LU1_1U1
19.885977, 4.246082, 0.000000,19.937283, 0.000000, 7.922355, 0.000000,19.745836,Total.SURVEY_LU1_1U2
627.51809,572.55938,107.83426,186.81882,511.62047,511.91142, 50.81109,424.59676,Total.SURVEY_LU1_1U3
 2693.47562,10247.99011,   14.97938,  436.41559, 1291.72860, 4842.16433,   35.72434,  697.00194,Total.SURVEY_LU1_1U4
117.356017, 90.225171, 44.014912, 53.560043, 82.915639, 75.921113,  9.596335, 39.781213,Total.SURVEY_LC1_2A1
132.25152,204.29830, 19.32362, 48.04509,232.79817,276.34243, 26.71277,204.41277,Total.SURVEY_LC1_2A2
 3.959172,20.123535, 4.341199, 9.985666, 0.000000,20.270617, 4.634246,14.450328,Total.SURVEY_LC1_2A3
 269.88419,   0.00000,   0.00000,  28.05796,2230.01903,  33.26754,  14.12412,1117.49265,Total.SURVEY_LC1_2B1
 0.00000, 0.00000, 0.00000, 0.00000,82.66198,24.14370, 0.00000,51.90531,Total.SURVEY_LC1_2B2
 51.775437,  0.000000,  0.000000,  4.282326,735.416403,  5.775415,  0.000000,144.184586,Total.SURVEY_LC1_2B3
 0.00000, 0.00000, 0.00000, 0.00000,21.21340,31.83269, 0.00000,24.69607,Total.SURVEY_LC1_2B4
 17.254313,  6.448445,  0.000000,  0.000000,207.204454,121.141118, 30.705017,113.284976,Total.SURVEY_LC1_2B5
 17.45358, 12.37727,  0.00000, 13.55052,237.41290,161.34838, 14.72902,164.13921,Total.SURVEY_LC1_2B7
  9.369632,236.685388,  0.000000,  4.184024, 67.319382,328.493956,  0.000000, 55.798555,Total.SURVEY_LC1_2B8
1272.06462,  89.96897,   0.00000,  92.85456,   0.00000,   0.00000,   0.00000,   0.00000,Total.SURVEY_LC1_2Bx
7730.1468,5593.3079, 124.3234,2111.8923,2580.3037,1909.7242, 155.9015,1240.5815,Total.SURVEY_LC1_2C1
 143.957326,1580.718358,   0.000000,   8.773958,  24.024487, 410.242865,   0.000000,   4.518690,Total.SURVEY_LC1_2C2
 573.03791,1965.50831,   0.00000,  54.03460,  76.60058, 744.01448,   0.00000,  42.63462,Total.SURVEY_LC1_2C3
 263.771882,1613.480635,   6.214102,  70.033919, 391.136164, 955.612758,   4.294138, 102.068795,Total.SURVEY_LC1_2D1
 369.917949,2349.435897,   0.000000,  97.237905, 162.592223, 672.286994,   8.583517,  98.661743,Total.SURVEY_LC1_2D2
0.000000,4.275766,0.000000,0.000000,0.000000,0.000000,0.000000,0.000000,Total.SURVEY_LC1_2Dx
 154.125649, 884.261515,  16.298205,  58.463763, 214.181520,1034.907427,   4.341199, 151.044167,Total.SURVEY_LC1_2E1
 482.94177, 851.93322,  30.07042, 147.16120,1314.44245,1281.24465, 104.83516,1067.46860,Total.SURVEY_LC1_2E2
257.08180,115.93217,  0.00000, 68.19796,789.16610,156.52384,  8.56493,306.59394,Total.SURVEY_LC1_2E3
  0.000000,357.872380,  0.000000,  7.704591,  0.000000, 58.970651,  0.000000,  0.000000,Total.SURVEY_LC1_2F1
 0.000000,16.701023, 0.000000, 4.186961, 0.000000, 3.946122, 0.000000, 0.000000,Total.SURVEY_LC1_2F2
971.47152, 42.79728,  0.00000, 56.78693,513.79703,165.37115,  0.00000, 60.78855,Total.SURVEY_LC1_2F4
101.793024, 65.752257,  0.000000, 24.544446,  3.802186,  0.000000,  0.000000,  7.294604,Total.SURVEY_LC1_2G1
179.665088, 24.011170,  0.000000, 12.275824, 35.231437, 11.951721,  9.392226, 24.274077,Total.SURVEY_LC1_2G2
0.000000,0.000000,0.000000,0.000000,0.000000,4.001862,0.000000,0.000000,Total.SURVEY_LC1_2G3
 0.00000,12.24051, 0.00000, 0.00000, 0.00000, 0.00000, 0.00000, 0.00000,Total.SURVEY_LC1_2G4
94.424182,53.260698, 0.000000,12.342214, 4.057473, 4.584054, 0.000000, 3.768346,Total.SURVEY_LC1_2H1
 0.0000,21.4641, 0.0000, 0.0000, 0.0000, 0.0000, 0.0000, 0.0000,Total.SURVEY_LC1_2H2
3010.547923, 783.435910,   6.214102, 317.256416,5776.251200,2377.263300, 173.286453,2715.875990,Total.SURVEY_LU1_2U11
6779.7600,4576.9958, 115.5581,2015.4528,2422.7372, 744.4472, 136.5923,1169.5859,Total.SURVEY_LU1_2U12
77.108506,11.673022, 0.000000,12.275824, 3.959172, 3.959709, 0.000000, 7.294604,Total.SURVEY_LU1_2U13
 0.000000,16.179979, 0.000000, 0.000000, 0.000000, 4.251491, 0.000000, 0.000000,Total.SURVEY_LU1_2U14
5.407168,0.000000,0.000000,0.000000,0.000000,0.000000,0.000000,5.742209,Total.SURVEY_LU1_2U15
9.797090,0.000000,0.000000,5.960330,0.000000,3.984560,0.000000,3.696453,Total.SURVEY_LU1_2U21
10.088887, 4.246082, 0.000000,13.976953, 0.000000, 3.937795, 0.000000,16.049384,Total.SURVEY_LU1_2U22
193.23215,145.93182, 23.66482, 35.69345,265.72171,230.38107, 22.00583,226.66705,Total.SURVEY_LU1_2U31
 0.000000,24.683361, 0.000000, 0.000000, 5.733481,16.844671, 4.634246, 6.958779,Total.SURVEY_LU1_2U32
 9.563666, 8.205791, 0.000000, 0.000000, 4.057473,12.413738, 0.000000, 0.000000,Total.SURVEY_LU1_2U33
54.238144,28.746912, 0.000000, 0.000000, 0.000000,47.565711, 0.000000, 9.236865,Total.SURVEY_LU1_2U34
56.652305,90.414649, 0.000000, 0.000000,35.791680, 8.935114, 4.341199, 4.282326,Total.SURVEY_LU1_2U35
62.236327,60.376542,23.856321,25.034955,54.331692,16.329595,14.086751, 8.507968,Total.SURVEY_LU1_2U36
251.595489,214.200309, 60.313117,126.090417,145.984437,179.441517,  5.743058,168.943771,Total.SURVEY_LU1_2U37
28.475882,93.586435, 0.000000, 9.201555,39.936410,62.026762, 0.000000, 0.000000,Total.SURVEY_LU1_2U41
 2664.99974,10154.40368,   14.97938,  427.21403, 1251.79219, 4780.13756,   35.72434,  697.00194,Total.SURVEY_LU1_2U42
117.356017, 64.217916, 44.014912, 53.560043, 70.733731, 75.921113,  9.596335, 39.781213,Total.SURVEY_LC1_3A11
 0.00000,26.00725, 0.00000, 0.00000, 0.00000, 0.00000, 0.00000, 0.00000,Total.SURVEY_LC1_3A12
 0.00000, 0.00000, 0.00000, 0.00000,12.18191, 0.00000, 0.00000, 0.00000,Total.SURVEY_LC1_3A13
 92.888915,140.517416,  9.661810, 32.928738, 68.299151, 90.620903,  9.492305, 35.704618,Total.SURVEY_LC1_3A21
 39.36260, 63.78089,  9.66181, 15.11635,164.49902,185.72153, 17.22047,168.70815,Total.SURVEY_LC1_3A22
 3.959172,20.123535, 4.341199, 9.985666, 0.000000,20.270617, 4.634246,14.450328,Total.SURVEY_LC1_3A30
 12.30858,  0.00000,  0.00000,  0.00000,496.17975,  0.00000,  0.00000, 66.54041,Total.SURVEY_LC1_3B11
 0.000000, 0.000000, 0.000000, 0.000000, 4.590627, 0.000000, 0.000000,17.123557,Total.SURVEY_LC1_3B12
  0.00000,  0.00000,  0.00000,  0.00000,135.88382, 10.19551,  0.00000, 92.15787,Total.SURVEY_LC1_3B13
0.000000,0.000000,0.000000,0.000000,0.000000,0.000000,0.000000,5.001925,Total.SURVEY_LC1_3B14
 0.00000, 0.00000, 0.00000, 0.00000,59.79301, 0.00000, 0.00000,28.29433,Total.SURVEY_LC1_3B15
 257.57561,   0.00000,   0.00000,  28.05796,1488.99000,  23.07202,  14.12412, 891.04069,Total.SURVEY_LC1_3B16
 0.00000, 0.00000, 0.00000, 0.00000,11.58819, 0.00000, 0.00000,13.05155,Total.SURVEY_LC1_3B18
 0.000000, 0.000000, 0.000000, 0.000000,32.993637, 0.000000, 0.000000, 4.282326,Total.SURVEY_LC1_3B19
 0.00000, 0.00000, 0.00000, 0.00000,21.11153,24.14370, 0.00000,51.90531,Total.SURVEY_LC1_3B21
 0.00000, 0.00000, 0.00000, 0.00000,61.55045, 0.00000, 0.00000, 0.00000,Total.SURVEY_LC1_3B22
  0.0000,  0.0000,  0.0000,  0.0000,319.0352,  0.0000,  0.0000, 33.3242,Total.SURVEY_LC1_3B31
 3.802186, 0.000000, 0.000000, 4.282326,13.098037, 0.000000, 0.000000,40.625351,Total.SURVEY_LC1_3B32
 47.97325,  0.00000,  0.00000,  0.00000,388.18579,  0.00000,  0.00000, 47.49715,Total.SURVEY_LC1_3B33
 0.00000, 0.00000, 0.00000, 0.00000,15.09733, 0.00000, 0.00000, 0.00000,Total.SURVEY_LC1_3B36
 0.000000, 0.000000, 0.000000, 0.000000, 0.000000, 5.775415, 0.000000,22.737890,Total.SURVEY_LC1_3B37
 0.000000, 0.000000, 0.000000, 0.000000,11.588192, 4.275766, 0.000000, 3.631948,Total.SURVEY_LC1_3B41
 0.000000, 0.000000, 0.000000, 0.000000, 9.625212,27.556922, 0.000000,21.064121,Total.SURVEY_LC1_3B43
 0.00000, 0.00000, 0.00000, 0.00000,17.88693,18.21161, 0.00000,16.58639,Total.SURVEY_LC1_3B51
 0.00000, 0.00000, 0.00000, 0.00000,34.17911,54.00756, 0.00000,14.96032,Total.SURVEY_LC1_3B52
 0.000000, 0.000000, 0.000000, 0.000000, 5.367792, 6.998856, 0.000000,15.544628,Total.SURVEY_LC1_3B53
 17.254313,  6.448445,  0.000000,  0.000000,149.770623, 41.923098, 30.705017, 66.193635,Total.SURVEY_LC1_3B55
 9.331146, 0.000000, 0.000000, 9.268199,41.481304,14.304091, 0.000000,37.072772,Total.SURVEY_LC1_3B71
 0.000000, 0.000000, 0.000000, 0.000000,23.107190, 0.000000, 0.000000, 8.893662,Total.SURVEY_LC1_3B72
 4.061215, 0.000000, 0.000000, 4.282326, 4.061215, 7.440108, 0.000000,10.154527,Total.SURVEY_LC1_3B73
 4.061215, 0.000000, 0.000000, 0.000000,87.750748,28.077612, 4.496145,65.607657,Total.SURVEY_LC1_3B74
  0.00000, 12.37727,  0.00000,  0.00000, 81.01244,107.49112, 10.23287, 42.41059,Total.SURVEY_LC1_3B75
0.000000,0.000000,0.000000,0.000000,0.000000,4.035446,0.000000,0.000000,Total.SURVEY_LC1_3B77
  0.0000,213.6665,  0.0000,  0.0000,  0.0000,215.8852,  0.0000,  0.0000,Total.SURVEY_LC1_3B81
  5.075795, 23.018884,  0.000000,  4.184024, 67.319382,112.608757,  0.000000, 38.383974,Total.SURVEY_LC1_3B82
4.293837,0.000000,0.000000,0.000000,0.000000,0.000000,0.000000,6.045636,Total.SURVEY_LC1_3B83
 0.00000, 0.00000, 0.00000, 0.00000, 0.00000, 0.00000, 0.00000,11.36894,Total.SURVEY_LC1_3B84
1204.62202,  60.81754,   0.00000,  74.23368,   0.00000,   0.00000,   0.00000,   0.00000,Total.SURVEY_LC1_3Bx1
67.44260,29.15142, 0.00000,18.62088, 0.00000, 0.00000, 0.00000, 0.00000,Total.SURVEY_LC1_3Bx2
7730.1468,5593.3079, 124.3234,2111.8923,2580.3037,1909.7242, 155.9015,1240.5815,Total.SURVEY_LC1_3C10
 43.767371,380.046843,  0.000000,  4.862295,  9.836792, 49.575707,  0.000000,  4.518690,Total.SURVEY_LC1_3C21
 43.48022,724.28757,  0.00000,  0.00000, 14.18770,324.21585,  0.00000,  0.00000,Total.SURVEY_LC1_3C22
  0.00000,139.89237,  0.00000,  0.00000,  0.00000, 36.45131,  0.00000,  0.00000,Total.SURVEY_LC1_3C23
 56.709739,336.491574,  0.000000,  3.911664,  0.000000,  0.000000,  0.000000,  0.000000,Total.SURVEY_LC1_3C2x
 94.55264,251.91329,  0.00000,  0.00000, 19.53285, 86.57822,  0.00000, 42.63462,Total.SURVEY_LC1_3C31
  0.000000,216.072241,  0.000000,  8.054105,  0.000000,201.190053,  0.000000,  0.000000,Total.SURVEY_LC1_3C32
236.99857,826.92785,  0.00000, 45.98050, 57.06773,456.24621,  0.00000,  0.00000,Total.SURVEY_LC1_3C33
241.4867,670.5949,  0.0000,  0.0000,  0.0000,  0.0000,  0.0000,  0.0000,Total.SURVEY_LC1_3C3x
 263.771882,1613.480635,   6.214102,  70.033919, 391.136164, 955.612758,   4.294138, 102.068795,Total.SURVEY_LC1_3D10
 369.917949,2349.435897,   0.000000,  97.237905, 162.592223, 672.286994,   8.583517,  98.661743,Total.SURVEY_LC1_3D20
0.000000,4.275766,0.000000,0.000000,0.000000,0.000000,0.000000,0.000000,Total.SURVEY_LC1_3Dxx
 154.125649, 884.261515,  16.298205,  58.463763, 214.181520,1034.907427,   4.341199, 151.044167,Total.SURVEY_LC1_3E10
 482.94177, 851.93322,  30.07042, 147.16120,1314.44245,1281.24465, 104.83516,1067.46860,Total.SURVEY_LC1_3E20
257.08180,115.93217,  0.00000, 68.19796,789.16610,156.52384,  8.56493,306.59394,Total.SURVEY_LC1_3E30
  0.000000,357.872380,  0.000000,  7.704591,  0.000000, 58.970651,  0.000000,  0.000000,Total.SURVEY_LC1_3F10
 0.000000,16.701023, 0.000000, 4.186961, 0.000000, 3.946122, 0.000000, 0.000000,Total.SURVEY_LC1_3F20
971.47152, 42.79728,  0.00000, 56.78693,513.79703,165.37115,  0.00000, 60.78855,Total.SURVEY_LC1_3F40
101.793024, 65.752257,  0.000000, 24.544446,  3.802186,  0.000000,  0.000000,  7.294604,Total.SURVEY_LC1_3G11
179.665088, 24.011170,  0.000000, 12.275824, 35.231437, 11.951721,  9.392226, 24.274077,Total.SURVEY_LC1_3G21
0.000000,0.000000,0.000000,0.000000,0.000000,4.001862,0.000000,0.000000,Total.SURVEY_LC1_3G30
 0.00000,12.24051, 0.00000, 0.00000, 0.00000, 0.00000, 0.00000, 0.00000,Total.SURVEY_LC1_3G40
94.424182,53.260698, 0.000000,12.342214, 4.057473, 4.584054, 0.000000, 3.768346,Total.SURVEY_LC1_3H11
 0.00000,13.46038, 0.00000, 0.00000, 0.00000, 0.00000, 0.00000, 0.00000,Total.SURVEY_LC1_3H21
0.000000,8.003723,0.000000,0.000000,0.000000,0.000000,0.000000,0.000000,Total.SURVEY_LC1_3H22
2929.885657, 743.711775,   6.214102, 302.685951,5454.538192,2148.405673, 169.043556,2593.752085,Total.SURVEY_LU1_3U111
 12.39677,  0.00000,  0.00000,  0.00000,299.96843,126.75758,  0.00000, 58.71319,Total.SURVEY_LU1_3U112
 68.265499, 39.724134,  0.000000, 14.570465, 21.744574,102.100045,  4.242897, 63.410716,Total.SURVEY_LU1_3U113
6779.7600,4576.9958, 115.5581,2015.4528,2422.7372, 744.4472, 136.5923,1169.5859,Total.SURVEY_LU1_3U120
77.108506,11.673022, 0.000000,12.275824, 3.959172, 3.959709, 0.000000, 7.294604,Total.SURVEY_LU1_3U130
 0.000000,16.179979, 0.000000, 0.000000, 0.000000, 4.251491, 0.000000, 0.000000,Total.SURVEY_LU1_3U140
5.407168,0.000000,0.000000,0.000000,0.000000,0.000000,0.000000,5.742209,Total.SURVEY_LU1_3U150
9.797090,0.000000,0.000000,5.960330,0.000000,3.984560,0.000000,3.696453,Total.SURVEY_LU1_3U210
 0.000000, 0.000000, 0.000000,10.034735, 0.000000, 0.000000, 0.000000, 3.890977,Total.SURVEY_LU1_3U221
6.066353,4.246082,0.000000,0.000000,0.000000,0.000000,0.000000,0.000000,Total.SURVEY_LU1_3U223
0.000000,0.000000,0.000000,3.942217,0.000000,0.000000,0.000000,0.000000,Total.SURVEY_LU1_3U224
 4.022534, 0.000000, 0.000000, 0.000000, 0.000000, 0.000000, 0.000000,12.158407,Total.SURVEY_LU1_3U226
0.000000,0.000000,0.000000,0.000000,0.000000,3.937795,0.000000,0.000000,Total.SURVEY_LU1_3U227
4.250518,0.000000,9.661810,0.000000,9.414406,0.000000,0.000000,0.000000,Total.SURVEY_LU1_3U311
 48.39989,104.69866,  9.66181, 22.79812,196.17060,206.81642, 22.00583,184.22517,Total.SURVEY_LU1_3U312
109.405399,  8.003723,  0.000000,  0.000000,  9.291029,  0.000000,  0.000000, 23.569591,Total.SURVEY_LU1_3U313
 4.038550,17.351984, 0.000000, 0.000000, 5.445721, 0.000000, 0.000000, 0.000000,Total.SURVEY_LU1_3U314
0.000000,0.000000,0.000000,8.869989,9.777358,7.305236,0.000000,0.000000,Total.SURVEY_LU1_3U317
18.566587, 4.328678, 4.341199, 0.000000,26.749197, 4.246082, 0.000000,13.240372,Total.SURVEY_LU1_3U318
 8.571208,11.548774, 0.000000, 4.025336, 8.873394,12.013332, 0.000000, 5.631923,Total.SURVEY_LU1_3U319
 0.000000, 8.003723, 0.000000, 0.000000, 5.733481,16.844671, 0.000000, 6.958779,Total.SURVEY_LU1_3U321
 0.000000,16.679638, 0.000000, 0.000000, 0.000000, 0.000000, 4.634246, 0.000000,Total.SURVEY_LU1_3U322
 9.563666, 8.205791, 0.000000, 0.000000, 4.057473,12.413738, 0.000000, 0.000000,Total.SURVEY_LU1_3U330
54.238144,28.746912, 0.000000, 0.000000, 0.000000,47.565711, 0.000000, 9.236865,Total.SURVEY_LU1_3U341
56.652305,90.414649, 0.000000, 0.000000,35.791680, 8.935114, 4.341199, 4.282326,Total.SURVEY_LU1_3U350
48.940545,51.781441, 0.000000,21.338502,45.963276, 8.284961, 4.594447, 4.282326,Total.SURVEY_LU1_3U361
13.295782, 8.595101,23.856321, 3.696453, 8.368417, 8.044634, 9.492305, 4.225643,Total.SURVEY_LU1_3U362
251.595489,214.200309, 60.313117,126.090417,145.984437,179.441517,  5.743058,168.943771,Total.SURVEY_LU1_3U370
 0.000000, 4.246082, 0.000000, 9.201555,10.328910, 0.000000, 0.000000, 0.000000,Total.SURVEY_LU1_3U411
 0.00000,26.00725, 0.00000, 0.00000, 0.00000, 0.00000, 0.00000, 0.00000,Total.SURVEY_LU1_3U412
0.000000,4.544505,0.000000,0.000000,0.000000,0.000000,0.000000,0.000000,Total.SURVEY_LU1_3U413
19.902521, 8.235475, 0.000000, 0.000000,29.607500,30.388964, 0.000000, 0.000000,Total.SURVEY_LU1_3U414
 8.573361,50.553118, 0.000000, 0.000000, 0.000000,31.637798, 0.000000, 0.000000,Total.SURVEY_LU1_3U415
 2664.99974,10154.40368,   14.97938,  427.21403, 1251.79219, 4780.13756,   35.72434,  697.00194,Total.SURVEY_LU1_3U420
12724.6452,15653.3629,  136.7516, 2798.4568, 9504.8879, 7963.0438,  340.6012, 4614.1037,Total.settlement0
489.05812,559.71733,107.83426,189.69992,501.40881,528.87597, 55.81298,425.73958,Total.settlement1
4466.3932,4867.0363, 120.2625, 733.8616,6756.4764,3987.3583, 225.8874,3530.3585,Total.fao_class_name0
8388.9188,9020.7475, 124.3234,2187.3833,2730.4563,3063.8752, 149.8581,1309.1646,Total.fao_class_name1
 282.800461,2083.090078,   0.000000,  53.658080, 304.448114,1177.645174,   4.341199, 122.290615,Total.fao_class_name2
 75.59088,242.20640,  0.00000, 13.25374,214.91589,263.04114, 16.32748, 78.02954,Total.fao_class_name3
12788.9811,15819.3418,  160.4164, 2837.0314, 9770.1889, 8239.6478,  372.2431, 4848.8723,Total.lue0
424.72226,393.73841, 84.16944,151.12537,236.10781,252.27194, 24.17101,190.97093,Total.lue1
12991.0215,16013.8332,  220.9210, 2932.5260, 9730.7840, 8220.1064,  369.7741, 4786.4716,Total.lud0
222.68180,199.24703, 23.66482, 55.63073,275.51266,271.81333, 26.64008,253.37167,Total.lud1
381.45832,196.57065, 84.06950,260.69805,311.00365,196.70557, 80.10057,217.82097,SE.Total.area
66.26229,24.21770,42.86271,41.09367,33.56273,35.15729,13.61918,47.29182,SE.Total.SURVEY_LC1_1A
148.22496, 51.18817,  0.00000, 34.82820,175.49585, 59.54838, 27.28732,116.00003,SE.Total.SURVEY_LC1_1B
334.95647,197.51914, 68.31038,246.52856,243.68254,166.35008, 70.16059,161.62296,SE.Total.SURVEY_LC1_1C
 51.135101,135.908626,  3.133272, 12.762057, 35.475659, 83.007690,  0.000000, 25.749008,SE.Total.SURVEY_LC1_1D
 58.59834, 80.20941, 23.55421, 68.06046,114.62532, 84.06192, 22.81714, 88.42676,SE.Total.SURVEY_LC1_1E
122.94399, 25.15536,  0.00000, 26.16541, 88.53265, 36.76470,  0.00000, 17.42632,SE.Total.SURVEY_LC1_1F
17.010903, 0.000000, 0.000000,10.727103, 7.664749, 0.000000, 7.084537, 6.468687,SE.Total.SURVEY_LC1_1G
7.7113867,0.0000000,0.0000000,0.7754028,0.0000000,0.0000000,0.0000000,0.0000000,SE.Total.SURVEY_LC1_1H
378.66194,216.65168, 68.09783,243.97600,305.44536,139.76856, 78.90460,208.49523,SE.Total.SURVEY_LU1_1U1
8.003587,0.000000,0.000000,8.455674,0.000000,0.000000,0.000000,9.966122,SE.Total.SURVEY_LU1_1U2
75.77483,44.00768,48.80774,56.17875,52.11554,48.70611,12.04443,56.06410,SE.Total.SURVEY_LU1_1U3
207.467217,217.845640,  6.973411, 88.831393, 72.691796,171.189292,  7.129183, 48.671592,SE.Total.SURVEY_LU1_1U4
53.715430,34.824509,41.812754,38.951223,22.780145,23.391539, 7.101411,12.652578,SE.Total.SURVEY_LC1_2A1
49.031103,34.497454, 9.428961,13.176444,29.060201,36.323557,11.736630,45.867252,SE.Total.SURVEY_LC1_2A2
0.000000,5.156677,0.000000,3.218946,0.000000,1.454878,0.000000,7.199753,SE.Total.SURVEY_LC1_2A3
 64.72707,  0.00000,  0.00000, 22.38502,149.10128, 12.46177, 11.57740, 97.81549,SE.Total.SURVEY_LC1_2B1
 0.000000, 0.000000, 0.000000, 0.000000,35.869815, 7.994397, 0.000000,31.157413,SE.Total.SURVEY_LC1_2B2
26.466531, 0.000000, 0.000000, 0.000000,98.865373, 3.237767, 0.000000,42.576059,SE.Total.SURVEY_LC1_2B3
 0.000000, 0.000000, 0.000000, 0.000000,11.872646, 9.387757, 0.000000,10.698219,SE.Total.SURVEY_LC1_2B4
 9.657583, 4.425204, 0.000000, 0.000000,52.711261,18.135979,24.496877,30.012267,SE.Total.SURVEY_LC1_2B5
 2.402420, 5.583255, 0.000000, 2.229751,45.704715,40.521445, 3.234955,27.261642,SE.Total.SURVEY_LC1_2B7
 2.269965,47.712563, 0.000000, 0.000000,27.189462,54.080956, 0.000000,14.344364,SE.Total.SURVEY_LC1_2B8
137.12916, 17.69338,  0.00000, 26.58839,  0.00000,  0.00000,  0.00000,  0.00000,SE.Total.SURVEY_LC1_2Bx
341.29612,215.00762, 68.31038,243.86535,240.56770,129.08455, 70.16059,157.04327,SE.Total.SURVEY_LC1_2C1
 73.815054,131.848151,  0.000000,  2.426413, 11.017111, 69.272808,  0.000000,  0.000000,SE.Total.SURVEY_LC1_2C2
146.40195,155.37694,  0.00000, 44.35217, 46.16250, 97.85454,  0.00000, 40.78080,SE.Total.SURVEY_LC1_2C3
12.684446,89.232239, 3.133272, 9.013548,29.459887,60.398227, 0.000000,17.369724,SE.Total.SURVEY_LC1_2D1
 49.603647,111.377507,  0.000000,  9.065259, 20.146024, 60.527169,  0.000000, 19.057625,SE.Total.SURVEY_LC1_2D2
0,0,0,0,0,0,0,0,SE.Total.SURVEY_LC1_2Dx
12.432288,61.345569, 8.848825,39.081717,29.718242,76.336664, 0.000000,26.029071,SE.Total.SURVEY_LC1_2E1
47.53904,56.04161,21.82886,32.99275,76.87633,79.14760,22.80387,74.41672,SE.Total.SURVEY_LC1_2E2
32.7839669,13.1330089, 0.0000000,44.9079256,84.4322143,20.2416695, 0.7966073,43.9186092,SE.Total.SURVEY_LC1_2E3
 0.000000,22.950735, 0.000000, 0.000000, 0.000000, 8.680237, 0.000000, 0.000000,SE.Total.SURVEY_LC1_2F1
0,0,0,0,0,0,0,0,SE.Total.SURVEY_LC1_2F2
122.94399, 10.29835,  0.00000, 26.16541, 88.53265, 35.72671,  0.00000, 17.42632,SE.Total.SURVEY_LC1_2F4
14.681132, 0.000000, 0.000000, 8.955491, 0.000000, 0.000000, 0.000000, 0.000000,SE.Total.SURVEY_LC1_2G1
18.257556, 0.000000, 0.000000, 6.468687, 7.664749, 0.000000, 7.084537, 6.468687,SE.Total.SURVEY_LC1_2G2
0,0,0,0,0,0,0,0,SE.Total.SURVEY_LC1_2G3
0,0,0,0,0,0,0,0,SE.Total.SURVEY_LC1_2G4
7.7113867,0.0000000,0.0000000,0.7754028,0.0000000,0.0000000,0.0000000,0.0000000,SE.Total.SURVEY_LC1_2H1
0,0,0,0,0,0,0,0,SE.Total.SURVEY_LC1_2H2
173.418880, 70.477184,  3.133272, 50.594614,190.241547, 99.681304, 36.219622,133.861194,SE.Total.SURVEY_LU1_2U11
336.52256,205.07645, 68.02571,238.59698,240.05596, 99.61218, 70.11356,160.48445,SE.Total.SURVEY_LU1_2U12
14.681132, 0.000000, 0.000000, 6.468687, 0.000000, 0.000000, 0.000000, 0.000000,SE.Total.SURVEY_LU1_2U13
0,0,0,0,0,0,0,0,SE.Total.SURVEY_LU1_2U14
2.698319,0.000000,0.000000,0.000000,0.000000,0.000000,0.000000,2.895334,SE.Total.SURVEY_LU1_2U15
7.302320,0.000000,0.000000,3.218946,0.000000,0.000000,0.000000,0.000000,SE.Total.SURVEY_LU1_2U21
3.276205,0.000000,0.000000,7.819003,0.000000,0.000000,0.000000,9.966122,SE.Total.SURVEY_LU1_2U22
28.396927,35.286955, 9.428961, 9.483499,31.446519,35.098724, 9.440819,50.220557,SE.Total.SURVEY_LU1_2U31
0.000000,5.999015,0.000000,0.000000,3.096433,0.000000,0.000000,4.315652,SE.Total.SURVEY_LU1_2U32
7.128336,0.000000,0.000000,0.000000,0.000000,5.617169,0.000000,0.000000,SE.Total.SURVEY_LU1_2U33
39.661997, 0.000000, 0.000000, 0.000000, 0.000000,27.788951, 0.000000, 6.835399,SE.Total.SURVEY_LU1_2U34
 6.559899,33.169074, 0.000000, 0.000000,22.284937, 6.440433, 0.000000, 0.000000,SE.Total.SURVEY_LU1_2U35
15.517232, 5.871572,21.602818, 8.955491,27.939177, 5.481494, 7.024428, 0.000000,SE.Total.SURVEY_LU1_2U36
69.564387,36.745087,42.738836,54.643524,25.715743,32.476253, 2.568374,26.090285,SE.Total.SURVEY_LU1_2U37
 4.530459,32.963273, 0.000000, 2.697201,11.315822,13.215513, 0.000000, 0.000000,SE.Total.SURVEY_LU1_2U41
207.429054,216.232448,  6.973411, 88.792342, 71.866981,170.969810,  7.129183, 48.671592,SE.Total.SURVEY_LU1_2U42
53.715430,31.147988,41.812754,38.951223,20.493961,23.391539, 7.101411,12.652578,SE.Total.SURVEY_LC1_3A11
 0.00000,23.78967, 0.00000, 0.00000, 0.00000, 0.00000, 0.00000, 0.00000,SE.Total.SURVEY_LC1_3A12
0.000000,0.000000,0.000000,0.000000,9.946486,0.000000,0.000000,0.000000,SE.Total.SURVEY_LC1_3A13
45.399476,34.194095, 7.201488,10.719274,17.987337,18.741415, 7.024428,11.333387,SE.Total.SURVEY_LC1_3A21
21.383379, 4.564887, 7.201488, 7.662626,25.524942,33.284701, 9.402442,44.682123,SE.Total.SURVEY_LC1_3A22
0.000000,5.156677,0.000000,3.218946,0.000000,1.454878,0.000000,7.199753,SE.Total.SURVEY_LC1_3A30
10.08921, 0.00000, 0.00000, 0.00000,83.30401, 0.00000, 0.00000,18.19636,SE.Total.SURVEY_LC1_3B11
 0.00000, 0.00000, 0.00000, 0.00000, 0.00000, 0.00000, 0.00000,10.65955,SE.Total.SURVEY_LC1_3B12
 0.000000, 0.000000, 0.000000, 0.000000,41.032659, 7.757623, 0.000000,36.450681,SE.Total.SURVEY_LC1_3B13
0.000000,0.000000,0.000000,0.000000,0.000000,0.000000,0.000000,2.522068,SE.Total.SURVEY_LC1_3B14
 0.00000, 0.00000, 0.00000, 0.00000,26.37967, 0.00000, 0.00000,22.38502,SE.Total.SURVEY_LC1_3B15
 63.965069,  0.000000,  0.000000, 22.385022,123.497781,  9.752691, 11.577396, 86.861915,SE.Total.SURVEY_LC1_3B16
 0.000000, 0.000000, 0.000000, 0.000000, 9.498722, 0.000000, 0.000000,10.698219,SE.Total.SURVEY_LC1_3B18
 0.00000, 0.00000, 0.00000, 0.00000,24.66332, 0.00000, 0.00000, 0.00000,SE.Total.SURVEY_LC1_3B19
 0.000000, 0.000000, 0.000000, 0.000000,10.877934, 7.994397, 0.000000,31.157413,SE.Total.SURVEY_LC1_3B21
 0.00000, 0.00000, 0.00000, 0.00000,34.18061, 0.00000, 0.00000, 0.00000,SE.Total.SURVEY_LC1_3B22
 0.00000, 0.00000, 0.00000, 0.00000,70.68810, 0.00000, 0.00000,22.56497,SE.Total.SURVEY_LC1_3B31
 0.00000, 0.00000, 0.00000, 0.00000,10.73633, 0.00000, 0.00000,23.94549,SE.Total.SURVEY_LC1_3B32
26.46653, 0.00000, 0.00000, 0.00000,70.66567, 0.00000, 0.00000,23.96562,SE.Total.SURVEY_LC1_3B33
0.000000,0.000000,0.000000,0.000000,9.498722,0.000000,0.000000,0.000000,SE.Total.SURVEY_LC1_3B36
 0.000000, 0.000000, 0.000000, 0.000000, 0.000000, 3.237767, 0.000000,13.157998,SE.Total.SURVEY_LC1_3B37
0.000000,0.000000,0.000000,0.000000,9.498722,0.000000,0.000000,0.000000,SE.Total.SURVEY_LC1_3B41
 0.000000, 0.000000, 0.000000, 0.000000, 7.122780, 9.387757, 0.000000,10.698219,SE.Total.SURVEY_LC1_3B43
0.000000,0.000000,0.000000,0.000000,7.016142,7.368007,0.000000,9.683217,SE.Total.SURVEY_LC1_3B51
 0.000000, 0.000000, 0.000000, 0.000000,24.235120,12.543001, 0.000000, 9.073428,SE.Total.SURVEY_LC1_3B52
0.000000,0.000000,0.000000,0.000000,2.898939,4.802920,0.000000,9.382577,SE.Total.SURVEY_LC1_3B53
 9.657583, 4.425204, 0.000000, 0.000000,46.392858,10.080824,24.496877,25.330849,SE.Total.SURVEY_LC1_3B55
 2.402420, 0.000000, 0.000000, 2.229751,14.424020, 6.917032, 0.000000,11.818466,SE.Total.SURVEY_LC1_3B71
 0.000000, 0.000000, 0.000000, 0.000000,13.211853, 0.000000, 0.000000, 6.670246,SE.Total.SURVEY_LC1_3B72
0.000000,0.000000,0.000000,0.000000,0.000000,4.870694,0.000000,7.912344,SE.Total.SURVEY_LC1_3B73
 0.000000, 0.000000, 0.000000, 0.000000,33.111493, 9.494743, 0.000000,21.163336,SE.Total.SURVEY_LC1_3B74
 0.000000, 5.583255, 0.000000, 0.000000,25.985079,38.596306, 3.234955, 6.966836,SE.Total.SURVEY_LC1_3B75
0,0,0,0,0,0,0,0,SE.Total.SURVEY_LC1_3B77
 0.00000,47.15342, 0.00000, 0.00000, 0.00000,46.28389, 0.00000, 0.00000,SE.Total.SURVEY_LC1_3B81
 2.269965, 7.324256, 0.000000, 0.000000,27.189462,39.693332, 0.000000,10.404641,SE.Total.SURVEY_LC1_3B82
0.000000,0.000000,0.000000,0.000000,0.000000,0.000000,0.000000,3.265017,SE.Total.SURVEY_LC1_3B83
0.000000,0.000000,0.000000,0.000000,0.000000,0.000000,0.000000,9.319008,SE.Total.SURVEY_LC1_3B84
136.34184, 16.93761,  0.00000, 25.38380,  0.00000,  0.00000,  0.00000,  0.00000,SE.Total.SURVEY_LC1_3Bx1
15.205349, 5.115942, 0.000000, 7.912344, 0.000000, 0.000000, 0.000000, 0.000000,SE.Total.SURVEY_LC1_3Bx2
341.29612,215.00762, 68.31038,243.86535,240.56770,129.08455, 70.16059,157.04327,SE.Total.SURVEY_LC1_3C10
41.864303,79.321364, 0.000000, 2.426413, 7.770237,27.536733, 0.000000, 0.000000,SE.Total.SURVEY_LC1_3C21
41.589634,82.060109, 0.000000, 0.000000, 7.852853,60.557608, 0.000000, 0.000000,SE.Total.SURVEY_LC1_3C22
 0.00000,41.24303, 0.00000, 0.00000, 0.00000,20.73028, 0.00000, 0.00000,SE.Total.SURVEY_LC1_3C23
44.92526,64.96924, 0.00000, 0.00000, 0.00000, 0.00000, 0.00000, 0.00000,SE.Total.SURVEY_LC1_3C2x
61.163659,67.022064, 0.000000, 0.000000, 9.000164,39.202622, 0.000000,40.780805,SE.Total.SURVEY_LC1_3C31
 0.000000,46.735346, 0.000000, 5.724393, 0.000000,48.544260, 0.000000, 0.000000,SE.Total.SURVEY_LC1_3C32
 96.06357,106.52495,  0.00000, 43.98120, 45.28562, 77.22542,  0.00000,  0.00000,SE.Total.SURVEY_LC1_3C33
96.2614,97.1265, 0.0000, 0.0000, 0.0000, 0.0000, 0.0000, 0.0000,SE.Total.SURVEY_LC1_3C3x
12.684446,89.232239, 3.133272, 9.013548,29.459887,60.398227, 0.000000,17.369724,SE.Total.SURVEY_LC1_3D10
 49.603647,111.377507,  0.000000,  9.065259, 20.146024, 60.527169,  0.000000, 19.057625,SE.Total.SURVEY_LC1_3D20
0,0,0,0,0,0,0,0,SE.Total.SURVEY_LC1_3Dxx
12.432288,61.345569, 8.848825,39.081717,29.718242,76.336664, 0.000000,26.029071,SE.Total.SURVEY_LC1_3E10
47.53904,56.04161,21.82886,32.99275,76.87633,79.14760,22.80387,74.41672,SE.Total.SURVEY_LC1_3E20
32.7839669,13.1330089, 0.0000000,44.9079256,84.4322143,20.2416695, 0.7966073,43.9186092,SE.Total.SURVEY_LC1_3E30
 0.000000,22.950735, 0.000000, 0.000000, 0.000000, 8.680237, 0.000000, 0.000000,SE.Total.SURVEY_LC1_3F10
0,0,0,0,0,0,0,0,SE.Total.SURVEY_LC1_3F20
122.94399, 10.29835,  0.00000, 26.16541, 88.53265, 35.72671,  0.00000, 17.42632,SE.Total.SURVEY_LC1_3F40
14.681132, 0.000000, 0.000000, 8.955491, 0.000000, 0.000000, 0.000000, 0.000000,SE.Total.SURVEY_LC1_3G11
18.257556, 0.000000, 0.000000, 6.468687, 7.664749, 0.000000, 7.084537, 6.468687,SE.Total.SURVEY_LC1_3G21
0,0,0,0,0,0,0,0,SE.Total.SURVEY_LC1_3G30
0,0,0,0,0,0,0,0,SE.Total.SURVEY_LC1_3G40
7.7113867,0.0000000,0.0000000,0.7754028,0.0000000,0.0000000,0.0000000,0.0000000,SE.Total.SURVEY_LC1_3H11
0,0,0,0,0,0,0,0,SE.Total.SURVEY_LC1_3H21
0,0,0,0,0,0,0,0,SE.Total.SURVEY_LC1_3H22
172.932958, 70.313174,  3.133272, 50.094033,188.574764,100.880933, 36.219622,132.647246,SE.Total.SURVEY_LU1_3U111
 0.00000, 0.00000, 0.00000, 0.00000,64.71135,26.51677, 0.00000,14.25761,SE.Total.SURVEY_LU1_3U112
15.914447, 5.392699, 0.000000, 8.050066, 7.122780,31.110708, 0.000000,16.436150,SE.Total.SURVEY_LU1_3U113
336.52256,205.07645, 68.02571,238.59698,240.05596, 99.61218, 70.11356,160.48445,SE.Total.SURVEY_LU1_3U120
14.681132, 0.000000, 0.000000, 6.468687, 0.000000, 0.000000, 0.000000, 0.000000,SE.Total.SURVEY_LU1_3U130
0,0,0,0,0,0,0,0,SE.Total.SURVEY_LU1_3U140
2.698319,0.000000,0.000000,0.000000,0.000000,0.000000,0.000000,2.895334,SE.Total.SURVEY_LU1_3U150
7.302320,0.000000,0.000000,3.218946,0.000000,0.000000,0.000000,0.000000,SE.Total.SURVEY_LU1_3U210
0.000000,0.000000,0.000000,7.819003,0.000000,0.000000,0.000000,0.000000,SE.Total.SURVEY_LU1_3U221
3.276205,0.000000,0.000000,0.000000,0.000000,0.000000,0.000000,0.000000,SE.Total.SURVEY_LU1_3U223
0,0,0,0,0,0,0,0,SE.Total.SURVEY_LU1_3U224
0.000000,0.000000,0.000000,0.000000,0.000000,0.000000,0.000000,9.966122,SE.Total.SURVEY_LU1_3U226
0,0,0,0,0,0,0,0,SE.Total.SURVEY_LU1_3U227
0.000000,0.000000,7.201488,0.000000,6.966782,0.000000,0.000000,0.000000,SE.Total.SURVEY_LU1_3U311
21.500798,34.908135, 7.201488, 7.662626,26.315464,34.730027, 9.440819,44.981590,SE.Total.SURVEY_LU1_3U312
17.166525, 0.000000, 0.000000, 0.000000, 7.008205, 0.000000, 0.000000,21.343172,SE.Total.SURVEY_LU1_3U313
0.000000,0.000000,0.000000,0.000000,2.745839,0.000000,0.000000,0.000000,SE.Total.SURVEY_LU1_3U314
0.000000,0.000000,0.000000,6.611300,2.824148,4.977679,0.000000,0.000000,SE.Total.SURVEY_LU1_3U317
 6.925407, 0.000000, 0.000000, 0.000000,12.738022, 0.000000, 0.000000, 6.572875,SE.Total.SURVEY_LU1_3U318
1.204279,5.156677,0.000000,0.000000,6.566425,1.454878,0.000000,3.041586,SE.Total.SURVEY_LU1_3U319
0.000000,0.000000,0.000000,0.000000,3.096433,0.000000,0.000000,4.315652,SE.Total.SURVEY_LU1_3U321
0.000000,5.999015,0.000000,0.000000,0.000000,0.000000,0.000000,0.000000,SE.Total.SURVEY_LU1_3U322
7.128336,0.000000,0.000000,0.000000,0.000000,5.617169,0.000000,0.000000,SE.Total.SURVEY_LU1_3U330
39.661997, 0.000000, 0.000000, 0.000000, 0.000000,27.788951, 0.000000, 6.835399,SE.Total.SURVEY_LU1_3U341
 6.559899,33.169074, 0.000000, 0.000000,22.284937, 6.440433, 0.000000, 0.000000,SE.Total.SURVEY_LU1_3U350
13.991515, 0.000000, 0.000000, 8.955491,27.939177, 0.000000, 0.000000, 0.000000,SE.Total.SURVEY_LU1_3U361
 7.008205, 5.871572,21.602818, 0.000000, 0.000000, 5.481494, 7.024428, 0.000000,SE.Total.SURVEY_LU1_3U362
69.564387,36.745087,42.738836,54.643524,25.715743,32.476253, 2.568374,26.090285,SE.Total.SURVEY_LU1_3U370
0.000000,0.000000,0.000000,2.697201,7.698715,0.000000,0.000000,0.000000,SE.Total.SURVEY_LU1_3U411
 0.00000,23.78967, 0.00000, 0.00000, 0.00000, 0.00000, 0.00000, 0.00000,SE.Total.SURVEY_LU1_3U412
0,0,0,0,0,0,0,0,SE.Total.SURVEY_LU1_3U413
 4.530459, 0.000000, 0.000000, 0.000000, 8.293227,11.224781, 0.000000, 0.000000,SE.Total.SURVEY_LU1_3U414
 0.000000,22.817297, 0.000000, 0.000000, 0.000000, 6.975247, 0.000000, 0.000000,SE.Total.SURVEY_LU1_3U415
207.429054,216.232448,  6.973411, 88.792342, 71.866981,170.969810,  7.129183, 48.671592,SE.Total.SURVEY_LU1_3U420
374.63918,194.21910, 68.45061,254.87385,309.48954,196.40270, 78.90702,212.27887,SE.Total.settlement0
73.84912,37.45959,48.80774,55.99216,45.57423,48.72868,13.88531,52.90270,SE.Total.settlement1
189.79582,132.83475, 49.00381, 86.22252,195.17635,122.77322, 38.56244,145.72442,SE.Total.fao_class_name0
331.14106,196.84398, 68.31038,247.09937,243.76522,164.26388, 70.11356,162.46922,SE.Total.fao_class_name1
 9.220702,94.630154, 0.000000,11.306917,31.872446,83.016149, 0.000000,17.657434,SE.Total.fao_class_name2
45.679885,47.949767, 0.000000, 2.229751,44.635859,48.937698, 4.130554,24.166837,SE.Total.fao_class_name3
375.24958,198.03833, 69.09697,255.02125,309.97385,197.36576, 79.76753,217.10682,SE.Total.lue0
72.200478,25.613882,47.888306,55.372516,44.020020,41.840166, 7.479246,26.611214,SE.Total.lue1
381.13366,194.18651, 83.53907,260.43677,310.60566,197.37141, 79.56124,212.28863,SE.Total.lud0
30.104450,35.793259, 9.428961,12.705714,31.597122,35.543794, 9.440819,51.381444,SE.Total.lud1
12466.05876,15827.80884,   79.81265, 2477.19797, 9396.74073, 8106.38392,  239.41991, 4612.92199,CI.l(95%).Total.area
123.69500,267.18118,-16.32963, 31.04869,249.93207,303.62715, 14.25025,165.95406,CI.l(95%).Total.SURVEY_LC1_1A
1347.28619, 245.15310,   0.00000,  74.66738,3237.28200, 589.29012,   6.07598,1444.14547,CI.l(95%).Total.SURVEY_LC1_1B
7790.639367,8752.404128,  -9.562499,1691.513739,2203.319731,2737.941398,  18.389248, 970.959589,CI.l(95%).Total.SURVEY_LC1_1C
 533.4668745,3700.8162858,   0.0730031, 142.2586524, 484.1973731,1465.2076697,  12.8776548, 150.2634095,CI.l(95%).Total.SURVEY_LC1_1D
 779.2985756,1694.9193483,   0.2032244, 140.4268803,2093.1285656,2307.9175844,  73.0205097,1351.7934343,CI.l(95%).Total.SURVEY_LC1_1E
730.50572,368.06708,  0.00000, 17.39521,340.27623,156.23044,  0.00000, 26.63359,CI.l(95%).Total.SURVEY_LC1_1F
248.117354,102.003937,  0.000000, 15.795534, 24.010991, 15.953583, -4.493212, 18.890288,CI.l(95%).Total.SURVEY_LC1_1G
79.310142,74.724801, 0.000000,10.822452, 4.057473, 4.584054, 0.000000, 3.768346,CI.l(95%).Total.SURVEY_LC1_1H
9130.65988,4963.65517, -11.69708,1866.80089,7604.28572,2855.98031, 155.22854,3489.85556,CI.l(95%).Total.SURVEY_LU1_1U1
4.1992361,4.2460824,0.0000000,3.3644668,0.0000000,7.9223547,0.0000000,0.2125971,CI.l(95%).Total.SURVEY_LU1_1U2
479.00215,486.30591, 12.17285, 76.71048,409.47589,416.44920, 27.20445,314.71315,CI.l(95%).Total.SURVEY_LU1_1U3
2286.847344,9821.020503,   1.311745, 262.309256,1149.255292,4506.639480,  21.751401, 601.607375,CI.l(95%).Total.SURVEY_LU1_1U4
 12.075709, 21.970387,-37.936580,-22.782950, 38.267375, 30.074538, -4.322175, 14.982616,CI.l(95%).Total.SURVEY_LC1_2A1
 36.1523206,136.6845368,  0.8431959, 22.2197351,175.8412251,205.1495709,  3.7094019,114.5146071,CI.l(95%).Total.SURVEY_LC1_2A2
 3.9591716,10.0166335, 4.3411990, 3.6766471, 0.0000000,17.4191081, 4.6342459, 0.3390717,CI.l(95%).Total.SURVEY_LC1_2A3
 143.02147,   0.00000,   0.00000, -15.81587,1937.78589,   8.84292,  -8.56716, 925.77781,CI.l(95%).Total.SURVEY_LC1_2B1
 0.000000, 0.000000, 0.000000, 0.000000,12.358432, 8.474968, 0.000000,-9.162100,CI.l(95%).Total.SURVEY_LC1_2B2
 -0.09800954,  0.00000000,  0.00000000,  4.28232552,541.64383230, -0.57049063,  0.00000000, 60.73704343,CI.l(95%).Total.SURVEY_LC1_2B3
 0.000000, 0.000000, 0.000000, 0.000000,-2.056556,13.433022, 0.000000, 3.727945,CI.l(95%).Total.SURVEY_LC1_2B4
 -1.674201, -2.224795,  0.000000,  0.000000,103.892280, 85.595251,-17.307980, 54.462013,CI.l(95%).Total.SURVEY_LC1_2B5
 12.744920,  1.434293,  0.000000,  9.180294,147.833303, 81.927810,  8.388620,110.707371,CI.l(95%).Total.SURVEY_LC1_2B7
  4.920584,143.170484,  0.000000,  4.184024, 14.029017,222.497230,  0.000000, 27.684117,CI.l(95%).Total.SURVEY_LC1_2B8
1003.29640,  55.29058,   0.00000,  40.74227,   0.00000,   0.00000,   0.00000,   0.00000,CI.l(95%).Total.SURVEY_LC1_2Bx
7061.218651,5171.900679,  -9.562499,1633.924982,2108.799638,1656.723150,  18.389248, 932.782301,CI.l(95%).Total.SURVEY_LC1_2C1
  -0.7175219,1322.3007305,   0.0000000,   4.0182764,   2.4313462, 274.4706560,   0.0000000,   4.5186897,CI.l(95%).Total.SURVEY_LC1_2C2
 286.09536,1660.97512,   0.00000, -32.89405, -13.87626, 552.22310,   0.00000, -37.29429,CI.l(95%).Total.SURVEY_LC1_2C3
 238.9108243,1438.5886602,   0.0730031,  52.3676888, 333.3958471, 837.2344083,   4.2941378,  68.0247611,CI.l(95%).Total.SURVEY_LC1_2D1
 272.696587,2131.139994,   0.000000,  79.470325, 123.106742, 553.655923,   8.583517,  61.309485,CI.l(95%).Total.SURVEY_LC1_2D2
0.000000,4.275766,0.000000,0.000000,0.000000,0.000000,0.000000,0.000000,CI.l(95%).Total.SURVEY_LC1_2Dx
129.758812,764.026409, -1.045174,-18.134996,155.934837,885.290315,  4.341199,100.028126,CI.l(95%).Total.SURVEY_LC1_2E1
 389.76696, 742.09369, -12.71336,  82.49661,1163.76761,1126.11821,  60.14040, 921.61451,CI.l(95%).Total.SURVEY_LC1_2E2
192.826401, 90.191949,  0.000000,-19.819953,623.681997,116.850900,  7.003608,220.515050,CI.l(95%).Total.SURVEY_LC1_2E3
  0.000000,312.889767,  0.000000,  7.704591,  0.000000, 41.957698,  0.000000,  0.000000,CI.l(95%).Total.SURVEY_LC1_2F1
 0.000000,16.701023, 0.000000, 4.186961, 0.000000, 3.946122, 0.000000, 0.000000,CI.l(95%).Total.SURVEY_LC1_2F2
730.50572, 22.61288,  0.00000,  5.50366,340.27623, 95.34809,  0.00000, 26.63359,CI.l(95%).Total.SURVEY_LC1_2F4
73.018535,65.752257, 0.000000, 6.992006, 3.802186, 0.000000, 0.000000, 7.294604,CI.l(95%).Total.SURVEY_LC1_2G1
143.8809347, 24.0111702,  0.0000000, -0.4025687, 20.2088044, 11.9517209, -4.4932123, 11.5956838,CI.l(95%).Total.SURVEY_LC1_2G2
0.000000,0.000000,0.000000,0.000000,0.000000,4.001862,0.000000,0.000000,CI.l(95%).Total.SURVEY_LC1_2G3
 0.00000,12.24051, 0.00000, 0.00000, 0.00000, 0.00000, 0.00000, 0.00000,CI.l(95%).Total.SURVEY_LC1_2G4
79.310142,53.260698, 0.000000,10.822452, 4.057473, 4.584054, 0.000000, 3.768346,CI.l(95%).Total.SURVEY_LC1_2H1
 0.0000,21.4641, 0.0000, 0.0000, 0.0000, 0.0000, 0.0000, 0.0000,CI.l(95%).Total.SURVEY_LC1_2H2
2670.6531644, 645.3031667,   0.0730031, 218.0927955,5403.3846189,2181.8915347, 102.2972998,2453.5128703,CI.l(95%).Total.SURVEY_LU1_2U11
6120.1879520,4175.0532903, -17.7698291,1547.8113403,1952.2361984, 549.2108666,  -0.8277903, 855.0421703,CI.l(95%).Total.SURVEY_LU1_2U12
48.3340171,11.6730219, 0.0000000,-0.4025687, 3.9591716, 3.9597089, 0.0000000, 7.2946038,CI.l(95%).Total.SURVEY_LU1_2U13
 0.000000,16.179979, 0.000000, 0.000000, 0.000000, 4.251491, 0.000000, 0.000000,CI.l(95%).Total.SURVEY_LU1_2U14
0.11855998,0.00000000,0.00000000,0.00000000,0.00000000,0.00000000,0.00000000,0.06745931,CI.l(95%).Total.SURVEY_LU1_2U15
-4.5151938, 0.0000000, 0.0000000,-0.3486884, 0.0000000, 3.9845601, 0.0000000, 3.6964527,CI.l(95%).Total.SURVEY_LU1_2U21
 3.667643, 4.246082, 0.000000,-1.348011, 0.000000, 3.937795, 0.000000,-3.483856,CI.l(95%).Total.SURVEY_LU1_2U22
137.575200, 76.770657,  5.184395, 17.106128,204.087663,161.588839,  3.502168,128.236571,CI.l(95%).Total.SURVEY_LU1_2U31
 0.0000000,12.9255090, 0.0000000, 0.0000000,-0.3354174,16.8446707, 4.6342459,-1.4997426,CI.l(95%).Total.SURVEY_LU1_2U32
-4.407616, 8.205791, 0.000000, 0.000000, 4.057473, 1.404290, 0.000000, 0.000000,CI.l(95%).Total.SURVEY_LU1_2U33
-23.497943, 28.746912,  0.000000,  0.000000,  0.000000, -6.899633,  0.000000, -4.160271,CI.l(95%).Total.SURVEY_LU1_2U34
43.795140,25.404458, 0.000000, 0.000000,-7.885994,-3.687902, 4.341199, 4.282326,CI.l(95%).Total.SURVEY_LU1_2U35
 31.8231108, 48.8684729,-18.4844233,  7.4825145, -0.4280881,  5.5860637,  0.3191262,  8.5079683,CI.l(95%).Total.SURVEY_LU1_2U36
115.2517963,142.1812623,-23.4534626, 18.9910783, 95.5825060,115.7892302,  0.7091383,117.8077525,CI.l(95%).Total.SURVEY_LU1_2U37
19.596346,28.979606, 0.000000, 3.915138,17.757807,36.124832, 0.000000, 0.000000,CI.l(95%).Total.SURVEY_LU1_2U41
2258.446261,9730.595868,   1.311745, 253.184241,1110.935492,4445.042894,  21.751401, 601.607375,CI.l(95%).Total.SURVEY_LU1_2U42
 12.075709,  3.168981,-37.936580,-22.782950, 30.566307, 30.074538, -4.322175, 14.982616,CI.l(95%).Total.SURVEY_LC1_3A11
  0.00000,-20.61964,  0.00000,  0.00000,  0.00000,  0.00000,  0.00000,  0.00000,CI.l(95%).Total.SURVEY_LC1_3A12
 0.000000, 0.000000, 0.000000, 0.000000,-7.312847, 0.000000, 0.000000, 0.000000,CI.l(95%).Total.SURVEY_LC1_3A13
 3.907577,73.498222,-4.452847,11.919347,33.044618,53.888405,-4.275320,13.491589,CI.l(95%).Total.SURVEY_LC1_3A21
 -2.54805002, 54.83387352, -4.45284711,  0.09788089,114.47105240,120.48471579, -1.20797696, 81.13279919,CI.l(95%).Total.SURVEY_LC1_3A22
 3.9591716,10.0166335, 4.3411990, 3.6766471, 0.0000000,17.4191081, 4.6342459, 0.3390717,CI.l(95%).Total.SURVEY_LC1_3A30
 -7.46592,  0.00000,  0.00000,  0.00000,332.90690,  0.00000,  0.00000, 30.87620,CI.l(95%).Total.SURVEY_LC1_3B11
 0.000000, 0.000000, 0.000000, 0.000000, 4.590627, 0.000000, 0.000000,-3.768784,CI.l(95%).Total.SURVEY_LC1_3B12
 0.000000, 0.000000, 0.000000, 0.000000,55.461288,-5.009148, 0.000000,20.715842,CI.l(95%).Total.SURVEY_LC1_3B13
0.00000000,0.00000000,0.00000000,0.00000000,0.00000000,0.00000000,0.00000000,0.05876247,CI.l(95%).Total.SURVEY_LC1_3B14
  0.000000,  0.000000,  0.000000,  0.000000,  8.089807,  0.000000,  0.000000,-15.579510,CI.l(95%).Total.SURVEY_LC1_3B15
 132.206383,   0.000000,   0.000000, -15.815874,1246.938795,   3.957102,  -8.567160, 720.794465,CI.l(95%).Total.SURVEY_LC1_3B16
 0.000000, 0.000000, 0.000000, 0.000000,-7.028962, 0.000000, 0.000000,-7.916578,CI.l(95%).Total.SURVEY_LC1_3B18
  0.000000,  0.000000,  0.000000,  0.000000,-15.345581,  0.000000,  0.000000,  4.282326,CI.l(95%).Total.SURVEY_LC1_3B19
 0.000000, 0.000000, 0.000000, 0.000000,-0.208828, 8.474968, 0.000000,-9.162100,CI.l(95%).Total.SURVEY_LC1_3B21
 0.000000, 0.000000, 0.000000, 0.000000,-5.442319, 0.000000, 0.000000, 0.000000,CI.l(95%).Total.SURVEY_LC1_3B22
  0.00000,  0.00000,  0.00000,  0.00000,180.48911,  0.00000,  0.00000,-10.90234,CI.l(95%).Total.SURVEY_LC1_3B31
 3.802186, 0.000000, 0.000000, 4.282326,-7.944777, 0.000000, 0.000000,-6.306944,CI.l(95%).Total.SURVEY_LC1_3B32
 -3.9001958,  0.0000000,  0.0000000,  0.0000000,249.6836198,  0.0000000,  0.0000000,  0.5253999,CI.l(95%).Total.SURVEY_LC1_3B33
 0.000000, 0.000000, 0.000000, 0.000000,-3.519823, 0.000000, 0.000000, 0.000000,CI.l(95%).Total.SURVEY_LC1_3B36
 0.0000000, 0.0000000, 0.0000000, 0.0000000, 0.0000000,-0.5704906, 0.0000000,-3.0513118,CI.l(95%).Total.SURVEY_LC1_3B37
 0.000000, 0.000000, 0.000000, 0.000000,-7.028962, 4.275766, 0.000000, 3.631948,CI.l(95%).Total.SURVEY_LC1_3B41
 0.00000000, 0.00000000, 0.00000000, 0.00000000,-4.33518155, 9.15725646, 0.00000000, 0.09599725,CI.l(95%).Total.SURVEY_LC1_3B43
 0.000000, 0.000000, 0.000000, 0.000000, 4.135544, 3.770581, 0.000000,-2.392365,CI.l(95%).Total.SURVEY_LC1_3B51
  0.000000,  0.000000,  0.000000,  0.000000,-13.320852, 29.423726,  0.000000, -2.823271,CI.l(95%).Total.SURVEY_LC1_3B52
 0.0000000, 0.0000000, 0.0000000, 0.0000000,-0.3140241,-2.4146939, 0.0000000,-2.8448851,CI.l(95%).Total.SURVEY_LC1_3B53
 -1.674201, -2.224795,  0.000000,  0.000000, 58.842292, 22.165046,-17.307980, 16.546083,CI.l(95%).Total.SURVEY_LC1_3B55
 4.6224893, 0.0000000, 0.0000000, 4.8979686,13.2107445, 0.7469585, 0.0000000,13.9090053,CI.l(95%).Total.SURVEY_LC1_3B71
 0.000000, 0.000000, 0.000000, 0.000000,-2.787566, 0.000000, 0.000000,-4.179781,CI.l(95%).Total.SURVEY_LC1_3B72
 4.061215, 0.000000, 0.000000, 4.282326, 4.061215,-2.106277, 0.000000,-5.353382,CI.l(95%).Total.SURVEY_LC1_3B73
 4.061215, 0.000000, 0.000000, 0.000000,22.853414, 9.468258, 4.496145,24.128280,CI.l(95%).Total.SURVEY_LC1_3B74
 0.000000, 1.434293, 0.000000, 0.000000,30.082621,31.843754, 3.892475,28.755840,CI.l(95%).Total.SURVEY_LC1_3B75
0.000000,0.000000,0.000000,0.000000,0.000000,4.035446,0.000000,0.000000,CI.l(95%).Total.SURVEY_LC1_3B77
  0.0000,121.2475,  0.0000,  0.0000,  0.0000,125.1704,  0.0000,  0.0000,CI.l(95%).Total.SURVEY_LC1_3B81
 0.6267463, 8.6636057, 0.0000000, 4.1840239,14.0290166,34.8112551, 0.0000000,17.9912530,CI.l(95%).Total.SURVEY_LC1_3B82
 4.293837, 0.000000, 0.000000, 0.000000, 0.000000, 0.000000, 0.000000,-0.353679,CI.l(95%).Total.SURVEY_LC1_3B83
 0.000000, 0.000000, 0.000000, 0.000000, 0.000000, 0.000000, 0.000000,-6.895975,CI.l(95%).Total.SURVEY_LC1_3B84
937.39693, 27.62043,  0.00000, 24.48235,  0.00000,  0.00000,  0.00000,  0.00000,CI.l(95%).Total.SURVEY_LC1_3Bx1
37.640658,19.124361, 0.000000, 3.112968, 0.000000, 0.000000, 0.000000, 0.000000,CI.l(95%).Total.SURVEY_LC1_3Bx2
7061.218651,5171.900679,  -9.562499,1633.924982,2108.799638,1656.723150,  18.389248, 932.782301,CI.l(95%).Total.SURVEY_LC1_3C10
-38.2851548,224.5798277,  0.0000000,  0.1066128, -5.3925932, -4.3952972,  0.0000000,  4.5186897,CI.l(95%).Total.SURVEY_LC1_3C21
-38.033969,563.452708,  0.000000,  0.000000, -1.203613,205.525115,  0.000000,  0.000000,CI.l(95%).Total.SURVEY_LC1_3C22
 0.000000,59.057513, 0.000000, 0.000000, 0.000000,-4.179286, 0.000000, 0.000000,CI.l(95%).Total.SURVEY_LC1_3C23
-31.342144,209.154200,  0.000000,  3.911664,  0.000000,  0.000000,  0.000000,  0.000000,CI.l(95%).Total.SURVEY_LC1_3C2x
-25.325930,120.552458,  0.000000,  0.000000,  1.892854,  9.742491,  0.000000,-37.294289,CI.l(95%).Total.SURVEY_LC1_3C31
  0.000000,124.472645,  0.000000, -3.165499,  0.000000,106.045052,  0.000000,  0.000000,CI.l(95%).Total.SURVEY_LC1_3C32
 48.71742,618.14278,  0.00000,-40.22107,-31.69046,304.88716,  0.00000,  0.00000,CI.l(95%).Total.SURVEY_LC1_3C33
 52.81782,480.23050,  0.00000,  0.00000,  0.00000,  0.00000,  0.00000,  0.00000,CI.l(95%).Total.SURVEY_LC1_3C3x
 238.9108243,1438.5886602,   0.0730031,  52.3676888, 333.3958471, 837.2344083,   4.2941378,  68.0247611,CI.l(95%).Total.SURVEY_LC1_3D10
 272.696587,2131.139994,   0.000000,  79.470325, 123.106742, 553.655923,   8.583517,  61.309485,CI.l(95%).Total.SURVEY_LC1_3D20
0.000000,4.275766,0.000000,0.000000,0.000000,0.000000,0.000000,0.000000,CI.l(95%).Total.SURVEY_LC1_3Dxx
129.758812,764.026409, -1.045174,-18.134996,155.934837,885.290315,  4.341199,100.028126,CI.l(95%).Total.SURVEY_LC1_3E10
 389.76696, 742.09369, -12.71336,  82.49661,1163.76761,1126.11821,  60.14040, 921.61451,CI.l(95%).Total.SURVEY_LC1_3E20
192.826401, 90.191949,  0.000000,-19.819953,623.681997,116.850900,  7.003608,220.515050,CI.l(95%).Total.SURVEY_LC1_3E30
  0.000000,312.889767,  0.000000,  7.704591,  0.000000, 41.957698,  0.000000,  0.000000,CI.l(95%).Total.SURVEY_LC1_3F10
 0.000000,16.701023, 0.000000, 4.186961, 0.000000, 3.946122, 0.000000, 0.000000,CI.l(95%).Total.SURVEY_LC1_3F20
730.50572, 22.61288,  0.00000,  5.50366,340.27623, 95.34809,  0.00000, 26.63359,CI.l(95%).Total.SURVEY_LC1_3F40
73.018535,65.752257, 0.000000, 6.992006, 3.802186, 0.000000, 0.000000, 7.294604,CI.l(95%).Total.SURVEY_LC1_3G11
143.8809347, 24.0111702,  0.0000000, -0.4025687, 20.2088044, 11.9517209, -4.4932123, 11.5956838,CI.l(95%).Total.SURVEY_LC1_3G21
0.000000,0.000000,0.000000,0.000000,0.000000,4.001862,0.000000,0.000000,CI.l(95%).Total.SURVEY_LC1_3G30
 0.00000,12.24051, 0.00000, 0.00000, 0.00000, 0.00000, 0.00000, 0.00000,CI.l(95%).Total.SURVEY_LC1_3G40
79.310142,53.260698, 0.000000,10.822452, 4.057473, 4.584054, 0.000000, 3.768346,CI.l(95%).Total.SURVEY_LC1_3H11
 0.00000,13.46038, 0.00000, 0.00000, 0.00000, 0.00000, 0.00000, 0.00000,CI.l(95%).Total.SURVEY_LC1_3H21
0.000000,8.003723,0.000000,0.000000,0.000000,0.000000,0.000000,0.000000,CI.l(95%).Total.SURVEY_LC1_3H22
2590.9432873, 605.9004859,   0.0730031, 204.5034500,5084.9384459,1950.6826777,  98.0544023,2333.7682606,CI.l(95%).Total.SURVEY_LU1_3U111
 12.39677,  0.00000,  0.00000,  0.00000,173.13652, 74.78566,  0.00000, 30.76879,CI.l(95%).Total.SURVEY_LU1_3U112
37.073756,29.154638, 0.000000,-1.207374, 7.784181,41.124176, 4.242897,31.196455,CI.l(95%).Total.SURVEY_LU1_3U113
6120.1879520,4175.0532903, -17.7698291,1547.8113403,1952.2361984, 549.2108666,  -0.8277903, 855.0421703,CI.l(95%).Total.SURVEY_LU1_3U120
48.3340171,11.6730219, 0.0000000,-0.4025687, 3.9591716, 3.9597089, 0.0000000, 7.2946038,CI.l(95%).Total.SURVEY_LU1_3U130
 0.000000,16.179979, 0.000000, 0.000000, 0.000000, 4.251491, 0.000000, 0.000000,CI.l(95%).Total.SURVEY_LU1_3U140
0.11855998,0.00000000,0.00000000,0.00000000,0.00000000,0.00000000,0.00000000,0.06745931,CI.l(95%).Total.SURVEY_LU1_3U150
-4.5151938, 0.0000000, 0.0000000,-0.3486884, 0.0000000, 3.9845601, 0.0000000, 3.6964527,CI.l(95%).Total.SURVEY_LU1_3U210
 0.000000, 0.000000, 0.000000,-5.290228, 0.000000, 0.000000, 0.000000, 3.890977,CI.l(95%).Total.SURVEY_LU1_3U221
-0.3548909, 4.2460824, 0.0000000, 0.0000000, 0.0000000, 0.0000000, 0.0000000, 0.0000000,CI.l(95%).Total.SURVEY_LU1_3U223
0.000000,0.000000,0.000000,3.942217,0.000000,0.000000,0.000000,0.000000,CI.l(95%).Total.SURVEY_LU1_3U224
 4.022534, 0.000000, 0.000000, 0.000000, 0.000000, 0.000000, 0.000000,-7.374833,CI.l(95%).Total.SURVEY_LU1_3U226
0.000000,0.000000,0.000000,0.000000,0.000000,3.937795,0.000000,0.000000,CI.l(95%).Total.SURVEY_LU1_3U227
 4.250518, 0.000000,-4.452847, 0.000000,-4.240235, 0.000000, 0.000000, 0.000000,CI.l(95%).Total.SURVEY_LU1_3U311
  6.259101, 36.279971, -4.452847,  7.779649,144.593242,138.746822,  3.502168, 96.062873,CI.l(95%).Total.SURVEY_LU1_3U312
 75.759627,  8.003723,  0.000000,  0.000000, -4.444800,  0.000000,  0.000000,-18.262258,CI.l(95%).Total.SURVEY_LU1_3U313
 4.03855046,17.35198442, 0.00000000, 0.00000000, 0.06397617, 0.00000000, 0.00000000, 0.00000000,CI.l(95%).Total.SURVEY_LU1_3U314
 0.000000, 0.000000, 0.000000,-4.087920, 4.242130,-2.450836, 0.000000, 0.000000,CI.l(95%).Total.SURVEY_LU1_3U317
4.9930388,4.3286783,4.3411990,0.0000000,1.7831319,4.2460824,0.0000000,0.3577737,CI.l(95%).Total.SURVEY_LU1_3U318
 6.2108652, 1.4418728, 0.0000000, 4.0253355,-3.9965638, 9.1618226, 0.0000000,-0.3294761,CI.l(95%).Total.SURVEY_LU1_3U319
 0.0000000, 8.0037234, 0.0000000, 0.0000000,-0.3354174,16.8446707, 0.0000000,-1.4997426,CI.l(95%).Total.SURVEY_LU1_3U321
0.000000,4.921786,0.000000,0.000000,0.000000,0.000000,4.634246,0.000000,CI.l(95%).Total.SURVEY_LU1_3U322
-4.407616, 8.205791, 0.000000, 0.000000, 4.057473, 1.404290, 0.000000, 0.000000,CI.l(95%).Total.SURVEY_LU1_3U330
-23.497943, 28.746912,  0.000000,  0.000000,  0.000000, -6.899633,  0.000000, -4.160271,CI.l(95%).Total.SURVEY_LU1_3U341
43.795140,25.404458, 0.000000, 0.000000,-7.885994,-3.687902, 4.341199, 4.282326,CI.l(95%).Total.SURVEY_LU1_3U350
21.517680,51.781441, 0.000000, 3.786062,-8.796505, 8.284961, 4.594447, 4.282326,CI.l(95%).Total.SURVEY_LU1_3U361
 -0.4400462, -2.9129682,-18.4844233,  3.6964527,  8.3684166, -2.6988970, -4.2753205,  4.2256428,CI.l(95%).Total.SURVEY_LU1_3U362
115.2517963,142.1812623,-23.4534626, 18.9910783, 95.5825060,115.7892302,  0.7091383,117.8077525,CI.l(95%).Total.SURVEY_LU1_3U370
 0.000000, 4.246082, 0.000000, 3.915138,-4.760294, 0.000000, 0.000000, 0.000000,CI.l(95%).Total.SURVEY_LU1_3U411
  0.00000,-20.61964,  0.00000,  0.00000,  0.00000,  0.00000,  0.00000,  0.00000,CI.l(95%).Total.SURVEY_LU1_3U412
0.000000,4.544505,0.000000,0.000000,0.000000,0.000000,0.000000,0.000000,CI.l(95%).Total.SURVEY_LU1_3U413
11.022985, 8.235475, 0.000000, 0.000000,13.353074, 8.388797, 0.000000, 0.000000,CI.l(95%).Total.SURVEY_LU1_3U414
 8.573361, 5.832038, 0.000000, 0.000000, 0.000000,17.966565, 0.000000, 0.000000,CI.l(95%).Total.SURVEY_LU1_3U415
2258.446261,9730.595868,   1.311745, 253.184241,1110.935492,4445.042894,  21.751401, 601.607375,CI.l(95%).Total.SURVEY_LU1_3U420
11990.365906,15272.700459,    2.590858, 2298.913270, 8898.299512, 7578.101572,  185.946261, 4198.044736,CI.l(95%).Total.settlement0
344.31651,486.29788, 12.17285, 79.95730,412.08496,433.36952, 28.59827,322.05219,CI.l(95%).Total.settlement1
4094.40022,4606.68492,  24.21676, 564.86857,6373.93779,3746.72719, 150.30637,3244.74384,CI.l(95%).Total.fao_class_name0
7739.894233,8634.940396,  -9.562499,1703.077477,2252.685223,2741.923881,  12.438050, 990.730820,CI.l(95%).Total.fao_class_name1
 264.728216,1897.618384,   0.000000,  31.496929, 241.979268,1014.936511,   4.341199,  87.682681,CI.l(95%).Total.fao_class_name2
-13.940053,148.226587,  0.000000,  8.883505,127.431218,167.125014,  8.231740, 30.663404,CI.l(95%).Total.fao_class_name3
12053.50539,15431.19384,   24.98883, 2337.19892, 9162.65129, 7852.81804,  215.90166, 4423.35077,CI.l(95%).Total.lue0
283.211929,343.536127, -9.689917, 42.597235,149.830156,170.266717,  9.511955,138.813909,CI.l(95%).Total.lue1
12244.01328,15633.23463,   57.18746, 2422.07933, 9122.00810, 7833.26557,  213.83691, 4370.39351,CI.l(95%).Total.lud0
163.678162,129.093534,  5.184395, 30.727985,213.583442,202.148771,  8.136414,152.665890,CI.l(95%).Total.lud1
13961.3479,16598.3516,  409.3590, 3499.1155,10615.8526, 8877.4556,  553.4084, 5466.7645,CI.u(95%).Total.area
383.43841,362.11284,151.68910,192.13291,381.49555,441.44118, 67.63646,351.33456,CI.u(95%).Total.SURVEY_LC1_1A
1928.3174, 445.8070,   0.0000, 211.1914,3925.2131, 822.7155, 113.0403,1898.8572,CI.u(95%).Total.SURVEY_LC1_1B
9103.6446,9526.6649, 258.2093,2657.8879,3158.5377,3390.0217, 293.4137,1604.5099,CI.u(95%).Total.SURVEY_LC1_1C
 733.91279,4233.56831,  12.35520, 192.28500, 623.25940,1790.59183,  12.87765, 251.19767,CI.u(95%).Total.SURVEY_LC1_1D
1008.99986,2009.33447,  92.53403, 407.21897,2542.45157,2637.43425, 162.46207,1698.41998,CI.u(95%).Total.SURVEY_LC1_1E
1212.43732, 466.67428,   0.00000, 119.96175, 687.31783, 300.34541,   0.00000,  94.94352,CI.u(95%).Total.SURVEY_LC1_1F
314.79887,102.00394,  0.00000, 57.84501, 54.05626, 15.95358, 23.27766, 44.24707,CI.u(95%).Total.SURVEY_LC1_1G
109.538222, 74.724801,  0.000000, 13.861975,  4.057473,  4.584054,  0.000000,  3.768346,CI.u(95%).Total.SURVEY_LC1_1H
10614.9874, 5812.9142,  255.2415, 2823.1692, 8801.6095, 3403.8630,  464.5289, 4307.1419,CI.u(95%).Total.SURVEY_LU1_1U1
35.572719, 4.246082, 0.000000,36.510099, 0.000000, 7.922355, 0.000000,39.279076,CI.u(95%).Total.SURVEY_LU1_1U2
776.03402,658.81286,203.49566,296.92715,613.76505,607.37364, 74.41773,534.48038,CI.u(95%).Total.SURVEY_LU1_1U3
 3100.10389,10674.95972,   28.64701,  610.52192, 1434.20190, 5177.68917,   49.69729,  792.39651,CI.u(95%).Total.SURVEY_LU1_1U4
222.63632,158.47995,125.96640,129.90304,127.56390,121.76769, 23.51484, 64.57981,CI.u(95%).Total.SURVEY_LC1_2A1
228.35071,271.91207, 37.80404, 73.87045,289.75512,347.53530, 49.71615,294.31093,CI.u(95%).Total.SURVEY_LC1_2A2
 3.959172,30.230437, 4.341199,16.294684, 0.000000,23.122126, 4.634246,28.561585,CI.u(95%).Total.SURVEY_LC1_2A3
 396.74691,   0.00000,   0.00000,  71.93180,2522.25218,  57.69216,  36.81540,1309.20749,CI.u(95%).Total.SURVEY_LC1_2B1
  0.00000,  0.00000,  0.00000,  0.00000,152.96553, 39.81243,  0.00000,112.97271,CI.u(95%).Total.SURVEY_LC1_2B2
103.648884,  0.000000,  0.000000,  4.282326,929.188974, 12.121321,  0.000000,227.632128,CI.u(95%).Total.SURVEY_LC1_2B3
 0.00000, 0.00000, 0.00000, 0.00000,44.48336,50.23235, 0.00000,45.66419,CI.u(95%).Total.SURVEY_LC1_2B4
 36.18283, 15.12168,  0.00000,  0.00000,310.51663,156.68698, 78.71801,172.10794,CI.u(95%).Total.SURVEY_LC1_2B5
 22.16223, 23.32025,  0.00000, 17.92076,326.99249,240.76895, 21.06941,217.57104,CI.u(95%).Total.SURVEY_LC1_2B7
 13.818681,330.200292,  0.000000,  4.184024,120.609748,434.490683,  0.000000, 83.912993,CI.u(95%).Total.SURVEY_LC1_2B8
1540.8328, 124.6474,   0.0000, 144.9668,   0.0000,   0.0000,   0.0000,   0.0000,CI.u(95%).Total.SURVEY_LC1_2Bx
8399.0748,6014.7150, 258.2093,2589.8596,3051.8077,2162.7253, 293.4137,1548.3806,CI.u(95%).Total.SURVEY_LC1_2C1
 288.63217,1839.13599,   0.00000,  13.52964,  45.61763, 546.01507,   0.00000,   4.51869,CI.u(95%).Total.SURVEY_LC1_2C2
 859.9804,2270.0415,   0.0000, 140.9633, 167.0774, 935.8059,   0.0000, 122.5635,CI.u(95%).Total.SURVEY_LC1_2C3
 288.632940,1788.372609,  12.355202,  87.700149, 448.876482,1073.991108,   4.294138, 136.112828,CI.u(95%).Total.SURVEY_LC1_2D1
 467.139310,2567.731800,   0.000000, 115.005486, 202.077703, 790.918065,   8.583517, 136.014002,CI.u(95%).Total.SURVEY_LC1_2D2
0.000000,4.275766,0.000000,0.000000,0.000000,0.000000,0.000000,0.000000,CI.u(95%).Total.SURVEY_LC1_2Dx
 178.492486,1004.496621,  33.641584, 135.062521, 272.428203,1184.524539,   4.341199, 202.060209,CI.u(95%).Total.SURVEY_LC1_2E1
 576.1166, 961.7728,  72.8542, 211.8258,1465.1173,1436.3711, 149.5299,1213.3227,CI.u(95%).Total.SURVEY_LC1_2E2
321.33719,141.67240,  0.00000,156.21588,954.65020,196.19679, 10.12625,392.67284,CI.u(95%).Total.SURVEY_LC1_2E3
  0.000000,402.854994,  0.000000,  7.704591,  0.000000, 75.983604,  0.000000,  0.000000,CI.u(95%).Total.SURVEY_LC1_2F1
 0.000000,16.701023, 0.000000, 4.186961, 0.000000, 3.946122, 0.000000, 0.000000,CI.u(95%).Total.SURVEY_LC1_2F2
1212.43732,  62.98167,   0.00000, 108.07020, 687.31783, 235.39421,   0.00000,  94.94352,CI.u(95%).Total.SURVEY_LC1_2F4
130.567514, 65.752257,  0.000000, 42.096886,  3.802186,  0.000000,  0.000000,  7.294604,CI.u(95%).Total.SURVEY_LC1_2G1
215.44924, 24.01117,  0.00000, 24.95422, 50.25407, 11.95172, 23.27766, 36.95247,CI.u(95%).Total.SURVEY_LC1_2G2
0.000000,0.000000,0.000000,0.000000,0.000000,4.001862,0.000000,0.000000,CI.u(95%).Total.SURVEY_LC1_2G3
 0.00000,12.24051, 0.00000, 0.00000, 0.00000, 0.00000, 0.00000, 0.00000,CI.u(95%).Total.SURVEY_LC1_2G4
109.538222, 53.260698,  0.000000, 13.861975,  4.057473,  4.584054,  0.000000,  3.768346,CI.u(95%).Total.SURVEY_LC1_2H1
 0.0000,21.4641, 0.0000, 0.0000, 0.0000, 0.0000, 0.0000, 0.0000,CI.u(95%).Total.SURVEY_LC1_2H2
3350.4427, 921.5687,  12.3552, 416.4200,6149.1178,2572.6351, 244.2756,2978.2391,CI.u(95%).Total.SURVEY_LU1_2U11
7439.3321,4978.9382, 248.8860,2483.0943,2893.2383, 939.6835, 274.0123,1484.1296,CI.u(95%).Total.SURVEY_LU1_2U12
105.882996, 11.673022,  0.000000, 24.954217,  3.959172,  3.959709,  0.000000,  7.294604,CI.u(95%).Total.SURVEY_LU1_2U13
 0.000000,16.179979, 0.000000, 0.000000, 0.000000, 4.251491, 0.000000, 0.000000,CI.u(95%).Total.SURVEY_LU1_2U14
10.69578, 0.00000, 0.00000, 0.00000, 0.00000, 0.00000, 0.00000,11.41696,CI.u(95%).Total.SURVEY_LU1_2U15
24.109375, 0.000000, 0.000000,12.269349, 0.000000, 3.984560, 0.000000, 3.696453,CI.u(95%).Total.SURVEY_LU1_2U21
16.510131, 4.246082, 0.000000,29.301916, 0.000000, 3.937795, 0.000000,35.582623,CI.u(95%).Total.SURVEY_LU1_2U22
248.88911,215.09298, 42.14524, 54.28076,327.35575,299.17331, 40.50950,325.09754,CI.u(95%).Total.SURVEY_LU1_2U31
 0.000000,36.441214, 0.000000, 0.000000,11.802379,16.844671, 4.634246,15.417301,CI.u(95%).Total.SURVEY_LU1_2U32
23.534948, 8.205791, 0.000000, 0.000000, 4.057473,23.423186, 0.000000, 0.000000,CI.u(95%).Total.SURVEY_LU1_2U33
131.97423, 28.74691,  0.00000,  0.00000,  0.00000,102.03105,  0.00000, 22.63400,CI.u(95%).Total.SURVEY_LU1_2U34
 69.509470,155.424840,  0.000000,  0.000000, 79.469355, 21.558130,  4.341199,  4.282326,CI.u(95%).Total.SURVEY_LU1_2U35
 92.649544, 71.884611, 66.197066, 42.587395,109.091473, 27.073126, 27.854376,  8.507968,CI.u(95%).Total.SURVEY_LU1_2U36
387.93918,286.21936,144.07970,233.18975,196.38637,243.09380, 10.77698,220.07979,CI.u(95%).Total.SURVEY_LU1_2U37
 37.35542,158.19326,  0.00000, 14.48797, 62.11501, 87.92869,  0.00000,  0.00000,CI.u(95%).Total.SURVEY_LU1_2U41
 3071.55321,10578.21149,   28.64701,  601.24382, 1392.64888, 5115.23223,   49.69729,  792.39651,CI.u(95%).Total.SURVEY_LU1_2U42
222.63632,125.26685,125.96640,129.90304,110.90116,121.76769, 23.51484, 64.57981,CI.u(95%).Total.SURVEY_LC1_3A11
 0.00000,72.63415, 0.00000, 0.00000, 0.00000, 0.00000, 0.00000, 0.00000,CI.u(95%).Total.SURVEY_LC1_3A12
 0.00000, 0.00000, 0.00000, 0.00000,31.67666, 0.00000, 0.00000, 0.00000,CI.u(95%).Total.SURVEY_LC1_3A13
181.87025,207.53661, 23.77647, 53.93813,103.55368,127.35340, 23.25993, 57.91765,CI.u(95%).Total.SURVEY_LC1_3A21
 81.27325, 72.72790, 23.77647, 30.13482,214.52699,250.95835, 35.64892,256.28350,CI.u(95%).Total.SURVEY_LC1_3A22
 3.959172,30.230437, 4.341199,16.294684, 0.000000,23.122126, 4.634246,28.561585,CI.u(95%).Total.SURVEY_LC1_3A30
 32.08307,  0.00000,  0.00000,  0.00000,659.45260,  0.00000,  0.00000,102.20463,CI.u(95%).Total.SURVEY_LC1_3B11
 0.000000, 0.000000, 0.000000, 0.000000, 4.590627, 0.000000, 0.000000,38.015898,CI.u(95%).Total.SURVEY_LC1_3B12
  0.00000,  0.00000,  0.00000,  0.00000,216.30636, 25.40018,  0.00000,163.59989,CI.u(95%).Total.SURVEY_LC1_3B13
0.000000,0.000000,0.000000,0.000000,0.000000,0.000000,0.000000,9.945088,CI.u(95%).Total.SURVEY_LC1_3B14
  0.00000,  0.00000,  0.00000,  0.00000,111.49622,  0.00000,  0.00000, 72.16816,CI.u(95%).Total.SURVEY_LC1_3B15
 382.94485,   0.00000,   0.00000,  71.93180,1731.04120,  42.18695,  36.81540,1061.28692,CI.u(95%).Total.SURVEY_LC1_3B16
 0.00000, 0.00000, 0.00000, 0.00000,30.20535, 0.00000, 0.00000,34.01967,CI.u(95%).Total.SURVEY_LC1_3B18
 0.000000, 0.000000, 0.000000, 0.000000,81.332854, 0.000000, 0.000000, 4.282326,CI.u(95%).Total.SURVEY_LC1_3B19
  0.00000,  0.00000,  0.00000,  0.00000, 42.43189, 39.81243,  0.00000,112.97271,CI.u(95%).Total.SURVEY_LC1_3B21
  0.0000,  0.0000,  0.0000,  0.0000,128.5432,  0.0000,  0.0000,  0.0000,CI.u(95%).Total.SURVEY_LC1_3B22
  0.00000,  0.00000,  0.00000,  0.00000,457.58138,  0.00000,  0.00000, 77.55073,CI.u(95%).Total.SURVEY_LC1_3B31
 3.802186, 0.000000, 0.000000, 4.282326,34.140852, 0.000000, 0.000000,87.557646,CI.u(95%).Total.SURVEY_LC1_3B32
 99.84670,  0.00000,  0.00000,  0.00000,526.68796,  0.00000,  0.00000, 94.46889,CI.u(95%).Total.SURVEY_LC1_3B33
 0.00000, 0.00000, 0.00000, 0.00000,33.71449, 0.00000, 0.00000, 0.00000,CI.u(95%).Total.SURVEY_LC1_3B36
 0.00000, 0.00000, 0.00000, 0.00000, 0.00000,12.12132, 0.00000,48.52709,CI.u(95%).Total.SURVEY_LC1_3B37
 0.000000, 0.000000, 0.000000, 0.000000,30.205346, 4.275766, 0.000000, 3.631948,CI.u(95%).Total.SURVEY_LC1_3B41
 0.00000, 0.00000, 0.00000, 0.00000,23.58560,45.95659, 0.00000,42.03225,CI.u(95%).Total.SURVEY_LC1_3B43
 0.00000, 0.00000, 0.00000, 0.00000,31.63832,32.65264, 0.00000,35.56515,CI.u(95%).Total.SURVEY_LC1_3B51
 0.00000, 0.00000, 0.00000, 0.00000,81.67907,78.59139, 0.00000,32.74391,CI.u(95%).Total.SURVEY_LC1_3B52
 0.00000, 0.00000, 0.00000, 0.00000,11.04961,16.41240, 0.00000,33.93414,CI.u(95%).Total.SURVEY_LC1_3B53
 36.18283, 15.12168,  0.00000,  0.00000,240.69895, 61.68115, 78.71801,115.84119,CI.u(95%).Total.SURVEY_LC1_3B55
14.03980, 0.00000, 0.00000,13.63843,69.75186,27.86122, 0.00000,60.23654,CI.u(95%).Total.SURVEY_LC1_3B71
 0.00000, 0.00000, 0.00000, 0.00000,49.00195, 0.00000, 0.00000,21.96710,CI.u(95%).Total.SURVEY_LC1_3B72
 4.061215, 0.000000, 0.000000, 4.282326, 4.061215,16.986494, 0.000000,25.662437,CI.u(95%).Total.SURVEY_LC1_3B73
  4.061215,  0.000000,  0.000000,  0.000000,152.648081, 46.686967,  4.496145,107.087033,CI.u(95%).Total.SURVEY_LC1_3B74
  0.00000, 23.32025,  0.00000,  0.00000,131.94226,183.13849, 16.57327, 56.06534,CI.u(95%).Total.SURVEY_LC1_3B75
0.000000,0.000000,0.000000,0.000000,0.000000,4.035446,0.000000,0.000000,CI.u(95%).Total.SURVEY_LC1_3B77
  0.0000,306.0855,  0.0000,  0.0000,  0.0000,306.6000,  0.0000,  0.0000,CI.u(95%).Total.SURVEY_LC1_3B81
  9.524844, 37.374163,  0.000000,  4.184024,120.609748,190.406258,  0.000000, 58.776695,CI.u(95%).Total.SURVEY_LC1_3B82
 4.293837, 0.000000, 0.000000, 0.000000, 0.000000, 0.000000, 0.000000,12.444951,CI.u(95%).Total.SURVEY_LC1_3B83
 0.00000, 0.00000, 0.00000, 0.00000, 0.00000, 0.00000, 0.00000,29.63386,CI.u(95%).Total.SURVEY_LC1_3B84
1471.84712,  94.01466,   0.00000, 123.98502,   0.00000,   0.00000,   0.00000,   0.00000,CI.u(95%).Total.SURVEY_LC1_3Bx1
97.24453,39.17849, 0.00000,34.12879, 0.00000, 0.00000, 0.00000, 0.00000,CI.u(95%).Total.SURVEY_LC1_3Bx2
8399.0748,6014.7150, 258.2093,2589.8596,3051.8077,2162.7253, 293.4137,1548.3806,CI.u(95%).Total.SURVEY_LC1_3C10
125.819896,535.513859,  0.000000,  9.617977, 25.066177,103.546711,  0.000000,  4.518690,CI.u(95%).Total.SURVEY_LC1_3C21
124.9944,885.1224,  0.0000,  0.0000, 29.5790,442.9066,  0.0000,  0.0000,CI.u(95%).Total.SURVEY_LC1_3C22
  0.00000,220.72723,  0.00000,  0.00000,  0.00000, 77.08191,  0.00000,  0.00000,CI.u(95%).Total.SURVEY_LC1_3C23
144.761622,463.828947,  0.000000,  3.911664,  0.000000,  0.000000,  0.000000,  0.000000,CI.u(95%).Total.SURVEY_LC1_3C2x
214.43121,383.27412,  0.00000,  0.00000, 37.17285,163.41394,  0.00000,122.56353,CI.u(95%).Total.SURVEY_LC1_3C31
  0.00000,307.67184,  0.00000, 19.27371,  0.00000,296.33505,  0.00000,  0.00000,CI.u(95%).Total.SURVEY_LC1_3C32
 425.2797,1035.7129,   0.0000, 132.1821, 145.8259, 607.6053,   0.0000,   0.0000,CI.u(95%).Total.SURVEY_LC1_3C33
430.1556,860.9594,  0.0000,  0.0000,  0.0000,  0.0000,  0.0000,  0.0000,CI.u(95%).Total.SURVEY_LC1_3C3x
 288.632940,1788.372609,  12.355202,  87.700149, 448.876482,1073.991108,   4.294138, 136.112828,CI.u(95%).Total.SURVEY_LC1_3D10
 467.139310,2567.731800,   0.000000, 115.005486, 202.077703, 790.918065,   8.583517, 136.014002,CI.u(95%).Total.SURVEY_LC1_3D20
0.000000,4.275766,0.000000,0.000000,0.000000,0.000000,0.000000,0.000000,CI.u(95%).Total.SURVEY_LC1_3Dxx
 178.492486,1004.496621,  33.641584, 135.062521, 272.428203,1184.524539,   4.341199, 202.060209,CI.u(95%).Total.SURVEY_LC1_3E10
 576.1166, 961.7728,  72.8542, 211.8258,1465.1173,1436.3711, 149.5299,1213.3227,CI.u(95%).Total.SURVEY_LC1_3E20
321.33719,141.67240,  0.00000,156.21588,954.65020,196.19679, 10.12625,392.67284,CI.u(95%).Total.SURVEY_LC1_3E30
  0.000000,402.854994,  0.000000,  7.704591,  0.000000, 75.983604,  0.000000,  0.000000,CI.u(95%).Total.SURVEY_LC1_3F10
 0.000000,16.701023, 0.000000, 4.186961, 0.000000, 3.946122, 0.000000, 0.000000,CI.u(95%).Total.SURVEY_LC1_3F20
1212.43732,  62.98167,   0.00000, 108.07020, 687.31783, 235.39421,   0.00000,  94.94352,CI.u(95%).Total.SURVEY_LC1_3F40
130.567514, 65.752257,  0.000000, 42.096886,  3.802186,  0.000000,  0.000000,  7.294604,CI.u(95%).Total.SURVEY_LC1_3G11
215.44924, 24.01117,  0.00000, 24.95422, 50.25407, 11.95172, 23.27766, 36.95247,CI.u(95%).Total.SURVEY_LC1_3G21
0.000000,0.000000,0.000000,0.000000,0.000000,4.001862,0.000000,0.000000,CI.u(95%).Total.SURVEY_LC1_3G30
 0.00000,12.24051, 0.00000, 0.00000, 0.00000, 0.00000, 0.00000, 0.00000,CI.u(95%).Total.SURVEY_LC1_3G40
109.538222, 53.260698,  0.000000, 13.861975,  4.057473,  4.584054,  0.000000,  3.768346,CI.u(95%).Total.SURVEY_LC1_3H11
 0.00000,13.46038, 0.00000, 0.00000, 0.00000, 0.00000, 0.00000, 0.00000,CI.u(95%).Total.SURVEY_LC1_3H21
0.000000,8.003723,0.000000,0.000000,0.000000,0.000000,0.000000,0.000000,CI.u(95%).Total.SURVEY_LC1_3H22
3268.8280, 881.5231,  12.3552, 400.8685,5824.1379,2346.1287, 240.0327,2853.7359,CI.u(95%).Total.SURVEY_LU1_3U111
 12.39677,  0.00000,  0.00000,  0.00000,426.80034,178.72951,  0.00000, 86.65758,CI.u(95%).Total.SURVEY_LU1_3U112
 99.457242, 50.293631,  0.000000, 30.348304, 35.704967,163.075913,  4.242897, 95.624978,CI.u(95%).Total.SURVEY_LU1_3U113
7439.3321,4978.9382, 248.8860,2483.0943,2893.2383, 939.6835, 274.0123,1484.1296,CI.u(95%).Total.SURVEY_LU1_3U120
105.882996, 11.673022,  0.000000, 24.954217,  3.959172,  3.959709,  0.000000,  7.294604,CI.u(95%).Total.SURVEY_LU1_3U130
 0.000000,16.179979, 0.000000, 0.000000, 0.000000, 4.251491, 0.000000, 0.000000,CI.u(95%).Total.SURVEY_LU1_3U140
10.69578, 0.00000, 0.00000, 0.00000, 0.00000, 0.00000, 0.00000,11.41696,CI.u(95%).Total.SURVEY_LU1_3U150
24.109375, 0.000000, 0.000000,12.269349, 0.000000, 3.984560, 0.000000, 3.696453,CI.u(95%).Total.SURVEY_LU1_3U210
 0.000000, 0.000000, 0.000000,25.359699, 0.000000, 0.000000, 0.000000, 3.890977,CI.u(95%).Total.SURVEY_LU1_3U221
12.487597, 4.246082, 0.000000, 0.000000, 0.000000, 0.000000, 0.000000, 0.000000,CI.u(95%).Total.SURVEY_LU1_3U223
0.000000,0.000000,0.000000,3.942217,0.000000,0.000000,0.000000,0.000000,CI.u(95%).Total.SURVEY_LU1_3U224
 4.022534, 0.000000, 0.000000, 0.000000, 0.000000, 0.000000, 0.000000,31.691646,CI.u(95%).Total.SURVEY_LU1_3U226
0.000000,0.000000,0.000000,0.000000,0.000000,3.937795,0.000000,0.000000,CI.u(95%).Total.SURVEY_LU1_3U227
 4.250518, 0.000000,23.776467, 0.000000,23.069048, 0.000000, 0.000000, 0.000000,CI.u(95%).Total.SURVEY_LU1_3U311
 90.54068,173.11735, 23.77647, 37.81659,247.74797,274.88603, 40.50950,272.38746,CI.u(95%).Total.SURVEY_LU1_3U312
143.051170,  8.003723,  0.000000,  0.000000, 23.026857,  0.000000,  0.000000, 65.401439,CI.u(95%).Total.SURVEY_LU1_3U313
 4.03855,17.35198, 0.00000, 0.00000,10.82747, 0.00000, 0.00000, 0.00000,CI.u(95%).Total.SURVEY_LU1_3U314
 0.00000, 0.00000, 0.00000,21.82790,15.31259,17.06131, 0.00000, 0.00000,CI.u(95%).Total.SURVEY_LU1_3U317
32.140136, 4.328678, 4.341199, 0.000000,51.715262, 4.246082, 0.000000,26.122970,CI.u(95%).Total.SURVEY_LU1_3U318
10.931551,21.655676, 0.000000, 4.025336,21.743351,14.864840, 0.000000,11.593322,CI.u(95%).Total.SURVEY_LU1_3U319
 0.000000, 8.003723, 0.000000, 0.000000,11.802379,16.844671, 0.000000,15.417301,CI.u(95%).Total.SURVEY_LU1_3U321
 0.000000,28.437491, 0.000000, 0.000000, 0.000000, 0.000000, 4.634246, 0.000000,CI.u(95%).Total.SURVEY_LU1_3U322
23.534948, 8.205791, 0.000000, 0.000000, 4.057473,23.423186, 0.000000, 0.000000,CI.u(95%).Total.SURVEY_LU1_3U330
131.97423, 28.74691,  0.00000,  0.00000,  0.00000,102.03105,  0.00000, 22.63400,CI.u(95%).Total.SURVEY_LU1_3U341
 69.509470,155.424840,  0.000000,  0.000000, 79.469355, 21.558130,  4.341199,  4.282326,CI.u(95%).Total.SURVEY_LU1_3U350
 76.363409, 51.781441,  0.000000, 38.890942,100.723056,  8.284961,  4.594447,  4.282326,CI.u(95%).Total.SURVEY_LU1_3U361
27.031611,20.103170,66.197066, 3.696453, 8.368417,18.788165,23.259930, 4.225643,CI.u(95%).Total.SURVEY_LU1_3U362
387.93918,286.21936,144.07970,233.18975,196.38637,243.09380, 10.77698,220.07979,CI.u(95%).Total.SURVEY_LU1_3U370
 0.000000, 4.246082, 0.000000,14.487973,25.418113, 0.000000, 0.000000, 0.000000,CI.u(95%).Total.SURVEY_LU1_3U411
 0.00000,72.63415, 0.00000, 0.00000, 0.00000, 0.00000, 0.00000, 0.00000,CI.u(95%).Total.SURVEY_LU1_3U412
0.000000,4.544505,0.000000,0.000000,0.000000,0.000000,0.000000,0.000000,CI.u(95%).Total.SURVEY_LU1_3U413
28.782057, 8.235475, 0.000000, 0.000000,45.861926,52.389131, 0.000000, 0.000000,CI.u(95%).Total.SURVEY_LU1_3U414
 8.573361,95.274199, 0.000000, 0.000000, 0.000000,45.309030, 0.000000, 0.000000,CI.u(95%).Total.SURVEY_LU1_3U415
 3071.55321,10578.21149,   28.64701,  601.24382, 1392.64888, 5115.23223,   49.69729,  792.39651,CI.u(95%).Total.SURVEY_LU1_3U420
13458.9245,16034.0254,  270.9123, 3298.0004,10111.4762, 8347.9860,  495.2561, 5030.1626,CI.u(95%).Total.settlement0
633.79973,633.13678,203.49566,299.44255,590.73266,624.38243, 83.02768,529.42696,CI.u(95%).Total.settlement1
4838.3862,5127.3876, 216.3082, 902.8546,7139.0150,4227.9894, 301.4684,3815.9731,CI.u(95%).Total.fao_class_name0
9037.9433,9406.5546, 258.2093,2671.6892,3208.2273,3385.8264, 287.2782,1627.5985,CI.u(95%).Total.fao_class_name1
 300.872706,2268.561773,   0.000000,  75.819231, 366.916960,1340.353836,   4.341199, 156.898549,CI.u(95%).Total.fao_class_name2
165.12181,336.18622,  0.00000, 17.62397,302.40057,358.95727, 24.42322,125.39567,CI.u(95%).Total.fao_class_name3
13524.4567,16207.4898,  295.8440, 3336.8638,10377.7265, 8626.4776,  528.5846, 5274.3939,CI.u(95%).Total.lue0
566.23260,443.94070,178.02879,259.65351,322.38546,334.27715, 38.83006,243.12795,CI.u(95%).Total.lue1
13738.0298,16394.4318,  384.6546, 3442.9727,10339.5599, 8606.9473,  525.7112, 5202.5496,CI.u(95%).Total.lud0
281.68544,269.40053, 42.14524, 80.53347,337.44188,341.47788, 45.14374,354.07745,CI.u(95%).Total.lud1
0.02886839,0.01212420,0.34372186,0.08724377,0.03108079,0.02316385,0.20206285,0.04321979,CV.Total.area
0.26132095,0.07696785,0.63331675,0.36825320,0.10630745,0.09437333,0.33263475,0.18284499,CV.Total.SURVEY_LC1_1A
0.09050238,0.14816534,NA,0.24367415,0.04900411,0.08434581,0.45816270,0.06939871,CV.Total.SURVEY_LC1_1B
0.03965323,0.02161151,0.54945721,0.11336206,0.09089482,0.05429213,0.45003159,0.12550951,CV.Total.SURVEY_LC1_1C
0.08069421,0.03425814,0.50421948,0.07629532,0.06406690,0.05099066,0.00000000,0.12827649,CV.Total.SURVEY_LC1_1D
0.06553531,0.04330665,0.50797729,0.24855646,0.04945457,0.03399633,0.19379050,0.05798071,CV.Total.SURVEY_LC1_1E
0.12655440,0.06027103,NA,0.38098417,0.17231054,0.16104531,NA,0.28667113,CV.Total.SURVEY_LC1_1F
0.06043849,0.00000000,NA,0.29133690,0.19636274,0.00000000,0.75429803,0.20490836,CV.Total.SURVEY_LC1_1G
0.08166750,0.00000000,NA,0.06282526,0.00000000,0.00000000,NA,0.00000000,CV.Total.SURVEY_LC1_1H
0.03835397,0.04020791,0.55922307,0.10404160,0.03723605,0.04465561,0.25463060,0.05348090,CV.Total.SURVEY_LU1_1U1
0.4024739,0.0000000,NA,0.4241136,NA,0.0000000,NA,0.5047202,CV.Total.SURVEY_LU1_1U2
0.12075322,0.07686134,0.45261810,0.30071250,0.10186367,0.09514558,0.23704325,0.13204081,CV.Total.SURVEY_LU1_1U3
0.07702584,0.02125740,0.46553404,0.20354771,0.05627482,0.03535388,0.19956093,0.06982992,CV.Total.SURVEY_LU1_1U4
0.4577135,0.3859733,0.9499679,0.7272440,0.2747388,0.3081032,0.7400129,0.3180541,CV.Total.SURVEY_LC1_2A1
0.3707413,0.1688582,0.4879500,0.2742516,0.1248300,0.1314440,0.4393640,0.2243855,CV.Total.SURVEY_LC1_2A2
0.00000000,0.25625106,0.00000000,0.32235669,NA,0.07177276,0.00000000,0.49824148,CV.Total.SURVEY_LC1_2A3
0.23983275,NA,NA,0.79781351,0.06686099,0.37459246,0.81968977,0.08753122,CV.Total.SURVEY_LC1_2B1
NA,NA,NA,NA,0.4339337,0.3311173,NA,0.6002741,CV.Total.SURVEY_LC1_2B2
0.5111793,NA,NA,0.0000000,0.1344346,0.5606119,NA,0.2952886,CV.Total.SURVEY_LC1_2B3
NA,NA,NA,NA,0.5596766,0.2949093,NA,0.4331952,CV.Total.SURVEY_LC1_2B4
0.5597199,0.6862436,NA,NA,0.2543925,0.1497095,0.7978135,0.2649272,CV.Total.SURVEY_LC1_2B5
0.1376463,0.4510893,NA,0.1645509,0.1925115,0.2511426,0.2196315,0.1660885,CV.Total.SURVEY_LC1_2B7
0.2422683,0.2015864,NA,0.0000000,0.4038876,0.1646330,NA,0.2570741,CV.Total.SURVEY_LC1_2B8
0.1078005,0.1966609,NA,0.2863445,NA,NA,NA,NA,CV.Total.SURVEY_LC1_2Bx
0.04415131,0.03844015,0.54945721,0.11547244,0.09323232,0.06759330,0.45003159,0.12658844,CV.Total.SURVEY_LC1_2C1
0.51275650,0.08341027,NA,0.27654712,0.45857841,0.16885805,NA,0.00000000,CV.Total.SURVEY_LC1_2C2
0.25548388,0.07905178,NA,0.82081044,0.60263907,0.13152236,NA,0.95651857,CV.Total.SURVEY_LC1_2C3
0.04808870,0.05530419,0.50421948,0.12870261,0.07531875,0.06320366,0.00000000,0.17017664,CV.Total.SURVEY_LC1_2D1
0.13409365,0.04740606,NA,0.09322762,0.12390521,0.09003174,0.00000000,0.19316124,CV.Total.SURVEY_LC1_2D2
NA,  0,NA,NA,NA,NA,NA,NA,CV.Total.SURVEY_LC1_2Dx
0.08066333,0.06937492,0.54293252,0.66847763,0.13875259,0.07376183,0.00000000,0.17232755,CV.Total.SURVEY_LC1_2E1
0.09843639,0.06578169,0.72592458,0.22419459,0.05848589,0.06177399,0.21752116,0.06971326,CV.Total.SURVEY_LC1_2E2
0.12752349,0.11328183,NA,0.65849365,0.10698916,0.12932004,0.09300804,0.14324683,CV.Total.SURVEY_LC1_2E3
NA,0.06413106,NA,0.00000000,NA,0.14719589,NA,NA,CV.Total.SURVEY_LC1_2F1
NA,  0,NA,  0,NA,  0,NA,NA,CV.Total.SURVEY_LC1_2F2
0.1265544,0.2406310,NA,0.4607647,0.1723105,0.2160395,NA,0.2866711,CV.Total.SURVEY_LC1_2F4
0.1442253,0.0000000,NA,0.3648683,0.0000000,NA,NA,0.0000000,CV.Total.SURVEY_LC1_2G1
0.1016199,0.0000000,NA,0.5269452,0.2175543,0.0000000,0.7542980,0.2664854,CV.Total.SURVEY_LC1_2G2
NA,NA,NA,NA,NA,  0,NA,NA,CV.Total.SURVEY_LC1_2G3
NA,  0,NA,NA,NA,NA,NA,NA,CV.Total.SURVEY_LC1_2G4
0.08166750,0.00000000,NA,0.06282526,0.00000000,0.00000000,NA,0.00000000,CV.Total.SURVEY_LC1_2H1
NA,  0,NA,NA,NA,NA,NA,NA,CV.Total.SURVEY_LC1_2H2
0.05760376,0.08995909,0.50421948,0.15947546,0.03293512,0.04193112,0.20901589,0.04928840,CV.Total.SURVEY_LU1_2U11
0.04963635,0.04480591,0.58867101,0.11838381,0.09908461,0.13380692,0.51330550,0.13721476,CV.Total.SURVEY_LU1_2U12
0.1903957,0.0000000,NA,0.5269452,0.0000000,0.0000000,NA,0.0000000,CV.Total.SURVEY_LU1_2U13
NA,  0,NA,NA,NA,  0,NA,NA,CV.Total.SURVEY_LU1_2U14
0.4990263,NA,NA,NA,NA,NA,NA,0.5042195,CV.Total.SURVEY_LU1_2U15
0.7453560,NA,NA,0.5400617,NA,0.0000000,NA,0.0000000,CV.Total.SURVEY_LU1_2U21
0.3247340,0.0000000,NA,0.5594211,NA,0.0000000,NA,0.6209660,CV.Total.SURVEY_LU1_2U22
0.1469576,0.2418044,0.3984379,0.2656930,0.1183438,0.1523507,0.4290144,0.2215609,CV.Total.SURVEY_LU1_2U31
NA,0.2430388,NA,NA,0.5400617,0.0000000,0.0000000,0.6201737,CV.Total.SURVEY_LU1_2U32
0.7453560,0.0000000,NA,NA,0.0000000,0.4524962,NA,NA,CV.Total.SURVEY_LU1_2U33
0.7312565,0.0000000,NA,NA,NA,0.5842223,NA,0.7400129,CV.Total.SURVEY_LU1_2U34
0.1157923,0.3668551,NA,NA,0.6226290,0.7208003,0.0000000,0.0000000,CV.Total.SURVEY_LU1_2U35
0.24932757,0.09724922,0.90553851,0.35771949,0.51423351,0.33567851,0.49865490,0.00000000,CV.Total.SURVEY_LU1_2U36
0.2764930,0.1715454,0.7086159,0.4333678,0.1761540,0.1809852,0.4472136,0.1544318,CV.Total.SURVEY_LU1_2U37
0.1590981,0.3522228,NA,0.2931245,0.2833460,0.2130615,NA,NA,CV.Total.SURVEY_LU1_2U41
0.07783455,0.02129445,0.46553404,0.20784041,0.05741127,0.03576671,0.19956093,0.06982992,CV.Total.SURVEY_LU1_2U42
0.4577135,0.4850358,0.9499679,0.7272440,0.2897339,0.3081032,0.7400129,0.3180541,CV.Total.SURVEY_LC1_3A11
NA,0.914732,NA,NA,NA,NA,NA,NA,CV.Total.SURVEY_LC1_3A12
NA,NA,NA,NA,0.8164966,NA,NA,NA,CV.Total.SURVEY_LC1_3A13
0.4887502,0.2433442,0.7453560,0.3255294,0.2633611,0.2068112,0.7400129,0.3174207,CV.Total.SURVEY_LC1_3A21
0.54324098,0.07157139,0.74535599,0.50690974,0.15516775,0.17921832,0.54600377,0.26484863,CV.Total.SURVEY_LC1_3A22
0.00000000,0.25625106,0.00000000,0.32235669,NA,0.07177276,0.00000000,0.49824148,CV.Total.SURVEY_LC1_3A30
0.8196898,NA,NA,NA,0.1678908,NA,NA,0.2734633,CV.Total.SURVEY_LC1_3B11
NA,NA,NA,NA,0.0000000,NA,NA,0.6225081,CV.Total.SURVEY_LC1_3B12
NA,NA,NA,NA,0.3019687,0.7608859,NA,0.3955244,CV.Total.SURVEY_LC1_3B13
NA,NA,NA,NA,NA,NA,NA,0.5042195,CV.Total.SURVEY_LC1_3B14
NA,NA,NA,NA,0.4411832,NA,NA,0.7911488,CV.Total.SURVEY_LC1_3B15
0.24833511,NA,NA,0.79781351,0.08294064,0.42270633,0.81968977,0.09748367,CV.Total.SURVEY_LC1_3B16
NA,NA,NA,NA,0.8196898,NA,NA,0.8196898,CV.Total.SURVEY_LC1_3B18
NA,NA,NA,NA,0.7475174,NA,NA,0.0000000,CV.Total.SURVEY_LC1_3B19
NA,NA,NA,NA,0.5152603,0.3311173,NA,0.6002741,CV.Total.SURVEY_LC1_3B21
NA,NA,NA,NA,0.5553268,NA,NA,NA,CV.Total.SURVEY_LC1_3B22
NA,NA,NA,NA,0.2215683,NA,NA,0.6771348,CV.Total.SURVEY_LC1_3B31
0.0000000,NA,NA,0.0000000,0.8196898,NA,NA,0.5894223,CV.Total.SURVEY_LC1_3B32
0.5516935,NA,NA,NA,0.1820408,NA,NA,0.5045696,CV.Total.SURVEY_LC1_3B33
NA,NA,NA,NA,0.6291657,NA,NA,NA,CV.Total.SURVEY_LC1_3B36
NA,NA,NA,NA,NA,0.5606119,NA,0.5786816,CV.Total.SURVEY_LC1_3B37
NA,NA,NA,NA,0.8196898,0.0000000,NA,0.0000000,CV.Total.SURVEY_LC1_3B41
NA,NA,NA,NA,0.7400129,0.3406678,NA,0.5078882,CV.Total.SURVEY_LC1_3B43
NA,NA,NA,NA,0.3922497,0.4045775,NA,0.5838049,CV.Total.SURVEY_LC1_3B51
NA,NA,NA,NA,0.7090624,0.2322453,NA,0.6064996,CV.Total.SURVEY_LC1_3B52
NA,NA,NA,NA,0.5400617,0.6862436,NA,0.6035897,CV.Total.SURVEY_LC1_3B53
0.5597199,0.6862436,NA,NA,0.3097594,0.2404599,0.7978135,0.3826780,CV.Total.SURVEY_LC1_3B55
0.2574625,NA,NA,0.2405808,0.3477234,0.4835702,NA,0.3187910,CV.Total.SURVEY_LC1_3B71
NA,NA,NA,NA,0.5717637,NA,NA,0.7500000,CV.Total.SURVEY_LC1_3B72
0.0000000,NA,NA,0.0000000,0.0000000,0.6546537,NA,0.7791937,CV.Total.SURVEY_LC1_3B73
0.0000000,NA,NA,NA,0.3773357,0.3381606,0.0000000,0.3225742,CV.Total.SURVEY_LC1_3B74
NA,0.4510893,NA,NA,0.3207542,0.3590651,0.3161337,0.1642712,CV.Total.SURVEY_LC1_3B75
NA,NA,NA,NA,NA,  0,NA,NA,CV.Total.SURVEY_LC1_3B77
NA,0.2206870,NA,NA,NA,0.2143912,NA,NA,CV.Total.SURVEY_LC1_3B81
0.4472136,0.3181847,NA,0.0000000,0.4038876,0.3524889,NA,0.2710673,CV.Total.SURVEY_LC1_3B82
0.0000000,NA,NA,NA,NA,NA,NA,0.5400617,CV.Total.SURVEY_LC1_3B83
NA,NA,NA,NA,NA,NA,NA,0.8196898,CV.Total.SURVEY_LC1_3B84
0.1131823,0.2784988,NA,0.3419445,NA,NA,NA,NA,CV.Total.SURVEY_LC1_3Bx1
0.2254562,0.1754955,NA,0.4249179,NA,NA,NA,NA,CV.Total.SURVEY_LC1_3Bx2
0.04415131,0.03844015,0.54945721,0.11547244,0.09323232,0.06759330,0.45003159,0.12658844,CV.Total.SURVEY_LC1_3C10
0.9565186,0.2087147,NA,0.4990263,0.7899158,0.5554481,NA,0.0000000,CV.Total.SURVEY_LC1_3C21
0.9565186,0.1132977,NA,NA,0.5534974,0.1867818,NA,NA,CV.Total.SURVEY_LC1_3C22
NA,0.2948197,NA,NA,NA,0.5687114,NA,NA,CV.Total.SURVEY_LC1_3C23
0.7921965,0.1930784,NA,0.0000000,NA,NA,NA,NA,CV.Total.SURVEY_LC1_3C2x
0.6468742,0.2660521,NA,NA,0.4607706,0.4528001,NA,0.9565186,CV.Total.SURVEY_LC1_3C31
NA,0.2162950,NA,0.7107423,NA,0.2412856,NA,NA,CV.Total.SURVEY_LC1_3C32
0.4053340,0.1288201,NA,0.9565186,0.7935417,0.1692626,NA,NA,CV.Total.SURVEY_LC1_3C33
0.3986199,0.1448363,NA,NA,NA,NA,NA,NA,CV.Total.SURVEY_LC1_3C3x
0.04808870,0.05530419,0.50421948,0.12870261,0.07531875,0.06320366,0.00000000,0.17017664,CV.Total.SURVEY_LC1_3D10
0.13409365,0.04740606,NA,0.09322762,0.12390521,0.09003174,0.00000000,0.19316124,CV.Total.SURVEY_LC1_3D20
NA,  0,NA,NA,NA,NA,NA,NA,CV.Total.SURVEY_LC1_3Dxx
0.08066333,0.06937492,0.54293252,0.66847763,0.13875259,0.07376183,0.00000000,0.17232755,CV.Total.SURVEY_LC1_3E10
0.09843639,0.06578169,0.72592458,0.22419459,0.05848589,0.06177399,0.21752116,0.06971326,CV.Total.SURVEY_LC1_3E20
0.12752349,0.11328183,NA,0.65849365,0.10698916,0.12932004,0.09300804,0.14324683,CV.Total.SURVEY_LC1_3E30
NA,0.06413106,NA,0.00000000,NA,0.14719589,NA,NA,CV.Total.SURVEY_LC1_3F10
NA,  0,NA,  0,NA,  0,NA,NA,CV.Total.SURVEY_LC1_3F20
0.1265544,0.2406310,NA,0.4607647,0.1723105,0.2160395,NA,0.2866711,CV.Total.SURVEY_LC1_3F40
0.1442253,0.0000000,NA,0.3648683,0.0000000,NA,NA,0.0000000,CV.Total.SURVEY_LC1_3G11
0.1016199,0.0000000,NA,0.5269452,0.2175543,0.0000000,0.7542980,0.2664854,CV.Total.SURVEY_LC1_3G21
NA,NA,NA,NA,NA,  0,NA,NA,CV.Total.SURVEY_LC1_3G30
NA,  0,NA,NA,NA,NA,NA,NA,CV.Total.SURVEY_LC1_3G40
0.08166750,0.00000000,NA,0.06282526,0.00000000,0.00000000,NA,0.00000000,CV.Total.SURVEY_LC1_3H11
NA,  0,NA,NA,NA,NA,NA,NA,CV.Total.SURVEY_LC1_3H21
NA,  0,NA,NA,NA,NA,NA,NA,CV.Total.SURVEY_LC1_3H22
0.05902379,0.09454358,0.50421948,0.16549838,0.03457209,0.04695618,0.21426207,0.05114107,CV.Total.SURVEY_LU1_3U111
0.0000000,NA,NA,NA,0.2157272,0.2091928,NA,0.2428348,CV.Total.SURVEY_LU1_3U112
0.2331258,0.1357537,NA,0.5524920,0.3275659,0.3047081,0.0000000,0.2592015,CV.Total.SURVEY_LU1_3U113
0.04963635,0.04480591,0.58867101,0.11838381,0.09908461,0.13380692,0.51330550,0.13721476,CV.Total.SURVEY_LU1_3U120
0.1903957,0.0000000,NA,0.5269452,0.0000000,0.0000000,NA,0.0000000,CV.Total.SURVEY_LU1_3U130
NA,  0,NA,NA,NA,  0,NA,NA,CV.Total.SURVEY_LU1_3U140
0.4990263,NA,NA,NA,NA,NA,NA,0.5042195,CV.Total.SURVEY_LU1_3U150
0.7453560,NA,NA,0.5400617,NA,0.0000000,NA,0.0000000,CV.Total.SURVEY_LU1_3U210
NA,NA,NA,0.7791937,NA,NA,NA,0.0000000,CV.Total.SURVEY_LU1_3U221
0.5400617,0.0000000,NA,NA,NA,NA,NA,NA,CV.Total.SURVEY_LU1_3U223
NA,NA,NA,  0,NA,NA,NA,NA,CV.Total.SURVEY_LU1_3U224
0.0000000,NA,NA,NA,NA,NA,NA,0.8196898,CV.Total.SURVEY_LU1_3U226
NA,NA,NA,NA,NA,  0,NA,NA,CV.Total.SURVEY_LU1_3U227
0.0000000,NA,0.7453560,NA,0.7400129,NA,NA,NA,CV.Total.SURVEY_LU1_3U311
0.4442324,0.3334153,0.7453560,0.3361078,0.1341458,0.1679268,0.4290144,0.2441664,CV.Total.SURVEY_LU1_3U312
0.1569075,0.0000000,NA,NA,0.7542980,NA,NA,0.9055385,CV.Total.SURVEY_LU1_3U313
0.0000000,0.0000000,NA,NA,0.5042195,NA,NA,NA,CV.Total.SURVEY_LU1_3U314
NA,NA,NA,0.7453560,0.2888457,0.6813851,NA,NA,CV.Total.SURVEY_LU1_3U317
0.3730038,0.0000000,0.0000000,NA,0.4762020,0.0000000,NA,0.4964268,CV.Total.SURVEY_LU1_3U318
0.1405028,0.4465129,NA,0.0000000,0.7400129,0.1211053,NA,0.5400617,CV.Total.SURVEY_LU1_3U319
NA,0.0000000,NA,NA,0.5400617,0.0000000,NA,0.6201737,CV.Total.SURVEY_LU1_3U321
NA,0.359661,NA,NA,NA,NA,0.000000,NA,CV.Total.SURVEY_LU1_3U322
0.7453560,0.0000000,NA,NA,0.0000000,0.4524962,NA,NA,CV.Total.SURVEY_LU1_3U330
0.7312565,0.0000000,NA,NA,NA,0.5842223,NA,0.7400129,CV.Total.SURVEY_LU1_3U341
0.1157923,0.3668551,NA,NA,0.6226290,0.7208003,0.0000000,0.0000000,CV.Total.SURVEY_LU1_3U350
0.2858880,0.0000000,NA,0.4196870,0.6078587,0.0000000,0.0000000,0.0000000,CV.Total.SURVEY_LU1_3U361
0.5270998,0.6831301,0.9055385,0.0000000,0.0000000,0.6813851,0.7400129,0.0000000,CV.Total.SURVEY_LU1_3U362
0.2764930,0.1715454,0.7086159,0.4333678,0.1761540,0.1809852,0.4472136,0.1544318,CV.Total.SURVEY_LU1_3U370
NA,0.0000000,NA,0.2931245,0.7453560,NA,NA,NA,CV.Total.SURVEY_LU1_3U411
NA,0.914732,NA,NA,NA,NA,NA,NA,CV.Total.SURVEY_LU1_3U412
NA,  0,NA,NA,NA,NA,NA,NA,CV.Total.SURVEY_LU1_3U413
0.2276324,0.0000000,NA,NA,0.2801056,0.3693703,NA,NA,CV.Total.SURVEY_LU1_3U414
0.0000000,0.4513529,NA,NA,NA,0.2204719,NA,NA,CV.Total.SURVEY_LU1_3U415
0.07783455,0.02129445,0.46553404,0.20784041,0.05741127,0.03576671,0.19956093,0.06982992,CV.Total.SURVEY_LU1_3U420
0.02944201,0.01240750,0.50054709,0.09107657,0.03256109,0.02466427,0.23166984,0.04600652,CV.Total.settlement0
0.15100275,0.06692591,0.45261810,0.29516177,0.09089236,0.09213631,0.24878283,0.12426070,CV.Total.settlement1
0.04249420,0.02729274,0.40747386,0.11749152,0.02888730,0.03079062,0.17071536,0.04127751,CV.Total.fao_class_name0
0.03947363,0.02182125,0.54945721,0.11296574,0.08927637,0.05361311,0.46786633,0.12410145,CV.Total.fao_class_name1
0.03260498,0.04542778,NA,0.21072162,0.10468925,0.07049335,0.00000000,0.14438911,CV.Total.fao_class_name2
0.6043042,0.1979707,NA,0.1682356,0.2076899,0.1860458,0.2529818,0.3097140,CV.Total.fao_class_name3
0.02934163,0.01251875,0.43073506,0.08989017,0.03172650,0.02395318,0.21428879,0.04477470,CV.Total.lue0
0.16999457,0.06505304,0.56895124,0.36640119,0.18644034,0.16585343,0.30943046,0.13934693,CV.Total.lue1
0.02933824,0.01212617,0.37813996,0.08880971,0.03191990,0.02401081,0.21516175,0.04435180,CV.Total.lud0
0.1351904,0.1796426,0.3984379,0.2283938,0.1146848,0.1307655,0.3543840,0.2027908,CV.Total.lud1
