LT01.No,LT02.No,LT01.Yes,LT02.Yes,variable
No,No,Yes,Yes,flag_two
 3014.646,15092.678, 6715.354,40461.322,Total.area
136.3995,499.1362,119.6340,660.4435,Total.SURVEY_LC1_1A
  621.4611, 4322.3979, 1333.2384,14904.0662,Total.SURVEY_LC1_1B
 1075.639, 4893.386, 3772.818,14883.345,Total.SURVEY_LC1_1C
 47.84160,132.19331, 48.34998,115.69885,Total.SURVEY_LC1_1D
 589.8208,2802.7374,1242.0974,8929.2933,Total.SURVEY_LC1_1E
291.6295,748.3221,129.3927,567.3996,Total.SURVEY_LC1_1F
 195.67045,1176.69917,  48.07128, 242.61456,Total.SURVEY_LC1_1G
 56.18355,517.80573, 21.75254,158.46099,Total.SURVEY_LC1_1H
 2381.792,11901.944, 5864.267,36531.417,Total.SURVEY_LU1_1U1
10.255203,90.746083, 4.684016,20.363995,Total.SURVEY_LU1_1U2
 419.8438,1771.6387, 369.2858,1690.4822,Total.SURVEY_LU1_1U3
 202.7549,1328.3487, 477.1172,2219.0591,Total.SURVEY_LU1_1U4
 34.18895,168.63358, 38.87358, 80.23113,Total.SURVEY_LC1_2A1
102.21052,326.31326, 80.76044,532.76234,Total.SURVEY_LC1_2A2
 0.000000, 4.189358, 0.000000,47.450035,Total.SURVEY_LC1_2A3
   18.60636,  302.97694,  911.50703,10052.15231,Total.SURVEY_LC1_2B1
  0.00000,  0.00000, 24.61236,251.25101,Total.SURVEY_LC1_2B2
   3.793121, 428.502509, 190.324544,2729.527101,Total.SURVEY_LC1_2B3
  3.93174, 57.77537, 79.83301,804.91327,Total.SURVEY_LC1_2B4
  0.00000,  0.00000, 76.30946,818.01653,Total.SURVEY_LC1_2B5
 14.77766, 56.55308, 50.65196,232.39364,Total.SURVEY_LC1_2B7
 0.00000,17.32136, 0.00000,15.81230,Total.SURVEY_LC1_2B8
 580.3522,3459.2687,   0.0000,   0.0000,Total.SURVEY_LC1_2Bx
 250.3547,1917.8275, 864.9114,5183.9761,Total.SURVEY_LC1_2C1
 344.2431, 539.1017,1373.9490,3475.1171,Total.SURVEY_LC1_2C2
 481.0414,2431.5286,1533.9577,6224.2521,Total.SURVEY_LC1_2C3
0.000000,4.927878,0.000000,0.000000,Total.SURVEY_LC1_2Cx
23.20025,73.39083,36.09046,69.70358,Total.SURVEY_LC1_2D1
24.64135,58.80248,12.25952,45.99527,Total.SURVEY_LC1_2D2
 86.95087,196.52099,169.44902,505.45975,Total.SURVEY_LC1_2E1
 404.5253,2216.5322, 797.5921,6739.2361,Total.SURVEY_LC1_2E2
  98.34464, 389.68418, 275.05624,1684.59747,Total.SURVEY_LC1_2E3
 0.00000,13.41084, 0.00000,16.86568,Total.SURVEY_LC1_2F2
291.6295,734.9113,129.3927,550.5339,Total.SURVEY_LC1_2F4
186.81509,988.41249, 35.98116,141.94508,Total.SURVEY_LC1_2G1
  8.855362,188.286685, 12.090117,100.669481,Total.SURVEY_LC1_2G2
 56.18355,494.92009, 21.75254,153.88386,Total.SURVEY_LC1_2H1
 0.000000,22.885640, 0.000000, 4.577128,Total.SURVEY_LC1_2H2
 1321.628, 7024.412, 2225.452,22462.469,Total.SURVEY_LU1_2U11
  965.1616, 4396.5764, 3622.8582,13997.6824,Total.SURVEY_LU1_2U12
 53.22296,371.17296, 11.66652, 39.98107,Total.SURVEY_LU1_2U13
 38.746187,105.943803,  4.290942, 31.284355,Total.SURVEY_LU1_2U14
3.033267,3.838608,0.000000,0.000000,Total.SURVEY_LU1_2U15
10.255203,37.168945, 4.684016,20.363995,Total.SURVEY_LU1_2U21
 0.00000,53.57714, 0.00000, 0.00000,Total.SURVEY_LU1_2U22
 79.38594,302.92394,120.06920,696.99974,Total.SURVEY_LU1_2U31
 4.684016,31.984650, 0.000000,25.730347,Total.SURVEY_LU1_2U32
 0.00000, 0.00000,14.01667,39.16393,Total.SURVEY_LU1_2U33
 0.000000, 9.304625,17.642555,48.293018,Total.SURVEY_LU1_2U34
48.932033,16.336854, 0.000000, 8.766486,Total.SURVEY_LU1_2U35
156.53898,787.22239, 55.61463,201.81078,Total.SURVEY_LU1_2U36
130.3028,623.8662,161.9427,669.7179,Total.SURVEY_LU1_2U37
 18.88711, 71.37724, 72.34045,166.80414,Total.SURVEY_LU1_2U41
 183.8677,1256.9715, 404.7767,2052.2550,Total.SURVEY_LU1_2U42
29.80756,92.20117,20.26613,80.23113,Total.SURVEY_LC1_3A11
 4.381386,71.387751,18.607456, 0.000000,Total.SURVEY_LC1_3A12
0.000000,5.044658,0.000000,0.000000,Total.SURVEY_LC1_3A13
 65.63000,112.84023, 21.50642, 85.49924,Total.SURVEY_LC1_3A21
 36.58053,213.47303, 59.25402,447.26310,Total.SURVEY_LC1_3A22
 0.000000, 4.189358, 0.000000,47.450035,Total.SURVEY_LC1_3A30
   3.93174, 182.87452, 521.44332,6756.04644,Total.SURVEY_LC1_3B11
  0.0000,  0.0000,  0.0000,110.1709,Total.SURVEY_LC1_3B12
   0.00000,  34.22157,  66.51513,1475.58581,Total.SURVEY_LC1_3B13
  0.00000,  0.00000, 47.26013,403.78722,Total.SURVEY_LC1_3B14
  6.244018, 18.409269,129.917159,607.065394,Total.SURVEY_LC1_3B15
  0.00000, 67.47158, 18.84645,330.46364,Total.SURVEY_LC1_3B16
  0.00000,  0.00000, 21.15214,129.43677,Total.SURVEY_LC1_3B18
  8.4306,  0.0000,106.3727,239.5961,Total.SURVEY_LC1_3B19
 0.00000, 0.00000,24.61236,96.25863,Total.SURVEY_LC1_3B21
  0.0000,  0.0000,  0.0000,125.5235,Total.SURVEY_LC1_3B22
 0.00000, 0.00000, 0.00000,29.46889,Total.SURVEY_LC1_3B23
   3.793121, 428.502509, 178.252106,2703.441362,Total.SURVEY_LC1_3B32
0.000000,0.000000,3.793121,0.000000,Total.SURVEY_LC1_3B33
 0.000000, 0.000000, 8.279317,20.027851,Total.SURVEY_LC1_3B35
0.000000,0.000000,0.000000,6.057888,Total.SURVEY_LC1_3B37
  3.93174, 53.19824, 75.59619,787.46661,Total.SURVEY_LC1_3B41
 0.00000, 0.00000, 0.00000,17.44666,Total.SURVEY_LC1_3B43
0.000000,4.577128,4.236821,0.000000,Total.SURVEY_LC1_3B44
  0.00000,  0.00000, 21.17057,283.28212,Total.SURVEY_LC1_3B51
 0.000000, 0.000000, 8.585555,70.155331,Total.SURVEY_LC1_3B52
 0.000000, 0.000000, 4.290942,50.767692,Total.SURVEY_LC1_3B53
 0.00000, 0.00000, 0.00000,32.96728,Total.SURVEY_LC1_3B54
  0.0000,  0.0000, 42.2624,380.8441,Total.SURVEY_LC1_3B55
  6.568234, 47.104706, 31.093987,118.326185,Total.SURVEY_LC1_3B71
 3.416380, 4.871243, 0.000000,27.587008,Total.SURVEY_LC1_3B72
0.000000,4.577128,0.000000,9.505006,Total.SURVEY_LC1_3B73
 0.00000, 0.00000, 3.93174,10.04008,Total.SURVEY_LC1_3B74
 4.793043, 0.000000,15.626229,66.935359,Total.SURVEY_LC1_3B75
 0.0000, 0.0000, 0.0000,15.8123,Total.SURVEY_LC1_3B83
 0.00000,17.32136, 0.00000, 0.00000,Total.SURVEY_LC1_3B84
 571.5286,3431.2856,   0.0000,   0.0000,Total.SURVEY_LC1_3Bx1
 8.823674,27.983082, 0.000000, 0.000000,Total.SURVEY_LC1_3Bx2
 250.3547,1917.8275, 864.9114,5183.9761,Total.SURVEY_LC1_3C10
  11.60619, 100.40443,  69.81311,1839.04274,Total.SURVEY_LC1_3C21
 326.7804, 377.5271,1299.4519,1367.1008,Total.SURVEY_LC1_3C22
  0.000000, 33.337311,  4.684016,268.973531,Total.SURVEY_LC1_3C23
 5.856529,27.832926, 0.000000, 0.000000,Total.SURVEY_LC1_3C2x
 111.4853,1445.0539, 965.5931,3633.7516,Total.SURVEY_LC1_3C31
 259.1177, 195.0613, 327.1777,1303.5442,Total.SURVEY_LC1_3C32
 100.5098, 592.3075, 241.1869,1286.9563,Total.SURVEY_LC1_3C33
  9.928694,199.105942,  0.000000,  0.000000,Total.SURVEY_LC1_3C3x
0.000000,4.927878,0.000000,0.000000,Total.SURVEY_LC1_3Cxx
23.20025,73.39083,36.09046,69.70358,Total.SURVEY_LC1_3D10
24.64135,58.80248,12.25952,45.99527,Total.SURVEY_LC1_3D20
 86.95087,196.52099,169.44902,505.45975,Total.SURVEY_LC1_3E10
 400.6249,2216.5322, 797.5921,6739.2361,Total.SURVEY_LC1_3E20
3.900432,0.000000,0.000000,0.000000,Total.SURVEY_LC1_3E2x
  98.34464, 389.68418, 275.05624,1684.59747,Total.SURVEY_LC1_3E30
 0.00000,13.41084, 0.00000,16.86568,Total.SURVEY_LC1_3F20
291.6295,734.9113,129.3927,550.5339,Total.SURVEY_LC1_3F40
186.81509,984.22572, 35.98116,141.94508,Total.SURVEY_LC1_3G11
0.000000,4.186763,0.000000,0.000000,Total.SURVEY_LC1_3G12
  8.855362,188.286685, 12.090117,100.669481,Total.SURVEY_LC1_3G21
 42.13150,215.28045, 21.75254,153.88386,Total.SURVEY_LC1_3H11
 14.05205,279.63963,  0.00000,  0.00000,Total.SURVEY_LC1_3H12
 0.000000,22.885640, 0.000000, 4.577128,Total.SURVEY_LC1_3H21
 1284.857, 6865.022, 2099.700,21741.170,Total.SURVEY_LU1_3U111
 19.87098, 32.71576, 77.81523,578.91586,Total.SURVEY_LU1_3U112
 16.89938,126.67474, 47.93631,142.38327,Total.SURVEY_LU1_3U113
  965.1616, 4396.5764, 3622.8582,13997.6824,Total.SURVEY_LU1_3U120
 53.22296,371.17296, 11.66652, 39.98107,Total.SURVEY_LU1_3U130
 38.746187,105.943803,  4.290942, 31.284355,Total.SURVEY_LU1_3U140
3.033267,3.838608,0.000000,0.000000,Total.SURVEY_LU1_3U150
10.255203,37.168945, 4.684016,20.363995,Total.SURVEY_LU1_3U210
0.000000,4.470281,0.000000,0.000000,Total.SURVEY_LU1_3U221
 0.00000,16.67972, 0.00000, 0.00000,Total.SURVEY_LU1_3U223
 0.00000,12.10259, 0.00000, 0.00000,Total.SURVEY_LU1_3U224
0.000000,8.221959,0.000000,0.000000,Total.SURVEY_LU1_3U225
 0.00000,12.10259, 0.00000, 0.00000,Total.SURVEY_LU1_3U227
 3.762917,15.596759,17.677511,19.797413,Total.SURVEY_LU1_3U311
 62.84496,230.55445, 86.22747,620.35149,Total.SURVEY_LU1_3U312
 4.171346,18.956603, 0.000000,14.806493,Total.SURVEY_LU1_3U313
4.578452,7.376592,0.000000,0.000000,Total.SURVEY_LU1_3U314
0.000000,0.000000,0.000000,5.044658,Total.SURVEY_LU1_3U315
 0.000000,19.505046, 7.717283, 0.000000,Total.SURVEY_LU1_3U317
4.028266,3.644831,0.000000,4.577128,Total.SURVEY_LU1_3U318
 0.000000, 7.289662, 8.446932,32.422557,Total.SURVEY_LU1_3U319
 4.684016,23.086730, 0.000000,25.730347,Total.SURVEY_LU1_3U321
0.000000,8.897919,0.000000,0.000000,Total.SURVEY_LU1_3U322
 0.00000, 0.00000,14.01667,39.16393,Total.SURVEY_LU1_3U330
 0.000000, 9.304625,17.642555,48.293018,Total.SURVEY_LU1_3U341
48.932033,16.336854, 0.000000, 8.766486,Total.SURVEY_LU1_3U350
148.18783,775.31658, 47.98776,173.69634,Total.SURVEY_LU1_3U361
 8.351150,11.905816, 7.626875,28.114446,Total.SURVEY_LU1_3U362
130.3028,623.8662,161.9427,669.7179,Total.SURVEY_LU1_3U370
 0.000000,23.239896, 8.211579,30.283992,Total.SURVEY_LU1_3U411
0.00000,0.00000,0.00000,6.33501,Total.SURVEY_LU1_3U412
 0.000000, 3.612554, 4.684016,31.369083,Total.SURVEY_LU1_3U414
18.88711,44.52479,59.44485,98.81606,Total.SURVEY_LU1_3U415
 183.8677,1256.9715, 404.7767,2052.2550,Total.SURVEY_LU1_3U420
 2728.161,14015.332, 6377.398,38878.535,Total.settlement0
 286.4850,1077.3456, 337.9565,1582.7871,Total.settlement1
 2210.321,10384.953, 2920.114,25259.408,Total.fao_class_name0
  763.9881, 4491.0437, 3680.2121,14802.8395,Total.fao_class_name1
 24.66488,139.77227, 45.91480,118.07435,Total.fao_class_name2
 15.67148, 76.90888, 69.11306,281.00054,Total.fao_class_name3
 2678.872,13655.948, 6480.154,39532.734,Total.lue0
 335.7738,1436.7301, 235.1999, 928.5882,Total.lue1
 2881.574,14561.079, 6572.294,39647.780,Total.lud0
133.0713,531.5985,143.0608,813.5424,Total.lud1
352.2295,766.5334,368.3642,795.4342,SE.Total.area
 7.072963,63.967200, 4.383171,82.204708,SE.Total.SURVEY_LC1_1A
  9.469371,268.821381, 30.471135,356.912126,SE.Total.SURVEY_LC1_1B
298.5836,656.4650,367.0202,732.9482,SE.Total.SURVEY_LC1_1C
 2.424714,22.783555, 1.796666,37.773900,SE.Total.SURVEY_LC1_1D
 56.69739,306.73953, 43.18484,469.46309,SE.Total.SURVEY_LC1_1E
212.467000, 92.247987,  4.169382, 78.609959,SE.Total.SURVEY_LC1_1F
 0.202101,19.308588, 1.383739,26.852610,SE.Total.SURVEY_LC1_1G
  0.000000,153.190344,  1.016678, 12.944222,SE.Total.SURVEY_LC1_1H
352.1791,755.2109,368.4773,858.3133,SE.Total.SURVEY_LU1_1U1
 0.8730545,14.6793682, 0.0000000,14.3208582,SE.Total.SURVEY_LU1_1U2
  8.205728, 86.185373, 22.132582,110.470742,SE.Total.SURVEY_LU1_1U3
  5.71307,165.56279, 31.70932,380.57610,SE.Total.SURVEY_LU1_1U4
 5.271533,53.865324, 3.760756,31.675482,SE.Total.SURVEY_LC1_2A1
 7.651730,64.754545, 3.129819,76.843401,SE.Total.SURVEY_LC1_2A2
 0.00000, 0.00000, 0.00000,22.61103,SE.Total.SURVEY_LC1_2A3
  1.597716, 63.080592, 30.120810,353.670996,SE.Total.SURVEY_LC1_2B1
 0.0000000, 0.0000000, 0.7382506,52.9097624,SE.Total.SURVEY_LC1_2B2
  0.000000, 77.346895,  4.543485,176.851441,SE.Total.SURVEY_LC1_2B3
  0.7382506, 25.2869183,  4.1412547,105.4004596,SE.Total.SURVEY_LC1_2B4
 0.000000, 0.000000, 3.360392,97.399219,SE.Total.SURVEY_LC1_2B5
 0.000000, 0.000000, 1.747255,28.152392,SE.Total.SURVEY_LC1_2B7
 0.00000,14.97383, 0.00000,13.66929,SE.Total.SURVEY_LC1_2B8
  9.382648,253.830781,  0.000000,  0.000000,SE.Total.SURVEY_LC1_2Bx
 15.47615,372.34154,296.45755,750.32356,SE.Total.SURVEY_LC1_2C1
235.76921, 57.96581,437.95447,794.31640,SE.Total.SURVEY_LC1_2C2
201.1846,564.9997,437.0144,938.5328,SE.Total.SURVEY_LC1_2C3
0,0,0,0,SE.Total.SURVEY_LC1_2Cx
 2.424714,22.240042, 1.640621,33.803095,SE.Total.SURVEY_LC1_2D1
 0.0000000, 4.9567938, 0.7323721,16.8587743,SE.Total.SURVEY_LC1_2D2
40.171304,30.444164, 8.342672,51.055196,SE.Total.SURVEY_LC1_2E1
 39.63888,301.85923, 39.59612,361.17611,SE.Total.SURVEY_LC1_2E2
  6.99102, 53.81406, 22.97155,341.87169,SE.Total.SURVEY_LC1_2E3
0.000000,0.000000,0.000000,6.228084,SE.Total.SURVEY_LC1_2F2
212.467000, 92.247987,  4.169382, 78.362853,SE.Total.SURVEY_LC1_2F4
 0.9615187,19.2873357, 1.3837392,23.6022788,SE.Total.SURVEY_LC1_2G1
 0.9569724, 5.1585327, 0.0000000,17.0266428,SE.Total.SURVEY_LC1_2G2
  0.000000,153.190344,  1.016678, 12.944222,SE.Total.SURVEY_LC1_2H1
0,0,0,0,SE.Total.SURVEY_LC1_2H2
219.93709,397.88719, 42.08722,398.57139,SE.Total.SURVEY_LU1_2U11
298.5834,655.8116,366.8325,764.7047,SE.Total.SURVEY_LU1_2U12
 2.564783,11.954938, 0.000000,14.150439,SE.Total.SURVEY_LU1_2U13
0.0000000,0.8244424,0.8056968,7.5375318,SE.Total.SURVEY_LU1_2U14
0,0,0,0,SE.Total.SURVEY_LU1_2U15
 0.8730545, 0.0000000, 0.0000000,14.3208582,SE.Total.SURVEY_LU1_2U21
 0.00000,14.67937, 0.00000, 0.00000,SE.Total.SURVEY_LU1_2U22
 6.446875,60.782440, 3.754078,84.187566,SE.Total.SURVEY_LU1_2U31
 0.00000, 0.00000, 0.00000,13.04923,SE.Total.SURVEY_LU1_2U32
 0.000000, 0.000000, 3.042685,21.519811,SE.Total.SURVEY_LU1_2U33
 0.000000, 6.898959, 3.247775,14.234829,SE.Total.SURVEY_LU1_2U34
4.667862,0.000000,0.000000,0.000000,SE.Total.SURVEY_LU1_2U35
 4.7649189,28.3214349, 0.9208116,42.8878488,SE.Total.SURVEY_LU1_2U36
 8.358061,79.237145,21.552594,68.967575,SE.Total.SURVEY_LU1_2U37
 0.00000, 0.00000,21.22617,19.22699,SE.Total.SURVEY_LU1_2U41
  5.71307,165.56279, 23.55697,380.17069,SE.Total.SURVEY_LU1_2U42
 5.107619,43.266415, 1.482887,31.675482,SE.Total.SURVEY_LC1_3A11
 2.430356,37.776469, 3.498218, 0.000000,SE.Total.SURVEY_LC1_3A12
0.000000,2.657376,0.000000,0.000000,SE.Total.SURVEY_LC1_3A13
 7.217015,43.015686, 1.716920,37.125424,SE.Total.SURVEY_LC1_3A21
 5.051814,58.644502, 3.031723,71.721940,SE.Total.SURVEY_LC1_3A22
 0.00000, 0.00000, 0.00000,22.61103,SE.Total.SURVEY_LC1_3A30
  0.7382506, 48.9398899, 29.0967300,298.1994931,SE.Total.SURVEY_LC1_3B11
 0.00000, 0.00000, 0.00000,33.45796,SE.Total.SURVEY_LC1_3B12
  0.000000, 21.251640,  3.794091,138.687168,SE.Total.SURVEY_LC1_3B13
  0.000000,  0.000000,  2.417999,176.647425,SE.Total.SURVEY_LC1_3B14
 1.172420,16.272143, 5.935834,85.215324,SE.Total.SURVEY_LC1_3B15
 0.000000,30.075478, 3.126538,60.891310,SE.Total.SURVEY_LC1_3B16
 0.000000, 0.000000, 1.390848,39.243195,SE.Total.SURVEY_LC1_3B18
 0.8056968, 0.0000000, 4.5702466,52.8538021,SE.Total.SURVEY_LC1_3B19
 0.0000000, 0.0000000, 0.7382506,29.1053227,SE.Total.SURVEY_LC1_3B21
 0.00000, 0.00000, 0.00000,40.59805,SE.Total.SURVEY_LC1_3B22
 0.00000, 0.00000, 0.00000,17.62751,SE.Total.SURVEY_LC1_3B23
  0.000000, 77.346895,  4.543485,176.282621,SE.Total.SURVEY_LC1_3B32
0,0,0,0,SE.Total.SURVEY_LC1_3B33
 0.00000, 0.00000, 0.00000,14.43043,SE.Total.SURVEY_LC1_3B35
0.000000,0.000000,0.000000,3.191115,SE.Total.SURVEY_LC1_3B37
  0.7382506, 25.2869183,  3.9941558,104.2838137,SE.Total.SURVEY_LC1_3B41
 0.00000, 0.00000, 0.00000,15.30173,SE.Total.SURVEY_LC1_3B43
0.000000,0.000000,1.093942,0.000000,SE.Total.SURVEY_LC1_3B44
 0.000000, 0.000000, 2.248865,58.292068,SE.Total.SURVEY_LC1_3B51
 0.00000, 0.00000, 1.50321,28.40015,SE.Total.SURVEY_LC1_3B52
 0.0000000, 0.0000000, 0.8056968,21.9369219,SE.Total.SURVEY_LC1_3B53
 0.00000, 0.00000, 0.00000,18.35589,SE.Total.SURVEY_LC1_3B54
 0.000000, 0.000000, 1.921835,68.086289,SE.Total.SURVEY_LC1_3B55
0.000000,0.000000,1.583630,6.701319,SE.Total.SURVEY_LC1_3B71
 0.00000, 0.00000, 0.00000,17.66237,SE.Total.SURVEY_LC1_3B72
0,0,0,0,SE.Total.SURVEY_LC1_3B73
0.0000000,0.0000000,0.7382506,7.4442660,SE.Total.SURVEY_LC1_3B74
 0.00000, 0.00000, 0.00000,19.52085,SE.Total.SURVEY_LC1_3B75
 0.00000, 0.00000, 0.00000,13.66929,SE.Total.SURVEY_LC1_3B83
 0.00000,14.97383, 0.00000, 0.00000,SE.Total.SURVEY_LC1_3B84
  9.382648,253.830781,  0.000000,  0.000000,SE.Total.SURVEY_LC1_3Bx1
0,0,0,0,SE.Total.SURVEY_LC1_3Bx2
 15.47615,372.34154,296.45755,750.32356,SE.Total.SURVEY_LC1_3C10
  1.098907, 28.781951, 42.096792,623.461441,SE.Total.SURVEY_LC1_3C21
235.76669, 49.26811,436.73691,520.49247,SE.Total.SURVEY_LC1_3C22
  0.00000, 12.35804,  0.00000,255.81861,SE.Total.SURVEY_LC1_3C23
0.000000,9.110076,0.000000,0.000000,SE.Total.SURVEY_LC1_3C2x
 49.80071,495.97586,388.85387,807.02928,SE.Total.SURVEY_LC1_3C31
194.2489, 31.7343,230.7176,511.8631,SE.Total.SURVEY_LC1_3C32
 42.25815,288.79990,209.24768,522.08357,SE.Total.SURVEY_LC1_3C33
 1.537932,33.630911, 0.000000, 0.000000,SE.Total.SURVEY_LC1_3C3x
0,0,0,0,SE.Total.SURVEY_LC1_3Cxx
 2.424714,22.240042, 1.640621,33.803095,SE.Total.SURVEY_LC1_3D10
 0.0000000, 4.9567938, 0.7323721,16.8587743,SE.Total.SURVEY_LC1_3D20
40.171304,30.444164, 8.342672,51.055196,SE.Total.SURVEY_LC1_3E10
 39.63254,301.85923, 39.59612,361.17611,SE.Total.SURVEY_LC1_3E20
0.7323721,0.0000000,0.0000000,0.0000000,SE.Total.SURVEY_LC1_3E2x
  6.99102, 53.81406, 22.97155,341.87169,SE.Total.SURVEY_LC1_3E30
0.000000,0.000000,0.000000,6.228084,SE.Total.SURVEY_LC1_3F20
212.467000, 92.247987,  4.169382, 78.362853,SE.Total.SURVEY_LC1_3F40
 0.9615187,19.2873357, 1.3837392,23.6022788,SE.Total.SURVEY_LC1_3G11
0,0,0,0,SE.Total.SURVEY_LC1_3G12
 0.9569724, 5.1585327, 0.0000000,17.0266428,SE.Total.SURVEY_LC1_3G21
 0.000000, 7.842805, 1.016678,12.944222,SE.Total.SURVEY_LC1_3H11
  0.0000,152.9894,  0.0000,  0.0000,SE.Total.SURVEY_LC1_3H12
0,0,0,0,SE.Total.SURVEY_LC1_3H21
219.88315,397.23784, 42.08997,401.99686,SE.Total.SURVEY_LU1_3U111
 5.887744,14.286585, 4.292554,76.934280,SE.Total.SURVEY_LU1_3U112
 0.00000,24.41352, 1.84340,27.46112,SE.Total.SURVEY_LU1_3U113
298.5834,655.8116,366.8325,764.7047,SE.Total.SURVEY_LU1_3U120
 2.564783,11.954938, 0.000000,14.150439,SE.Total.SURVEY_LU1_3U130
0.0000000,0.8244424,0.8056968,7.5375318,SE.Total.SURVEY_LU1_3U140
0,0,0,0,SE.Total.SURVEY_LU1_3U150
 0.8730545, 0.0000000, 0.0000000,14.3208582,SE.Total.SURVEY_LU1_3U210
0,0,0,0,SE.Total.SURVEY_LU1_3U221
0.000000,9.786245,0.000000,0.000000,SE.Total.SURVEY_LU1_3U223
0.000000,9.786245,0.000000,0.000000,SE.Total.SURVEY_LU1_3U224
0,0,0,0,SE.Total.SURVEY_LU1_3U225
0.000000,9.786245,0.000000,0.000000,SE.Total.SURVEY_LU1_3U227
0.000000,6.789076,0.000000,7.190090,SE.Total.SURVEY_LU1_3U311
 6.375453,60.376237, 3.754078,82.114797,SE.Total.SURVEY_LU1_3U312
0.9569724,0.0000000,0.0000000,4.0435118,SE.Total.SURVEY_LU1_3U313
0,0,0,0,SE.Total.SURVEY_LU1_3U314
0.000000,0.000000,0.000000,2.657376,SE.Total.SURVEY_LU1_3U315
0.0000,8.9669,0.0000,0.0000,SE.Total.SURVEY_LU1_3U317
0,0,0,0,SE.Total.SURVEY_LU1_3U318
 0.0000, 0.0000, 0.0000,16.4648,SE.Total.SURVEY_LU1_3U319
 0.00000, 0.00000, 0.00000,13.04923,SE.Total.SURVEY_LU1_3U321
0,0,0,0,SE.Total.SURVEY_LU1_3U322
 0.000000, 0.000000, 3.042685,21.519811,SE.Total.SURVEY_LU1_3U330
 0.000000, 6.898959, 3.247775,14.234829,SE.Total.SURVEY_LU1_3U341
4.667862,0.000000,0.000000,0.000000,SE.Total.SURVEY_LU1_3U350
 4.1689030,28.1489849, 0.9208116,40.1098568,SE.Total.SURVEY_LU1_3U361
 2.737318, 4.413235, 0.000000,15.193656,SE.Total.SURVEY_LU1_3U362
 8.358061,79.237145,21.552594,68.967575,SE.Total.SURVEY_LU1_3U370
0.000000,0.000000,1.482887,4.424397,SE.Total.SURVEY_LU1_3U411
0.000000,0.000000,0.000000,3.337095,SE.Total.SURVEY_LU1_3U412
 0.00000, 0.00000, 0.00000,11.84248,SE.Total.SURVEY_LU1_3U414
 0.00000, 0.00000,21.17431,14.12735,SE.Total.SURVEY_LU1_3U415
  5.71307,165.56279, 23.55697,380.17069,SE.Total.SURVEY_LU1_3U420
352.1942,763.9526,368.5698,795.0861,SE.Total.settlement0
  7.815165, 82.811889, 22.094049,110.799755,SE.Total.settlement1
309.67690,421.22264, 46.70978,390.63668,SE.Total.fao_class_name0
202.3712,655.3533,367.0226,701.9461,SE.Total.fao_class_name1
 2.113063,28.831908, 4.965274,24.181320,SE.Total.fao_class_name2
 0.000000, 6.739946, 2.813551,42.871323,SE.Total.fao_class_name3
352.2467,766.0139,368.5767,795.9819,SE.Total.lue0
 8.866457,82.707517,21.774352,82.326039,SE.Total.lue1
352.2617,766.3372,368.3718,795.8766,SE.Total.lud0
 6.502052,60.657899, 4.893286,89.184835,SE.Total.lud1
 2324.288,13590.300, 5993.374,38902.300,CI.l(95%).Total.area
122.5367,373.7628,111.0432,499.3252,CI.l(95%).Total.SURVEY_LC1_1A
  602.9015, 3795.5177, 1273.5160,14204.5312,CI.l(95%).Total.SURVEY_LC1_1B
  490.426, 3606.738, 3053.472,13446.793,CI.l(95%).Total.SURVEY_LC1_1C
43.08925,87.53836,44.82858,41.66337,CI.l(95%).Total.SURVEY_LC1_1D
 478.696,2201.539,1157.457,8009.163,CI.l(95%).Total.SURVEY_LC1_1E
-124.7982, 567.5194, 121.2208, 413.3269,CI.l(95%).Total.SURVEY_LC1_1F
 195.2743,1138.8550,  45.3592, 189.9844,CI.l(95%).Total.SURVEY_LC1_1G
 56.18355,217.55817, 19.75989,133.09078,CI.l(95%).Total.SURVEY_LC1_1H
 1691.533,10421.758, 5142.065,34849.154,CI.l(95%).Total.SURVEY_LU1_1U1
 8.544048,61.975050, 4.684016,-7.704371,CI.l(95%).Total.SURVEY_LU1_1U2
 403.7609,1602.7184, 325.9067,1473.9635,CI.l(95%).Total.SURVEY_LU1_1U3
 191.5574,1003.8516, 414.9681,1473.1437,CI.l(95%).Total.SURVEY_LU1_1U4
23.85693,63.05948,31.50263,18.14833,CI.l(95%).Total.SURVEY_LC1_2A1
 87.21341,199.39668, 74.62611,382.15204,CI.l(95%).Total.SURVEY_LC1_2A2
0.000000,4.189358,0.000000,3.133229,CI.l(95%).Total.SURVEY_LC1_2A3
  15.47489, 179.34125, 852.47132,9358.96989,CI.l(95%).Total.SURVEY_LC1_2B1
  0.00000,  0.00000, 23.16541,147.54978,CI.l(95%).Total.SURVEY_LC1_2B2
   3.793121, 276.905380, 181.419476,2382.904646,CI.l(95%).Total.SURVEY_LC1_2B3
  2.484795,  8.213921, 71.716302,598.332164,CI.l(95%).Total.SURVEY_LC1_2B4
  0.00000,  0.00000, 69.72321,627.11757,CI.l(95%).Total.SURVEY_LC1_2B5
 14.77766, 56.55308, 47.22740,177.21596,CI.l(95%).Total.SURVEY_LC1_2B7
  0.00000,-12.02681,  0.00000,-10.97902,CI.l(95%).Total.SURVEY_LC1_2B8
 561.9626,2961.7695,   0.0000,   0.0000,CI.l(95%).Total.SURVEY_LC1_2Bx
 220.0220,1188.0515, 283.8653,3713.3690,CI.l(95%).Total.SURVEY_LC1_2C1
-117.8560, 425.4908, 515.5740,1918.2856,CI.l(95%).Total.SURVEY_LC1_2C2
  86.72687,1324.14955, 677.42517,4384.76157,CI.l(95%).Total.SURVEY_LC1_2C3
0.000000,4.927878,0.000000,0.000000,CI.l(95%).Total.SURVEY_LC1_2Cx
18.447897,29.801149,32.874897, 3.450733,CI.l(95%).Total.SURVEY_LC1_2D1
24.64135,49.08734,10.82410,12.95268,CI.l(95%).Total.SURVEY_LC1_2D2
  8.216563,136.851525,153.097682,405.393408,CI.l(95%).Total.SURVEY_LC1_2E1
 326.8345,1624.8990, 719.9852,6031.3439,CI.l(95%).Total.SURVEY_LC1_2E2
  84.64249, 284.21057, 230.03284,1014.54127,CI.l(95%).Total.SURVEY_LC1_2E3
 0.000000,13.410843, 0.000000, 4.658858,CI.l(95%).Total.SURVEY_LC1_2F2
-124.7982, 554.1086, 121.2208, 396.9456,CI.l(95%).Total.SURVEY_LC1_2F4
184.93054,950.61000, 33.26908, 95.68546,CI.l(95%).Total.SURVEY_LC1_2G1
  6.97973,178.17615, 12.09012, 67.29787,CI.l(95%).Total.SURVEY_LC1_2G2
 56.18355,194.67253, 19.75989,128.51366,CI.l(95%).Total.SURVEY_LC1_2H1
 0.000000,22.885640, 0.000000, 4.577128,CI.l(95%).Total.SURVEY_LC1_2H2
  890.559, 6244.568, 2142.962,21681.284,CI.l(95%).Total.SURVEY_LU1_2U11
  379.9489, 3111.2092, 2903.8796,12498.8887,CI.l(95%).Total.SURVEY_LU1_2U12
 48.19608,347.74172, 11.66652, 12.24672,CI.l(95%).Total.SURVEY_LU1_2U13
 38.746187,104.327926,  2.711805, 16.511065,CI.l(95%).Total.SURVEY_LU1_2U14
3.033267,3.838608,0.000000,0.000000,CI.l(95%).Total.SURVEY_LU1_2U15
 8.544048,37.168945, 4.684016,-7.704371,CI.l(95%).Total.SURVEY_LU1_2U21
 0.0000,24.8061, 0.0000, 0.0000,CI.l(95%).Total.SURVEY_LU1_2U22
 66.7503,183.7925,112.7113,531.9951,CI.l(95%).Total.SURVEY_LU1_2U31
 4.6840155,31.9846495, 0.0000000, 0.1543289,CI.l(95%).Total.SURVEY_LU1_2U32
 0.000000, 0.000000, 8.053119,-3.014124,CI.l(95%).Total.SURVEY_LU1_2U33
 0.000000,-4.217087,11.277034,20.393267,CI.l(95%).Total.SURVEY_LU1_2U34
39.783192,16.336854, 0.000000, 8.766486,CI.l(95%).Total.SURVEY_LU1_2U35
147.19991,731.71340, 53.80988,117.75214,CI.l(95%).Total.SURVEY_LU1_2U36
113.9213,468.5642,119.7004,534.5439,CI.l(95%).Total.SURVEY_LU1_2U37
 18.88711, 71.37724, 30.73791,129.11994,CI.l(95%).Total.SURVEY_LU1_2U41
 172.6703, 932.4744, 358.6059,1307.1341,CI.l(95%).Total.SURVEY_LU1_2U42
19.796811, 7.400557,17.359720,18.148326,CI.l(95%).Total.SURVEY_LC1_3A11
-0.3820236,-2.6527668,11.7510748, 0.0000000,CI.l(95%).Total.SURVEY_LC1_3A12
 0.0000000,-0.1637029, 0.0000000, 0.0000000,CI.l(95%).Total.SURVEY_LC1_3A13
51.48491,28.53103,18.14132,12.73475,CI.l(95%).Total.SURVEY_LC1_3A21
 26.67915, 98.53192, 53.31195,306.69068,CI.l(95%).Total.SURVEY_LC1_3A22
0.000000,4.189358,0.000000,3.133229,CI.l(95%).Total.SURVEY_LC1_3A30
   2.484795,  86.954100, 464.414772,6171.586175,CI.l(95%).Total.SURVEY_LC1_3B11
 0.00000, 0.00000, 0.00000,44.59449,CI.l(95%).Total.SURVEY_LC1_3B12
   0.000000,  -7.430878,  59.078850,1203.763960,CI.l(95%).Total.SURVEY_LC1_3B13
 0.00000, 0.00000,42.52094,57.56463,CI.l(95%).Total.SURVEY_LC1_3B14
  3.946117,-13.483546,118.283137,440.046428,CI.l(95%).Total.SURVEY_LC1_3B15
  0.000000,  8.524724, 12.718549,211.118870,CI.l(95%).Total.SURVEY_LC1_3B16
 0.00000, 0.00000,18.42613,52.52152,CI.l(95%).Total.SURVEY_LC1_3B18
  6.851463,  0.000000, 97.415182,136.004581,CI.l(95%).Total.SURVEY_LC1_3B19
 0.00000, 0.00000,23.16541,39.21325,CI.l(95%).Total.SURVEY_LC1_3B21
 0.00000, 0.00000, 0.00000,45.95276,CI.l(95%).Total.SURVEY_LC1_3B22
 0.000000, 0.000000, 0.000000,-5.080382,CI.l(95%).Total.SURVEY_LC1_3B23
   3.793121, 276.905380, 169.347038,2357.933774,CI.l(95%).Total.SURVEY_LC1_3B32
0.000000,0.000000,3.793121,0.000000,CI.l(95%).Total.SURVEY_LC1_3B33
 0.000000, 0.000000, 8.279317,-8.255273,CI.l(95%).Total.SURVEY_LC1_3B35
 0.000000, 0.000000, 0.000000,-0.196583,CI.l(95%).Total.SURVEY_LC1_3B37
  2.484795,  3.636793, 67.767790,583.074088,CI.l(95%).Total.SURVEY_LC1_3B41
  0.00000,  0.00000,  0.00000,-12.54419,CI.l(95%).Total.SURVEY_LC1_3B43
0.000000,4.577128,2.092733,0.000000,CI.l(95%).Total.SURVEY_LC1_3B44
  0.00000,  0.00000, 16.76287,169.03177,CI.l(95%).Total.SURVEY_LC1_3B51
 0.000000, 0.000000, 5.639317,14.492064,CI.l(95%).Total.SURVEY_LC1_3B52
0.000000,0.000000,2.711805,7.772116,CI.l(95%).Total.SURVEY_LC1_3B53
 0.000000, 0.000000, 0.000000,-3.009605,CI.l(95%).Total.SURVEY_LC1_3B54
  0.00000,  0.00000, 38.49567,247.39743,CI.l(95%).Total.SURVEY_LC1_3B55
  6.568234, 47.104706, 27.990129,105.191840,CI.l(95%).Total.SURVEY_LC1_3B71
 3.416380, 4.871243, 0.000000,-7.030605,CI.l(95%).Total.SURVEY_LC1_3B72
0.000000,4.577128,0.000000,9.505006,CI.l(95%).Total.SURVEY_LC1_3B73
 0.000000, 0.000000, 2.484795,-4.550413,CI.l(95%).Total.SURVEY_LC1_3B74
 4.793043, 0.000000,15.626229,28.675191,CI.l(95%).Total.SURVEY_LC1_3B75
  0.00000,  0.00000,  0.00000,-10.97902,CI.l(95%).Total.SURVEY_LC1_3B83
  0.00000,-12.02681,  0.00000,  0.00000,CI.l(95%).Total.SURVEY_LC1_3B84
 553.1389,2933.7864,   0.0000,   0.0000,CI.l(95%).Total.SURVEY_LC1_3Bx1
 8.823674,27.983082, 0.000000, 0.000000,CI.l(95%).Total.SURVEY_LC1_3Bx2
 220.0220,1188.0515, 283.8653,3713.3690,CI.l(95%).Total.SURVEY_LC1_3C10
  9.452376, 43.992839,-12.695088,617.080771,CI.l(95%).Total.SURVEY_LC1_3C21
-135.3138, 280.9633, 443.4633, 346.9543,CI.l(95%).Total.SURVEY_LC1_3C22
   0.000000,   9.115995,   4.684016,-232.421740,CI.l(95%).Total.SURVEY_LC1_3C23
5.856529,9.977506,0.000000,0.000000,CI.l(95%).Total.SURVEY_LC1_3C2x
  13.87768, 472.95912, 203.45354,2052.00329,CI.l(95%).Total.SURVEY_LC1_3C31
-121.6031, 132.8632,-125.0204, 300.3110,CI.l(95%).Total.SURVEY_LC1_3C32
  17.68531,  26.27008,-168.93099, 263.69135,CI.l(95%).Total.SURVEY_LC1_3C33
  6.914404,133.190568,  0.000000,  0.000000,CI.l(95%).Total.SURVEY_LC1_3C3x
0.000000,4.927878,0.000000,0.000000,CI.l(95%).Total.SURVEY_LC1_3Cxx
18.447897,29.801149,32.874897, 3.450733,CI.l(95%).Total.SURVEY_LC1_3D10
24.64135,49.08734,10.82410,12.95268,CI.l(95%).Total.SURVEY_LC1_3D20
  8.216563,136.851525,153.097682,405.393408,CI.l(95%).Total.SURVEY_LC1_3E10
 322.9465,1624.8990, 719.9852,6031.3439,CI.l(95%).Total.SURVEY_LC1_3E20
2.465009,0.000000,0.000000,0.000000,CI.l(95%).Total.SURVEY_LC1_3E2x
  84.64249, 284.21057, 230.03284,1014.54127,CI.l(95%).Total.SURVEY_LC1_3E30
 0.000000,13.410843, 0.000000, 4.658858,CI.l(95%).Total.SURVEY_LC1_3F20
-124.7982, 554.1086, 121.2208, 396.9456,CI.l(95%).Total.SURVEY_LC1_3F40
184.93054,946.42324, 33.26908, 95.68546,CI.l(95%).Total.SURVEY_LC1_3G11
0.000000,4.186763,0.000000,0.000000,CI.l(95%).Total.SURVEY_LC1_3G12
  6.97973,178.17615, 12.09012, 67.29787,CI.l(95%).Total.SURVEY_LC1_3G21
 42.13150,199.90884, 19.75989,128.51366,CI.l(95%).Total.SURVEY_LC1_3H11
 14.05205,-20.21418,  0.00000,  0.00000,CI.l(95%).Total.SURVEY_LC1_3H12
 0.000000,22.885640, 0.000000, 4.577128,CI.l(95%).Total.SURVEY_LC1_3H21
  853.8943, 6086.4501, 2017.2054,20953.2707,CI.l(95%).Total.SURVEY_LU1_3U111
  8.331214,  4.714563, 69.401980,428.127442,CI.l(95%).Total.SURVEY_LU1_3U112
16.89938,78.82512,44.32331,88.56047,CI.l(95%).Total.SURVEY_LU1_3U113
  379.9489, 3111.2092, 2903.8796,12498.8887,CI.l(95%).Total.SURVEY_LU1_3U120
 48.19608,347.74172, 11.66652, 12.24672,CI.l(95%).Total.SURVEY_LU1_3U130
 38.746187,104.327926,  2.711805, 16.511065,CI.l(95%).Total.SURVEY_LU1_3U140
3.033267,3.838608,0.000000,0.000000,CI.l(95%).Total.SURVEY_LU1_3U150
 8.544048,37.168945, 4.684016,-7.704371,CI.l(95%).Total.SURVEY_LU1_3U210
0.000000,4.470281,0.000000,0.000000,CI.l(95%).Total.SURVEY_LU1_3U221
 0.000000,-2.500971, 0.000000, 0.000000,CI.l(95%).Total.SURVEY_LU1_3U223
 0.000000,-7.078099, 0.000000, 0.000000,CI.l(95%).Total.SURVEY_LU1_3U224
0.000000,8.221959,0.000000,0.000000,CI.l(95%).Total.SURVEY_LU1_3U225
 0.000000,-7.078099, 0.000000, 0.000000,CI.l(95%).Total.SURVEY_LU1_3U227
 3.762917, 2.290415,17.677511, 5.705096,CI.l(95%).Total.SURVEY_LU1_3U311
 50.34930,112.21919, 78.86961,459.40945,CI.l(95%).Total.SURVEY_LU1_3U312
 2.295715,18.956603, 0.000000, 6.881356,CI.l(95%).Total.SURVEY_LU1_3U313
4.578452,7.376592,0.000000,0.000000,CI.l(95%).Total.SURVEY_LU1_3U314
 0.0000000, 0.0000000, 0.0000000,-0.1637029,CI.l(95%).Total.SURVEY_LU1_3U315
0.000000,1.930245,7.717283,0.000000,CI.l(95%).Total.SURVEY_LU1_3U317
4.028266,3.644831,0.000000,4.577128,CI.l(95%).Total.SURVEY_LU1_3U318
0.0000000,7.2896623,8.4469325,0.1521345,CI.l(95%).Total.SURVEY_LU1_3U319
 4.6840155,23.0867301, 0.0000000, 0.1543289,CI.l(95%).Total.SURVEY_LU1_3U321
0.000000,8.897919,0.000000,0.000000,CI.l(95%).Total.SURVEY_LU1_3U322
 0.000000, 0.000000, 8.053119,-3.014124,CI.l(95%).Total.SURVEY_LU1_3U330
 0.000000,-4.217087,11.277034,20.393267,CI.l(95%).Total.SURVEY_LU1_3U341
39.783192,16.336854, 0.000000, 8.766486,CI.l(95%).Total.SURVEY_LU1_3U350
140.01693,720.14558, 46.18300, 95.08246,CI.l(95%).Total.SURVEY_LU1_3U361
 2.986105, 3.256034, 7.626875,-1.664573,CI.l(95%).Total.SURVEY_LU1_3U362
113.9213,468.5642,119.7004,534.5439,CI.l(95%).Total.SURVEY_LU1_3U370
 0.000000,23.239896, 5.305173,21.612334,CI.l(95%).Total.SURVEY_LU1_3U411
 0.0000000, 0.0000000, 0.0000000,-0.2055758,CI.l(95%).Total.SURVEY_LU1_3U412
0.000000,3.612554,4.684016,8.158245,CI.l(95%).Total.SURVEY_LU1_3U414
18.88711,44.52479,17.94397,71.12696,CI.l(95%).Total.SURVEY_LU1_3U415
 172.6703, 932.4744, 358.6059,1307.1341,CI.l(95%).Total.SURVEY_LU1_3U420
 2037.873,12518.013, 5655.014,37320.195,CI.l(95%).Total.settlement0
 271.1675, 915.0372, 294.6530,1365.6235,CI.l(95%).Total.settlement1
 1603.366, 9559.372, 2828.565,24493.774,CI.l(95%).Total.fao_class_name0
  367.3479, 3206.5748, 2960.8610,13427.0505,CI.l(95%).Total.fao_class_name1
20.52335,83.26277,36.18304,70.67983,CI.l(95%).Total.fao_class_name2
 15.67148, 63.69883, 63.59860,196.97429,CI.l(95%).Total.fao_class_name3
 1988.481,12154.588, 5757.757,37972.638,CI.l(95%).Total.lue0
 318.3959,1274.6263, 192.5229, 767.2321,CI.l(95%).Total.lue1
 2191.154,13059.086, 5850.298,38087.891,CI.l(95%).Total.lud0
120.3276,412.7112,133.4702,638.7433,CI.l(95%).Total.lud1
 3705.003,16595.055, 7437.335,42020.345,CI.u(95%).Total.area
150.2622,624.5096,128.2249,821.5618,CI.u(95%).Total.SURVEY_LC1_1A
  640.0207, 4849.2782, 1392.9607,15603.6011,CI.u(95%).Total.SURVEY_LC1_1B
 1660.852, 6180.034, 4492.165,16319.897,CI.u(95%).Total.SURVEY_LC1_1C
 52.59395,176.84826, 51.87138,189.73433,CI.u(95%).Total.SURVEY_LC1_1D
 700.9457,3403.9358,1326.7381,9849.4241,CI.u(95%).Total.SURVEY_LC1_1E
708.0571,929.1249,137.5645,721.4723,CI.u(95%).Total.SURVEY_LC1_1F
 196.06656,1214.54331,  50.78336, 295.24471,CI.u(95%).Total.SURVEY_LC1_1G
 56.18355,818.05328, 23.74519,183.83120,CI.u(95%).Total.SURVEY_LC1_1H
 3072.05,13382.13, 6586.47,38213.68,CI.u(95%).Total.SURVEY_LU1_1U1
 11.966359,119.517116,  4.684016, 48.432362,CI.u(95%).Total.SURVEY_LU1_1U2
 435.9267,1940.5589, 412.6648,1907.0009,CI.u(95%).Total.SURVEY_LU1_1U3
 213.9523,1652.8458, 539.2663,2964.9746,CI.u(95%).Total.SURVEY_LU1_1U4
 44.52096,274.20768, 46.24453,142.31393,CI.u(95%).Total.SURVEY_LC1_2A1
117.20764,453.22983, 86.89478,683.37263,CI.u(95%).Total.SURVEY_LC1_2A2
 0.000000, 4.189358, 0.000000,91.766840,CI.u(95%).Total.SURVEY_LC1_2A3
   21.73782,  426.61263,  970.54273,10745.33472,CI.u(95%).Total.SURVEY_LC1_2B1
  0.0000,  0.0000, 26.0593,354.9522,CI.u(95%).Total.SURVEY_LC1_2B2
   3.793121, 580.099638, 199.229611,3076.149557,CI.u(95%).Total.SURVEY_LC1_2B3
   5.378685, 107.336819,  87.949722,1011.494374,CI.u(95%).Total.SURVEY_LC1_2B4
   0.00000,   0.00000,  82.89571,1008.91549,CI.u(95%).Total.SURVEY_LC1_2B5
 14.77766, 56.55308, 54.07651,287.57131,CI.u(95%).Total.SURVEY_LC1_2B7
 0.00000,46.66953, 0.00000,42.60362,CI.u(95%).Total.SURVEY_LC1_2B8
 598.7419,3956.7679,   0.0000,   0.0000,CI.u(95%).Total.SURVEY_LC1_2Bx
 280.6874,2647.6035,1445.9576,6654.5833,CI.u(95%).Total.SURVEY_LC1_2C1
 806.3423, 652.7126,2232.3240,5031.9486,CI.u(95%).Total.SURVEY_LC1_2C2
 875.3559,3538.9077,2390.4902,8063.7427,CI.u(95%).Total.SURVEY_LC1_2C3
0.000000,4.927878,0.000000,0.000000,CI.u(95%).Total.SURVEY_LC1_2Cx
 27.95260,116.98051, 39.30601,135.95643,CI.u(95%).Total.SURVEY_LC1_2D1
24.64135,68.51762,13.69494,79.03786,CI.u(95%).Total.SURVEY_LC1_2D2
165.6852,256.1905,185.8004,605.5261,CI.u(95%).Total.SURVEY_LC1_2E1
 482.2161,2808.1655, 875.1991,7447.1283,CI.u(95%).Total.SURVEY_LC1_2E2
 112.0468, 495.1578, 320.0797,2354.6537,CI.u(95%).Total.SURVEY_LC1_2E3
 0.00000,13.41084, 0.00000,29.07250,CI.u(95%).Total.SURVEY_LC1_2F2
708.0571,915.7140,137.5645,704.1223,CI.u(95%).Total.SURVEY_LC1_2F4
 188.69963,1026.21497,  38.69324, 188.20469,CI.u(95%).Total.SURVEY_LC1_2G1
 10.73099,198.39722, 12.09012,134.04109,CI.u(95%).Total.SURVEY_LC1_2G2
 56.18355,795.16764, 23.74519,179.25407,CI.u(95%).Total.SURVEY_LC1_2H1
 0.000000,22.885640, 0.000000, 4.577128,CI.u(95%).Total.SURVEY_LC1_2H2
 1752.697, 7804.257, 2307.941,23243.655,CI.u(95%).Total.SURVEY_LU1_2U11
 1550.374, 5681.944, 4341.837,15496.476,CI.u(95%).Total.SURVEY_LU1_2U12
 58.24985,394.60421, 11.66652, 67.71542,CI.u(95%).Total.SURVEY_LU1_2U13
 38.746187,107.559681,  5.870078, 46.057646,CI.u(95%).Total.SURVEY_LU1_2U14
3.033267,3.838608,0.000000,0.000000,CI.u(95%).Total.SURVEY_LU1_2U15
11.966359,37.168945, 4.684016,48.432362,CI.u(95%).Total.SURVEY_LU1_2U21
 0.00000,82.34817, 0.00000, 0.00000,CI.u(95%).Total.SURVEY_LU1_2U22
 92.02158,422.05533,127.42705,862.00434,CI.u(95%).Total.SURVEY_LU1_2U31
 4.684016,31.984650, 0.000000,51.306366,CI.u(95%).Total.SURVEY_LU1_2U32
 0.00000, 0.00000,19.98023,81.34198,CI.u(95%).Total.SURVEY_LU1_2U33
 0.00000,22.82634,24.00808,76.19277,CI.u(95%).Total.SURVEY_LU1_2U34
58.080875,16.336854, 0.000000, 8.766486,CI.u(95%).Total.SURVEY_LU1_2U35
165.87805,842.73138, 57.41939,285.86942,CI.u(95%).Total.SURVEY_LU1_2U36
146.6843,779.1681,204.1850,804.8919,CI.u(95%).Total.SURVEY_LU1_2U37
 18.88711, 71.37724,113.94298,204.48835,CI.u(95%).Total.SURVEY_LU1_2U41
 195.0652,1581.4686, 450.9476,2797.3759,CI.u(95%).Total.SURVEY_LU1_2U42
 39.81831,177.00179, 23.17253,142.31393,CI.u(95%).Total.SURVEY_LC1_3A11
  9.144796,145.428269, 25.463837,  0.000000,CI.u(95%).Total.SURVEY_LC1_3A12
 0.00000,10.25302, 0.00000, 0.00000,CI.u(95%).Total.SURVEY_LC1_3A13
 79.77509,197.14942, 24.87152,158.26373,CI.u(95%).Total.SURVEY_LC1_3A21
 46.48190,328.41414, 65.19609,587.83552,CI.u(95%).Total.SURVEY_LC1_3A22
 0.000000, 4.189358, 0.000000,91.766840,CI.u(95%).Total.SURVEY_LC1_3A30
   5.378685, 278.794943, 578.471858,7340.506708,CI.u(95%).Total.SURVEY_LC1_3B11
  0.0000,  0.0000,  0.0000,175.7473,CI.u(95%).Total.SURVEY_LC1_3B12
   0.00000,  75.87402,  73.95141,1747.40767,CI.u(95%).Total.SURVEY_LC1_3B13
  0.00000,  0.00000, 51.99932,750.00981,CI.u(95%).Total.SURVEY_LC1_3B14
  8.541919, 50.302084,141.551180,774.084361,CI.u(95%).Total.SURVEY_LC1_3B15
  0.00000,126.41843, 24.97435,449.80842,CI.u(95%).Total.SURVEY_LC1_3B16
  0.00000,  0.00000, 23.87815,206.35202,CI.u(95%).Total.SURVEY_LC1_3B18
 10.00974,  0.00000,115.33022,343.18768,CI.u(95%).Total.SURVEY_LC1_3B19
  0.0000,  0.0000, 26.0593,153.3040,CI.u(95%).Total.SURVEY_LC1_3B21
  0.0000,  0.0000,  0.0000,205.0942,CI.u(95%).Total.SURVEY_LC1_3B22
 0.00000, 0.00000, 0.00000,64.01817,CI.u(95%).Total.SURVEY_LC1_3B23
   3.793121, 580.099638, 187.157174,3048.948950,CI.u(95%).Total.SURVEY_LC1_3B32
0.000000,0.000000,3.793121,0.000000,CI.u(95%).Total.SURVEY_LC1_3B33
 0.000000, 0.000000, 8.279317,48.310976,CI.u(95%).Total.SURVEY_LC1_3B35
 0.00000, 0.00000, 0.00000,12.31236,CI.u(95%).Total.SURVEY_LC1_3B37
  5.378685,102.759691, 83.424593,991.859126,CI.u(95%).Total.SURVEY_LC1_3B41
 0.00000, 0.00000, 0.00000,47.43751,CI.u(95%).Total.SURVEY_LC1_3B43
0.000000,4.577128,6.380908,0.000000,CI.u(95%).Total.SURVEY_LC1_3B44
  0.00000,  0.00000, 25.57826,397.53248,CI.u(95%).Total.SURVEY_LC1_3B51
  0.00000,  0.00000, 11.53179,125.81860,CI.u(95%).Total.SURVEY_LC1_3B52
 0.000000, 0.000000, 5.870078,93.763269,CI.u(95%).Total.SURVEY_LC1_3B53
 0.00000, 0.00000, 0.00000,68.94416,CI.u(95%).Total.SURVEY_LC1_3B54
  0.00000,  0.00000, 46.02912,514.29078,CI.u(95%).Total.SURVEY_LC1_3B55
  6.568234, 47.104706, 34.197846,131.460530,CI.u(95%).Total.SURVEY_LC1_3B71
 3.416380, 4.871243, 0.000000,62.204620,CI.u(95%).Total.SURVEY_LC1_3B72
0.000000,4.577128,0.000000,9.505006,CI.u(95%).Total.SURVEY_LC1_3B73
 0.000000, 0.000000, 5.378685,24.630573,CI.u(95%).Total.SURVEY_LC1_3B74
  4.793043,  0.000000, 15.626229,105.195527,CI.u(95%).Total.SURVEY_LC1_3B75
 0.00000, 0.00000, 0.00000,42.60362,CI.u(95%).Total.SURVEY_LC1_3B83
 0.00000,46.66953, 0.00000, 0.00000,CI.u(95%).Total.SURVEY_LC1_3B84
 589.9182,3928.7848,   0.0000,   0.0000,CI.u(95%).Total.SURVEY_LC1_3Bx1
 8.823674,27.983082, 0.000000, 0.000000,CI.u(95%).Total.SURVEY_LC1_3Bx2
 280.6874,2647.6035,1445.9576,6654.5833,CI.u(95%).Total.SURVEY_LC1_3C10
  13.76001, 156.81601, 152.32131,3061.00471,CI.u(95%).Total.SURVEY_LC1_3C21
 788.8746, 474.0908,2155.4405,2387.2473,CI.u(95%).Total.SURVEY_LC1_3C22
  0.000000, 57.558627,  4.684016,770.368802,CI.u(95%).Total.SURVEY_LC1_3C23
 5.856529,45.688346, 0.000000, 0.000000,CI.u(95%).Total.SURVEY_LC1_3C2x
 209.0929,2417.1488,1727.7327,5215.4999,CI.u(95%).Total.SURVEY_LC1_3C31
 639.8384, 257.2594, 779.3757,2306.7774,CI.u(95%).Total.SURVEY_LC1_3C32
 183.3342,1158.3449, 651.3048,2310.2213,CI.u(95%).Total.SURVEY_LC1_3C33
 12.94298,265.02132,  0.00000,  0.00000,CI.u(95%).Total.SURVEY_LC1_3C3x
0.000000,4.927878,0.000000,0.000000,CI.u(95%).Total.SURVEY_LC1_3Cxx
 27.95260,116.98051, 39.30601,135.95643,CI.u(95%).Total.SURVEY_LC1_3D10
24.64135,68.51762,13.69494,79.03786,CI.u(95%).Total.SURVEY_LC1_3D20
165.6852,256.1905,185.8004,605.5261,CI.u(95%).Total.SURVEY_LC1_3E10
 478.3032,2808.1655, 875.1991,7447.1283,CI.u(95%).Total.SURVEY_LC1_3E20
5.335855,0.000000,0.000000,0.000000,CI.u(95%).Total.SURVEY_LC1_3E2x
 112.0468, 495.1578, 320.0797,2354.6537,CI.u(95%).Total.SURVEY_LC1_3E30
 0.00000,13.41084, 0.00000,29.07250,CI.u(95%).Total.SURVEY_LC1_3F20
708.0571,915.7140,137.5645,704.1223,CI.u(95%).Total.SURVEY_LC1_3F40
 188.69963,1022.02821,  38.69324, 188.20469,CI.u(95%).Total.SURVEY_LC1_3G11
0.000000,4.186763,0.000000,0.000000,CI.u(95%).Total.SURVEY_LC1_3G12
 10.73099,198.39722, 12.09012,134.04109,CI.u(95%).Total.SURVEY_LC1_3G21
 42.13150,230.65207, 23.74519,179.25407,CI.u(95%).Total.SURVEY_LC1_3H11
 14.05205,579.49344,  0.00000,  0.00000,CI.u(95%).Total.SURVEY_LC1_3H12
 0.000000,22.885640, 0.000000, 4.577128,CI.u(95%).Total.SURVEY_LC1_3H21
 1715.820, 7643.594, 2182.195,22529.069,CI.u(95%).Total.SURVEY_LU1_3U111
 31.41074, 60.71695, 86.22848,729.70428,CI.u(95%).Total.SURVEY_LU1_3U112
 16.89938,174.52437, 51.54931,196.20607,CI.u(95%).Total.SURVEY_LU1_3U113
 1550.374, 5681.944, 4341.837,15496.476,CI.u(95%).Total.SURVEY_LU1_3U120
 58.24985,394.60421, 11.66652, 67.71542,CI.u(95%).Total.SURVEY_LU1_3U130
 38.746187,107.559681,  5.870078, 46.057646,CI.u(95%).Total.SURVEY_LU1_3U140
3.033267,3.838608,0.000000,0.000000,CI.u(95%).Total.SURVEY_LU1_3U150
11.966359,37.168945, 4.684016,48.432362,CI.u(95%).Total.SURVEY_LU1_3U210
0.000000,4.470281,0.000000,0.000000,CI.u(95%).Total.SURVEY_LU1_3U221
 0.00000,35.86041, 0.00000, 0.00000,CI.u(95%).Total.SURVEY_LU1_3U223
 0.00000,31.28328, 0.00000, 0.00000,CI.u(95%).Total.SURVEY_LU1_3U224
0.000000,8.221959,0.000000,0.000000,CI.u(95%).Total.SURVEY_LU1_3U225
 0.00000,31.28328, 0.00000, 0.00000,CI.u(95%).Total.SURVEY_LU1_3U227
 3.762917,28.903104,17.677511,33.889730,CI.u(95%).Total.SURVEY_LU1_3U311
 75.34062,348.88970, 93.58533,781.29354,CI.u(95%).Total.SURVEY_LU1_3U312
 6.046978,18.956603, 0.000000,22.731631,CI.u(95%).Total.SURVEY_LU1_3U313
4.578452,7.376592,0.000000,0.000000,CI.u(95%).Total.SURVEY_LU1_3U314
 0.00000, 0.00000, 0.00000,10.25302,CI.u(95%).Total.SURVEY_LU1_3U315
 0.000000,37.079848, 7.717283, 0.000000,CI.u(95%).Total.SURVEY_LU1_3U317
4.028266,3.644831,0.000000,4.577128,CI.u(95%).Total.SURVEY_LU1_3U318
 0.000000, 7.289662, 8.446932,64.692979,CI.u(95%).Total.SURVEY_LU1_3U319
 4.684016,23.086730, 0.000000,51.306366,CI.u(95%).Total.SURVEY_LU1_3U321
0.000000,8.897919,0.000000,0.000000,CI.u(95%).Total.SURVEY_LU1_3U322
 0.00000, 0.00000,19.98023,81.34198,CI.u(95%).Total.SURVEY_LU1_3U330
 0.00000,22.82634,24.00808,76.19277,CI.u(95%).Total.SURVEY_LU1_3U341
58.080875,16.336854, 0.000000, 8.766486,CI.u(95%).Total.SURVEY_LU1_3U350
156.35873,830.48757, 49.79252,252.31021,CI.u(95%).Total.SURVEY_LU1_3U361
13.716195,20.555598, 7.626875,57.893464,CI.u(95%).Total.SURVEY_LU1_3U362
146.6843,779.1681,204.1850,804.8919,CI.u(95%).Total.SURVEY_LU1_3U370
 0.00000,23.23990,11.11798,38.95565,CI.u(95%).Total.SURVEY_LU1_3U411
 0.0000, 0.0000, 0.0000,12.8756,CI.u(95%).Total.SURVEY_LU1_3U412
 0.000000, 3.612554, 4.684016,54.579921,CI.u(95%).Total.SURVEY_LU1_3U414
 18.88711, 44.52479,100.94574,126.50515,CI.u(95%).Total.SURVEY_LU1_3U415
 195.0652,1581.4686, 450.9476,2797.3759,CI.u(95%).Total.SURVEY_LU1_3U420
 3418.449,15512.652, 7099.781,40436.875,CI.u(95%).Total.settlement0
 301.8024,1239.6539, 381.2601,1799.9506,CI.u(95%).Total.settlement1
 2817.277,11210.534, 3011.664,26025.042,CI.u(95%).Total.fao_class_name0
 1160.628, 5775.513, 4399.563,16178.629,CI.u(95%).Total.fao_class_name1
 28.80641,196.28177, 55.64656,165.46886,CI.u(95%).Total.fao_class_name2
 15.67148, 90.11893, 74.62752,365.02679,CI.u(95%).Total.fao_class_name3
 3369.263,15157.307, 7202.551,41092.830,CI.u(95%).Total.lue0
 353.1518,1598.8338, 277.8768,1089.9443,CI.u(95%).Total.lue1
 3571.994,16063.072, 7294.289,41207.669,CI.u(95%).Total.lud0
145.8151,650.4858,152.6515,988.3414,CI.u(95%).Total.lud1
0.11683945,0.05078843,0.05485403,0.01965913,CV.Total.area
0.05185477,0.12815580,0.03663816,0.12446895,CV.Total.SURVEY_LC1_1A
0.01523727,0.06219265,0.02285498,0.02394730,CV.Total.SURVEY_LC1_1B
0.27758716,0.13415354,0.09728013,0.04924620,CV.Total.SURVEY_LC1_1C
0.05068212,0.17235029,0.03715959,0.32648466,CV.Total.SURVEY_LC1_1D
0.09612647,0.10944283,0.03476768,0.05257562,CV.Total.SURVEY_LC1_1E
0.72855123,0.12327310,0.03222271,0.13854426,CV.Total.SURVEY_LC1_1F
0.001032864,0.016409111,0.028785155,0.110680126,CV.Total.SURVEY_LC1_1G
0.00000000,0.29584521,0.04673837,0.08168712,CV.Total.SURVEY_LC1_1H
0.14786311,0.06345273,0.06283433,0.02349521,CV.Total.SURVEY_LU1_1U1
0.08513284,0.16176311,0.00000000,0.70324403,CV.Total.SURVEY_LU1_1U2
0.01954472,0.04864726,0.05993348,0.06534866,CV.Total.SURVEY_LU1_1U3
0.02817723,0.12463805,0.06646024,0.17150336,CV.Total.SURVEY_LU1_1U4
0.15418822,0.31942229,0.09674325,0.39480289,CV.Total.SURVEY_LC1_2A1
0.07486245,0.19844289,0.03875435,0.14423580,CV.Total.SURVEY_LC1_2A2
NA,0.0000000,NA,0.4765229,CV.Total.SURVEY_LC1_2A3
0.08586936,0.20820262,0.03304507,0.03518361,CV.Total.SURVEY_LC1_2B1
NA,NA,0.02999512,0.21058528,CV.Total.SURVEY_LC1_2B2
0.00000000,0.18050512,0.02387230,0.06479197,CV.Total.SURVEY_LC1_2B3
0.18776690,0.43767644,0.05187396,0.13094636,CV.Total.SURVEY_LC1_2B4
NA,NA,0.04403638,0.11906754,CV.Total.SURVEY_LC1_2B5
0.00000000,0.00000000,0.03449531,0.12114097,CV.Total.SURVEY_LC1_2B7
NA,0.864472,NA,0.864472,CV.Total.SURVEY_LC1_2B8
0.01616716,0.07337701,NA,NA,CV.Total.SURVEY_LC1_2Bx
0.06181691,0.19414757,0.34276059,0.14473901,CV.Total.SURVEY_LC1_2C1
0.6848916,0.1075229,0.3187560,0.2285726,CV.Total.SURVEY_LC1_2C2
0.4182272,0.2323640,0.2848934,0.1507864,CV.Total.SURVEY_LC1_2C3
NA,  0,NA,NA,CV.Total.SURVEY_LC1_2Cx
0.10451240,0.30303571,0.04545859,0.48495492,CV.Total.SURVEY_LC1_2D1
0.00000000,0.08429566,0.05973905,0.36653280,CV.Total.SURVEY_LC1_2D2
0.46200001,0.15491558,0.04923411,0.10100744,CV.Total.SURVEY_LC1_2E1
0.09798863,0.13618535,0.04964457,0.05359303,CV.Total.SURVEY_LC1_2E2
0.07108694,0.13809659,0.08351582,0.20293969,CV.Total.SURVEY_LC1_2E3
NA,0.0000000,NA,0.3692756,CV.Total.SURVEY_LC1_2F2
0.72855123,0.12552262,0.03222271,0.14233973,CV.Total.SURVEY_LC1_2F4
0.005146901,0.019513448,0.038457324,0.166277542,CV.Total.SURVEY_LC1_2G1
0.10806701,0.02739722,0.00000000,0.16913411,CV.Total.SURVEY_LC1_2G2
0.00000000,0.30952541,0.04673837,0.08411682,CV.Total.SURVEY_LC1_2H1
NA,  0,NA,  0,CV.Total.SURVEY_LC1_2H2
0.16641379,0.05664348,0.01891176,0.01774388,CV.Total.SURVEY_LU1_2U11
0.30936104,0.14916416,0.10125501,0.05463081,CV.Total.SURVEY_LU1_2U12
0.04818941,0.03220854,0.00000000,0.35392843,CV.Total.SURVEY_LU1_2U13
0.000000000,0.007781885,0.187766904,0.240936138,CV.Total.SURVEY_LU1_2U14
  0,  0,NA,NA,CV.Total.SURVEY_LU1_2U15
0.08513284,0.00000000,0.00000000,0.70324403,CV.Total.SURVEY_LU1_2U21
NA,0.2739857,NA,NA,CV.Total.SURVEY_LU1_2U22
0.08120928,0.20065248,0.03126595,0.12078565,CV.Total.SURVEY_LU1_2U31
0.0000000,0.0000000,NA,0.5071532,CV.Total.SURVEY_LU1_2U32
NA,NA,0.2170761,0.5494804,CV.Total.SURVEY_LU1_2U33
NA,0.7414549,0.1840876,0.2947596,CV.Total.SURVEY_LU1_2U34
0.09539481,0.00000000,NA,0.00000000,CV.Total.SURVEY_LU1_2U35
0.03043918,0.03597641,0.01655700,0.21251515,CV.Total.SURVEY_LU1_2U36
0.06414335,0.12700984,0.13308778,0.10298004,CV.Total.SURVEY_LU1_2U37
0.0000000,0.0000000,0.2934205,0.1152669,CV.Total.SURVEY_LU1_2U41
0.03107162,0.13171563,0.05819744,0.18524535,CV.Total.SURVEY_LU1_2U42
0.17135313,0.46926101,0.07317073,0.39480289,CV.Total.SURVEY_LC1_3A11
0.5547002,0.5291730,0.1880009,NA,CV.Total.SURVEY_LC1_3A12
NA,0.5267703,NA,NA,CV.Total.SURVEY_LC1_3A13
0.10996519,0.38120879,0.07983287,0.43421935,CV.Total.SURVEY_LC1_3A21
0.13810118,0.27471622,0.05116485,0.16035738,CV.Total.SURVEY_LC1_3A22
NA,0.0000000,NA,0.4765229,CV.Total.SURVEY_LC1_3A30
0.18776690,0.26761459,0.05580037,0.04413817,CV.Total.SURVEY_LC1_3B11
NA,NA,NA,0.3036915,CV.Total.SURVEY_LC1_3B12
NA,0.62100130,0.05704102,0.09398787,CV.Total.SURVEY_LC1_3B13
NA,NA,0.05116361,0.43747651,CV.Total.SURVEY_LC1_3B14
0.18776690,0.88391036,0.04568938,0.14037256,CV.Total.SURVEY_LC1_3B15
NA,0.4457503,0.1658953,0.1842602,CV.Total.SURVEY_LC1_3B16
NA,NA,0.06575449,0.30318429,CV.Total.SURVEY_LC1_3B18
0.09556815,NA,0.04296447,0.22059539,CV.Total.SURVEY_LC1_3B19
NA,NA,0.02999512,0.30236584,CV.Total.SURVEY_LC1_3B21
NA,NA,NA,0.32343,CV.Total.SURVEY_LC1_3B22
NA,NA,NA,0.5981733,CV.Total.SURVEY_LC1_3B23
0.00000000,0.18050512,0.02548910,0.06520675,CV.Total.SURVEY_LC1_3B32
NA,NA,  0,NA,CV.Total.SURVEY_LC1_3B33
NA,NA,0.0000000,0.7205182,CV.Total.SURVEY_LC1_3B35
NA,NA,NA,0.5267703,CV.Total.SURVEY_LC1_3B37
0.18776690,0.47533372,0.05283541,0.13242951,CV.Total.SURVEY_LC1_3B41
NA,NA,NA,0.877058,CV.Total.SURVEY_LC1_3B43
NA,0.0000000,0.2581989,NA,CV.Total.SURVEY_LC1_3B44
NA,NA,0.1062260,0.2057739,CV.Total.SURVEY_LC1_3B51
NA,NA,0.1750860,0.4048181,CV.Total.SURVEY_LC1_3B52
NA,NA,0.1877669,0.4321040,CV.Total.SURVEY_LC1_3B53
NA,NA,NA,0.5567912,CV.Total.SURVEY_LC1_3B54
NA,NA,0.04547387,0.17877732,CV.Total.SURVEY_LC1_3B55
0.00000000,0.00000000,0.05093043,0.05663429,CV.Total.SURVEY_LC1_3B71
0.0000000,0.0000000,NA,0.6402424,CV.Total.SURVEY_LC1_3B72
NA,  0,NA,  0,CV.Total.SURVEY_LC1_3B73
NA,NA,0.1877669,0.7414549,CV.Total.SURVEY_LC1_3B74
0.0000000,NA,0.0000000,0.2916374,CV.Total.SURVEY_LC1_3B75
NA,NA,NA,0.864472,CV.Total.SURVEY_LC1_3B83
NA,0.864472,NA,NA,CV.Total.SURVEY_LC1_3B84
0.01641676,0.07397542,NA,NA,CV.Total.SURVEY_LC1_3Bx1
  0,  0,NA,NA,CV.Total.SURVEY_LC1_3Bx2
0.06181691,0.19414757,0.34276059,0.14473901,CV.Total.SURVEY_LC1_3C10
0.09468278,0.28666018,0.60299266,0.33901411,CV.Total.SURVEY_LC1_3C21
0.7214836,0.1305022,0.3360932,0.3807272,CV.Total.SURVEY_LC1_3C22
NA,0.3706970,0.0000000,0.9510922,CV.Total.SURVEY_LC1_3C23
0.0000000,0.3273129,NA,NA,CV.Total.SURVEY_LC1_3C2x
0.4467021,0.3432231,0.4027099,0.2220926,CV.Total.SURVEY_LC1_3C31
0.7496550,0.1626889,0.7051752,0.3926703,CV.Total.SURVEY_LC1_3C32
0.4204382,0.4875844,0.8675747,0.4056731,CV.Total.SURVEY_LC1_3C33
0.1548977,0.1689096,NA,NA,CV.Total.SURVEY_LC1_3C3x
NA,  0,NA,NA,CV.Total.SURVEY_LC1_3Cxx
0.10451240,0.30303571,0.04545859,0.48495492,CV.Total.SURVEY_LC1_3D10
0.00000000,0.08429566,0.05973905,0.36653280,CV.Total.SURVEY_LC1_3D20
0.46200001,0.15491558,0.04923411,0.10100744,CV.Total.SURVEY_LC1_3E10
0.09892682,0.13618535,0.04964457,0.05359303,CV.Total.SURVEY_LC1_3E20
0.1877669,NA,NA,NA,CV.Total.SURVEY_LC1_3E2x
0.07108694,0.13809659,0.08351582,0.20293969,CV.Total.SURVEY_LC1_3E30
NA,0.0000000,NA,0.3692756,CV.Total.SURVEY_LC1_3F20
0.72855123,0.12552262,0.03222271,0.14233973,CV.Total.SURVEY_LC1_3F40
0.005146901,0.019596456,0.038457324,0.166277542,CV.Total.SURVEY_LC1_3G11
NA,  0,NA,NA,CV.Total.SURVEY_LC1_3G12
0.10806701,0.02739722,0.00000000,0.16913411,CV.Total.SURVEY_LC1_3G21
0.00000000,0.03643064,0.04673837,0.08411682,CV.Total.SURVEY_LC1_3H11
0.000000,0.547095,NA,NA,CV.Total.SURVEY_LC1_3H12
NA,  0,NA,  0,CV.Total.SURVEY_LC1_3H21
0.17113429,0.05786403,0.02004571,0.01849012,CV.Total.SURVEY_LU1_3U111
0.29629862,0.43668822,0.05516342,0.13289372,CV.Total.SURVEY_LU1_3U112
0.0000000,0.1927261,0.0384552,0.1928676,CV.Total.SURVEY_LU1_3U113
0.30936104,0.14916416,0.10125501,0.05463081,CV.Total.SURVEY_LU1_3U120
0.04818941,0.03220854,0.00000000,0.35392843,CV.Total.SURVEY_LU1_3U130
0.000000000,0.007781885,0.187766904,0.240936138,CV.Total.SURVEY_LU1_3U140
  0,  0,NA,NA,CV.Total.SURVEY_LU1_3U150
0.08513284,0.00000000,0.00000000,0.70324403,CV.Total.SURVEY_LU1_3U210
NA,  0,NA,NA,CV.Total.SURVEY_LU1_3U221
NA,0.5867153,NA,NA,CV.Total.SURVEY_LU1_3U223
NA,0.8086075,NA,NA,CV.Total.SURVEY_LU1_3U224
NA,  0,NA,NA,CV.Total.SURVEY_LU1_3U225
NA,0.8086075,NA,NA,CV.Total.SURVEY_LU1_3U227
0.0000000,0.4352876,0.0000000,0.3631833,CV.Total.SURVEY_LU1_3U311
0.10144732,0.26187410,0.04353691,0.13236818,CV.Total.SURVEY_LU1_3U312
0.2294157,0.0000000,NA,0.2730904,CV.Total.SURVEY_LU1_3U313
  0,  0,NA,NA,CV.Total.SURVEY_LU1_3U314
NA,NA,NA,0.5267703,CV.Total.SURVEY_LU1_3U315
NA,0.4597221,0.0000000,NA,CV.Total.SURVEY_LU1_3U317
  0,  0,NA,  0,CV.Total.SURVEY_LU1_3U318
NA,0.0000000,0.0000000,0.5078194,CV.Total.SURVEY_LU1_3U319
0.0000000,0.0000000,NA,0.5071532,CV.Total.SURVEY_LU1_3U321
NA,  0,NA,NA,CV.Total.SURVEY_LU1_3U322
NA,NA,0.2170761,0.5494804,CV.Total.SURVEY_LU1_3U330
NA,0.7414549,0.1840876,0.2947596,CV.Total.SURVEY_LU1_3U341
0.09539481,0.00000000,NA,0.00000000,CV.Total.SURVEY_LU1_3U350
0.02813256,0.03630644,0.01918847,0.23091942,CV.Total.SURVEY_LU1_3U361
0.3277774,0.3706789,0.0000000,0.5404217,CV.Total.SURVEY_LU1_3U362
0.06414335,0.12700984,0.13308778,0.10298004,CV.Total.SURVEY_LU1_3U370
NA,0.0000000,0.1805849,0.1460969,CV.Total.SURVEY_LU1_3U411
NA,NA,NA,0.5267703,CV.Total.SURVEY_LU1_3U412
NA,0.0000000,0.0000000,0.3775208,CV.Total.SURVEY_LU1_3U414
0.0000000,0.0000000,0.3562009,0.1429661,CV.Total.SURVEY_LU1_3U415
0.03107162,0.13171563,0.05819744,0.18524535,CV.Total.SURVEY_LU1_3U420
0.12909585,0.05450835,0.05779314,0.02045052,CV.Total.settlement0
0.02727950,0.07686660,0.06537542,0.07000294,CV.Total.settlement1
0.14010494,0.04056086,0.01599587,0.01546500,CV.Total.fao_class_name0
0.26488787,0.14592451,0.09972866,0.04741969,CV.Total.fao_class_name1
0.08567092,0.20627774,0.10814104,0.20479741,CV.Total.fao_class_name2
0.00000000,0.08763548,0.04070939,0.15256669,CV.Total.fao_class_name3
0.13149071,0.05609379,0.05687776,0.02013475,CV.Total.lue0
0.02640604,0.05756650,0.09257807,0.08865721,CV.Total.lue1
0.12224625,0.05262915,0.05604920,0.02007367,CV.Total.lud0
0.04886140,0.11410473,0.03420423,0.10962531,CV.Total.lud1
