NL1.No,NL2.No,NL3.No,NL4.No,NL1.Yes,NL2.Yes,NL3.Yes,NL4.Yes,variable
No,No,No,No,Yes,Yes,Yes,Yes,flag_two
4432.653,4711.754,6604.443,3468.418,4662.347,6259.246,3429.557,3822.582,Total.area
 495.8464, 793.8273,1575.1639, 926.9501, 394.6253, 634.5696, 717.6347, 550.0262,Total.SURVEY_LC1_1A
 886.4452, 491.1653, 850.7745, 675.2491,1281.7802,1774.7550,1008.9923,1291.0642,Total.SURVEY_LC1_1B
 386.1760, 756.8541, 559.0617, 526.6654, 549.8855,1337.2728, 427.6712, 827.4314,Total.SURVEY_LC1_1C
104.61852,142.16036,182.73124, 84.97048, 41.26931, 50.96237, 35.82324, 45.68594,Total.SURVEY_LC1_1D
1714.7141,1334.6977,2199.2344, 807.9266,2205.3366,2282.2713, 956.8151,1026.3693,Total.SURVEY_LC1_1E
295.25307,342.43723,375.57070,197.93148, 57.05927, 61.30132, 69.95359, 44.42914,Total.SURVEY_LC1_1F
457.09215,781.76606,740.32862,230.26287,115.22231, 86.13820,194.95175, 30.00328,Total.SURVEY_LC1_1G
 92.50785, 68.84624,121.57838, 18.46160, 17.16819, 31.97499, 17.71476,  7.57303,Total.SURVEY_LC1_1H
2810.880,2188.008,3215.707,1699.195,3594.346,4691.494,2070.961,2779.765,Total.SURVEY_LU1_1U1
44.555514,56.346237,78.368796,88.009127, 5.397975, 9.126634,21.293510,18.023392,Total.SURVEY_LU1_1U2
1044.7792,2127.5561,2761.3594,1450.7969, 875.5809,1353.2783,1203.4896, 864.1744,Total.SURVEY_LU1_1U3
532.4390,339.8436,549.0080,230.4165,187.0223,205.3465,133.8126,160.6195,Total.SURVEY_LU1_1U4
144.49302,296.86366,684.98912,353.97771, 68.01269,141.19600,204.07690,118.29344,Total.SURVEY_LC1_2A1
312.2667,476.4213,864.5606,563.9061,275.8423,446.0202,454.6064,411.3852,Total.SURVEY_LC1_2A2
34.723728,20.542355,25.614165, 9.066237,50.770338,47.353361,58.951379,20.347566,Total.SURVEY_LC1_2A3
4.36294,0.00000,0.00000,0.00000,0.00000,0.00000,0.00000,0.00000,Total.SURVEY_LC1_2Ax
 33.20669, 95.32752, 36.39135,155.91999,507.52907,591.42795,320.91198,559.44107,Total.SURVEY_LC1_2B1
 27.82613, 29.26298, 32.16620, 60.09782,491.93617,406.16210,371.08253,294.41435,Total.SURVEY_LC1_2B2
 3.923925, 3.851934, 0.000000, 3.774126,44.501904,39.664258,11.607867,15.055123,Total.SURVEY_LC1_2B3
  0.000000,  5.082209, 16.008541, 20.302336, 28.800180,119.463058, 86.225186,180.894367,Total.SURVEY_LC1_2B4
 29.26376, 30.77495, 20.89465, 18.90277,196.88312,552.71782,171.50398,148.38275,Total.SURVEY_LC1_2B5
 3.878494,35.596821,28.485799,15.702083, 8.246362,41.245007,47.660731,46.781814,Total.SURVEY_LC1_2B7
 0.000000, 3.831664, 0.000000,11.380659, 3.883422,24.074841, 0.000000,46.094708,Total.SURVEY_LC1_2B8
788.3462,287.4373,716.8279,389.1693,  0.0000,  0.0000,  0.0000,  0.0000,Total.SURVEY_LC1_2Bx
293.5769,382.1154,468.5315,375.1208,419.7801,786.6250,334.5017,395.7596,Total.SURVEY_LC1_2C1
 35.68438,256.35182, 47.17550, 96.82356, 32.12544,152.73034, 18.30938,205.95141,Total.SURVEY_LC1_2C2
 56.91464,118.38687, 43.35475, 54.72100, 97.97992,397.91742, 74.86007,225.72045,Total.SURVEY_LC1_2C3
 3.903466,24.985261,44.220257,11.383595,15.897207,15.340692, 7.682743, 7.651430,Total.SURVEY_LC1_2D1
100.71506,117.17510,138.51098, 73.58688, 25.37210, 35.62167, 28.14050, 38.03451,Total.SURVEY_LC1_2D2
22.89296,56.40510,97.47083,41.50700,20.63704,65.28383,27.07808,91.58409,Total.SURVEY_LC1_2E1
1656.7006,1236.0670,2068.7808, 755.0488,2113.4509,2148.4852, 882.5283, 881.9501,Total.SURVEY_LC1_2E2
35.12052,42.22561,32.98273,11.37079,71.24866,68.50232,47.20873,52.83515,Total.SURVEY_LC1_2E3
36.173760,31.778560,34.660298,26.748903,10.213802, 8.893753, 8.878304, 3.985314,Total.SURVEY_LC1_2F2
259.07931,310.65867,340.91040,171.18258, 46.84547, 52.40757, 61.07528, 40.44383,Total.SURVEY_LC1_2F4
330.85523,679.62927,367.47765,117.88003, 23.19731, 46.84463, 29.21091, 14.67938,Total.SURVEY_LC1_2G1
118.20794, 97.38583,335.87902,112.38284, 92.02500, 39.29357,165.74084, 15.32390,Total.SURVEY_LC1_2G2
 0.000000, 4.750957,36.971947, 0.000000, 0.000000, 0.000000, 0.000000, 0.000000,Total.SURVEY_LC1_2G3
8.028986,0.000000,0.000000,0.000000,0.000000,0.000000,0.000000,0.000000,Total.SURVEY_LC1_2G4
58.89164,68.84624,60.06671,13.06653,17.16819,31.97499,13.50420, 7.57303,Total.SURVEY_LC1_2H1
33.616206, 0.000000,61.511671, 5.395067, 0.000000, 0.000000, 4.210552, 0.000000,Total.SURVEY_LC1_2H2
2619.724,1867.199,3063.918,1452.547,3370.621,3991.282,1909.869,2157.058,Total.SURVEY_LU1_2U11
175.7493,317.2032,151.7894,234.2696,223.7244,700.2126,161.0915,622.7072,Total.SURVEY_LU1_2U12
8.084061,0.000000,0.000000,5.395067,0.000000,0.000000,0.000000,0.000000,Total.SURVEY_LU1_2U13
7.321959,3.606582,0.000000,6.983089,0.000000,0.000000,0.000000,0.000000,Total.SURVEY_LU1_2U14
23.516981, 5.082209, 9.479482, 0.000000, 0.000000, 3.831664, 0.000000, 3.774126,Total.SURVEY_LU1_2U21
21.038532,51.264028,68.889314,88.009127, 5.397975, 5.294969,21.293510,14.249266,Total.SURVEY_LU1_2U22
 273.5553, 509.0673,1002.3390, 452.4961, 404.4588, 572.8626, 661.7142, 432.0274,Total.SURVEY_LU1_2U31
12.71993,30.46385,23.71823,25.48539, 0.00000, 0.00000,16.11985, 0.00000,Total.SURVEY_LU1_2U32
11.25369,26.28182,36.22911,26.83872,20.06297,52.38116,27.44263,16.50794,Total.SURVEY_LU1_2U33
 78.49046,111.79852,192.85214,110.87182, 65.40897, 83.63743,101.74944, 75.45644,Total.SURVEY_LU1_2U34
 38.95071,161.48187, 95.65481, 56.75710, 16.89780, 36.81326, 16.46423, 23.70320,Total.SURVEY_LU1_2U35
336.5313,838.3951,542.9070,241.4915,143.4650,311.9428,211.7526,141.9241,Total.SURVEY_LU1_2U36
293.2779,450.0676,867.6591,536.8562,225.2873,295.6411,168.2466,174.5552,Total.SURVEY_LU1_2U37
 7.853003,24.430667,13.063973,25.426988, 5.855719, 8.893753, 9.308211, 3.754006,Total.SURVEY_LU1_2U41
524.5860,315.4130,535.9440,204.9895,181.1666,196.4528,124.5044,156.8654,Total.SURVEY_LU1_2U42
144.49302,259.98160,374.69022,284.72021, 62.59079,115.19912,151.99680, 76.43028,Total.SURVEY_LC1_3A11
  0.000000,  6.555357,219.824388, 48.299123,  5.421899, 11.607233, 16.031527, 10.536791,Total.SURVEY_LC1_3A12
 0.00000,30.32670,90.47452,20.95838, 0.00000,14.38964,36.04857,31.32636,Total.SURVEY_LC1_3A13
192.3376,249.9364,533.3388,344.2007,116.6457,151.8253,159.2884,129.3276,Total.SURVEY_LC1_3A21
119.9292,226.4849,331.2218,219.7054,159.1965,294.1950,295.3181,282.0576,Total.SURVEY_LC1_3A22
34.723728,20.542355,25.614165, 9.066237,50.770338,47.353361,58.951379,20.347566,Total.SURVEY_LC1_3A30
4.36294,0.00000,0.00000,0.00000,0.00000,0.00000,0.00000,0.00000,Total.SURVEY_LC1_3Axx
  7.781735, 14.016352,  0.000000, 15.096505,150.597648,151.661581,191.148824, 94.956851,Total.SURVEY_LC1_3B11
0.000000,0.000000,0.000000,0.000000,0.000000,0.000000,3.978989,0.000000,Total.SURVEY_LC1_3B12
 8.306980, 3.786433, 0.000000, 3.712475,75.437339,34.451564, 0.000000,15.110695,Total.SURVEY_LC1_3B13
 0.000000, 0.000000, 0.000000, 0.000000,13.194047,11.546504, 4.310682, 7.465489,Total.SURVEY_LC1_3B14
0.000000,0.000000,3.978989,0.000000,0.000000,0.000000,4.310682,0.000000,Total.SURVEY_LC1_3B15
 17.11797, 58.38094, 20.06209,129.60414,259.99306,393.76830,117.16280,434.35979,Total.SURVEY_LC1_3B16
0.000000,0.000000,0.000000,0.000000,8.306980,0.000000,0.000000,7.548253,Total.SURVEY_LC1_3B18
 0.000000,19.143791,12.350275, 7.506871, 0.000000, 0.000000, 0.000000, 0.000000,Total.SURVEY_LC1_3B19
 20.01847, 19.09856, 16.08310, 33.81936,295.49145,175.58986,231.52364,176.41760,Total.SURVEY_LC1_3B21
  3.903829, 10.164418, 16.083099,  7.510718,162.777791,121.046359, 99.462339, 65.210535,Total.SURVEY_LC1_3B22
  3.903829,  0.000000,  0.000000, 18.767748, 33.666933,109.525884, 40.096548, 52.786210,Total.SURVEY_LC1_3B23
0.000000,0.000000,0.000000,0.000000,3.903829,0.000000,0.000000,0.000000,Total.SURVEY_LC1_3B31
 0.000000, 3.851934, 0.000000, 0.000000,17.155002,24.293715, 3.814439, 3.732744,Total.SURVEY_LC1_3B32
 3.923925, 0.000000, 0.000000, 3.774126,23.443072,15.370543, 7.793428, 7.548253,Total.SURVEY_LC1_3B35
0.000000,0.000000,0.000000,0.000000,0.000000,0.000000,0.000000,3.774126,Total.SURVEY_LC1_3B37
 0.000000, 0.000000, 0.000000, 0.000000, 7.807295, 0.000000, 0.000000,11.414101,Total.SURVEY_LC1_3B41
  0.000000,  5.082209,  7.793428, 11.280997,  5.397975, 74.982588, 46.634616,120.618877,Total.SURVEY_LC1_3B43
 0.000000, 0.000000, 8.215113, 9.021340,15.594910,44.480470,39.590570,33.826386,Total.SURVEY_LC1_3B44
 0.000, 0.000, 0.000, 0.000, 0.000, 0.000, 0.000,15.035,Total.SURVEY_LC1_3B45
 0.000000, 0.000000, 0.000000, 0.000000, 3.883422,15.357899, 7.957978,15.166180,Total.SURVEY_LC1_3B51
 0.000000, 0.000000, 3.978989, 3.819024, 3.923925,10.209317, 8.334673, 0.000000,Total.SURVEY_LC1_3B52
 0.000000, 0.000000, 0.000000, 0.000000,23.988049,29.256100, 8.621365, 7.832620,Total.SURVEY_LC1_3B53
0.000000,0.000000,0.000000,0.000000,3.903829,0.000000,3.814439,3.732744,Total.SURVEY_LC1_3B54
 29.26376, 30.77495, 16.91566, 15.08375,161.18389,497.89450,142.77553,121.65120,Total.SURVEY_LC1_3B55
 0.000000,27.876857, 4.117271, 7.855981, 8.246362,32.137418,15.268742,11.361074,Total.SURVEY_LC1_3B71
 0.000000, 3.897165,24.368528, 0.000000, 0.000000, 9.107588,28.433166,11.300767,Total.SURVEY_LC1_3B72
 0.000000, 0.000000, 0.000000, 7.846102, 0.000000, 0.000000, 0.000000,11.341261,Total.SURVEY_LC1_3B73
 3.878494, 3.822799, 0.000000, 0.000000, 0.000000, 0.000000, 3.958823,12.778712,Total.SURVEY_LC1_3B75
 0.000000, 3.831664, 0.000000,11.380659, 3.883422,19.645922, 0.000000,42.320581,Total.SURVEY_LC1_3B83
0.000000,0.000000,0.000000,0.000000,0.000000,4.428919,0.000000,3.774126,Total.SURVEY_LC1_3B84
788.3462,270.8201,664.7139,377.8270,  0.0000,  0.0000,  0.0000,  0.0000,Total.SURVEY_LC1_3Bx1
 0.00000,16.61721,52.11401,11.34230, 0.00000, 0.00000, 0.00000, 0.00000,Total.SURVEY_LC1_3Bx2
293.5769,382.1154,468.5315,375.1208,419.7801,786.6250,334.5017,395.7596,Total.SURVEY_LC1_3C10
 3.874928,50.809835, 0.000000,17.924916,12.652578,42.124117,12.206250,38.693245,Total.SURVEY_LC1_3C21
 11.79362,156.04854, 28.86612, 60.37845, 11.62478, 95.19840,  0.00000,135.21748,Total.SURVEY_LC1_3C22
 7.749856, 3.814543,18.309376, 7.408079, 7.848075,15.407826, 6.103125,32.040687,Total.SURVEY_LC1_3C23
12.26598,45.67890, 0.00000,11.11212, 0.00000, 0.00000, 0.00000, 0.00000,Total.SURVEY_LC1_3C2x
 7.749856, 0.000000, 0.000000, 3.704039, 8.136458,21.951993,11.455742, 7.652862,Total.SURVEY_LC1_3C31
 21.15946,  0.00000, 14.19518, 11.47810, 20.45534,163.02778, 23.24100,183.78003,Total.SURVEY_LC1_3C32
 24.13039, 71.17593, 29.15956, 21.47238, 69.38813,212.93765, 40.16333, 34.28756,Total.SURVEY_LC1_3C33
 3.874928,47.210938, 0.000000,18.066480, 0.000000, 0.000000, 0.000000, 0.000000,Total.SURVEY_LC1_3C3x
 3.903466,24.985261,44.220257,11.383595,15.897207,15.340692, 7.682743, 7.651430,Total.SURVEY_LC1_3D10
100.71506,117.17510,138.51098, 73.58688, 25.37210, 35.62167, 28.14050, 38.03451,Total.SURVEY_LC1_3D20
22.89296,56.40510,97.47083,41.50700,20.63704,65.28383,27.07808,91.58409,Total.SURVEY_LC1_3E10
1656.7006,1232.2442,2068.7808, 755.0488,2113.4509,2148.4852, 882.5283, 881.9501,Total.SURVEY_LC1_3E20
0.000000,3.822799,0.000000,0.000000,0.000000,0.000000,0.000000,0.000000,Total.SURVEY_LC1_3E2x
35.12052,42.22561,32.98273,11.37079,71.24866,68.50232,47.20873,52.83515,Total.SURVEY_LC1_3E30
36.173760,31.778560,34.660298,26.748903,10.213802, 8.893753, 8.878304, 3.985314,Total.SURVEY_LC1_3F20
259.07931,310.65867,332.95242,171.18258, 46.84547, 52.40757, 61.07528, 40.44383,Total.SURVEY_LC1_3F40
0.000000,0.000000,7.957978,0.000000,0.000000,0.000000,0.000000,0.000000,Total.SURVEY_LC1_3F4x
330.85523,676.08679,326.73211,117.88003, 23.19731, 46.84463, 29.21091, 14.67938,Total.SURVEY_LC1_3G11
 0.000000, 3.542481,40.745543, 0.000000, 0.000000, 0.000000, 0.000000, 0.000000,Total.SURVEY_LC1_3G12
113.78000, 97.38583,323.66765,112.38284, 92.02500, 39.29357,165.74084, 15.32390,Total.SURVEY_LC1_3G21
 0.00000, 0.00000,12.21137, 0.00000, 0.00000, 0.00000, 0.00000, 0.00000,Total.SURVEY_LC1_3G22
4.427939,0.000000,0.000000,0.000000,0.000000,0.000000,0.000000,0.000000,Total.SURVEY_LC1_3G2x
 0.000000, 4.750957,36.971947, 0.000000, 0.000000, 0.000000, 0.000000, 0.000000,Total.SURVEY_LC1_3G30
8.028986,0.000000,0.000000,0.000000,0.000000,0.000000,0.000000,0.000000,Total.SURVEY_LC1_3G40
46.62996,68.84624,60.06671,13.06653,13.21882,28.08809,13.50420, 7.57303,Total.SURVEY_LC1_3H11
12.261677, 0.000000, 0.000000, 0.000000, 3.949369, 3.886901, 0.000000, 0.000000,Total.SURVEY_LC1_3H12
17.188399, 0.000000,40.860170, 0.000000, 0.000000, 0.000000, 4.210552, 0.000000,Total.SURVEY_LC1_3H21
16.427808, 0.000000,20.651502, 5.395067, 0.000000, 0.000000, 0.000000, 0.000000,Total.SURVEY_LC1_3H23
2615.846,1855.033,3056.143,1448.815,3348.690,3946.121,1896.661,2130.741,Total.SURVEY_LU1_3U111
 0.000000, 0.000000, 0.000000, 3.732744, 8.286865,28.378923, 0.000000,22.542867,Total.SURVEY_LU1_3U112
 3.878494,12.165494, 7.774948, 0.000000,13.644337,16.781573,13.208612, 3.774126,Total.SURVEY_LU1_3U113
175.7493,317.2032,151.7894,234.2696,223.7244,700.2126,161.0915,622.7072,Total.SURVEY_LU1_3U120
8.084061,0.000000,0.000000,5.395067,0.000000,0.000000,0.000000,0.000000,Total.SURVEY_LU1_3U130
7.321959,3.606582,0.000000,6.983089,0.000000,0.000000,0.000000,0.000000,Total.SURVEY_LU1_3U140
23.516981, 5.082209, 9.479482, 0.000000, 0.000000, 3.831664, 0.000000, 3.774126,Total.SURVEY_LU1_3U210
 5.855719,11.891328, 0.000000,19.638052, 0.000000, 0.000000, 5.289090, 3.712475,Total.SURVEY_LU1_3U221
0.000000,0.000000,0.000000,7.732735,0.000000,0.000000,0.000000,0.000000,Total.SURVEY_LU1_3U222
10.819874, 0.000000,38.089416, 0.000000, 0.000000, 5.294969, 0.000000, 0.000000,Total.SURVEY_LU1_3U223
 0.00000, 0.00000, 0.00000,20.71268, 0.00000, 0.00000,10.71533, 0.00000,Total.SURVEY_LU1_3U224
 0.000000,10.630940,13.918036, 8.994714, 0.000000, 0.000000, 5.289090, 0.000000,Total.SURVEY_LU1_3U225
 0.000000,23.405790,16.881862,23.198206, 5.397975, 0.000000, 0.000000,10.536791,Total.SURVEY_LU1_3U226
4.362940,5.335970,0.000000,7.732735,0.000000,0.000000,0.000000,0.000000,Total.SURVEY_LU1_3U227
 0.000000,16.915091,67.867216,14.152942, 0.000000,15.590993,26.975299, 3.777974,Total.SURVEY_LU1_3U311
134.7021,307.4361,382.6623,263.5179,305.2111,475.5428,504.4197,391.5477,Total.SURVEY_LU1_3U312
 85.80159,145.61625,344.60207, 89.45221, 31.94456, 18.53774, 56.66449,  0.00000,Total.SURVEY_LU1_3U313
 3.883422, 5.294969,29.030859,15.308364, 0.000000, 0.000000, 0.000000, 0.000000,Total.SURVEY_LU1_3U314
0.000000,0.000000,3.794297,0.000000,0.000000,0.000000,0.000000,0.000000,Total.SURVEY_LU1_3U316
  5.855719,  6.555357,144.212960, 66.245617,  0.000000, 17.692954, 11.077775, 21.663030,Total.SURVEY_LU1_3U317
26.159327,13.008890,24.880216, 3.819024,20.895751,28.909978,53.162694, 3.712475,Total.SURVEY_LU1_3U318
17.153119,14.240694, 5.289090, 0.000000,46.407397,16.588174, 9.414314,11.326227,Total.SURVEY_LU1_3U319
 3.660980,22.725016, 3.814878,12.535919, 0.000000, 0.000000,10.331165, 0.000000,Total.SURVEY_LU1_3U321
 9.058954, 7.738834,19.903352,12.949475, 0.000000, 0.000000, 5.788684, 0.000000,Total.SURVEY_LU1_3U322
11.25369,26.28182,36.22911,26.83872,20.06297,52.38116,27.44263,16.50794,Total.SURVEY_LU1_3U330
 78.49046,111.79852,182.60929,100.16167, 65.40897, 83.63743, 97.89006, 75.45644,Total.SURVEY_LU1_3U341
 0.000000, 0.000000,10.242842,10.710152, 0.000000, 0.000000, 3.859384, 0.000000,Total.SURVEY_LU1_3U342
 38.95071,161.48187, 95.65481, 56.75710, 16.89780, 36.81326, 16.46423, 23.70320,Total.SURVEY_LU1_3U350
328.19986,804.65294,438.00322,167.96893,128.88338,269.10563,169.66297, 96.24717,Total.SURVEY_LU1_3U361
  8.331404, 33.742138,104.903806, 73.522567, 14.581599, 42.837171, 42.089643, 45.676932,Total.SURVEY_LU1_3U362
293.2779,450.0676,867.6591,536.8562,225.2873,295.6411,168.2466,174.5552,Total.SURVEY_LU1_3U370
0.000000,0.000000,0.000000,5.216740,5.855719,3.831664,0.000000,0.000000,Total.SURVEY_LU1_3U411
3.883422,0.000000,0.000000,3.819024,0.000000,0.000000,0.000000,0.000000,Total.SURVEY_LU1_3U414
 3.969581,24.430667,13.063973,16.391224, 0.000000, 5.062088, 9.308211, 3.754006,Total.SURVEY_LU1_3U415
524.5860,315.4130,535.9440,204.9895,181.1666,196.4528,124.5044,156.8654,Total.SURVEY_LU1_3U420
3701.925,3390.224,4376.101,2058.872,3892.746,5105.960,2333.549,2942.125,Total.settlement0
 730.7279,1321.5304,2228.3421,1409.5455, 769.6004,1153.2859,1096.0071, 880.4576,Total.settlement1
4121.808,4097.415,6250.844,3127.472,4263.601,5123.516,3108.410,3058.957,Total.fao_class_name0
278.5885,416.4302,236.8187,274.8875,300.9698,769.5878,202.8701,648.0677,Total.fao_class_name1
 4.362940,19.789802,20.667646, 3.773080,15.872066, 7.873312, 3.872780,11.531794,Total.fao_class_name2
 27.89409,178.11943, 96.11310, 62.28455, 81.90402,358.26841,114.40334,104.02570,Total.fao_class_name3
3685.403,3150.011,4905.370,2522.441,4211.288,5531.211,2931.344,3406.943,Total.lue0
 747.2503,1561.7431,1699.0731, 945.9767, 451.0591, 728.0346, 498.2129, 415.6390,Total.lue1
4083.247,4085.989,5463.788,2868.605,4232.427,5624.875,2702.986,3356.024,Total.lud0
 349.4064, 625.7658,1140.6551, 599.8124, 429.9198, 634.3704, 726.5702, 466.5588,Total.lud1
38.01210,76.08725,53.52319,47.51006,38.15353,76.44146,54.76334,46.48027,SE.Total.area
 0.00000,21.55916,35.88338,40.57338,16.47452,11.86375,23.72371,38.06015,SE.Total.SURVEY_LC1_1A
 0.000000, 2.824615, 5.434111, 0.000000, 2.516418, 2.964055,15.193978, 1.872449,SE.Total.SURVEY_LC1_1B
 0.00000,75.63226,24.27023,26.33671, 0.00000,75.45384,11.28671,26.62476,SE.Total.SURVEY_LC1_1C
0.000000,0.000000,7.144237,1.630864,0.000000,0.000000,0.000000,1.895114,SE.Total.SURVEY_LC1_1D
38.019991,12.197044,50.048595,22.196956,38.336610,10.150458,46.207009, 6.092603,SE.Total.SURVEY_LC1_1E
 0.000000, 2.297934, 5.462956, 7.706504, 0.000000, 0.000000,14.393473, 8.278240,SE.Total.SURVEY_LC1_1F
0.000000,0.000000,6.740951,3.168093,0.000000,0.000000,5.254607,0.000000,SE.Total.SURVEY_LC1_1G
3.469756,0.000000,0.000000,3.168093,0.000000,0.000000,0.000000,0.000000,SE.Total.SURVEY_LC1_1H
38.01083,61.41590,48.12322,33.67237,38.31013,77.55353,44.81113,30.57421,SE.Total.SURVEY_LU1_1U1
 0.000000,13.929238, 9.008469, 9.470628, 0.000000, 0.000000, 0.000000, 0.000000,SE.Total.SURVEY_LU1_1U2
 0.00000,55.40385,25.51446,37.30497,16.66362,67.58634,35.13838,39.37596,SE.Total.SURVEY_LU1_1U3
 4.111106,32.453190, 3.972060,10.211738, 2.503264, 1.346310, 8.441354,11.982594,SE.Total.SURVEY_LU1_1U4
 0.00000,32.79462,52.71223,42.50851, 0.00000,10.26828,14.82505,20.07884,SE.Total.SURVEY_LC1_2A1
 0.00000,32.93285,48.82413,44.08214, 0.00000,13.16327,18.52113,35.25745,SE.Total.SURVEY_LC1_2A2
 0.00000, 0.00000, 0.00000, 0.00000,16.47452, 0.00000, 0.00000, 0.00000,SE.Total.SURVEY_LC1_2A3
0,0,0,0,0,0,0,0,SE.Total.SURVEY_LC1_2Ax
 0.000000, 1.883900, 0.000000, 0.000000, 2.516418, 1.883900,15.193978, 0.000000,SE.Total.SURVEY_LC1_2B1
0,0,0,0,0,0,0,0,SE.Total.SURVEY_LC1_2B2
0,0,0,0,0,0,0,0,SE.Total.SURVEY_LC1_2B3
0,0,0,0,0,0,0,0,SE.Total.SURVEY_LC1_2B4
0.000000,0.000000,0.000000,0.000000,0.000000,1.346310,0.000000,1.872449,SE.Total.SURVEY_LC1_2B5
0.000000,1.638347,0.000000,0.000000,0.000000,0.000000,0.000000,0.000000,SE.Total.SURVEY_LC1_2B7
0.000000,0.000000,0.000000,0.000000,0.000000,1.922684,0.000000,0.000000,SE.Total.SURVEY_LC1_2B8
0.000000,1.346310,5.434111,0.000000,0.000000,0.000000,0.000000,0.000000,SE.Total.SURVEY_LC1_2Bx
 0.000000,10.160544,23.420805,20.206918, 0.000000,61.975903, 8.587675,21.204369,SE.Total.SURVEY_LC1_2C1
 0.000000,68.989921, 7.488155,17.666364, 0.000000,53.160304, 6.200781,25.660802,SE.Total.SURVEY_LC1_2C2
 0.000000,45.365624, 5.438617,11.579248, 0.000000,72.311715, 8.469398,25.791383,SE.Total.SURVEY_LC1_2C3
0,0,0,0,0,0,0,0,SE.Total.SURVEY_LC1_2D1
0.000000,0.000000,7.144237,1.630864,0.000000,0.000000,0.000000,1.895114,SE.Total.SURVEY_LC1_2D2
0.000000,0.000000,8.067479,1.895114,0.000000,2.648017,3.797188,3.257029,SE.Total.SURVEY_LC1_2E1
38.010833,12.055539,50.109649,22.169973,38.336610,10.160021,46.050722, 5.636028,SE.Total.SURVEY_LC1_2E2
2.503264,2.120549,3.963155,0.000000,0.000000,1.346310,0.000000,0.000000,SE.Total.SURVEY_LC1_2E3
0.000000,0.000000,0.000000,7.706504,0.000000,0.000000,0.000000,0.000000,SE.Total.SURVEY_LC1_2F2
 0.000000, 2.297934, 5.462956, 0.000000, 0.000000, 0.000000,14.393473, 8.278240,SE.Total.SURVEY_LC1_2F4
 9.927254, 5.204413,23.130150, 6.843862, 0.000000, 0.000000, 0.000000, 0.000000,SE.Total.SURVEY_LC1_2G1
 9.927254, 5.146261,19.838736, 7.004916, 0.000000, 0.000000, 5.254607, 0.000000,SE.Total.SURVEY_LC1_2G2
 0.000000, 2.327484,15.133968, 0.000000, 0.000000, 0.000000, 0.000000, 0.000000,SE.Total.SURVEY_LC1_2G3
0,0,0,0,0,0,0,0,SE.Total.SURVEY_LC1_2G4
3.469756,0.000000,0.000000,0.000000,0.000000,0.000000,0.000000,0.000000,SE.Total.SURVEY_LC1_2H1
0.000000,0.000000,0.000000,3.168093,0.000000,0.000000,0.000000,0.000000,SE.Total.SURVEY_LC1_2H2
38.01083,11.14970,47.17652,22.74790,38.31013,11.66983,43.64630,13.59135,SE.Total.SURVEY_LU1_2U11
 0.000000,60.395334, 9.498437,24.623669, 0.000000,76.670496,10.150786,27.387181,SE.Total.SURVEY_LU1_2U12
0.000000,0.000000,0.000000,3.168093,0.000000,0.000000,0.000000,0.000000,SE.Total.SURVEY_LU1_2U13
0,0,0,0,0,0,0,0,SE.Total.SURVEY_LU1_2U14
0,0,0,0,0,0,0,0,SE.Total.SURVEY_LU1_2U21
 0.000000,13.929238, 9.008469, 9.470628, 0.000000, 0.000000, 0.000000, 0.000000,SE.Total.SURVEY_LU1_2U22
16.21114,47.50865,49.07593,34.58341,16.47452,35.29423,28.03289,31.45992,SE.Total.SURVEY_LU1_2U31
 0.000000,10.173321, 1.974472, 4.384049, 0.000000, 0.000000, 0.000000, 0.000000,SE.Total.SURVEY_LU1_2U32
0.000000,0.000000,8.464186,1.895114,0.000000,0.000000,0.000000,0.000000,SE.Total.SURVEY_LU1_2U33
 0.000000, 5.990055,25.519189,14.634127, 2.503264, 8.869109,14.099057,20.168079,SE.Total.SURVEY_LU1_2U34
 0.000000,36.368935,18.368659, 3.945926, 0.000000, 0.000000, 0.000000,17.060011,SE.Total.SURVEY_LU1_2U35
16.211138,56.585707,25.229153,25.626139, 0.000000,53.943881,14.886368, 9.223004,SE.Total.SURVEY_LU1_2U36
 0.000000,34.031006,48.329326,42.889198, 0.000000,35.116778, 7.144237, 8.576082,SE.Total.SURVEY_LU1_2U37
0.000000,0.000000,0.000000,1.630864,0.000000,0.000000,0.000000,0.000000,SE.Total.SURVEY_LU1_2U41
 4.111106,32.453190, 3.972060,10.080669, 2.503264, 1.346310, 8.441354,11.982594,SE.Total.SURVEY_LU1_2U42
 0.000000,32.297020,47.533025,40.854550, 0.000000, 9.809838,13.206554,20.078844,SE.Total.SURVEY_LC1_3A11
 0.000000, 0.000000,41.817740,18.501270, 0.000000, 4.084718, 7.144237, 0.000000,SE.Total.SURVEY_LC1_3A12
0.000000,6.036439,7.574920,0.000000,0.000000,0.000000,0.000000,0.000000,SE.Total.SURVEY_LC1_3A13
 0.000000,30.857932,43.248712,36.333491, 0.000000,10.609448, 8.683919,22.295224,SE.Total.SURVEY_LC1_3A21
 0.00000,29.36149,38.16809,35.12497, 0.00000,11.95622,16.61531,31.34820,SE.Total.SURVEY_LC1_3A22
 0.00000, 0.00000, 0.00000, 0.00000,16.47452, 0.00000, 0.00000, 0.00000,SE.Total.SURVEY_LC1_3A30
0,0,0,0,0,0,0,0,SE.Total.SURVEY_LC1_3Axx
0,0,0,0,0,0,0,0,SE.Total.SURVEY_LC1_3B11
0,0,0,0,0,0,0,0,SE.Total.SURVEY_LC1_3B12
0,0,0,0,0,0,0,0,SE.Total.SURVEY_LC1_3B13
0,0,0,0,0,0,0,0,SE.Total.SURVEY_LC1_3B14
0,0,0,0,0,0,0,0,SE.Total.SURVEY_LC1_3B15
 0.000000, 1.883900, 0.000000, 0.000000, 2.516418, 1.883900,15.193978, 0.000000,SE.Total.SURVEY_LC1_3B16
0,0,0,0,0,0,0,0,SE.Total.SURVEY_LC1_3B18
0,0,0,0,0,0,0,0,SE.Total.SURVEY_LC1_3B19
0,0,0,0,0,0,0,0,SE.Total.SURVEY_LC1_3B21
0,0,0,0,0,0,0,0,SE.Total.SURVEY_LC1_3B22
0,0,0,0,0,0,0,0,SE.Total.SURVEY_LC1_3B23
0,0,0,0,0,0,0,0,SE.Total.SURVEY_LC1_3B31
0,0,0,0,0,0,0,0,SE.Total.SURVEY_LC1_3B32
0,0,0,0,0,0,0,0,SE.Total.SURVEY_LC1_3B35
0,0,0,0,0,0,0,0,SE.Total.SURVEY_LC1_3B37
0,0,0,0,0,0,0,0,SE.Total.SURVEY_LC1_3B41
0,0,0,0,0,0,0,0,SE.Total.SURVEY_LC1_3B43
0,0,0,0,0,0,0,0,SE.Total.SURVEY_LC1_3B44
0,0,0,0,0,0,0,0,SE.Total.SURVEY_LC1_3B45
0,0,0,0,0,0,0,0,SE.Total.SURVEY_LC1_3B51
0,0,0,0,0,0,0,0,SE.Total.SURVEY_LC1_3B52
0,0,0,0,0,0,0,0,SE.Total.SURVEY_LC1_3B53
0,0,0,0,0,0,0,0,SE.Total.SURVEY_LC1_3B54
0.000000,0.000000,0.000000,0.000000,0.000000,1.346310,0.000000,1.872449,SE.Total.SURVEY_LC1_3B55
0.000000,1.638347,0.000000,0.000000,0.000000,0.000000,0.000000,0.000000,SE.Total.SURVEY_LC1_3B71
0,0,0,0,0,0,0,0,SE.Total.SURVEY_LC1_3B72
0,0,0,0,0,0,0,0,SE.Total.SURVEY_LC1_3B73
0,0,0,0,0,0,0,0,SE.Total.SURVEY_LC1_3B75
0.000000,0.000000,0.000000,0.000000,0.000000,1.330417,0.000000,0.000000,SE.Total.SURVEY_LC1_3B83
0.000000,0.000000,0.000000,0.000000,0.000000,1.400547,0.000000,0.000000,SE.Total.SURVEY_LC1_3B84
0.000000,1.346310,5.434111,0.000000,0.000000,0.000000,0.000000,0.000000,SE.Total.SURVEY_LC1_3Bx1
0,0,0,0,0,0,0,0,SE.Total.SURVEY_LC1_3Bx2
 0.000000,10.160544,23.420805,20.206918, 0.000000,61.975903, 8.587675,21.204369,SE.Total.SURVEY_LC1_3C10
 0.000000,32.267081, 0.000000, 8.278240, 0.000000,32.267081, 5.218735,14.023166,SE.Total.SURVEY_LC1_3C21
 0.000000,59.747024, 5.218735,15.981716, 0.000000,44.532802, 0.000000,21.559386,SE.Total.SURVEY_LC1_3C22
 0.000000, 0.000000, 6.200781, 0.000000, 0.000000, 0.000000, 3.797188,11.579248,SE.Total.SURVEY_LC1_3C23
 0.00000,32.26708, 0.00000, 0.00000, 0.00000, 0.00000, 0.00000, 0.00000,SE.Total.SURVEY_LC1_3C2x
0.000000,0.000000,0.000000,0.000000,0.000000,0.000000,4.488734,0.000000,SE.Total.SURVEY_LC1_3C31
 0.000000, 0.000000, 3.797188, 0.000000, 0.000000,53.503813, 4.488734,25.739638,SE.Total.SURVEY_LC1_3C32
 0.000000,32.049407, 3.893575, 8.278240, 0.000000,59.677940, 6.618368, 1.632942,SE.Total.SURVEY_LC1_3C33
 0.00000,33.64106, 0.00000, 8.27824, 0.00000, 0.00000, 0.00000, 0.00000,SE.Total.SURVEY_LC1_3C3x
0,0,0,0,0,0,0,0,SE.Total.SURVEY_LC1_3D10
0.000000,0.000000,7.144237,1.630864,0.000000,0.000000,0.000000,1.895114,SE.Total.SURVEY_LC1_3D20
0.000000,0.000000,8.067479,1.895114,0.000000,2.648017,3.797188,3.257029,SE.Total.SURVEY_LC1_3E10
38.010833,12.055539,50.109649,22.169973,38.336610,10.160021,46.050722, 5.636028,SE.Total.SURVEY_LC1_3E20
0,0,0,0,0,0,0,0,SE.Total.SURVEY_LC1_3E2x
2.503264,2.120549,3.963155,0.000000,0.000000,1.346310,0.000000,0.000000,SE.Total.SURVEY_LC1_3E30
0.000000,0.000000,0.000000,7.706504,0.000000,0.000000,0.000000,0.000000,SE.Total.SURVEY_LC1_3F20
 0.000000, 2.297934, 5.462956, 0.000000, 0.000000, 0.000000,14.393473, 8.278240,SE.Total.SURVEY_LC1_3F40
0,0,0,0,0,0,0,0,SE.Total.SURVEY_LC1_3F4x
 9.927254, 5.204413,21.903928, 6.843862, 0.000000, 0.000000, 0.000000, 0.000000,SE.Total.SURVEY_LC1_3G11
0.000000,0.000000,8.580738,0.000000,0.000000,0.000000,0.000000,0.000000,SE.Total.SURVEY_LC1_3G12
 9.927254, 5.146261,17.783567, 7.004916, 0.000000, 0.000000, 5.254607, 0.000000,SE.Total.SURVEY_LC1_3G21
0.000000,0.000000,9.970541,0.000000,0.000000,0.000000,0.000000,0.000000,SE.Total.SURVEY_LC1_3G22
0,0,0,0,0,0,0,0,SE.Total.SURVEY_LC1_3G2x
 0.000000, 2.327484,15.133968, 0.000000, 0.000000, 0.000000, 0.000000, 0.000000,SE.Total.SURVEY_LC1_3G30
0,0,0,0,0,0,0,0,SE.Total.SURVEY_LC1_3G40
3.469756,0.000000,0.000000,0.000000,0.000000,0.000000,0.000000,0.000000,SE.Total.SURVEY_LC1_3H11
0,0,0,0,0,0,0,0,SE.Total.SURVEY_LC1_3H12
0,0,0,0,0,0,0,0,SE.Total.SURVEY_LC1_3H21
0.000000,0.000000,0.000000,3.168093,0.000000,0.000000,0.000000,0.000000,SE.Total.SURVEY_LC1_3H23
38.01083,11.06627,47.17652,22.74790,38.31013,11.66983,43.64630,13.59135,SE.Total.SURVEY_LU1_3U111
0,0,0,0,0,0,0,0,SE.Total.SURVEY_LU1_3U112
0.000000,1.638347,0.000000,0.000000,0.000000,0.000000,0.000000,0.000000,SE.Total.SURVEY_LU1_3U113
 0.000000,60.395334, 9.498437,24.623669, 0.000000,76.670496,10.150786,27.387181,SE.Total.SURVEY_LU1_3U120
0.000000,0.000000,0.000000,3.168093,0.000000,0.000000,0.000000,0.000000,SE.Total.SURVEY_LU1_3U130
0,0,0,0,0,0,0,0,SE.Total.SURVEY_LU1_3U140
0,0,0,0,0,0,0,0,SE.Total.SURVEY_LU1_3U210
0,0,0,0,0,0,0,0,SE.Total.SURVEY_LU1_3U221
0.000000,0.000000,0.000000,4.384049,0.000000,0.000000,0.000000,0.000000,SE.Total.SURVEY_LU1_3U222
0.00000,0.00000,7.53816,0.00000,0.00000,0.00000,0.00000,0.00000,SE.Total.SURVEY_LU1_3U223
0.000000,0.000000,0.000000,6.025299,0.000000,0.000000,0.000000,0.000000,SE.Total.SURVEY_LU1_3U224
0.000000,0.000000,5.182229,0.000000,0.000000,0.000000,0.000000,0.000000,SE.Total.SURVEY_LU1_3U225
 0.000000,13.929238, 1.974472, 7.159122, 0.000000, 0.000000, 0.000000, 0.000000,SE.Total.SURVEY_LU1_3U226
0.000000,0.000000,0.000000,4.384049,0.000000,0.000000,0.000000,0.000000,SE.Total.SURVEY_LU1_3U227
 0.000000, 5.990055,20.423153, 0.000000, 0.000000, 0.000000, 5.182229, 0.000000,SE.Total.SURVEY_LU1_3U311
 0.00000,31.85716,35.59825,33.51511, 0.00000,35.20140,27.09619,31.45992,SE.Total.SURVEY_LU1_3U312
16.211138,35.122291,24.979398, 7.004916, 0.000000, 0.000000, 5.254607, 0.000000,SE.Total.SURVEY_LU1_3U313
0.000000,0.000000,2.713652,0.000000,0.000000,0.000000,0.000000,0.000000,SE.Total.SURVEY_LU1_3U314
0,0,0,0,0,0,0,0,SE.Total.SURVEY_LU1_3U316
 0.000000, 0.000000,18.710152, 8.004142, 0.000000, 3.135703, 0.000000, 0.000000,SE.Total.SURVEY_LU1_3U317
0.000000,0.000000,0.000000,0.000000,0.000000,1.874869,0.000000,0.000000,SE.Total.SURVEY_LU1_3U318
 0.00000, 0.00000, 0.00000, 0.00000,16.47452, 0.00000, 0.00000, 0.00000,SE.Total.SURVEY_LU1_3U319
 0.00000,10.17332, 0.00000, 0.00000, 0.00000, 0.00000, 0.00000, 0.00000,SE.Total.SURVEY_LU1_3U321
0.000000,0.000000,1.974472,4.384049,0.000000,0.000000,0.000000,0.000000,SE.Total.SURVEY_LU1_3U322
0.000000,0.000000,8.464186,1.895114,0.000000,0.000000,0.000000,0.000000,SE.Total.SURVEY_LU1_3U330
 0.000000, 5.990055,24.614224,13.251137, 2.503264, 8.869109,14.099057,20.168079,SE.Total.SURVEY_LU1_3U341
0.000000,0.000000,7.144237,7.573221,0.000000,0.000000,0.000000,0.000000,SE.Total.SURVEY_LU1_3U342
 0.000000,36.368935,18.368659, 3.945926, 0.000000, 0.000000, 0.000000,17.060011,SE.Total.SURVEY_LU1_3U350
16.211138,56.585707,24.799900,18.314394, 0.000000,53.927078, 4.537717, 9.223004,SE.Total.SURVEY_LU1_3U361
 0.000000, 0.000000, 5.254607,18.815569, 0.000000, 1.346310,14.177908, 0.000000,SE.Total.SURVEY_LU1_3U362
 0.000000,34.031006,48.329326,42.889198, 0.000000,35.116778, 7.144237, 8.576082,SE.Total.SURVEY_LU1_3U370
0,0,0,0,0,0,0,0,SE.Total.SURVEY_LU1_3U411
0,0,0,0,0,0,0,0,SE.Total.SURVEY_LU1_3U414
0.000000,0.000000,0.000000,1.630864,0.000000,0.000000,0.000000,0.000000,SE.Total.SURVEY_LU1_3U415
 4.111106,32.453190, 3.972060,10.080669, 2.503264, 1.346310, 8.441354,11.982594,SE.Total.SURVEY_LU1_3U420
38.01210,72.68838,48.97959,28.22975,38.33718,78.46154,45.50736,26.44530,SE.Total.settlement0
 0.00000,34.80599,25.46824,40.28789,16.66362,47.66061,34.44567,38.37076,SE.Total.settlement1
38.01210,19.49654,52.61507,39.85919,38.15353,12.39071,53.82339,39.49607,SE.Total.fao_class_name0
 0.00000,70.23027,10.00958,25.28046, 0.00000,76.67050,10.10501,26.92603,SE.Total.fao_class_name1
0,0,0,0,0,0,0,0,SE.Total.fao_class_name2
 0.000000,43.990494, 0.000000, 8.800140, 0.000000,66.288893, 4.537717, 8.635388,SE.Total.fao_class_name3
41.32458,81.82650,68.83649,47.79988,38.13548,79.11167,52.27308,41.84577,SE.Total.lue0
16.211138,71.789022,53.260772,43.659069, 2.503264,62.279191,21.712381,28.524590,SE.Total.lue1
41.32458,89.80393,71.72379,53.98139,38.35514,78.45703,48.29563,39.35211,SE.Total.lud0
16.21114,47.82427,49.72425,33.82984,16.47452,35.29423,28.03289,31.45992,SE.Total.lud1
4358.151,4562.626,6499.540,3375.300,4587.567,6109.423,3322.222,3731.483,CI.l(95%).Total.area
 495.8464, 751.5721,1504.8338, 847.4277, 362.3358, 611.3171, 671.1371, 475.4296,CI.l(95%).Total.SURVEY_LC1_1A
 886.4452, 485.6292, 840.1238, 675.2491,1276.8481,1768.9456, 979.2126,1287.3942,CI.l(95%).Total.SURVEY_LC1_1B
 386.1760, 608.6176, 511.4930, 475.0464, 549.8855,1189.3860, 405.5496, 775.2479,CI.l(95%).Total.SURVEY_LC1_1C
104.61852,142.16036,168.72879, 81.77404, 41.26931, 50.96237, 35.82324, 41.97158,CI.l(95%).Total.SURVEY_LC1_1D
1640.1963,1310.7920,2101.1410, 764.4214,2130.1983,2262.3768, 866.2510,1014.4280,CI.l(95%).Total.SURVEY_LC1_1E
295.25307,337.93336,364.86350,182.82701, 57.05927, 61.30132, 41.74290, 28.20409,CI.l(95%).Total.SURVEY_LC1_1F
457.09215,781.76606,727.11660,224.05352,115.22231, 86.13820,184.65291, 30.00328,CI.l(95%).Total.SURVEY_LC1_1G
 85.70725, 68.84624,121.57838, 12.25225, 17.16819, 31.97499, 17.71476,  7.57303,CI.l(95%).Total.SURVEY_LC1_1H
2736.380,2067.635,3121.387,1633.198,3519.259,4539.492,1983.133,2719.841,CI.l(95%).Total.SURVEY_LU1_1U1
44.555514,29.045432,60.712522,69.447038, 5.397975, 9.126634,21.293510,18.023392,CI.l(95%).Total.SURVEY_LU1_1U2
1044.7792,2018.9665,2711.3520,1377.6805, 842.9208,1220.8115,1134.6196, 786.9989,CI.l(95%).Total.SURVEY_LU1_1U3
524.3814,276.2365,541.2229,210.4019,182.1160,202.7078,117.2678,137.1340,CI.l(95%).Total.SURVEY_LU1_1U4
144.49302,232.58737,581.67505,270.66255, 68.01269,121.07054,175.02034, 78.93962,CI.l(95%).Total.SURVEY_LC1_2A1
312.2667,411.8741,768.8671,477.5067,275.8423,420.2207,418.3057,342.2818,CI.l(95%).Total.SURVEY_LC1_2A2
34.723728,20.542355,25.614165, 9.066237,18.480871,47.353361,58.951379,20.347566,CI.l(95%).Total.SURVEY_LC1_2A3
4.36294,0.00000,0.00000,0.00000,0.00000,0.00000,0.00000,0.00000,CI.l(95%).Total.SURVEY_LC1_2Ax
 33.20669, 91.63514, 36.39135,155.91999,502.59698,587.73557,291.13233,559.44107,CI.l(95%).Total.SURVEY_LC1_2B1
 27.82613, 29.26298, 32.16620, 60.09782,491.93617,406.16210,371.08253,294.41435,CI.l(95%).Total.SURVEY_LC1_2B2
 3.923925, 3.851934, 0.000000, 3.774126,44.501904,39.664258,11.607867,15.055123,CI.l(95%).Total.SURVEY_LC1_2B3
  0.000000,  5.082209, 16.008541, 20.302336, 28.800180,119.463058, 86.225186,180.894367,CI.l(95%).Total.SURVEY_LC1_2B4
 29.26376, 30.77495, 20.89465, 18.90277,196.88312,550.07910,171.50398,144.71281,CI.l(95%).Total.SURVEY_LC1_2B5
 3.878494,32.385721,28.485799,15.702083, 8.246362,41.245007,47.660731,46.781814,CI.l(95%).Total.SURVEY_LC1_2B7
 0.000000, 3.831664, 0.000000,11.380659, 3.883422,20.306450, 0.000000,46.094708,CI.l(95%).Total.SURVEY_LC1_2B8
788.3462,284.7985,706.1773,389.1693,  0.0000,  0.0000,  0.0000,  0.0000,CI.l(95%).Total.SURVEY_LC1_2Bx
293.5769,362.2011,422.6275,335.5160,419.7801,665.1545,317.6702,354.1998,CI.l(95%).Total.SURVEY_LC1_2C1
 35.684380,121.134057, 32.498985, 62.198127, 32.125438, 48.538060,  6.156067,155.657164,CI.l(95%).Total.SURVEY_LC1_2C2
 56.91464, 29.47188, 32.69525, 32.02609, 97.97992,256.18906, 58.26035,175.17027,CI.l(95%).Total.SURVEY_LC1_2C3
 3.903466,24.985261,44.220257,11.383595,15.897207,15.340692, 7.682743, 7.651430,CI.l(95%).Total.SURVEY_LC1_2D1
100.71506,117.17510,124.50853, 70.39045, 25.37210, 35.62167, 28.14050, 34.32015,CI.l(95%).Total.SURVEY_LC1_2D2
22.89296,56.40510,81.65886,37.79264,20.63704,60.09381,19.63573,85.20043,CI.l(95%).Total.SURVEY_LC1_2E1
1582.2008,1212.4386,1970.5677, 711.5965,2038.3126,2128.5719, 792.2705, 870.9036,CI.l(95%).Total.SURVEY_LC1_2E2
30.21421,38.06941,25.21509,11.37079,71.24866,65.86360,47.20873,52.83515,CI.l(95%).Total.SURVEY_LC1_2E3
36.173760,31.778560,34.660298,11.644433,10.213802, 8.893753, 8.878304, 3.985314,CI.l(95%).Total.SURVEY_LC1_2F2
259.07931,306.15480,330.20320,171.18258, 46.84547, 52.40757, 32.86459, 24.21877,CI.l(95%).Total.SURVEY_LC1_2F4
311.39817,669.42881,322.14339,104.46631, 23.19731, 46.84463, 29.21091, 14.67938,CI.l(95%).Total.SURVEY_LC1_2G1
 98.75088, 87.29935,296.99581, 98.65346, 92.02500, 39.29357,155.44200, 15.32390,CI.l(95%).Total.SURVEY_LC1_2G2
0.000000,0.189172,7.309914,0.000000,0.000000,0.000000,0.000000,0.000000,CI.l(95%).Total.SURVEY_LC1_2G3
8.028986,0.000000,0.000000,0.000000,0.000000,0.000000,0.000000,0.000000,CI.l(95%).Total.SURVEY_LC1_2G4
52.09104,68.84624,60.06671,13.06653,17.16819,31.97499,13.50420, 7.57303,CI.l(95%).Total.SURVEY_LC1_2H1
33.6162063, 0.0000000,61.5116713,-0.8142801, 0.0000000, 0.0000000, 4.2105519, 0.0000000,CI.l(95%).Total.SURVEY_LC1_2H2
2545.224,1845.346,2971.454,1407.962,3295.535,3968.409,1824.324,2130.420,CI.l(95%).Total.SURVEY_LU1_2U11
175.7493,198.8305,133.1728,186.0081,223.7244,549.9412,141.1963,569.0293,CI.l(95%).Total.SURVEY_LU1_2U12
 8.0840612, 0.0000000, 0.0000000,-0.8142801, 0.0000000, 0.0000000, 0.0000000, 0.0000000,CI.l(95%).Total.SURVEY_LU1_2U13
7.321959,3.606582,0.000000,6.983089,0.000000,0.000000,0.000000,0.000000,CI.l(95%).Total.SURVEY_LU1_2U14
23.516981, 5.082209, 9.479482, 0.000000, 0.000000, 3.831664, 0.000000, 3.774126,CI.l(95%).Total.SURVEY_LU1_2U21
21.038532,23.963223,51.233040,69.447038, 5.397975, 5.294969,21.293510,14.249266,CI.l(95%).Total.SURVEY_LU1_2U22
241.7820,415.9521,906.1520,384.7139,372.1694,503.6872,606.7708,370.3671,CI.l(95%).Total.SURVEY_LU1_2U31
12.71993,10.52451,19.84834,16.89282, 0.00000, 0.00000,16.11985, 0.00000,CI.l(95%).Total.SURVEY_LU1_2U32
11.25369,26.28182,19.63961,23.12436,20.06297,52.38116,27.44263,16.50794,CI.l(95%).Total.SURVEY_LU1_2U33
 78.49046,100.05823,142.83544, 82.18946, 60.50267, 66.25429, 74.11580, 35.92773,CI.l(95%).Total.SURVEY_LU1_2U34
38.950711,90.200072,59.652898,49.023230,16.897797,36.813257,16.464230,-9.733806,CI.l(95%).Total.SURVEY_LU1_2U35
304.7580,727.4891,493.4588,191.2652,143.4650,206.2147,182.5759,123.8473,CI.l(95%).Total.SURVEY_LU1_2U36
293.2779,383.3681,772.9354,452.7950,225.2873,226.8135,154.2441,157.7464,CI.l(95%).Total.SURVEY_LU1_2U37
 7.853003,24.430667,13.063973,22.230552, 5.855719, 8.893753, 9.308211, 3.754006,CI.l(95%).Total.SURVEY_LU1_2U41
516.5284,251.8059,528.1589,185.2318,176.2603,193.8140,107.9596,133.3800,CI.l(95%).Total.SURVEY_LU1_2U42
144.49302,196.68060,281.52720,204.64676, 62.59079, 95.97220,126.11243, 37.07647,CI.l(95%).Total.SURVEY_LC1_3A11
  0.000000,  6.555357,137.863123, 12.037300,  5.421899,  3.601333,  2.029079, 10.536791,CI.l(95%).Total.SURVEY_LC1_3A12
 0.00000,18.49550,75.62795,20.95838, 0.00000,14.38964,36.04857,31.32636,CI.l(95%).Total.SURVEY_LC1_3A13
192.33758,189.45593,448.57287,272.98833,116.64573,131.03111,142.26820, 85.62976,CI.l(95%).Total.SURVEY_LC1_3A21
119.9292,168.9375,256.4138,150.8618,159.1965,270.7612,262.7526,220.6162,CI.l(95%).Total.SURVEY_LC1_3A22
34.723728,20.542355,25.614165, 9.066237,18.480871,47.353361,58.951379,20.347566,CI.l(95%).Total.SURVEY_LC1_3A30
4.36294,0.00000,0.00000,0.00000,0.00000,0.00000,0.00000,0.00000,CI.l(95%).Total.SURVEY_LC1_3Axx
  7.781735, 14.016352,  0.000000, 15.096505,150.597648,151.661581,191.148824, 94.956851,CI.l(95%).Total.SURVEY_LC1_3B11
0.000000,0.000000,0.000000,0.000000,0.000000,0.000000,3.978989,0.000000,CI.l(95%).Total.SURVEY_LC1_3B12
 8.306980, 3.786433, 0.000000, 3.712475,75.437339,34.451564, 0.000000,15.110695,CI.l(95%).Total.SURVEY_LC1_3B13
 0.000000, 0.000000, 0.000000, 0.000000,13.194047,11.546504, 4.310682, 7.465489,CI.l(95%).Total.SURVEY_LC1_3B14
0.000000,0.000000,3.978989,0.000000,0.000000,0.000000,4.310682,0.000000,CI.l(95%).Total.SURVEY_LC1_3B15
 17.11797, 54.68856, 20.06209,129.60414,255.06097,390.07592, 87.38316,434.35979,CI.l(95%).Total.SURVEY_LC1_3B16
0.000000,0.000000,0.000000,0.000000,8.306980,0.000000,0.000000,7.548253,CI.l(95%).Total.SURVEY_LC1_3B18
 0.000000,19.143791,12.350275, 7.506871, 0.000000, 0.000000, 0.000000, 0.000000,CI.l(95%).Total.SURVEY_LC1_3B19
 20.01847, 19.09856, 16.08310, 33.81936,295.49145,175.58986,231.52364,176.41760,CI.l(95%).Total.SURVEY_LC1_3B21
  3.903829, 10.164418, 16.083099,  7.510718,162.777791,121.046359, 99.462339, 65.210535,CI.l(95%).Total.SURVEY_LC1_3B22
  3.903829,  0.000000,  0.000000, 18.767748, 33.666933,109.525884, 40.096548, 52.786210,CI.l(95%).Total.SURVEY_LC1_3B23
0.000000,0.000000,0.000000,0.000000,3.903829,0.000000,0.000000,0.000000,CI.l(95%).Total.SURVEY_LC1_3B31
 0.000000, 3.851934, 0.000000, 0.000000,17.155002,24.293715, 3.814439, 3.732744,CI.l(95%).Total.SURVEY_LC1_3B32
 3.923925, 0.000000, 0.000000, 3.774126,23.443072,15.370543, 7.793428, 7.548253,CI.l(95%).Total.SURVEY_LC1_3B35
0.000000,0.000000,0.000000,0.000000,0.000000,0.000000,0.000000,3.774126,CI.l(95%).Total.SURVEY_LC1_3B37
 0.000000, 0.000000, 0.000000, 0.000000, 7.807295, 0.000000, 0.000000,11.414101,CI.l(95%).Total.SURVEY_LC1_3B41
  0.000000,  5.082209,  7.793428, 11.280997,  5.397975, 74.982588, 46.634616,120.618877,CI.l(95%).Total.SURVEY_LC1_3B43
 0.000000, 0.000000, 8.215113, 9.021340,15.594910,44.480470,39.590570,33.826386,CI.l(95%).Total.SURVEY_LC1_3B44
 0.000, 0.000, 0.000, 0.000, 0.000, 0.000, 0.000,15.035,CI.l(95%).Total.SURVEY_LC1_3B45
 0.000000, 0.000000, 0.000000, 0.000000, 3.883422,15.357899, 7.957978,15.166180,CI.l(95%).Total.SURVEY_LC1_3B51
 0.000000, 0.000000, 3.978989, 3.819024, 3.923925,10.209317, 8.334673, 0.000000,CI.l(95%).Total.SURVEY_LC1_3B52
 0.000000, 0.000000, 0.000000, 0.000000,23.988049,29.256100, 8.621365, 7.832620,CI.l(95%).Total.SURVEY_LC1_3B53
0.000000,0.000000,0.000000,0.000000,3.903829,0.000000,3.814439,3.732744,CI.l(95%).Total.SURVEY_LC1_3B54
 29.26376, 30.77495, 16.91566, 15.08375,161.18389,495.25578,142.77553,117.98127,CI.l(95%).Total.SURVEY_LC1_3B55
 0.000000,24.665756, 4.117271, 7.855981, 8.246362,32.137418,15.268742,11.361074,CI.l(95%).Total.SURVEY_LC1_3B71
 0.000000, 3.897165,24.368528, 0.000000, 0.000000, 9.107588,28.433166,11.300767,CI.l(95%).Total.SURVEY_LC1_3B72
 0.000000, 0.000000, 0.000000, 7.846102, 0.000000, 0.000000, 0.000000,11.341261,CI.l(95%).Total.SURVEY_LC1_3B73
 3.878494, 3.822799, 0.000000, 0.000000, 0.000000, 0.000000, 3.958823,12.778712,CI.l(95%).Total.SURVEY_LC1_3B75
 0.000000, 3.831664, 0.000000,11.380659, 3.883422,17.038353, 0.000000,42.320581,CI.l(95%).Total.SURVEY_LC1_3B83
0.000000,0.000000,0.000000,0.000000,0.000000,1.683897,0.000000,3.774126,CI.l(95%).Total.SURVEY_LC1_3B84
788.3462,268.1813,654.0633,377.8270,  0.0000,  0.0000,  0.0000,  0.0000,CI.l(95%).Total.SURVEY_LC1_3Bx1
 0.00000,16.61721,52.11401,11.34230, 0.00000, 0.00000, 0.00000, 0.00000,CI.l(95%).Total.SURVEY_LC1_3Bx2
293.5769,362.2011,422.6275,335.5160,419.7801,665.1545,317.6702,354.1998,CI.l(95%).Total.SURVEY_LC1_3C10
  3.874928,-12.432482,  0.000000,  1.699863, 12.652578,-21.118199,  1.977717, 11.208346,CI.l(95%).Total.SURVEY_LC1_3C21
11.79362,38.94652,18.63759,29.05486,11.62478, 7.91571, 0.00000,92.96186,CI.l(95%).Total.SURVEY_LC1_3C22
 7.749856, 3.814543, 6.156067, 7.408079, 7.848075,15.407826,-1.339226, 9.345778,CI.l(95%).Total.SURVEY_LC1_3C23
 12.26598,-17.56342,  0.00000, 11.11212,  0.00000,  0.00000,  0.00000,  0.00000,CI.l(95%).Total.SURVEY_LC1_3C2x
 7.749856, 0.000000, 0.000000, 3.704039, 8.136458,21.951993, 2.657985, 7.652862,CI.l(95%).Total.SURVEY_LC1_3C31
 21.15946,  0.00000,  6.75283, 11.47810, 20.45534, 58.16223, 14.44324,133.33126,CI.l(95%).Total.SURVEY_LC1_3C32
24.130395, 8.360247,21.528297, 5.247326,69.388128,95.971034,27.191562,31.087053,CI.l(95%).Total.SURVEY_LC1_3C33
  3.874928,-18.724330,  0.000000,  1.841427,  0.000000,  0.000000,  0.000000,  0.000000,CI.l(95%).Total.SURVEY_LC1_3C3x
 3.903466,24.985261,44.220257,11.383595,15.897207,15.340692, 7.682743, 7.651430,CI.l(95%).Total.SURVEY_LC1_3D10
100.71506,117.17510,124.50853, 70.39045, 25.37210, 35.62167, 28.14050, 34.32015,CI.l(95%).Total.SURVEY_LC1_3D20
22.89296,56.40510,81.65886,37.79264,20.63704,60.09381,19.63573,85.20043,CI.l(95%).Total.SURVEY_LC1_3E10
1582.2008,1208.6158,1970.5677, 711.5965,2038.3126,2128.5719, 792.2705, 870.9036,CI.l(95%).Total.SURVEY_LC1_3E20
0.000000,3.822799,0.000000,0.000000,0.000000,0.000000,0.000000,0.000000,CI.l(95%).Total.SURVEY_LC1_3E2x
30.21421,38.06941,25.21509,11.37079,71.24866,65.86360,47.20873,52.83515,CI.l(95%).Total.SURVEY_LC1_3E30
36.173760,31.778560,34.660298,11.644433,10.213802, 8.893753, 8.878304, 3.985314,CI.l(95%).Total.SURVEY_LC1_3F20
259.07931,306.15480,322.24523,171.18258, 46.84547, 52.40757, 32.86459, 24.21877,CI.l(95%).Total.SURVEY_LC1_3F40
0.000000,0.000000,7.957978,0.000000,0.000000,0.000000,0.000000,0.000000,CI.l(95%).Total.SURVEY_LC1_3F4x
311.39817,665.88633,283.80120,104.46631, 23.19731, 46.84463, 29.21091, 14.67938,CI.l(95%).Total.SURVEY_LC1_3G11
 0.000000, 3.542481,23.927606, 0.000000, 0.000000, 0.000000, 0.000000, 0.000000,CI.l(95%).Total.SURVEY_LC1_3G12
 94.32294, 87.29935,288.81250, 98.65346, 92.02500, 39.29357,155.44200, 15.32390,CI.l(95%).Total.SURVEY_LC1_3G21
 0.000000, 0.000000,-7.330533, 0.000000, 0.000000, 0.000000, 0.000000, 0.000000,CI.l(95%).Total.SURVEY_LC1_3G22
4.427939,0.000000,0.000000,0.000000,0.000000,0.000000,0.000000,0.000000,CI.l(95%).Total.SURVEY_LC1_3G2x
0.000000,0.189172,7.309914,0.000000,0.000000,0.000000,0.000000,0.000000,CI.l(95%).Total.SURVEY_LC1_3G30
8.028986,0.000000,0.000000,0.000000,0.000000,0.000000,0.000000,0.000000,CI.l(95%).Total.SURVEY_LC1_3G40
39.82937,68.84624,60.06671,13.06653,13.21882,28.08809,13.50420, 7.57303,CI.l(95%).Total.SURVEY_LC1_3H11
12.261677, 0.000000, 0.000000, 0.000000, 3.949369, 3.886901, 0.000000, 0.000000,CI.l(95%).Total.SURVEY_LC1_3H12
17.188399, 0.000000,40.860170, 0.000000, 0.000000, 0.000000, 4.210552, 0.000000,CI.l(95%).Total.SURVEY_LC1_3H21
16.4278078, 0.0000000,20.6515017,-0.8142801, 0.0000000, 0.0000000, 0.0000000, 0.0000000,CI.l(95%).Total.SURVEY_LC1_3H23
2541.346,1833.344,2963.679,1404.229,3273.603,3923.249,1811.116,2104.103,CI.l(95%).Total.SURVEY_LU1_3U111
 0.000000, 0.000000, 0.000000, 3.732744, 8.286865,28.378923, 0.000000,22.542867,CI.l(95%).Total.SURVEY_LU1_3U112
 3.878494, 8.954393, 7.774948, 0.000000,13.644337,16.781573,13.208612, 3.774126,CI.l(95%).Total.SURVEY_LU1_3U113
175.7493,198.8305,133.1728,186.0081,223.7244,549.9412,141.1963,569.0293,CI.l(95%).Total.SURVEY_LU1_3U120
 8.0840612, 0.0000000, 0.0000000,-0.8142801, 0.0000000, 0.0000000, 0.0000000, 0.0000000,CI.l(95%).Total.SURVEY_LU1_3U130
7.321959,3.606582,0.000000,6.983089,0.000000,0.000000,0.000000,0.000000,CI.l(95%).Total.SURVEY_LU1_3U140
23.516981, 5.082209, 9.479482, 0.000000, 0.000000, 3.831664, 0.000000, 3.774126,CI.l(95%).Total.SURVEY_LU1_3U210
 5.855719,11.891328, 0.000000,19.638052, 0.000000, 0.000000, 5.289090, 3.712475,CI.l(95%).Total.SURVEY_LU1_3U221
 0.0000000, 0.0000000, 0.0000000,-0.8598425, 0.0000000, 0.0000000, 0.0000000, 0.0000000,CI.l(95%).Total.SURVEY_LU1_3U222
10.819874, 0.000000,23.314894, 0.000000, 0.000000, 5.294969, 0.000000, 0.000000,CI.l(95%).Total.SURVEY_LU1_3U223
 0.000000, 0.000000, 0.000000, 8.903315, 0.000000, 0.000000,10.715330, 0.000000,CI.l(95%).Total.SURVEY_LU1_3U224
 0.000000,10.630940, 3.761054, 8.994714, 0.000000, 0.000000, 5.289090, 0.000000,CI.l(95%).Total.SURVEY_LU1_3U225
 0.000000,-3.895015,13.011968, 9.166585, 5.397975, 0.000000, 0.000000,10.536791,CI.l(95%).Total.SURVEY_LU1_3U226
 4.3629401, 5.3359703, 0.0000000,-0.8598425, 0.0000000, 0.0000000, 0.0000000, 0.0000000,CI.l(95%).Total.SURVEY_LU1_3U227
 0.000000, 5.174798,27.838572,14.152942, 0.000000,15.590993,16.818317, 3.777974,CI.l(95%).Total.SURVEY_LU1_3U311
134.7021,244.9972,312.8910,197.8295,305.2111,406.5493,451.3121,329.8874,CI.l(95%).Total.SURVEY_LU1_3U312
 54.02834, 76.77782,295.64335, 75.72282, 31.94456, 18.53774, 46.36565,  0.00000,CI.l(95%).Total.SURVEY_LU1_3U313
 3.883422, 5.294969,23.712199,15.308364, 0.000000, 0.000000, 0.000000, 0.000000,CI.l(95%).Total.SURVEY_LU1_3U314
0.000000,0.000000,3.794297,0.000000,0.000000,0.000000,0.000000,0.000000,CI.l(95%).Total.SURVEY_LU1_3U316
  5.855719,  6.555357,107.541737, 50.557788,  0.000000, 11.547089, 11.077775, 21.663030,CI.l(95%).Total.SURVEY_LU1_3U317
26.159327,13.008890,24.880216, 3.819024,20.895751,25.235302,53.162694, 3.712475,CI.l(95%).Total.SURVEY_LU1_3U318
17.153119,14.240694, 5.289090, 0.000000,14.117930,16.588174, 9.414314,11.326227,CI.l(95%).Total.SURVEY_LU1_3U319
 3.660980, 2.785673, 3.814878,12.535919, 0.000000, 0.000000,10.331165, 0.000000,CI.l(95%).Total.SURVEY_LU1_3U321
 9.058954, 7.738834,16.033459, 4.356897, 0.000000, 0.000000, 5.788684, 0.000000,CI.l(95%).Total.SURVEY_LU1_3U322
11.25369,26.28182,19.63961,23.12436,20.06297,52.38116,27.44263,16.50794,CI.l(95%).Total.SURVEY_LU1_3U330
 78.49046,100.05823,134.36630, 74.18992, 60.50267, 66.25429, 70.25642, 35.92773,CI.l(95%).Total.SURVEY_LU1_3U341
 0.000000, 0.000000,-3.759606,-4.133088, 0.000000, 0.000000, 3.859384, 0.000000,CI.l(95%).Total.SURVEY_LU1_3U342
38.950711,90.200072,59.652898,49.023230,16.897797,36.813257,16.464230,-9.733806,CI.l(95%).Total.SURVEY_LU1_3U350
296.42662,693.74699,389.39631,132.07337,128.88338,163.41050,160.76921, 78.17041,CI.l(95%).Total.SURVEY_LU1_3U361
 8.331404,33.742138,94.604965,36.644730,14.581599,40.198452,14.301454,45.676932,CI.l(95%).Total.SURVEY_LU1_3U362
293.2779,383.3681,772.9354,452.7950,225.2873,226.8135,154.2441,157.7464,CI.l(95%).Total.SURVEY_LU1_3U370
0.000000,0.000000,0.000000,5.216740,5.855719,3.831664,0.000000,0.000000,CI.l(95%).Total.SURVEY_LU1_3U411
3.883422,0.000000,0.000000,3.819024,0.000000,0.000000,0.000000,0.000000,CI.l(95%).Total.SURVEY_LU1_3U414
 3.969581,24.430667,13.063973,13.194789, 0.000000, 5.062088, 9.308211, 3.754006,CI.l(95%).Total.SURVEY_LU1_3U415
516.5284,251.8059,528.1589,185.2318,176.2603,193.8140,107.9596,133.3800,CI.l(95%).Total.SURVEY_LU1_3U420
3627.423,3247.757,4280.103,2003.543,3817.607,4952.178,2244.357,2890.293,CI.l(95%).Total.settlement0
 730.7279,1253.3119,2178.4253,1330.5827, 736.9403,1059.8728,1028.4948, 805.2523,CI.l(95%).Total.settlement1
4047.305,4059.202,6147.720,3049.350,4188.821,5099.231,3002.918,2981.546,CI.l(95%).Total.fao_class_name0
278.5885,278.7814,217.2003,225.3387,300.9698,619.3164,183.0646,595.2937,CI.l(95%).Total.fao_class_name1
 4.362940,19.789802,20.667646, 3.773080,15.872066, 7.873312, 3.872780,11.531794,CI.l(95%).Total.fao_class_name2
 27.89409, 91.89965, 96.11310, 45.03659, 81.90402,228.34457,105.50958, 87.10065,CI.l(95%).Total.fao_class_name3
3604.408,2989.634,4770.453,2428.755,4136.543,5376.155,2828.890,3324.927,CI.l(95%).Total.lue0
 715.4771,1421.0392,1594.6839, 860.4065, 446.1528, 605.9696, 455.6574, 359.7318,CI.l(95%).Total.lue1
4002.252,3909.976,5323.212,2762.804,4157.252,5471.102,2608.329,3278.895,CI.l(95%).Total.lud0
 317.6331, 532.0320,1043.1974, 533.5072, 397.6303, 565.1950, 671.6268, 404.8985,CI.l(95%).Total.lud1
4507.156,4860.883,6709.347,3561.536,4737.126,6409.068,3536.891,3913.682,CI.u(95%).Total.area
 495.8464, 836.0825,1645.4941,1006.4724, 426.9148, 657.8221, 764.1323, 624.6227,CI.u(95%).Total.SURVEY_LC1_1A
 886.4452, 496.7015, 861.4251, 675.2491,1286.7123,1780.5645,1038.7719,1294.7341,CI.u(95%).Total.SURVEY_LC1_1B
 386.1760, 905.0906, 606.6305, 578.2844, 549.8855,1485.1596, 449.7927, 879.6150,CI.u(95%).Total.SURVEY_LC1_1C
104.61852,142.16036,196.73368, 88.16691, 41.26931, 50.96237, 35.82324, 49.40029,CI.u(95%).Total.SURVEY_LC1_1D
1789.2319,1358.6035,2297.3278, 851.4318,2280.4750,2302.1658,1047.3791,1038.3106,CI.u(95%).Total.SURVEY_LC1_1E
295.25307,346.94110,386.27790,213.03595, 57.05927, 61.30132, 98.16428, 60.65419,CI.u(95%).Total.SURVEY_LC1_1F
457.09215,781.76606,753.54064,236.47222,115.22231, 86.13820,205.25059, 30.00328,CI.u(95%).Total.SURVEY_LC1_1G
 99.30844, 68.84624,121.57838, 24.67095, 17.16819, 31.97499, 17.71476,  7.57303,CI.u(95%).Total.SURVEY_LC1_1H
2885.379,2308.381,3310.027,1765.192,3669.432,4843.496,2158.789,2839.690,CI.u(95%).Total.SURVEY_LU1_1U1
 44.555514, 83.647041, 96.025070,106.571217,  5.397975,  9.126634, 21.293510, 18.023392,CI.u(95%).Total.SURVEY_LU1_1U2
1044.7792,2236.1456,2811.3669,1523.9133, 908.2410,1485.7451,1272.3595, 941.3498,CI.u(95%).Total.SURVEY_LU1_1U3
540.4966,403.4507,556.7931,250.4311,191.9286,207.9852,150.3573,184.1049,CI.u(95%).Total.SURVEY_LU1_1U4
144.49302,361.13994,788.30319,437.29287, 68.01269,161.32145,233.13346,157.64725,CI.u(95%).Total.SURVEY_LC1_2A1
312.2667,540.9685,960.2542,650.3055,275.8423,471.8198,490.9072,480.4885,CI.u(95%).Total.SURVEY_LC1_2A2
34.723728,20.542355,25.614165, 9.066237,83.059805,47.353361,58.951379,20.347566,CI.u(95%).Total.SURVEY_LC1_2A3
4.36294,0.00000,0.00000,0.00000,0.00000,0.00000,0.00000,0.00000,CI.u(95%).Total.SURVEY_LC1_2Ax
 33.20669, 99.01989, 36.39135,155.91999,512.46116,595.12032,350.69163,559.44107,CI.u(95%).Total.SURVEY_LC1_2B1
 27.82613, 29.26298, 32.16620, 60.09782,491.93617,406.16210,371.08253,294.41435,CI.u(95%).Total.SURVEY_LC1_2B2
 3.923925, 3.851934, 0.000000, 3.774126,44.501904,39.664258,11.607867,15.055123,CI.u(95%).Total.SURVEY_LC1_2B3
  0.000000,  5.082209, 16.008541, 20.302336, 28.800180,119.463058, 86.225186,180.894367,CI.u(95%).Total.SURVEY_LC1_2B4
 29.26376, 30.77495, 20.89465, 18.90277,196.88312,555.35654,171.50398,152.05268,CI.u(95%).Total.SURVEY_LC1_2B5
 3.878494,38.807922,28.485799,15.702083, 8.246362,41.245007,47.660731,46.781814,CI.u(95%).Total.SURVEY_LC1_2B7
 0.000000, 3.831664, 0.000000,11.380659, 3.883422,27.843232, 0.000000,46.094708,CI.u(95%).Total.SURVEY_LC1_2B8
788.3462,290.0760,727.4786,389.1693,  0.0000,  0.0000,  0.0000,  0.0000,CI.u(95%).Total.SURVEY_LC1_2Bx
293.5769,402.0297,514.4354,414.7256,419.7801,908.0956,351.3333,437.3194,CI.u(95%).Total.SURVEY_LC1_2C1
 35.68438,391.56958, 61.85201,131.44900, 32.12544,256.92262, 30.46268,256.24566,CI.u(95%).Total.SURVEY_LC1_2C2
 56.91464,207.30186, 54.01424, 77.41591, 97.97992,539.64578, 91.45978,276.27063,CI.u(95%).Total.SURVEY_LC1_2C3
 3.903466,24.985261,44.220257,11.383595,15.897207,15.340692, 7.682743, 7.651430,CI.u(95%).Total.SURVEY_LC1_2D1
100.71506,117.17510,152.51343, 76.78332, 25.37210, 35.62167, 28.14050, 41.74886,CI.u(95%).Total.SURVEY_LC1_2D2
 22.89296, 56.40510,113.28280, 45.22135, 20.63704, 70.47384, 34.52043, 97.96775,CI.u(95%).Total.SURVEY_LC1_2E1
1731.2005,1259.6955,2166.9939, 798.5012,2188.5893,2168.3984, 972.7860, 892.9965,CI.u(95%).Total.SURVEY_LC1_2E2
40.02682,46.38181,40.75037,11.37079,71.24866,71.14104,47.20873,52.83515,CI.u(95%).Total.SURVEY_LC1_2E3
36.173760,31.778560,34.660298,41.853374,10.213802, 8.893753, 8.878304, 3.985314,CI.u(95%).Total.SURVEY_LC1_2F2
259.07931,315.16254,351.61760,171.18258, 46.84547, 52.40757, 89.28597, 56.66888,CI.u(95%).Total.SURVEY_LC1_2F4
350.31229,689.82973,412.81192,131.29376, 23.19731, 46.84463, 29.21091, 14.67938,CI.u(95%).Total.SURVEY_LC1_2G1
137.66500,107.47232,374.76222,126.11222, 92.02500, 39.29357,176.03968, 15.32390,CI.u(95%).Total.SURVEY_LC1_2G2
 0.000000, 9.312742,66.633980, 0.000000, 0.000000, 0.000000, 0.000000, 0.000000,CI.u(95%).Total.SURVEY_LC1_2G3
8.028986,0.000000,0.000000,0.000000,0.000000,0.000000,0.000000,0.000000,CI.u(95%).Total.SURVEY_LC1_2G4
65.69224,68.84624,60.06671,13.06653,17.16819,31.97499,13.50420, 7.57303,CI.u(95%).Total.SURVEY_LC1_2H1
33.616206, 0.000000,61.511671,11.604415, 0.000000, 0.000000, 4.210552, 0.000000,CI.u(95%).Total.SURVEY_LC1_2H2
2694.224,1889.052,3156.382,1497.132,3445.708,4014.154,1995.415,2183.697,CI.u(95%).Total.SURVEY_LU1_2U11
175.7493,435.5759,170.4060,282.5311,223.7244,850.4840,180.9867,676.3851,CI.u(95%).Total.SURVEY_LU1_2U12
 8.084061, 0.000000, 0.000000,11.604415, 0.000000, 0.000000, 0.000000, 0.000000,CI.u(95%).Total.SURVEY_LU1_2U13
7.321959,3.606582,0.000000,6.983089,0.000000,0.000000,0.000000,0.000000,CI.u(95%).Total.SURVEY_LU1_2U14
23.516981, 5.082209, 9.479482, 0.000000, 0.000000, 3.831664, 0.000000, 3.774126,CI.u(95%).Total.SURVEY_LU1_2U21
 21.038532, 78.564833, 86.545588,106.571217,  5.397975,  5.294969, 21.293510, 14.249266,CI.u(95%).Total.SURVEY_LU1_2U22
 305.3285, 602.1826,1098.5261, 520.2783, 436.7483, 642.0381, 716.6577, 493.6877,CI.u(95%).Total.SURVEY_LU1_2U31
12.71993,50.40319,27.58812,34.07797, 0.00000, 0.00000,16.11985, 0.00000,CI.u(95%).Total.SURVEY_LU1_2U32
11.25369,26.28182,52.81861,30.55307,20.06297,52.38116,27.44263,16.50794,CI.u(95%).Total.SURVEY_LU1_2U33
 78.49046,123.53881,242.86883,139.55418, 70.31528,101.02056,129.38309,114.98515,CI.u(95%).Total.SURVEY_LU1_2U34
 38.95071,232.76368,131.65672, 64.49098, 16.89780, 36.81326, 16.46423, 57.14021,CI.u(95%).Total.SURVEY_LU1_2U35
368.3045,949.3010,592.3553,291.7178,143.4650,417.6709,240.9294,160.0009,CI.u(95%).Total.SURVEY_LU1_2U36
293.2779,516.7671,962.3829,620.9175,225.2873,364.4687,182.2490,191.3640,CI.u(95%).Total.SURVEY_LU1_2U37
 7.853003,24.430667,13.063973,28.623423, 5.855719, 8.893753, 9.308211, 3.754006,CI.u(95%).Total.SURVEY_LU1_2U41
532.6436,379.0200,543.7291,224.7473,186.0729,199.0915,141.0491,180.3509,CI.u(95%).Total.SURVEY_LU1_2U42
144.49302,323.28259,467.85323,364.79365, 62.59079,134.42605,177.88117,115.78409,CI.u(95%).Total.SURVEY_LC1_3A11
  0.000000,  6.555357,301.785654, 84.560946,  5.421899, 19.613133, 30.033975, 10.536791,CI.u(95%).Total.SURVEY_LC1_3A12
  0.00000, 42.15790,105.32109, 20.95838,  0.00000, 14.38964, 36.04857, 31.32636,CI.u(95%).Total.SURVEY_LC1_3A13
192.3376,310.4168,618.1047,415.4130,116.6457,172.6194,176.3085,173.0254,CI.u(95%).Total.SURVEY_LC1_3A21
119.9292,284.0324,406.0299,288.5491,159.1965,317.6288,327.8835,343.4989,CI.u(95%).Total.SURVEY_LC1_3A22
34.723728,20.542355,25.614165, 9.066237,83.059805,47.353361,58.951379,20.347566,CI.u(95%).Total.SURVEY_LC1_3A30
4.36294,0.00000,0.00000,0.00000,0.00000,0.00000,0.00000,0.00000,CI.u(95%).Total.SURVEY_LC1_3Axx
  7.781735, 14.016352,  0.000000, 15.096505,150.597648,151.661581,191.148824, 94.956851,CI.u(95%).Total.SURVEY_LC1_3B11
0.000000,0.000000,0.000000,0.000000,0.000000,0.000000,3.978989,0.000000,CI.u(95%).Total.SURVEY_LC1_3B12
 8.306980, 3.786433, 0.000000, 3.712475,75.437339,34.451564, 0.000000,15.110695,CI.u(95%).Total.SURVEY_LC1_3B13
 0.000000, 0.000000, 0.000000, 0.000000,13.194047,11.546504, 4.310682, 7.465489,CI.u(95%).Total.SURVEY_LC1_3B14
0.000000,0.000000,3.978989,0.000000,0.000000,0.000000,4.310682,0.000000,CI.u(95%).Total.SURVEY_LC1_3B15
 17.11797, 62.07332, 20.06209,129.60414,264.92515,397.46067,146.94245,434.35979,CI.u(95%).Total.SURVEY_LC1_3B16
0.000000,0.000000,0.000000,0.000000,8.306980,0.000000,0.000000,7.548253,CI.u(95%).Total.SURVEY_LC1_3B18
 0.000000,19.143791,12.350275, 7.506871, 0.000000, 0.000000, 0.000000, 0.000000,CI.u(95%).Total.SURVEY_LC1_3B19
 20.01847, 19.09856, 16.08310, 33.81936,295.49145,175.58986,231.52364,176.41760,CI.u(95%).Total.SURVEY_LC1_3B21
  3.903829, 10.164418, 16.083099,  7.510718,162.777791,121.046359, 99.462339, 65.210535,CI.u(95%).Total.SURVEY_LC1_3B22
  3.903829,  0.000000,  0.000000, 18.767748, 33.666933,109.525884, 40.096548, 52.786210,CI.u(95%).Total.SURVEY_LC1_3B23
0.000000,0.000000,0.000000,0.000000,3.903829,0.000000,0.000000,0.000000,CI.u(95%).Total.SURVEY_LC1_3B31
 0.000000, 3.851934, 0.000000, 0.000000,17.155002,24.293715, 3.814439, 3.732744,CI.u(95%).Total.SURVEY_LC1_3B32
 3.923925, 0.000000, 0.000000, 3.774126,23.443072,15.370543, 7.793428, 7.548253,CI.u(95%).Total.SURVEY_LC1_3B35
0.000000,0.000000,0.000000,0.000000,0.000000,0.000000,0.000000,3.774126,CI.u(95%).Total.SURVEY_LC1_3B37
 0.000000, 0.000000, 0.000000, 0.000000, 7.807295, 0.000000, 0.000000,11.414101,CI.u(95%).Total.SURVEY_LC1_3B41
  0.000000,  5.082209,  7.793428, 11.280997,  5.397975, 74.982588, 46.634616,120.618877,CI.u(95%).Total.SURVEY_LC1_3B43
 0.000000, 0.000000, 8.215113, 9.021340,15.594910,44.480470,39.590570,33.826386,CI.u(95%).Total.SURVEY_LC1_3B44
 0.000, 0.000, 0.000, 0.000, 0.000, 0.000, 0.000,15.035,CI.u(95%).Total.SURVEY_LC1_3B45
 0.000000, 0.000000, 0.000000, 0.000000, 3.883422,15.357899, 7.957978,15.166180,CI.u(95%).Total.SURVEY_LC1_3B51
 0.000000, 0.000000, 3.978989, 3.819024, 3.923925,10.209317, 8.334673, 0.000000,CI.u(95%).Total.SURVEY_LC1_3B52
 0.000000, 0.000000, 0.000000, 0.000000,23.988049,29.256100, 8.621365, 7.832620,CI.u(95%).Total.SURVEY_LC1_3B53
0.000000,0.000000,0.000000,0.000000,3.903829,0.000000,3.814439,3.732744,CI.u(95%).Total.SURVEY_LC1_3B54
 29.26376, 30.77495, 16.91566, 15.08375,161.18389,500.53322,142.77553,125.32113,CI.u(95%).Total.SURVEY_LC1_3B55
 0.000000,31.087958, 4.117271, 7.855981, 8.246362,32.137418,15.268742,11.361074,CI.u(95%).Total.SURVEY_LC1_3B71
 0.000000, 3.897165,24.368528, 0.000000, 0.000000, 9.107588,28.433166,11.300767,CI.u(95%).Total.SURVEY_LC1_3B72
 0.000000, 0.000000, 0.000000, 7.846102, 0.000000, 0.000000, 0.000000,11.341261,CI.u(95%).Total.SURVEY_LC1_3B73
 3.878494, 3.822799, 0.000000, 0.000000, 0.000000, 0.000000, 3.958823,12.778712,CI.u(95%).Total.SURVEY_LC1_3B75
 0.000000, 3.831664, 0.000000,11.380659, 3.883422,22.253492, 0.000000,42.320581,CI.u(95%).Total.SURVEY_LC1_3B83
0.000000,0.000000,0.000000,0.000000,0.000000,7.173941,0.000000,3.774126,CI.u(95%).Total.SURVEY_LC1_3B84
788.3462,273.4588,675.3646,377.8270,  0.0000,  0.0000,  0.0000,  0.0000,CI.u(95%).Total.SURVEY_LC1_3Bx1
 0.00000,16.61721,52.11401,11.34230, 0.00000, 0.00000, 0.00000, 0.00000,CI.u(95%).Total.SURVEY_LC1_3Bx2
293.5769,402.0297,514.4354,414.7256,419.7801,908.0956,351.3333,437.3194,CI.u(95%).Total.SURVEY_LC1_3C10
  3.874928,114.052151,  0.000000, 34.149968, 12.652578,105.366433, 22.434783, 66.178145,CI.u(95%).Total.SURVEY_LC1_3C21
 11.79362,273.15055, 39.09466, 91.70204, 11.62478,182.48109,  0.00000,177.47310,CI.u(95%).Total.SURVEY_LC1_3C22
 7.749856, 3.814543,30.462684, 7.408079, 7.848075,15.407826,13.545476,54.735596,CI.u(95%).Total.SURVEY_LC1_3C23
 12.26598,108.92122,  0.00000, 11.11212,  0.00000,  0.00000,  0.00000,  0.00000,CI.u(95%).Total.SURVEY_LC1_3C2x
 7.749856, 0.000000, 0.000000, 3.704039, 8.136458,21.951993,20.253499, 7.652862,CI.u(95%).Total.SURVEY_LC1_3C31
 21.15946,  0.00000, 21.63753, 11.47810, 20.45534,267.89332, 32.03876,234.22879,CI.u(95%).Total.SURVEY_LC1_3C32
 24.13039,133.99161, 36.79083, 37.69743, 69.38813,329.90426, 53.13509, 37.48807,CI.u(95%).Total.SURVEY_LC1_3C33
  3.874928,113.146207,  0.000000, 34.291532,  0.000000,  0.000000,  0.000000,  0.000000,CI.u(95%).Total.SURVEY_LC1_3C3x
 3.903466,24.985261,44.220257,11.383595,15.897207,15.340692, 7.682743, 7.651430,CI.u(95%).Total.SURVEY_LC1_3D10
100.71506,117.17510,152.51343, 76.78332, 25.37210, 35.62167, 28.14050, 41.74886,CI.u(95%).Total.SURVEY_LC1_3D20
 22.89296, 56.40510,113.28280, 45.22135, 20.63704, 70.47384, 34.52043, 97.96775,CI.u(95%).Total.SURVEY_LC1_3E10
1731.2005,1255.8727,2166.9939, 798.5012,2188.5893,2168.3984, 972.7860, 892.9965,CI.u(95%).Total.SURVEY_LC1_3E20
0.000000,3.822799,0.000000,0.000000,0.000000,0.000000,0.000000,0.000000,CI.u(95%).Total.SURVEY_LC1_3E2x
40.02682,46.38181,40.75037,11.37079,71.24866,71.14104,47.20873,52.83515,CI.u(95%).Total.SURVEY_LC1_3E30
36.173760,31.778560,34.660298,41.853374,10.213802, 8.893753, 8.878304, 3.985314,CI.u(95%).Total.SURVEY_LC1_3F20
259.07931,315.16254,343.65962,171.18258, 46.84547, 52.40757, 89.28597, 56.66888,CI.u(95%).Total.SURVEY_LC1_3F40
0.000000,0.000000,7.957978,0.000000,0.000000,0.000000,0.000000,0.000000,CI.u(95%).Total.SURVEY_LC1_3F4x
350.31229,686.28725,369.66302,131.29376, 23.19731, 46.84463, 29.21091, 14.67938,CI.u(95%).Total.SURVEY_LC1_3G11
 0.000000, 3.542481,57.563481, 0.000000, 0.000000, 0.000000, 0.000000, 0.000000,CI.u(95%).Total.SURVEY_LC1_3G12
133.23706,107.47232,358.52280,126.11222, 92.02500, 39.29357,176.03968, 15.32390,CI.u(95%).Total.SURVEY_LC1_3G21
 0.00000, 0.00000,31.75327, 0.00000, 0.00000, 0.00000, 0.00000, 0.00000,CI.u(95%).Total.SURVEY_LC1_3G22
4.427939,0.000000,0.000000,0.000000,0.000000,0.000000,0.000000,0.000000,CI.u(95%).Total.SURVEY_LC1_3G2x
 0.000000, 9.312742,66.633980, 0.000000, 0.000000, 0.000000, 0.000000, 0.000000,CI.u(95%).Total.SURVEY_LC1_3G30
8.028986,0.000000,0.000000,0.000000,0.000000,0.000000,0.000000,0.000000,CI.u(95%).Total.SURVEY_LC1_3G40
53.43056,68.84624,60.06671,13.06653,13.21882,28.08809,13.50420, 7.57303,CI.u(95%).Total.SURVEY_LC1_3H11
12.261677, 0.000000, 0.000000, 0.000000, 3.949369, 3.886901, 0.000000, 0.000000,CI.u(95%).Total.SURVEY_LC1_3H12
17.188399, 0.000000,40.860170, 0.000000, 0.000000, 0.000000, 4.210552, 0.000000,CI.u(95%).Total.SURVEY_LC1_3H21
16.42781, 0.00000,20.65150,11.60441, 0.00000, 0.00000, 0.00000, 0.00000,CI.u(95%).Total.SURVEY_LC1_3H23
2690.346,1876.723,3148.607,1493.400,3423.776,3968.993,1982.206,2157.380,CI.u(95%).Total.SURVEY_LU1_3U111
 0.000000, 0.000000, 0.000000, 3.732744, 8.286865,28.378923, 0.000000,22.542867,CI.u(95%).Total.SURVEY_LU1_3U112
 3.878494,15.376594, 7.774948, 0.000000,13.644337,16.781573,13.208612, 3.774126,CI.u(95%).Total.SURVEY_LU1_3U113
175.7493,435.5759,170.4060,282.5311,223.7244,850.4840,180.9867,676.3851,CI.u(95%).Total.SURVEY_LU1_3U120
 8.084061, 0.000000, 0.000000,11.604415, 0.000000, 0.000000, 0.000000, 0.000000,CI.u(95%).Total.SURVEY_LU1_3U130
7.321959,3.606582,0.000000,6.983089,0.000000,0.000000,0.000000,0.000000,CI.u(95%).Total.SURVEY_LU1_3U140
23.516981, 5.082209, 9.479482, 0.000000, 0.000000, 3.831664, 0.000000, 3.774126,CI.u(95%).Total.SURVEY_LU1_3U210
 5.855719,11.891328, 0.000000,19.638052, 0.000000, 0.000000, 5.289090, 3.712475,CI.u(95%).Total.SURVEY_LU1_3U221
 0.00000, 0.00000, 0.00000,16.32531, 0.00000, 0.00000, 0.00000, 0.00000,CI.u(95%).Total.SURVEY_LU1_3U222
10.819874, 0.000000,52.863939, 0.000000, 0.000000, 5.294969, 0.000000, 0.000000,CI.u(95%).Total.SURVEY_LU1_3U223
 0.00000, 0.00000, 0.00000,32.52205, 0.00000, 0.00000,10.71533, 0.00000,CI.u(95%).Total.SURVEY_LU1_3U224
 0.000000,10.630940,24.075018, 8.994714, 0.000000, 0.000000, 5.289090, 0.000000,CI.u(95%).Total.SURVEY_LU1_3U225
 0.000000,50.706595,20.751755,37.229827, 5.397975, 0.000000, 0.000000,10.536791,CI.u(95%).Total.SURVEY_LU1_3U226
 4.36294, 5.33597, 0.00000,16.32531, 0.00000, 0.00000, 0.00000, 0.00000,CI.u(95%).Total.SURVEY_LU1_3U227
  0.000000, 28.655383,107.895860, 14.152942,  0.000000, 15.590993, 37.132280,  3.777974,CI.u(95%).Total.SURVEY_LU1_3U311
134.7021,369.8750,452.4336,329.2064,305.2111,544.5363,557.5272,453.2080,CI.u(95%).Total.SURVEY_LU1_3U312
117.57484,214.45467,393.56079,103.18159, 31.94456, 18.53774, 66.96333,  0.00000,CI.u(95%).Total.SURVEY_LU1_3U313
 3.883422, 5.294969,34.349519,15.308364, 0.000000, 0.000000, 0.000000, 0.000000,CI.u(95%).Total.SURVEY_LU1_3U314
0.000000,0.000000,3.794297,0.000000,0.000000,0.000000,0.000000,0.000000,CI.u(95%).Total.SURVEY_LU1_3U316
  5.855719,  6.555357,180.884183, 81.933446,  0.000000, 23.838820, 11.077775, 21.663030,CI.u(95%).Total.SURVEY_LU1_3U317
26.159327,13.008890,24.880216, 3.819024,20.895751,32.584653,53.162694, 3.712475,CI.u(95%).Total.SURVEY_LU1_3U318
17.153119,14.240694, 5.289090, 0.000000,78.696864,16.588174, 9.414314,11.326227,CI.u(95%).Total.SURVEY_LU1_3U319
 3.660980,42.664358, 3.814878,12.535919, 0.000000, 0.000000,10.331165, 0.000000,CI.u(95%).Total.SURVEY_LU1_3U321
 9.058954, 7.738834,23.773246,21.542053, 0.000000, 0.000000, 5.788684, 0.000000,CI.u(95%).Total.SURVEY_LU1_3U322
11.25369,26.28182,52.81861,30.55307,20.06297,52.38116,27.44263,16.50794,CI.u(95%).Total.SURVEY_LU1_3U330
 78.49046,123.53881,230.85228,126.13342, 70.31528,101.02056,125.52370,114.98515,CI.u(95%).Total.SURVEY_LU1_3U341
 0.000000, 0.000000,24.245291,25.553392, 0.000000, 0.000000, 3.859384, 0.000000,CI.u(95%).Total.SURVEY_LU1_3U342
 38.95071,232.76368,131.65672, 64.49098, 16.89780, 36.81326, 16.46423, 57.14021,CI.u(95%).Total.SURVEY_LU1_3U350
359.9731,915.5589,486.6101,203.8645,128.8834,374.8008,178.5567,114.3239,CI.u(95%).Total.SURVEY_LU1_3U361
  8.331404, 33.742138,115.202647,110.400404, 14.581599, 45.475889, 69.877831, 45.676932,CI.u(95%).Total.SURVEY_LU1_3U362
293.2779,516.7671,962.3829,620.9175,225.2873,364.4687,182.2490,191.3640,CI.u(95%).Total.SURVEY_LU1_3U370
0.000000,0.000000,0.000000,5.216740,5.855719,3.831664,0.000000,0.000000,CI.u(95%).Total.SURVEY_LU1_3U411
3.883422,0.000000,0.000000,3.819024,0.000000,0.000000,0.000000,0.000000,CI.u(95%).Total.SURVEY_LU1_3U414
 3.969581,24.430667,13.063973,19.587660, 0.000000, 5.062088, 9.308211, 3.754006,CI.u(95%).Total.SURVEY_LU1_3U415
532.6436,379.0200,543.7291,224.7473,186.0729,199.0915,141.0491,180.3509,CI.u(95%).Total.SURVEY_LU1_3U420
3776.428,3532.691,4472.100,2114.201,3967.886,5259.742,2422.742,2993.957,CI.u(95%).Total.settlement0
 730.7279,1389.7488,2278.2589,1488.5083, 802.2605,1246.6989,1163.5194, 955.6629,CI.u(95%).Total.settlement1
4196.310,4135.627,6353.968,3205.595,4338.380,5147.801,3213.902,3136.368,CI.u(95%).Total.fao_class_name0
278.5885,554.0790,256.4371,324.4363,300.9698,919.8592,222.6755,700.8418,CI.u(95%).Total.fao_class_name1
 4.362940,19.789802,20.667646, 3.773080,15.872066, 7.873312, 3.872780,11.531794,CI.u(95%).Total.fao_class_name2
 27.89409,264.33921, 96.11310, 79.53251, 81.90402,488.19226,123.29710,120.95075,CI.u(95%).Total.fao_class_name3
3766.398,3310.388,5040.287,2616.127,4286.032,5686.267,3033.797,3488.960,CI.u(95%).Total.lue0
 779.0236,1702.4470,1803.4623,1031.5469, 455.9654, 850.0995, 540.7683, 471.5461,CI.u(95%).Total.lue1
4164.242,4262.001,5604.364,2974.407,4307.602,5778.648,2797.644,3433.152,CI.u(95%).Total.lud0
 381.1796, 719.4997,1238.1129, 666.1177, 462.2092, 703.5458, 781.5137, 528.2191,CI.u(95%).Total.lud1
0.008575474,0.016148391,0.008104119,0.013697906,0.008183331,0.012212568,0.015968054,0.012159390,CV.Total.area
0.00000000,0.02715850,0.02278073,0.04377084,0.04174725,0.01869574,0.03305820,0.06919699,CV.Total.SURVEY_LC1_1A
0.000000000,0.005750844,0.006387252,0.000000000,0.001963221,0.001670121,0.015058567,0.001450314,CV.Total.SURVEY_LC1_1B
0.00000000,0.09992978,0.04341243,0.05000654,0.00000000,0.05642367,0.02639110,0.03217761,CV.Total.SURVEY_LC1_1C
0.00000000,0.00000000,0.03909697,0.01919331,0.00000000,0.00000000,0.00000000,0.04148134,CV.Total.SURVEY_LC1_1D
0.022172787,0.009138432,0.022757281,0.027473976,0.017383564,0.004447525,0.048292518,0.005936072,CV.Total.SURVEY_LC1_1E
0.000000000,0.006710527,0.014545747,0.038935211,0.000000000,0.000000000,0.205757470,0.186324563,CV.Total.SURVEY_LC1_1F
0.000000000,0.000000000,0.009105349,0.013758591,0.000000000,0.000000000,0.026953374,0.000000000,CV.Total.SURVEY_LC1_1G
0.03750769,0.00000000,0.00000000,0.17160445,0.00000000,0.00000000,0.00000000,0.00000000,CV.Total.SURVEY_LC1_1H
0.01352275,0.02806931,0.01496505,0.01981666,0.01065844,0.01653067,0.02163785,0.01099885,CV.Total.SURVEY_LU1_1U1
0.0000000,0.2472080,0.1149497,0.1076096,0.0000000,0.0000000,0.0000000,0.0000000,CV.Total.SURVEY_LU1_1U2
0.000000000,0.026041074,0.009239817,0.025713437,0.019031500,0.049942676,0.029197081,0.045564833,CV.Total.SURVEY_LU1_1U3
0.007721272,0.095494476,0.007234978,0.044318608,0.013384841,0.006556282,0.063083419,0.074602383,CV.Total.SURVEY_LU1_1U4
0.00000000,0.11047032,0.07695338,0.12008811,0.00000000,0.07272357,0.07264442,0.16973760,CV.Total.SURVEY_LC1_2A1
0.00000000,0.06912549,0.05647276,0.07817285,0.00000000,0.02951271,0.04074102,0.08570423,CV.Total.SURVEY_LC1_2A2
0.0000000,0.0000000,0.0000000,0.0000000,0.3244911,0.0000000,0.0000000,0.0000000,CV.Total.SURVEY_LC1_2A3
  0,NA,NA,NA,NA,NA,NA,NA,CV.Total.SURVEY_LC1_2Ax
0.000000000,0.019762397,0.000000000,0.000000000,0.004958176,0.003185342,0.047346246,0.000000000,CV.Total.SURVEY_LC1_2B1
0,0,0,0,0,0,0,0,CV.Total.SURVEY_LC1_2B2
  0,  0,NA,  0,  0,  0,  0,  0,CV.Total.SURVEY_LC1_2B3
NA,  0,  0,  0,  0,  0,  0,  0,CV.Total.SURVEY_LC1_2B4
0.000000000,0.000000000,0.000000000,0.000000000,0.000000000,0.002435799,0.000000000,0.012619046,CV.Total.SURVEY_LC1_2B5
0.00000000,0.04602509,0.00000000,0.00000000,0.00000000,0.00000000,0.00000000,0.00000000,CV.Total.SURVEY_LC1_2B7
NA,0.00000000,NA,0.00000000,0.00000000,0.07986279,NA,0.00000000,CV.Total.SURVEY_LC1_2B8
0.000000000,0.004683838,0.007580774,0.000000000,NA,NA,NA,NA,CV.Total.SURVEY_LC1_2Bx
0.00000000,0.02659025,0.04998769,0.05386776,0.00000000,0.07878710,0.02567304,0.05357892,CV.Total.SURVEY_LC1_2C1
0.0000000,0.2691220,0.1587297,0.1824593,0.0000000,0.3480664,0.3386670,0.1245964,CV.Total.SURVEY_LC1_2C2
0.0000000,0.3831981,0.1254446,0.2116052,0.0000000,0.1817254,0.1131364,0.1142625,CV.Total.SURVEY_LC1_2C3
0,0,0,0,0,0,0,0,CV.Total.SURVEY_LC1_2D1
0.00000000,0.00000000,0.05157885,0.02216243,0.00000000,0.00000000,0.00000000,0.04982617,CV.Total.SURVEY_LC1_2D2
0.00000000,0.00000000,0.08276814,0.04565770,0.00000000,0.04056160,0.14023106,0.03556327,CV.Total.SURVEY_LC1_2E1
0.022943694,0.009753143,0.024221826,0.029362304,0.018139342,0.004728923,0.052180451,0.006390416,CV.Total.SURVEY_LC1_2E2
0.07127639,0.05021951,0.12015850,0.00000000,0.00000000,0.01965349,0.00000000,0.00000000,CV.Total.SURVEY_LC1_2E3
0.0000000,0.0000000,0.0000000,0.2881054,0.0000000,0.0000000,0.0000000,0.0000000,CV.Total.SURVEY_LC1_2F2
0.000000000,0.007396975,0.016024610,0.000000000,0.000000000,0.000000000,0.235667725,0.204684889,CV.Total.SURVEY_LC1_2F4
0.030004828,0.007657723,0.062943011,0.058057859,0.000000000,0.000000000,0.000000000,0.000000000,CV.Total.SURVEY_LC1_2G1
0.08398128,0.05284404,0.05906513,0.06233084,0.00000000,0.00000000,0.03170376,0.00000000,CV.Total.SURVEY_LC1_2G2
NA,0.4898979,0.4093365,NA,NA,NA,NA,NA,CV.Total.SURVEY_LC1_2G3
  0,NA,NA,NA,NA,NA,NA,NA,CV.Total.SURVEY_LC1_2G4
0.05891763,0.00000000,0.00000000,0.00000000,0.00000000,0.00000000,0.00000000,0.00000000,CV.Total.SURVEY_LC1_2H1
0.0000000,NA,0.0000000,0.5872202,NA,NA,0.0000000,NA,CV.Total.SURVEY_LC1_2H2
0.014509479,0.005971352,0.015397449,0.015660693,0.011365897,0.002923831,0.022853028,0.006300874,CV.Total.SURVEY_LU1_2U11
0.00000000,0.19039951,0.06257643,0.10510824,0.00000000,0.10949602,0.06301255,0.04398083,CV.Total.SURVEY_LU1_2U12
0.0000000,NA,NA,0.5872202,NA,NA,NA,NA,CV.Total.SURVEY_LU1_2U13
  0,  0,NA,  0,NA,NA,NA,NA,CV.Total.SURVEY_LU1_2U14
  0,  0,  0,NA,NA,  0,NA,  0,CV.Total.SURVEY_LU1_2U21
0.0000000,0.2717156,0.1307673,0.1076096,0.0000000,0.0000000,0.0000000,0.0000000,CV.Total.SURVEY_LU1_2U22
0.05926092,0.09332489,0.04896141,0.07642808,0.04073226,0.06161029,0.04236404,0.07281926,CV.Total.SURVEY_LU1_2U31
0.00000000,0.33394731,0.08324701,0.17202202,NA,NA,0.00000000,NA,CV.Total.SURVEY_LU1_2U32
0.0000000,0.0000000,0.2336294,0.0706112,0.0000000,0.0000000,0.0000000,0.0000000,CV.Total.SURVEY_LU1_2U33
0.00000000,0.05357902,0.13232516,0.13199140,0.03827095,0.10604234,0.13856643,0.26728110,CV.Total.SURVEY_LU1_2U34
0.00000000,0.22521992,0.19203070,0.06952304,0.00000000,0.00000000,0.00000000,0.71973449,CV.Total.SURVEY_LU1_2U35
0.04817127,0.06749289,0.04647049,0.10611611,0.00000000,0.17292876,0.07030075,0.06498547,CV.Total.SURVEY_LU1_2U36
0.00000000,0.07561310,0.05570082,0.07988954,0.00000000,0.11878180,0.04246290,0.04913105,CV.Total.SURVEY_LU1_2U37
0.00000000,0.00000000,0.00000000,0.06413911,0.00000000,0.00000000,0.00000000,0.00000000,CV.Total.SURVEY_LU1_2U41
0.007836859,0.102891108,0.007411335,0.049176510,0.013817470,0.006853096,0.067799669,0.076387721,CV.Total.SURVEY_LU1_2U42
0.00000000,0.12422810,0.12685953,0.14349017,0.00000000,0.08515549,0.08688705,0.26270796,CV.Total.SURVEY_LC1_3A11
NA,0.0000000,0.1902325,0.3830560,0.0000000,0.3519114,0.4456367,0.0000000,CV.Total.SURVEY_LC1_3A12
NA,0.19904700,0.08372435,0.00000000,NA,0.00000000,0.00000000,0.00000000,CV.Total.SURVEY_LC1_3A13
0.00000000,0.12346315,0.08109051,0.10555904,0.00000000,0.06987934,0.05451697,0.17239340,CV.Total.SURVEY_LC1_3A21
0.00000000,0.12963990,0.11523422,0.15987299,0.00000000,0.04064047,0.05626243,0.11114114,CV.Total.SURVEY_LC1_3A22
0.0000000,0.0000000,0.0000000,0.0000000,0.3244911,0.0000000,0.0000000,0.0000000,CV.Total.SURVEY_LC1_3A30
  0,NA,NA,NA,NA,NA,NA,NA,CV.Total.SURVEY_LC1_3Axx
  0,  0,NA,  0,  0,  0,  0,  0,CV.Total.SURVEY_LC1_3B11
NA,NA,NA,NA,NA,NA,  0,NA,CV.Total.SURVEY_LC1_3B12
  0,  0,NA,  0,  0,  0,NA,  0,CV.Total.SURVEY_LC1_3B13
NA,NA,NA,NA,  0,  0,  0,  0,CV.Total.SURVEY_LC1_3B14
NA,NA,  0,NA,NA,NA,  0,NA,CV.Total.SURVEY_LC1_3B15
0.000000000,0.032269097,0.000000000,0.000000000,0.009678791,0.004784286,0.129682605,0.000000000,CV.Total.SURVEY_LC1_3B16
NA,NA,NA,NA,  0,NA,NA,  0,CV.Total.SURVEY_LC1_3B18
NA,  0,  0,  0,NA,NA,NA,NA,CV.Total.SURVEY_LC1_3B19
0,0,0,0,0,0,0,0,CV.Total.SURVEY_LC1_3B21
0,0,0,0,0,0,0,0,CV.Total.SURVEY_LC1_3B22
  0,NA,NA,  0,  0,  0,  0,  0,CV.Total.SURVEY_LC1_3B23
NA,NA,NA,NA,  0,NA,NA,NA,CV.Total.SURVEY_LC1_3B31
NA,  0,NA,NA,  0,  0,  0,  0,CV.Total.SURVEY_LC1_3B32
  0,NA,NA,  0,  0,  0,  0,  0,CV.Total.SURVEY_LC1_3B35
NA,NA,NA,NA,NA,NA,NA,  0,CV.Total.SURVEY_LC1_3B37
NA,NA,NA,NA,  0,NA,NA,  0,CV.Total.SURVEY_LC1_3B41
NA,  0,  0,  0,  0,  0,  0,  0,CV.Total.SURVEY_LC1_3B43
NA,NA,  0,  0,  0,  0,  0,  0,CV.Total.SURVEY_LC1_3B44
NA,NA,NA,NA,NA,NA,NA,  0,CV.Total.SURVEY_LC1_3B45
NA,NA,NA,NA,  0,  0,  0,  0,CV.Total.SURVEY_LC1_3B51
NA,NA,  0,  0,  0,  0,  0,NA,CV.Total.SURVEY_LC1_3B52
NA,NA,NA,NA,  0,  0,  0,  0,CV.Total.SURVEY_LC1_3B53
NA,NA,NA,NA,  0,NA,  0,  0,CV.Total.SURVEY_LC1_3B54
0.000000000,0.000000000,0.000000000,0.000000000,0.000000000,0.002704006,0.000000000,0.015391946,CV.Total.SURVEY_LC1_3B55
NA,0.05877086,0.00000000,0.00000000,0.00000000,0.00000000,0.00000000,0.00000000,CV.Total.SURVEY_LC1_3B71
NA,  0,  0,NA,NA,  0,  0,  0,CV.Total.SURVEY_LC1_3B72
NA,NA,NA,  0,NA,NA,NA,  0,CV.Total.SURVEY_LC1_3B73
  0,  0,NA,NA,NA,NA,  0,  0,CV.Total.SURVEY_LC1_3B75
NA,0.00000000,NA,0.00000000,0.00000000,0.06771976,NA,0.00000000,CV.Total.SURVEY_LC1_3B83
NA,NA,NA,NA,NA,0.3162278,NA,0.0000000,CV.Total.SURVEY_LC1_3B84
0.000000000,0.004971233,0.008175112,0.000000000,NA,NA,NA,NA,CV.Total.SURVEY_LC1_3Bx1
NA,  0,  0,  0,NA,NA,NA,NA,CV.Total.SURVEY_LC1_3Bx2
0.00000000,0.02659025,0.04998769,0.05386776,0.00000000,0.07878710,0.02567304,0.05357892,CV.Total.SURVEY_LC1_3C10
0.0000000,0.6350558,NA,0.4618287,0.0000000,0.7660002,0.4275461,0.3624190,CV.Total.SURVEY_LC1_3C21
0.0000000,0.3828746,0.1807910,0.2646924,0.0000000,0.4677894,NA,0.1594423,CV.Total.SURVEY_LC1_3C22
0.000000,0.000000,0.338667,0.000000,0.000000,0.000000,0.622171,0.361392,CV.Total.SURVEY_LC1_3C23
0.0000000,0.7063892,NA,0.0000000,NA,NA,NA,NA,CV.Total.SURVEY_LC1_3C2x
0.0000000,NA,NA,0.0000000,0.0000000,0.0000000,0.3918327,0.0000000,CV.Total.SURVEY_LC1_3C31
0.0000000,NA,0.2674984,0.0000000,0.0000000,0.3281883,0.1931386,0.1400568,CV.Total.SURVEY_LC1_3C32
0.00000000,0.45028434,0.13352652,0.38552973,0.00000000,0.28026016,0.16478636,0.04762491,CV.Total.SURVEY_LC1_3C33
0.0000000,0.7125692,NA,0.4582099,NA,NA,NA,NA,CV.Total.SURVEY_LC1_3C3x
0,0,0,0,0,0,0,0,CV.Total.SURVEY_LC1_3D10
0.00000000,0.00000000,0.05157885,0.02216243,0.00000000,0.00000000,0.00000000,0.04982617,CV.Total.SURVEY_LC1_3D20
0.00000000,0.00000000,0.08276814,0.04565770,0.00000000,0.04056160,0.14023106,0.03556327,CV.Total.SURVEY_LC1_3E10
0.022943694,0.009783401,0.024221826,0.029362304,0.018139342,0.004728923,0.052180451,0.006390416,CV.Total.SURVEY_LC1_3E20
NA,  0,NA,NA,NA,NA,NA,NA,CV.Total.SURVEY_LC1_3E2x
0.07127639,0.05021951,0.12015850,0.00000000,0.00000000,0.01965349,0.00000000,0.00000000,CV.Total.SURVEY_LC1_3E30
0.0000000,0.0000000,0.0000000,0.2881054,0.0000000,0.0000000,0.0000000,0.0000000,CV.Total.SURVEY_LC1_3F20
0.000000000,0.007396975,0.016407619,0.000000000,0.000000000,0.000000000,0.235667725,0.204684889,CV.Total.SURVEY_LC1_3F40
NA,NA,  0,NA,NA,NA,NA,NA,CV.Total.SURVEY_LC1_3F4x
0.030004828,0.007697847,0.067039409,0.058057859,0.000000000,0.000000000,0.000000000,0.000000000,CV.Total.SURVEY_LC1_3G11
NA,0.0000000,0.2105933,NA,NA,NA,NA,NA,CV.Total.SURVEY_LC1_3G12
0.08724956,0.05284404,0.05494391,0.06233084,0.00000000,0.00000000,0.03170376,0.00000000,CV.Total.SURVEY_LC1_3G21
NA,NA,0.8164966,NA,NA,NA,NA,NA,CV.Total.SURVEY_LC1_3G22
  0,NA,NA,NA,NA,NA,NA,NA,CV.Total.SURVEY_LC1_3G2x
NA,0.4898979,0.4093365,NA,NA,NA,NA,NA,CV.Total.SURVEY_LC1_3G30
  0,NA,NA,NA,NA,NA,NA,NA,CV.Total.SURVEY_LC1_3G40
0.07441044,0.00000000,0.00000000,0.00000000,0.00000000,0.00000000,0.00000000,0.00000000,CV.Total.SURVEY_LC1_3H11
  0,NA,NA,NA,  0,  0,NA,NA,CV.Total.SURVEY_LC1_3H12
  0,NA,  0,NA,NA,NA,  0,NA,CV.Total.SURVEY_LC1_3H21
0.0000000,NA,0.0000000,0.5872202,NA,NA,NA,NA,CV.Total.SURVEY_LC1_3H23
0.014530992,0.005965537,0.015436620,0.015701042,0.011440335,0.002957292,0.023012179,0.006378697,CV.Total.SURVEY_LU1_3U111
NA,NA,NA,  0,  0,  0,NA,  0,CV.Total.SURVEY_LU1_3U112
0.0000000,0.1346716,0.0000000,NA,0.0000000,0.0000000,0.0000000,0.0000000,CV.Total.SURVEY_LU1_3U113
0.00000000,0.19039951,0.06257643,0.10510824,0.00000000,0.10949602,0.06301255,0.04398083,CV.Total.SURVEY_LU1_3U120
0.0000000,NA,NA,0.5872202,NA,NA,NA,NA,CV.Total.SURVEY_LU1_3U130
  0,  0,NA,  0,NA,NA,NA,NA,CV.Total.SURVEY_LU1_3U140
  0,  0,  0,NA,NA,  0,NA,  0,CV.Total.SURVEY_LU1_3U210
  0,  0,NA,  0,NA,NA,  0,  0,CV.Total.SURVEY_LU1_3U221
NA,NA,NA,0.5669467,NA,NA,NA,NA,CV.Total.SURVEY_LU1_3U222
0.000000,NA,0.197907,NA,NA,0.000000,NA,NA,CV.Total.SURVEY_LU1_3U223
NA,NA,NA,0.290899,NA,NA,0.000000,NA,CV.Total.SURVEY_LU1_3U224
NA,0.0000000,0.3723391,0.0000000,NA,NA,0.0000000,NA,CV.Total.SURVEY_LU1_3U225
NA,0.5951193,0.1169582,0.3086067,0.0000000,NA,NA,0.0000000,CV.Total.SURVEY_LU1_3U226
0.0000000,0.0000000,NA,0.5669467,NA,NA,NA,NA,CV.Total.SURVEY_LU1_3U227
NA,0.3541249,0.3009281,0.0000000,NA,0.0000000,0.1921102,0.0000000,CV.Total.SURVEY_LU1_3U311
0.00000000,0.10362204,0.09302786,0.12718341,0.00000000,0.07402363,0.05371755,0.08034759,CV.Total.SURVEY_LU1_3U312
0.18893750,0.24119761,0.07248766,0.07830904,0.00000000,0.00000000,0.09273192,NA,CV.Total.SURVEY_LU1_3U313
0.00000000,0.00000000,0.09347473,0.00000000,NA,NA,NA,NA,CV.Total.SURVEY_LU1_3U314
NA,NA,  0,NA,NA,NA,NA,NA,CV.Total.SURVEY_LU1_3U316
0.0000000,0.0000000,0.1297397,0.1208252,NA,0.1772289,0.0000000,0.0000000,CV.Total.SURVEY_LU1_3U317
0.00000000,0.00000000,0.00000000,0.00000000,0.00000000,0.06485197,0.00000000,0.00000000,CV.Total.SURVEY_LU1_3U318
0.0000000,0.0000000,0.0000000,NA,0.3549977,0.0000000,0.0000000,0.0000000,CV.Total.SURVEY_LU1_3U319
0.0000000,0.4476706,0.0000000,0.0000000,NA,NA,0.0000000,NA,CV.Total.SURVEY_LU1_3U321
0.00000000,0.00000000,0.09920297,0.33855032,NA,NA,0.00000000,NA,CV.Total.SURVEY_LU1_3U322
0.0000000,0.0000000,0.2336294,0.0706112,0.0000000,0.0000000,0.0000000,0.0000000,CV.Total.SURVEY_LU1_3U330
0.00000000,0.05357902,0.13479174,0.13229749,0.03827095,0.10604234,0.14402950,0.26728110,CV.Total.SURVEY_LU1_3U341
NA,NA,0.6974858,0.7071068,NA,NA,0.0000000,NA,CV.Total.SURVEY_LU1_3U342
0.00000000,0.22521992,0.19203070,0.06952304,0.00000000,0.00000000,0.00000000,0.71973449,CV.Total.SURVEY_LU1_3U350
0.04939410,0.07032312,0.05662036,0.10903442,0.00000000,0.20039372,0.02674548,0.09582624,CV.Total.SURVEY_LU1_3U361
0.00000000,0.00000000,0.05008977,0.25591556,0.00000000,0.03142854,0.33685027,0.00000000,CV.Total.SURVEY_LU1_3U362
0.00000000,0.07561310,0.05570082,0.07988954,0.00000000,0.11878180,0.04246290,0.04913105,CV.Total.SURVEY_LU1_3U370
NA,NA,NA,  0,  0,  0,NA,NA,CV.Total.SURVEY_LU1_3U411
  0,NA,NA,  0,NA,NA,NA,NA,CV.Total.SURVEY_LU1_3U414
0.00000000,0.00000000,0.00000000,0.09949619,NA,0.00000000,0.00000000,0.00000000,CV.Total.SURVEY_LU1_3U415
0.007836859,0.102891108,0.007411335,0.049176510,0.013817470,0.006853096,0.067799669,0.076387721,CV.Total.SURVEY_LU1_3U420
0.010268198,0.021440584,0.011192518,0.013711268,0.009848364,0.015366658,0.019501350,0.008988505,CV.Total.settlement0
0.00000000,0.02633764,0.01142923,0.02858218,0.02165230,0.04132593,0.03142833,0.04358047,CV.Total.settlement1
0.009222192,0.004758253,0.008417275,0.012744859,0.008948663,0.002418399,0.017315407,0.012911612,CV.Total.fao_class_name0
0.00000000,0.16864837,0.04226685,0.09196655,0.00000000,0.09962541,0.04981027,0.04154817,CV.Total.fao_class_name1
0,0,0,0,0,0,0,0,CV.Total.fao_class_name2
0.00000000,0.24697190,0.00000000,0.14128930,0.00000000,0.18502578,0.03966420,0.08301206,CV.Total.fao_class_name3
0.011213042,0.025976573,0.014032883,0.018949851,0.009055538,0.014302775,0.017832462,0.012282496,CV.Total.lue0
0.021694388,0.045967242,0.031346957,0.046152375,0.005549747,0.085544278,0.043580531,0.068628284,CV.Total.lue1
0.010120519,0.021978508,0.013127117,0.018817992,0.009062209,0.013948225,0.017867509,0.011725814,CV.Total.lud0
0.04639623,0.07642519,0.04359271,0.05640070,0.03831999,0.05563663,0.03858249,0.06742970,CV.Total.lud1
