SK01.No,SK02.No,SK03.No,SK04.No,SK01.Yes,SK02.Yes,SK03.Yes,SK04.Yes,variable
No,No,No,No,Yes,Yes,Yes,Yes,flag_two
 1104.2165, 6426.3137, 4211.2940, 5330.4316,  948.7835, 8565.6863,12051.7060,10396.5684,Total.area
 85.93057,321.38119,205.74069,263.15158, 49.59130,258.24244,135.23838,172.51991,Total.SURVEY_LC1_1A
 240.2237,3192.1527, 427.5609, 905.1555, 407.5084,3621.4081,1397.2766,1989.9077,Total.SURVEY_LC1_1B
 555.0626,1500.8264,2089.5674,2686.6838, 311.0473,3104.5622,7307.0526,4957.4858,Total.SURVEY_LC1_1C
 18.89213,260.32263,386.38589,295.40051, 23.00493,111.66462,347.09443,671.83916,Total.SURVEY_LC1_1D
 123.7384, 576.5259, 942.7119, 966.9723, 117.1349,1028.7869,2683.0994,2335.1949,Total.SURVEY_LC1_1E
 44.317879,385.567289, 90.178104,136.590578,  4.024007,349.050481,134.271163,207.159019,Total.SURVEY_LC1_1F
 28.40737,177.87108, 69.14913, 68.41109, 19.92365, 58.26250, 43.54735, 46.01423,Total.SURVEY_LC1_1G
 7.643887,11.666532, 0.000000, 8.066188,16.549037,33.709008, 4.126062,16.447722,Total.SURVEY_LC1_1H
  781.5499, 5279.4741, 3296.9624, 4377.5665,  699.8795, 7566.5710,10703.9994, 8973.7937,Total.SURVEY_LU1_1U1
 7.950629,73.770392,30.688692,46.715260, 4.163172,26.326395, 7.548759, 4.164104,Total.SURVEY_LU1_1U2
267.9336,737.7827,458.6594,471.9408,108.4549,413.4325,254.2005,287.6824,Total.SURVEY_LU1_1U3
  46.78232, 335.28658, 424.98352, 434.20903, 136.28586, 559.35639,1085.95732,1130.92822,Total.SURVEY_LU1_1U4
 24.119365,123.437882,105.218694, 90.568175,  4.163172, 73.093203, 22.647173, 61.956632,Total.SURVEY_LC1_2A1
 57.64803,176.57257, 96.62898,172.58340, 37.41816,160.40768, 85.72996, 96.86742,Total.SURVEY_LC1_2A2
 4.163172,21.370737, 3.893010, 0.000000, 8.009969,24.741558,26.861246,13.695856,Total.SURVEY_LC1_2A3
  39.87273, 395.25020, 122.21030, 121.48582, 264.12809,2271.46968, 787.30092, 989.74320,Total.SURVEY_LC1_2B1
  0.000000,  4.921378,  0.000000,  0.000000,  4.024007,114.000241, 15.941420,  0.000000,Total.SURVEY_LC1_2B2
  8.048013,187.474929, 27.549067, 71.262477, 75.683418,815.068298,196.095071,610.942783,Total.SURVEY_LC1_2B3
 7.845950, 5.419144, 0.000000, 0.000000, 0.000000,59.112234,32.478280,29.977027,Total.SURVEY_LC1_2B4
  4.024007, 14.384761,  0.000000,  0.000000, 27.761419,238.562173,296.650130,264.488727,Total.SURVEY_LC1_2B5
 0.000000, 7.542725,10.834014,15.923216, 7.976733,88.086273,62.636224,91.109210,Total.SURVEY_LC1_2B7
 0.000000,29.990106, 0.000000, 2.899875,27.934744,35.109194, 6.174591, 3.646786,Total.SURVEY_LC1_2B8
 180.4330,2547.1695, 266.9675, 693.5841,   0.0000,   0.0000,   0.0000,   0.0000,Total.SURVEY_LC1_2Bx
 347.9560,1197.4390, 699.5224,1230.3282, 262.8113,2458.3562,3537.3329,4105.9625,Total.SURVEY_LC1_2C1
 175.29121, 232.45233,1088.71993, 587.57193,  20.39123, 551.37103,1272.74646, 769.21323,Total.SURVEY_LC1_2C2
  31.81532,  70.93505, 301.32509, 868.78374,  27.84474,  94.83498,2496.97324,  82.31007,Total.SURVEY_LC1_2C3
  7.845839,224.946938,122.637758,103.174052,  5.533009, 75.039219,174.461667,538.799231,Total.SURVEY_LC1_2D1
 11.04629, 35.37569,263.74813,192.22646, 17.47192, 36.62540,172.63277,133.03993,Total.SURVEY_LC1_2D2
 16.26859,103.76814,150.22449,141.63405, 18.85373, 86.01690,259.05707,119.13379,Total.SURVEY_LC1_2E1
  67.34942, 404.80390, 687.44499, 605.09426,  90.29601, 724.86119,1802.09833,1957.98340,Total.SURVEY_LC1_2E2
 40.120367, 67.953813,105.042379,212.178735,  7.985115,217.908813,621.943984,258.077689,Total.SURVEY_LC1_2E3
0.000000,0.000000,0.000000,8.065226,0.000000,0.000000,0.000000,0.000000,Total.SURVEY_LC1_2Ex
 0.000000, 3.653409,40.405573,89.680944, 0.000000, 0.000000, 0.000000, 3.580796,Total.SURVEY_LC1_2F1
3.592064,0.000000,0.000000,0.000000,0.000000,0.000000,0.000000,0.000000,Total.SURVEY_LC1_2F2
0.000000,0.000000,4.004452,4.659386,0.000000,0.000000,0.000000,0.000000,Total.SURVEY_LC1_2F3
 40.725815,381.913880, 45.768079, 42.250248,  4.024007,349.050481,134.271163,203.578222,Total.SURVEY_LC1_2F4
12.174588,55.786914,61.004146,48.682628, 7.749059,21.907244,12.192727, 7.150286,Total.SURVEY_LC1_2G1
 16.232784,122.084167,  8.144981, 19.728462, 12.174588, 36.355260, 31.354628, 38.863941,Total.SURVEY_LC1_2G2
 7.643887,11.666532, 0.000000, 8.066188,16.549037,33.709008, 4.126062,16.447722,Total.SURVEY_LC1_2H1
 288.0377,3705.4679,1056.5636,1487.6414, 490.1867,4725.9387,3522.9726,4352.7987,Total.SURVEY_LU1_2U11
 489.4540,1516.5079,2224.7122,2880.2590, 205.6346,2817.8323,7166.9081,4599.4899,Total.SURVEY_LU1_2U12
 0.000000,36.658093, 0.000000, 6.085328, 4.058196, 4.130807, 8.306030, 7.150286,Total.SURVEY_LU1_2U13
 4.058196,17.159500,11.974606, 3.580796, 0.000000,18.669202, 5.812664,14.354790,Total.SURVEY_LU1_2U14
0.000000,3.680616,3.711919,0.000000,0.000000,0.000000,0.000000,0.000000,Total.SURVEY_LU1_2U15
 0.00000,31.89414,30.68869,10.06844, 0.00000,12.55185, 0.00000, 0.00000,Total.SURVEY_LU1_2U21
 7.950629,41.876256, 0.000000,36.646822, 4.163172,13.774541, 7.548759, 4.164104,Total.SURVEY_LU1_2U22
 86.11250,254.35897, 93.40269,139.36883, 53.43955,216.50214, 95.37293,114.18055,Total.SURVEY_LU1_2U31
 0.000000,21.009132,38.212916,16.334761, 3.690863,11.942230, 0.000000,22.078214,Total.SURVEY_LU1_2U32
 0.000000, 4.029620, 8.246165, 8.819382, 8.415236,12.925269, 0.000000, 0.000000,Total.SURVEY_LU1_2U33
 0.000000, 9.536221,16.058665, 0.000000, 0.000000, 4.335215, 0.000000,25.719396,Total.SURVEY_LU1_2U34
72.70495,16.48102,59.74544,33.53058,15.36816,19.34535,14.32526, 0.00000,Total.SURVEY_LU1_2U35
48.448508,31.615199,39.308372,55.632147, 7.583296,32.073372,41.571914,30.378152,Total.SURVEY_LU1_2U36
 60.66765,400.75253,203.68520,218.25512, 19.95782,116.30895,102.93044, 95.32610,Total.SURVEY_LU1_2U37
 8.142864,75.613158,35.578745,33.475662,18.009844,80.859705,80.800911,70.053336,Total.SURVEY_LU1_2U41
  38.63945, 259.67342, 389.40478, 400.73337, 118.27601, 478.49669,1005.15641,1060.87489,Total.SURVEY_LU1_2U42
 24.119365,123.437882, 83.718582, 85.832020,  4.163172, 73.093203, 22.647173, 61.956632,Total.SURVEY_LC1_3A11
 0.000000, 0.000000,21.500112, 4.736155, 0.000000, 0.000000, 0.000000, 0.000000,Total.SURVEY_LC1_3A12
12.48952,72.78141,38.65004,38.49091,12.71757,23.12371,20.29465,25.36042,Total.SURVEY_LC1_3A21
 45.15851,103.79116, 57.97894,134.09249, 24.70059,137.28397, 65.43531, 71.50700,Total.SURVEY_LC1_3A22
 4.163172,21.370737, 3.893010, 0.000000, 8.009969,24.741558,26.861246,13.695856,Total.SURVEY_LC1_3A30
 16.09603, 89.84767, 26.89150, 15.09797,128.28664,961.88279,372.59856,505.30379,Total.SURVEY_LC1_3B11
  4.024007,  0.000000,  0.000000,  6.647521,  4.024007,121.772056, 54.969974, 13.978938,Total.SURVEY_LC1_3B12
  3.656674, 32.017098,  4.440569, 14.284306, 27.800714,336.737249, 85.820617,150.245477,Total.SURVEY_LC1_3B13
 0.000000, 0.000000, 0.000000, 6.647521, 0.000000,29.713940,38.213700, 3.983109,Total.SURVEY_LC1_3B14
 0.00000, 0.00000, 0.00000, 0.00000, 0.00000,26.43655,14.13978,52.39833,Total.SURVEY_LC1_3B15
 16.09603,267.96629, 85.34375, 64.21300, 99.99273,743.55230,190.96669,237.28543,Total.SURVEY_LC1_3B16
 0.000000, 0.000000, 5.534474, 7.109652, 0.000000,26.100189,25.293862,13.575615,Total.SURVEY_LC1_3B18
 0.000000, 5.419144, 0.000000, 7.485850, 4.024007,25.274602, 5.297735,12.972507,Total.SURVEY_LC1_3B19
 0.000000, 0.000000, 0.000000, 0.000000, 0.000000,19.770065, 5.227068, 0.000000,Total.SURVEY_LC1_3B21
 0.000000, 4.921378, 0.000000, 0.000000, 4.024007,77.972745, 0.000000, 0.000000,Total.SURVEY_LC1_3B22
 0.00000, 0.00000, 0.00000, 0.00000, 0.00000,16.25743,10.71435, 0.00000,Total.SURVEY_LC1_3B23
  0.000000, 99.987249,  5.827931,  0.000000, 31.786677,283.848664, 22.781528, 46.595465,Total.SURVEY_LC1_3B31
  8.048013, 71.230248,  0.000000, 57.967434, 31.824721,438.672015,109.008611,215.607484,Total.SURVEY_LC1_3B32
  0.000000, 16.257432, 21.721136, 13.295043,  4.024007, 67.049063, 53.179267,334.301094,Total.SURVEY_LC1_3B33
 0.000000, 0.000000, 0.000000, 0.000000, 8.048013,25.498555, 0.000000, 6.647521,Total.SURVEY_LC1_3B35
 0.000000, 0.000000, 0.000000, 0.000000, 0.000000, 0.000000,11.125666, 7.791218,Total.SURVEY_LC1_3B37
 7.84595, 0.00000, 0.00000, 0.00000, 0.00000,55.05541,26.65035,14.66283,Total.SURVEY_LC1_3B41
 0.000000, 5.419144, 0.000000, 0.000000, 0.000000, 4.056828, 5.827931,15.314194,Total.SURVEY_LC1_3B43
 0.000000, 4.869825, 0.000000, 0.000000, 4.024007,13.579343,32.263595,48.529099,Total.SURVEY_LC1_3B51
  4.024007,  0.000000,  0.000000,  0.000000, 11.337354,155.812032, 96.358332, 54.129645,Total.SURVEY_LC1_3B52
  0.000000,  9.514936,  0.000000,  0.000000,  4.188026, 30.608353, 88.680116,109.699475,Total.SURVEY_LC1_3B53
 0.00000, 0.00000, 0.00000, 0.00000, 0.00000,14.76413, 0.00000,14.06254,Total.SURVEY_LC1_3B54
 0.000000, 0.000000, 0.000000, 0.000000, 8.212032,23.798311,79.348086,38.067966,Total.SURVEY_LC1_3B55
 0.000000, 7.542725, 0.000000, 3.983109, 4.154790,48.917041,49.866844,47.433184,Total.SURVEY_LC1_3B71
0.000000,0.000000,0.000000,0.000000,0.000000,5.833266,0.000000,5.297651,Total.SURVEY_LC1_3B72
 0.000000, 0.000000, 0.000000, 0.000000, 0.000000, 0.000000, 8.250522,11.406624,Total.SURVEY_LC1_3B73
 0.000000, 0.000000, 5.297735, 0.000000, 0.000000, 4.921378, 0.000000,11.147002,Total.SURVEY_LC1_3B74
 0.000000, 0.000000, 5.536279,11.940107, 3.821943,28.414588, 4.518857,15.824749,Total.SURVEY_LC1_3B75
 0.000000,21.321368, 0.000000, 2.899875,24.480134,30.187816, 3.171101, 3.646786,Total.SURVEY_LC1_3B82
0.000000,8.668739,0.000000,0.000000,3.454610,4.921378,0.000000,0.000000,Total.SURVEY_LC1_3B83
0.00000,0.00000,0.00000,0.00000,0.00000,0.00000,3.00349,0.00000,Total.SURVEY_LC1_3B84
 135.8415,2423.0001, 218.4613, 619.5506,   0.0000,   0.0000,   0.0000,   0.0000,Total.SURVEY_LC1_3Bx1
 44.59156,118.64845, 43.26342, 67.38604,  0.00000,  0.00000,  0.00000,  0.00000,Total.SURVEY_LC1_3Bx2
0.000000,5.520924,5.242823,6.647521,0.000000,0.000000,0.000000,0.000000,Total.SURVEY_LC1_3Bxx
 343.5648,1197.4390, 699.5224,1230.3282, 262.8113,2458.3562,3537.3329,4105.9625,Total.SURVEY_LC1_3C10
4.391229,0.000000,0.000000,0.000000,0.000000,0.000000,0.000000,0.000000,Total.SURVEY_LC1_3C1x
  11.25581, 228.21401,1076.19434, 576.31737,   0.00000, 202.99535,1246.23657, 372.96270,Total.SURVEY_LC1_3C21
155.70906,  0.00000, 12.52559,  0.00000, 20.39123,348.37567, 16.01230,387.73227,Total.SURVEY_LC1_3C22
 8.326344, 4.238320, 0.000000,11.254563, 0.000000, 0.000000,10.497582, 8.518258,Total.SURVEY_LC1_3C23
   0.00000,  38.08882, 259.31461, 395.00599,   0.00000,  13.49922,1869.60840,  20.05904,Total.SURVEY_LC1_3C31
 27.652151, 11.370941, 25.032353,  7.712947,  8.415125, 40.230152,304.671715, 38.957297,Total.SURVEY_LC1_3C32
  4.163172, 16.409581, 16.978119,466.064810, 19.429618, 41.105606,322.693124, 23.293737,Total.SURVEY_LC1_3C33
0.000000,5.065707,0.000000,0.000000,0.000000,0.000000,0.000000,0.000000,Total.SURVEY_LC1_3C3x
  7.845839,221.192152,122.637758,103.174052,  5.533009, 75.039219,174.461667,538.799231,Total.SURVEY_LC1_3D10
0.000000,3.754786,0.000000,0.000000,0.000000,0.000000,0.000000,0.000000,Total.SURVEY_LC1_3D1x
 11.04629, 31.28002,263.74813,188.78388, 17.47192, 36.62540,172.63277,133.03993,Total.SURVEY_LC1_3D20
0.000000,4.095678,0.000000,3.442578,0.000000,0.000000,0.000000,0.000000,Total.SURVEY_LC1_3D2x
 16.26859,103.76814,150.22449,141.63405, 18.85373, 86.01690,259.05707,119.13379,Total.SURVEY_LC1_3E10
  67.34942, 404.80390, 687.44499, 605.09426,  90.29601, 724.86119,1802.09833,1957.98340,Total.SURVEY_LC1_3E20
 40.120367, 67.953813,105.042379,212.178735,  7.985115,217.908813,621.943984,258.077689,Total.SURVEY_LC1_3E30
0.000000,0.000000,0.000000,8.065226,0.000000,0.000000,0.000000,0.000000,Total.SURVEY_LC1_3Exx
 0.000000, 3.653409,40.405573,89.680944, 0.000000, 0.000000, 0.000000, 3.580796,Total.SURVEY_LC1_3F10
3.592064,0.000000,0.000000,0.000000,0.000000,0.000000,0.000000,0.000000,Total.SURVEY_LC1_3F20
0.000000,0.000000,4.004452,4.659386,0.000000,0.000000,0.000000,0.000000,Total.SURVEY_LC1_3F30
 40.725815,377.269802, 45.768079, 42.250248,  4.024007,349.050481,134.271163,203.578222,Total.SURVEY_LC1_3F40
0.000000,4.644078,0.000000,0.000000,0.000000,0.000000,0.000000,0.000000,Total.SURVEY_LC1_3F4x
12.174588,55.786914,61.004146,48.682628, 7.749059,21.907244,12.192727, 7.150286,Total.SURVEY_LC1_3G11
 16.232784,122.084167,  8.144981, 19.728462, 12.174588, 36.355260, 31.354628, 38.863941,Total.SURVEY_LC1_3G21
 7.643887,11.666532, 0.000000, 8.066188,16.549037,33.709008, 4.126062,16.447722,Total.SURVEY_LC1_3H11
 267.9127,3567.7918, 996.0189,1360.8342, 474.0312,4593.7092,3406.3567,4152.4567,Total.SURVEY_LU1_3U111
  0.000000, 42.388091,  0.000000, 16.417807,  4.024007, 55.232346, 71.672337,108.392566,Total.SURVEY_LU1_3U112
 20.12502, 95.28804, 60.54471,110.38932, 12.13152, 76.99709, 44.94349, 91.94938,Total.SURVEY_LU1_3U113
 489.4540,1516.5079,2224.7122,2880.2590, 205.6346,2817.8323,7166.9081,4599.4899,Total.SURVEY_LU1_3U120
 0.000000,36.658093, 0.000000, 6.085328, 4.058196, 4.130807, 8.306030, 7.150286,Total.SURVEY_LU1_3U130
 4.058196,17.159500,11.974606, 3.580796, 0.000000,18.669202, 5.812664,14.354790,Total.SURVEY_LU1_3U140
0.000000,3.680616,3.711919,0.000000,0.000000,0.000000,0.000000,0.000000,Total.SURVEY_LU1_3U150
 0.00000,31.89414,30.68869,10.06844, 0.00000,12.55185, 0.00000, 0.00000,Total.SURVEY_LU1_3U210
 0.00000,10.48179, 0.00000, 0.00000, 0.00000,13.77454, 0.00000, 0.00000,Total.SURVEY_LU1_3U221
 0.000000,15.585534, 0.000000, 3.983109, 0.000000, 0.000000, 0.000000, 0.000000,Total.SURVEY_LU1_3U222
 4.15479, 0.00000, 0.00000,13.45542, 0.00000, 0.00000, 0.00000, 0.00000,Total.SURVEY_LU1_3U223
0.000000,0.000000,0.000000,0.000000,4.163172,0.000000,0.000000,0.000000,Total.SURVEY_LU1_3U224
3.795839,0.000000,0.000000,5.205130,0.000000,0.000000,3.544307,0.000000,Total.SURVEY_LU1_3U225
 0.000000,15.808935, 0.000000, 5.311032, 0.000000, 0.000000, 0.000000, 4.164104,Total.SURVEY_LU1_3U226
0.000000,0.000000,0.000000,8.692132,0.000000,0.000000,4.004452,0.000000,Total.SURVEY_LU1_3U227
12.531982,12.214372, 6.896499, 3.607929, 0.000000,34.950559,16.614467, 4.164104,Total.SURVEY_LU1_3U311
 40.76729,114.95907, 67.80782,114.29033, 33.25499,129.78633, 47.87746, 73.50931,Total.SURVEY_LU1_3U312
12.174588,80.407704, 0.000000, 0.000000,12.174588, 3.346827, 0.000000, 0.000000,Total.SURVEY_LU1_3U313
3.985962,3.680616,6.326141,0.000000,0.000000,0.000000,0.000000,0.000000,Total.SURVEY_LU1_3U314
0.000000,0.000000,0.000000,0.000000,0.000000,0.000000,0.000000,6.967035,Total.SURVEY_LU1_3U315
 8.326344,17.663385, 7.786019,21.470570, 0.000000,15.714564, 4.019751, 4.164104,Total.SURVEY_LU1_3U317
 4.163172,25.433819, 0.000000, 0.000000, 3.985962,24.570977, 0.000000, 8.586522,Total.SURVEY_LU1_3U318
 4.163172, 0.000000, 4.586207, 0.000000, 4.024007, 8.132877,26.861246,16.789478,Total.SURVEY_LU1_3U319
 0.000000, 5.145332,38.212916,12.170657, 3.690863, 7.885403, 0.000000,22.078214,Total.SURVEY_LU1_3U321
 0.000000,15.863800, 0.000000, 4.164104, 0.000000, 4.056828, 0.000000, 0.000000,Total.SURVEY_LU1_3U322
 0.000000, 4.029620, 8.246165, 8.819382, 8.415236,12.925269, 0.000000, 0.000000,Total.SURVEY_LU1_3U330
 0.000000, 9.536221,16.058665, 0.000000, 0.000000, 4.335215, 0.000000,25.719396,Total.SURVEY_LU1_3U341
72.70495,16.48102,59.74544,33.53058,15.36816,19.34535,14.32526, 0.00000,Total.SURVEY_LU1_3U350
32.256927,21.415734, 7.176376,27.630462, 7.583296,28.016544,17.152894,26.395043,Total.SURVEY_LU1_3U361
16.191581,10.199465,32.131996,28.001685, 0.000000, 4.056828,24.419020, 3.983109,Total.SURVEY_LU1_3U362
 60.66765,400.75253,203.68520,218.25512, 19.95782,116.30895,102.93044, 95.32610,Total.SURVEY_LU1_3U370
0.000000,7.361232,0.000000,0.000000,0.000000,3.888844,0.000000,4.300508,Total.SURVEY_LU1_3U411
0.00000,3.71958,0.00000,0.00000,0.00000,0.00000,0.00000,0.00000,Total.SURVEY_LU1_3U412
0.000000,0.000000,0.000000,0.000000,0.000000,0.000000,0.000000,2.899875,Total.SURVEY_LU1_3U413
0.000000,8.191470,3.711919,0.000000,0.000000,0.000000,4.172064,3.788924,Total.SURVEY_LU1_3U414
 8.142864,56.340877,31.866826,33.475662,18.009844,76.970861,76.628847,59.064030,Total.SURVEY_LU1_3U415
  38.63945, 259.67342, 389.40478, 400.73337, 118.27601, 478.49669,1005.15641,1060.87489,Total.SURVEY_LU1_3U420
  868.6006, 5712.3543, 3729.1223, 4810.3599,  855.9233, 8153.0610,11798.9100,10104.3362,Total.settlement0
235.61591,713.95938,482.17176,520.07173, 92.86021,412.62528,252.79602,292.23217,Total.settlement1
 552.5569,4804.3124,2092.8242,2503.7512, 634.6510,5389.5024,4255.3755,4981.9393,Total.fao_class_name0
 535.3023,1394.5861,2062.4484,2730.4922, 295.0834,3055.0319,7630.1732,4944.5547,Total.fao_class_name1
  4.023896,213.424716, 45.187495, 67.762614, 11.439726, 47.491671,126.955165,415.177559,Total.fao_class_name2
12.33348,13.99049,10.83401,28.42560, 7.60940,73.66031,39.20219,54.89682,Total.fao_class_name3
  922.3954, 5967.9288, 3892.4963, 5023.0138,  905.8742, 8393.6234,11892.8784,10245.1448,Total.lue0
181.82112,458.38497,318.79767,307.41784, 42.90927,172.06289,158.82762,151.42364,Total.lue1
 1006.0952, 6055.9861, 4028.7690, 5115.6126,  879.0747, 8279.3210,11942.9716,10241.7907,Total.lud0
 98.12133,370.32761,182.52507,214.81903, 69.70882,286.36523,108.73435,154.77766,Total.lud1
 27.72269,425.82441,540.20436,774.95298, 27.75348,408.45784,566.69301,752.92998,SE.Total.area
 8.877550,46.545942,15.000982,28.043626, 7.708696,34.373389,16.182798,18.879944,SE.Total.SURVEY_LC1_1A
 2.530072,49.065833,25.019577,45.183623, 2.671497,49.676223,46.592443,57.938539,SE.Total.SURVEY_LC1_1B
 28.32542,409.60911,542.11435,772.64338, 26.23840,403.89161,606.07494,814.71797,SE.Total.SURVEY_LC1_1C
  5.368127,177.782293, 84.130022, 15.343760,  2.889520,  5.929428, 73.066773,336.264910,SE.Total.SURVEY_LC1_1D
 12.03755, 43.34450, 37.49775, 51.94911,  0.00000, 22.36808,336.60877,423.04831,SE.Total.SURVEY_LC1_1E
 6.191505,37.176024, 7.319247,13.090723, 0.000000,19.361003,16.653562,24.183505,SE.Total.SURVEY_LC1_1F
 0.000000,15.299061, 9.322997, 0.000000, 0.000000,15.070882, 6.348869, 1.187255,SE.Total.SURVEY_LC1_1G
0.000000,0.000000,0.000000,0.000000,6.397853,3.425019,0.000000,2.171044,SE.Total.SURVEY_LC1_1H
 28.18585,424.75650,539.91903,775.02272, 23.70910,407.04595,616.16504,792.34623,SE.Total.SURVEY_LU1_1U1
 0.000000,18.975297, 9.322997, 4.785321, 0.000000,14.360719, 0.000000, 0.000000,SE.Total.SURVEY_LU1_1U2
14.001716,41.355378,21.577929,31.468809, 7.708696,37.208353,22.373748,28.281085,SE.Total.SURVEY_LU1_1U3
  7.781833, 15.921407, 13.406913, 11.669972, 17.024138, 19.567409,300.023547,376.690688,SE.Total.SURVEY_LU1_1U4
 7.401775,31.012957,20.724000,18.743695, 0.000000,33.440043, 0.000000,15.809301,SE.Total.SURVEY_LC1_2A1
 7.872664,45.791949,19.814574,26.442065, 7.708696,18.310495,15.533277, 9.316384,SE.Total.SURVEY_LC1_2A2
 0.000000, 7.107879, 0.000000, 0.000000, 0.000000,10.472633, 4.538751, 4.466257,SE.Total.SURVEY_LC1_2A3
 0.00000,21.53058,13.50100,19.55074, 0.00000,43.97228,36.78498,46.19661,SE.Total.SURVEY_LC1_2B1
 0.000000, 2.431975, 0.000000, 0.000000, 0.000000,11.678369, 4.943474, 0.000000,SE.Total.SURVEY_LC1_2B2
 0.000000,14.761209, 6.627162,14.995453, 0.000000,30.271977,16.729549,41.975783,SE.Total.SURVEY_LC1_2B3
 0.000000, 2.677954, 0.000000, 0.000000, 0.000000, 7.771716, 6.964434,11.639759,SE.Total.SURVEY_LC1_2B4
 0.000000, 3.598997, 0.000000, 0.000000, 0.000000,15.472900,30.934875,26.553677,SE.Total.SURVEY_LC1_2B5
 0.000000, 0.000000, 4.134811, 0.000000, 0.000000, 9.370899, 9.955801,16.635886,SE.Total.SURVEY_LC1_2B7
 0.000000,11.896358, 0.000000, 0.000000, 2.671497, 9.804924, 0.000000, 0.000000,SE.Total.SURVEY_LC1_2B8
 2.530072,48.045492,20.656538,40.508645, 0.000000, 0.000000, 0.000000, 0.000000,SE.Total.SURVEY_LC1_2Bx
 29.34760,389.11510,314.87202,546.37129, 25.86243,440.57484,749.20771,847.18333,SE.Total.SURVEY_LC1_2C1
 21.265378,188.045572,471.555232,419.096527,  6.104884,280.970059,532.632237,486.538833,SE.Total.SURVEY_LC1_2C2
  8.202731, 15.294977,107.753557,519.067136,  5.283514, 13.282735,710.839839,  6.049251,SE.Total.SURVEY_LC1_2C3
  0.000000,177.782293,  6.133590,  9.932009,  2.889520,  2.735291, 14.039041,336.047189,SE.Total.SURVEY_LC1_2D1
 5.368127, 0.000000,83.906136,12.546180, 0.000000, 5.285107,71.705720,12.264704,SE.Total.SURVEY_LC1_2D2
 0.000000,31.869972,19.426193,25.052579, 0.000000, 4.432959,41.722231,18.581043,SE.Total.SURVEY_LC1_2E1
  0.00000, 34.38492, 33.34784, 46.23254,  0.00000, 18.14484, 64.11564,422.74536,SE.Total.SURVEY_LC1_2E2
 12.037547,  5.244665,  5.428027, 17.995679,  0.000000, 12.750349,332.458256, 26.628139,SE.Total.SURVEY_LC1_2E3
0.000000,0.000000,0.000000,5.600211,0.000000,0.000000,0.000000,0.000000,SE.Total.SURVEY_LC1_2Ex
0.000000,0.000000,0.000000,3.345767,0.000000,0.000000,0.000000,0.000000,SE.Total.SURVEY_LC1_2F1
0,0,0,0,0,0,0,0,SE.Total.SURVEY_LC1_2F2
0,0,0,0,0,0,0,0,SE.Total.SURVEY_LC1_2F3
 6.191505,37.176024, 7.319247,12.655942, 0.000000,19.361003,16.653562,24.183505,SE.Total.SURVEY_LC1_2F4
 0.000000,19.040939, 9.322997, 0.000000, 0.000000, 2.677954, 0.000000, 0.000000,SE.Total.SURVEY_LC1_2G1
 0.000000,21.710434, 0.000000, 0.000000, 0.000000,14.831050, 6.348869, 1.187255,SE.Total.SURVEY_LC1_2G2
0.000000,0.000000,0.000000,0.000000,6.397853,3.425019,0.000000,2.171044,SE.Total.SURVEY_LC1_2H1
  1.932375, 50.113510, 42.822535, 63.021829,  2.671497, 50.758157, 48.968444,423.477573,SE.Total.SURVEY_LU1_2U11
 28.11953,421.38236,538.42081,772.48055, 23.55811,403.89923,614.53335,808.15806,SE.Total.SURVEY_LU1_2U12
 0.000000,18.562245, 0.000000, 3.513366, 0.000000, 0.000000, 0.000000, 0.000000,SE.Total.SURVEY_LU1_2U13
0.000000,3.396375,0.000000,0.000000,0.000000,3.755288,3.631142,4.925744,SE.Total.SURVEY_LU1_2U14
0,0,0,0,0,0,0,0,SE.Total.SURVEY_LU1_2U15
 0.000000,15.345486, 9.322997, 3.513366, 0.000000,10.443773, 0.000000, 0.000000,SE.Total.SURVEY_LU1_2U21
 0.000000,11.263560, 0.000000, 3.248931, 0.000000,11.461111, 0.000000, 0.000000,SE.Total.SURVEY_LU1_2U22
 7.872664,47.788642,16.114252,25.910666, 5.887614,18.527103,14.896528,15.687058,SE.Total.SURVEY_LU1_2U31
 0.000000, 6.633596,10.765270, 4.600076, 0.000000, 0.000000, 0.000000,13.095563,SE.Total.SURVEY_LU1_2U32
0.000000,0.000000,0.000000,6.779513,0.000000,2.431975,0.000000,0.000000,SE.Total.SURVEY_LU1_2U33
 0.000000, 7.107879,13.977274, 0.000000, 0.000000, 1.445072, 0.000000,15.673104,SE.Total.SURVEY_LU1_2U34
11.767050, 2.406499, 4.274279, 9.008931, 5.887614, 4.640191, 7.879267, 0.000000,SE.Total.SURVEY_LU1_2U35
 5.405044, 3.771317,14.337720, 7.282427, 0.000000, 1.586151,11.452123, 3.151137,SE.Total.SURVEY_LU1_2U36
 8.141433,46.171632,23.875972,27.968992, 0.000000,31.909140, 9.500451,12.459797,SE.Total.SURVEY_LU1_2U37
 1.9323746, 5.2446645, 2.9471189, 0.9058407, 0.0000000, 7.6887489,10.8641125, 8.1987702,SE.Total.SURVEY_LU1_2U41
  7.538093, 15.100099, 13.114821, 11.638927, 17.024138, 17.996923,299.828655,376.611718,SE.Total.SURVEY_LU1_2U42
 7.401775,31.012957,20.894579,18.730744, 0.000000,33.440043, 0.000000,15.809301,SE.Total.SURVEY_LC1_3A11
 0.000000, 0.000000,15.325015, 2.118073, 0.000000, 0.000000, 0.000000, 0.000000,SE.Total.SURVEY_LC1_3A12
 0.000000,30.190381,14.517455,15.815575, 5.887614, 4.145489, 6.428292, 0.000000,SE.Total.SURVEY_LC1_3A21
 7.872664,41.428815,15.629357,25.311021, 5.887614,17.869562,14.140713, 9.316384,SE.Total.SURVEY_LC1_3A22
 0.000000, 7.107879, 0.000000, 0.000000, 0.000000,10.472633, 4.538751, 4.466257,SE.Total.SURVEY_LC1_3A30
 0.000000, 9.741390, 6.233096, 7.303801, 0.000000,31.598787,21.679546,35.596752,SE.Total.SURVEY_LC1_3B11
 0.000000, 0.000000, 0.000000, 4.466257, 0.000000,11.754169, 9.177042, 6.641356,SE.Total.SURVEY_LC1_3B12
 0.000000, 6.450698, 1.994971, 6.794602, 0.000000,19.853667,10.901358,20.501557,SE.Total.SURVEY_LC1_3B13
 0.000000, 0.000000, 0.000000, 4.466257, 0.000000, 5.709948,24.544500, 0.000000,SE.Total.SURVEY_LC1_3B14
 0.000000, 0.000000, 0.000000, 0.000000, 0.000000, 5.838632, 4.042785,12.314690,SE.Total.SURVEY_LC1_3B15
 0.00000,18.21575,11.60266,14.26619, 0.00000,28.74179,16.51230,25.69410,SE.Total.SURVEY_LC1_3B16
0.000000,0.000000,2.990665,4.776748,0.000000,5.765515,5.682173,6.127949,SE.Total.SURVEY_LC1_3B18
0.000000,2.677954,0.000000,5.029504,0.000000,5.231229,2.862738,5.600669,SE.Total.SURVEY_LC1_3B19
0.000000,0.000000,0.000000,0.000000,0.000000,4.634789,2.348315,0.000000,SE.Total.SURVEY_LC1_3B21
0.000000,2.431975,0.000000,0.000000,0.000000,9.717098,0.000000,0.000000,SE.Total.SURVEY_LC1_3B22
0.000000,0.000000,0.000000,0.000000,0.000000,4.634789,4.350098,0.000000,SE.Total.SURVEY_LC1_3B23
 0.000000,10.916754, 3.149240, 0.000000, 0.000000,18.798534, 6.134053,11.560988,SE.Total.SURVEY_LC1_3B31
 0.000000, 8.963617, 0.000000,13.663366, 0.000000,22.756071,12.764932,24.582110,SE.Total.SURVEY_LC1_3B32
 0.000000, 4.634789, 5.849016, 6.308858, 0.000000, 9.032857, 8.878297,33.840661,SE.Total.SURVEY_LC1_3B33
0.000000,0.000000,0.000000,0.000000,0.000000,5.283458,0.000000,4.466257,SE.Total.SURVEY_LC1_3B35
0.000000,0.000000,0.000000,0.000000,0.000000,0.000000,4.249930,5.234671,SE.Total.SURVEY_LC1_3B37
0.000000,0.000000,0.000000,0.000000,0.000000,7.771716,6.228299,6.957911,SE.Total.SURVEY_LC1_3B41
0.000000,2.677954,0.000000,0.000000,0.000000,0.000000,3.149240,9.331208,SE.Total.SURVEY_LC1_3B43
 0.000000, 2.406499, 0.000000, 0.000000, 0.000000, 3.517108, 6.821000,12.326663,SE.Total.SURVEY_LC1_3B51
 0.00000, 0.00000, 0.00000, 0.00000, 0.00000,12.38497,12.95324,12.70678,SE.Total.SURVEY_LC1_3B52
 0.000000, 2.677954, 0.000000, 0.000000, 0.000000, 5.978882,12.835747,17.215324,SE.Total.SURVEY_LC1_3B53
0.000000,0.000000,0.000000,0.000000,0.000000,4.209068,0.000000,6.687054,SE.Total.SURVEY_LC1_3B54
 0.000000, 0.000000, 0.000000, 0.000000, 0.000000, 4.921323,24.538498, 9.212926,SE.Total.SURVEY_LC1_3B55
 0.000000, 0.000000, 0.000000, 0.000000, 0.000000, 7.210087, 9.779552,15.617508,SE.Total.SURVEY_LC1_3B71
0.000000,0.000000,0.000000,0.000000,0.000000,3.367838,0.000000,2.803254,SE.Total.SURVEY_LC1_3B72
0,0,0,0,0,0,0,0,SE.Total.SURVEY_LC1_3B73
0.000000,0.000000,2.862738,0.000000,0.000000,2.431975,0.000000,4.925744,SE.Total.SURVEY_LC1_3B74
0.000000,0.000000,2.991641,0.000000,0.000000,5.216171,1.909566,0.851450,SE.Total.SURVEY_LC1_3B75
 0.000000,11.736698, 0.000000, 0.000000, 2.671497, 9.498527, 0.000000, 0.000000,SE.Total.SURVEY_LC1_3B82
0.000000,1.942485,0.000000,0.000000,0.000000,2.431975,0.000000,0.000000,SE.Total.SURVEY_LC1_3B83
0,0,0,0,0,0,0,0,SE.Total.SURVEY_LC1_3B84
 0.00000,45.32308,20.49151,40.29897, 0.00000, 0.00000, 0.00000, 0.00000,SE.Total.SURVEY_LC1_3Bx1
 2.530072,16.180332, 0.000000, 3.139465, 0.000000, 0.000000, 0.000000, 0.000000,SE.Total.SURVEY_LC1_3Bx2
0.000000,3.187507,2.833065,4.466257,0.000000,0.000000,0.000000,0.000000,SE.Total.SURVEY_LC1_3Bxx
 29.34760,389.11510,314.87202,546.37129, 25.86243,440.57484,749.20771,847.18333,SE.Total.SURVEY_LC1_3C10
0,0,0,0,0,0,0,0,SE.Total.SURVEY_LC1_3C1x
  5.862597,188.045572,471.551028,419.083273,  0.000000,187.193260,532.582379,354.622765,SE.Total.SURVEY_LC1_3C21
 20.756876,  0.000000,  2.005861,  0.000000,  6.104884,226.193316,  1.769143,354.622750,SE.Total.SURVEY_LC1_3C22
0.000000,0.000000,0.000000,4.381341,0.000000,0.000000,8.322745,0.000000,SE.Total.SURVEY_LC1_3C23
  0.000000, 15.137370,106.855630,332.229738,  0.000000,  2.216728,649.383191,  4.812500,SE.Total.SURVEY_LC1_3C31
  8.202731,  0.000000,  9.263454,  1.172064,  0.000000,  3.545314,281.974583,  3.029393,SE.Total.SURVEY_LC1_3C32
  0.000000,  0.000000, 10.799453,418.827883,  5.283514, 12.680630,298.481065,  2.189288,SE.Total.SURVEY_LC1_3C33
0.000000,2.216728,0.000000,0.000000,0.000000,0.000000,0.000000,0.000000,SE.Total.SURVEY_LC1_3C3x
  0.000000,177.782293,  6.133590,  9.932009,  2.889520,  2.735291, 14.039041,336.047189,SE.Total.SURVEY_LC1_3D10
0,0,0,0,0,0,0,0,SE.Total.SURVEY_LC1_3D1x
 5.368127, 0.000000,83.906136,12.546180, 0.000000, 5.285107,71.705720,12.264704,SE.Total.SURVEY_LC1_3D20
0,0,0,0,0,0,0,0,SE.Total.SURVEY_LC1_3D2x
 0.000000,31.869972,19.426193,25.052579, 0.000000, 4.432959,41.722231,18.581043,SE.Total.SURVEY_LC1_3E10
  0.00000, 34.38492, 33.34784, 46.23254,  0.00000, 18.14484, 64.11564,422.74536,SE.Total.SURVEY_LC1_3E20
 12.037547,  5.244665,  5.428027, 17.995679,  0.000000, 12.750349,332.458256, 26.628139,SE.Total.SURVEY_LC1_3E30
0.000000,0.000000,0.000000,5.600211,0.000000,0.000000,0.000000,0.000000,SE.Total.SURVEY_LC1_3Exx
0.000000,0.000000,0.000000,3.345767,0.000000,0.000000,0.000000,0.000000,SE.Total.SURVEY_LC1_3F10
0,0,0,0,0,0,0,0,SE.Total.SURVEY_LC1_3F20
0,0,0,0,0,0,0,0,SE.Total.SURVEY_LC1_3F30
 6.191505,37.120437, 7.319247,12.655942, 0.000000,19.361003,16.653562,24.183505,SE.Total.SURVEY_LC1_3F40
0.000000,2.032225,0.000000,0.000000,0.000000,0.000000,0.000000,0.000000,SE.Total.SURVEY_LC1_3F4x
 0.000000,19.040939, 9.322997, 0.000000, 0.000000, 2.677954, 0.000000, 0.000000,SE.Total.SURVEY_LC1_3G11
 0.000000,21.710434, 0.000000, 0.000000, 0.000000,14.831050, 6.348869, 1.187255,SE.Total.SURVEY_LC1_3G21
0.000000,0.000000,0.000000,0.000000,6.397853,3.425019,0.000000,2.171044,SE.Total.SURVEY_LC1_3H11
  1.932375, 49.547134, 42.155051, 62.220403,  2.671497, 50.311919, 48.349472,423.669603,SE.Total.SURVEY_LU1_3U111
 0.000000, 6.334472, 0.000000,10.686958, 0.000000, 6.746307,14.198538,18.347688,SE.Total.SURVEY_LU1_3U112
 0.000000, 9.292581, 8.086424, 8.355695, 0.000000, 7.748240, 9.367115,19.074175,SE.Total.SURVEY_LU1_3U113
 28.11953,421.38236,538.42081,772.48055, 23.55811,403.89923,614.53335,808.15806,SE.Total.SURVEY_LU1_3U120
 0.000000,18.562245, 0.000000, 3.513366, 0.000000, 0.000000, 0.000000, 0.000000,SE.Total.SURVEY_LU1_3U130
0.000000,3.396375,0.000000,0.000000,0.000000,3.755288,3.631142,4.925744,SE.Total.SURVEY_LU1_3U140
0,0,0,0,0,0,0,0,SE.Total.SURVEY_LU1_3U150
 0.000000,15.345486, 9.322997, 3.513366, 0.000000,10.443773, 0.000000, 0.000000,SE.Total.SURVEY_LU1_3U210
 0.000000, 3.940037, 0.000000, 0.000000, 0.000000,11.461111, 0.000000, 0.000000,SE.Total.SURVEY_LU1_3U221
0.000000,7.974416,0.000000,0.000000,0.000000,0.000000,0.000000,0.000000,SE.Total.SURVEY_LU1_3U222
0.000000,0.000000,0.000000,2.773208,0.000000,0.000000,0.000000,0.000000,SE.Total.SURVEY_LU1_3U223
0,0,0,0,0,0,0,0,SE.Total.SURVEY_LU1_3U224
0.000000,0.000000,0.000000,2.327805,0.000000,0.000000,0.000000,0.000000,SE.Total.SURVEY_LU1_3U225
0.000000,7.955069,0.000000,2.375166,0.000000,0.000000,0.000000,0.000000,SE.Total.SURVEY_LU1_3U226
0.000000,0.000000,0.000000,2.118073,0.000000,0.000000,0.000000,0.000000,SE.Total.SURVEY_LU1_3U227
 0.000000, 0.000000, 0.000000, 0.000000, 0.000000,15.006117, 5.461695, 0.000000,SE.Total.SURVEY_LU1_3U311
 7.872664,41.663781,15.629357,24.819993, 5.887614,17.538817,13.750938,14.302754,SE.Total.SURVEY_LU1_3U312
 0.00000,22.42244, 0.00000, 0.00000, 0.00000, 0.00000, 0.00000, 0.00000,SE.Total.SURVEY_LU1_3U313
0.000000,0.000000,3.923306,0.000000,0.000000,0.000000,0.000000,0.000000,SE.Total.SURVEY_LU1_3U314
0.000000,0.000000,0.000000,0.000000,0.000000,0.000000,0.000000,4.837666,SE.Total.SURVEY_LU1_3U315
 0.000000, 7.107879, 0.000000,15.673104, 0.000000, 4.766728, 1.160402, 0.000000,SE.Total.SURVEY_LU1_3U317
0.0000000,2.7877867,0.0000000,0.0000000,0.0000000,0.8107652,0.0000000,0.0000000,SE.Total.SURVEY_LU1_3U318
0.0000000,0.0000000,0.0000000,0.0000000,0.0000000,0.7769374,4.5387510,4.4662571,SE.Total.SURVEY_LU1_3U319
 0.000000, 2.542645,10.765270, 4.600076, 0.000000, 0.000000, 0.000000,13.095563,SE.Total.SURVEY_LU1_3U321
0.000000,6.126953,0.000000,0.000000,0.000000,0.000000,0.000000,0.000000,SE.Total.SURVEY_LU1_3U322
0.000000,0.000000,0.000000,6.779513,0.000000,2.431975,0.000000,0.000000,SE.Total.SURVEY_LU1_3U330
 0.000000, 7.107879,13.977274, 0.000000, 0.000000, 1.445072, 0.000000,15.673104,SE.Total.SURVEY_LU1_3U341
11.767050, 2.406499, 4.274279, 9.008931, 5.887614, 4.640191, 7.879267, 0.000000,SE.Total.SURVEY_LU1_3U350
5.405044,0.000000,4.986206,4.600076,0.000000,1.586151,2.122618,3.151137,SE.Total.SURVEY_LU1_3U361
 0.000000, 3.771317,13.442767, 6.780868, 0.000000, 0.000000,11.256529, 0.000000,SE.Total.SURVEY_LU1_3U362
 8.141433,46.171632,23.875972,27.968992, 0.000000,31.909140, 9.500451,12.459797,SE.Total.SURVEY_LU1_3U370
0.000000,0.000000,0.000000,0.000000,0.000000,0.000000,0.000000,1.923245,SE.Total.SURVEY_LU1_3U411
0,0,0,0,0,0,0,0,SE.Total.SURVEY_LU1_3U412
0,0,0,0,0,0,0,0,SE.Total.SURVEY_LU1_3U413
0,0,0,0,0,0,0,0,SE.Total.SURVEY_LU1_3U414
 1.9323746, 5.2446645, 2.9471189, 0.9058407, 0.0000000, 7.6887489,10.8641125, 7.9700038,SE.Total.SURVEY_LU1_3U415
  7.538093, 15.100099, 13.114821, 11.638927, 17.024138, 17.996923,299.828655,376.611718,SE.Total.SURVEY_LU1_3U420
 28.68431,424.83187,540.00503,775.05998, 26.66142,407.31275,566.64287,752.90335,SE.Total.settlement0
14.516505,37.302526,20.817668,31.883069, 7.708696,35.261621,22.277175,28.532499,SE.Total.settlement1
 13.11924, 61.33614, 96.92501, 64.71948, 10.76303, 61.31286, 86.93674,423.47245,SE.Total.fao_class_name0
 27.37225,409.61694,541.92878,772.61477, 26.23840,403.89753,560.65268,814.71229,SE.Total.fao_class_name1
  0.000000,177.782293,  0.000000, 10.087348,  0.000000,  1.901163, 15.353558,335.761857,SE.Total.fao_class_name2
0.000000,2.420347,4.134811,0.000000,0.000000,8.072257,4.103483,5.416903,SE.Total.fao_class_name3
 29.21897,426.76088,540.23323,775.18238, 27.30376,407.25315,566.76000,752.72382,SE.Total.lue0
14.430235,46.663730,21.625390,29.471353, 5.887614,32.266185,16.698545,20.268069,SE.Total.lue1
 27.97386,427.22883,540.31538,775.22058, 27.30376,408.52331,566.57517,753.11353,SE.Total.lud0
 7.872664,48.372418,18.616858,27.342996, 5.887614,14.900436,15.332702,20.331282,SE.Total.lud1
 1049.8810, 5591.7132, 3152.5129, 3811.5517,  894.3877, 7765.1236,10941.0081, 8920.8528,CI.l(95%).Total.area
 68.53089,230.15282,176.33930,208.18708, 34.48254,190.87184,103.52068,135.51589,CI.l(95%).Total.SURVEY_LC1_1A
 235.2649,3095.9855, 378.5235, 816.5973, 402.2724,3524.0445,1305.9571,1876.3503,CI.l(95%).Total.SURVEY_LC1_1B
 499.5458, 698.0073,1027.0428,1172.3306, 259.6210,2312.9492,6119.1675,3360.6679,CI.l(95%).Total.SURVEY_LC1_1C
  8.370792,-88.124260,221.494073,265.327292, 17.341573,100.043151,203.886188, 12.772043,CI.l(95%).Total.SURVEY_LC1_1D
 100.1452, 491.5722, 869.2176, 865.1539, 117.1349, 984.9463,2023.3583,1506.0354,CI.l(95%).Total.SURVEY_LC1_1E
 32.182754,312.703621, 75.832643,110.933233,  4.024007,311.103612,101.630781,159.760220,CI.l(95%).Total.SURVEY_LC1_1F
 28.40737,147.88547, 50.87639, 68.41109, 19.92365, 28.72412, 31.10380, 43.68725,CI.l(95%).Total.SURVEY_LC1_1G
 7.643887,11.666532, 0.000000, 8.066188, 4.009476,26.996095, 4.126062,12.192554,CI.l(95%).Total.SURVEY_LC1_1H
 726.3067,4446.9666,2238.7405,2858.5499, 653.4106,6768.7756,9496.3381,7420.8236,CI.l(95%).Total.SURVEY_LU1_1U1
 7.950629,36.579493,12.415954,37.336204, 4.163172,-1.820098, 7.548759, 4.164104,CI.l(95%).Total.SURVEY_LU1_1U2
240.49076,656.72764,416.36748,410.26308, 93.34615,340.50549,210.34880,232.25250,CI.l(95%).Total.SURVEY_LU1_1U3
 31.53021,304.08120,398.70646,411.33631,102.91916,521.00498,497.92197,392.62804,CI.l(95%).Total.SURVEY_LU1_1U4
 9.612153,62.653602,64.600400,53.831208, 4.163172, 7.551924,22.647173,30.970971,CI.l(95%).Total.SURVEY_LC1_2A1
 42.21789, 86.82200, 57.79313,120.75791, 22.30940,124.51977, 55.28530, 78.60764,CI.l(95%).Total.SURVEY_LC1_2A2
 4.163172, 7.439549, 3.893010, 0.000000, 8.009969, 4.215575,17.965457, 4.942153,CI.l(95%).Total.SURVEY_LC1_2A3
  39.87273, 353.05104,  95.74883,  83.16708, 264.12809,2185.28558, 715.20368, 899.19950,CI.l(95%).Total.SURVEY_LC1_2B1
 0.0000000, 0.1547942, 0.0000000, 0.0000000, 4.0240067,91.1110577, 6.2523885, 0.0000000,CI.l(95%).Total.SURVEY_LC1_2B2
  8.048013,158.543491, 14.560067, 41.871929, 75.683418,755.736314,163.305759,528.671761,CI.l(95%).Total.SURVEY_LC1_2B3
 7.8459500, 0.1704507, 0.0000000, 0.0000000, 0.0000000,43.8799510,18.8282404, 7.1635188,CI.l(95%).Total.SURVEY_LC1_2B4
  4.024007,  7.330856,  0.000000,  0.000000, 27.761419,208.235847,236.018889,212.444475,CI.l(95%).Total.SURVEY_LC1_2B5
 0.000000, 7.542725, 2.729934,15.923216, 7.976733,69.719649,43.123212,58.503473,CI.l(95%).Total.SURVEY_LC1_2B7
 0.000000, 6.673673, 0.000000, 2.899875,22.698707,15.891897, 6.174591, 3.646786,CI.l(95%).Total.SURVEY_LC1_2B8
 175.4742,2453.0021, 226.4815, 614.1887,   0.0000,   0.0000,   0.0000,   0.0000,CI.l(95%).Total.SURVEY_LC1_2Bx
 290.43580, 434.78745,  82.38461, 159.46012, 212.12189,1594.84541,2068.91273,2445.51365,CI.l(95%).Total.SURVEY_LC1_2C1
 133.6118339,-136.1102135, 164.4886558,-233.8421642,   8.4258808,   0.6798285, 228.8064574,-184.3853593,CI.l(95%).Total.SURVEY_LC1_2C2
  15.73826,  40.95745,  90.13200,-148.56915,  17.48925,  68.80129,1103.75276,  70.45375,CI.l(95%).Total.SURVEY_LC1_2C3
   7.8458394,-123.4999539, 110.6161425,  83.7076717,  -0.1303456,  69.6781482, 146.9456523,-119.8411576,CI.l(95%).Total.SURVEY_LC1_2D1
  0.5249528, 35.3756934, 99.2951231,167.6363958, 17.4719183, 26.2667777, 32.0921358,109.0015472,CI.l(95%).Total.SURVEY_LC1_2D2
 16.26859, 41.30415,112.14985, 92.53190, 18.85373, 77.32846,177.28300, 82.71561,CI.l(95%).Total.SURVEY_LC1_2E1
  67.34942, 337.41069, 622.08442, 514.48015,  90.29601, 689.29795,1676.43398,1129.41771,CI.l(95%).Total.SURVEY_LC1_2E2
 16.527209, 57.674459, 94.403641,176.907852,  7.985115,192.918588,-29.662223,205.887496,CI.l(95%).Total.SURVEY_LC1_2E3
 0.000000, 0.000000, 0.000000,-2.910986, 0.000000, 0.000000, 0.000000, 0.000000,CI.l(95%).Total.SURVEY_LC1_2Ex
 0.000000, 3.653409,40.405573,83.123361, 0.000000, 0.000000, 0.000000, 3.580796,CI.l(95%).Total.SURVEY_LC1_2F1
3.592064,0.000000,0.000000,0.000000,0.000000,0.000000,0.000000,0.000000,CI.l(95%).Total.SURVEY_LC1_2F2
0.000000,0.000000,4.004452,4.659386,0.000000,0.000000,0.000000,0.000000,CI.l(95%).Total.SURVEY_LC1_2F3
 28.590689,309.050212, 31.422618, 17.445058,  4.024007,311.103612,101.630781,156.179424,CI.l(95%).Total.SURVEY_LC1_2F4
12.174588,18.467360,42.731408,48.682628, 7.749059,16.658550,12.192727, 7.150286,CI.l(95%).Total.SURVEY_LC1_2G1
16.232784,79.532498, 8.144981,19.728462,12.174588, 7.286936,18.911072,36.536963,CI.l(95%).Total.SURVEY_LC1_2G2
 7.643887,11.666532, 0.000000, 8.066188, 4.009476,26.996095, 4.126062,12.192554,CI.l(95%).Total.SURVEY_LC1_2H1
 284.2504,3607.2472, 972.6330,1364.1209, 484.9507,4626.4545,3426.9962,3522.7979,CI.l(95%).Total.SURVEY_LU1_2U11
 434.3407, 690.6137,1169.4268,1366.2249, 159.4616,2026.2043,5962.4449,3015.5292,CI.l(95%).Total.SURVEY_LU1_2U12
 0.0000000, 0.2767608, 0.0000000,-0.8007424, 4.0581959, 4.1308071, 8.3060300, 7.1502865,CI.l(95%).Total.SURVEY_LU1_2U13
 4.058196,10.502728,11.974606, 3.580796, 0.000000,11.308973,-1.304244, 4.700509,CI.l(95%).Total.SURVEY_LU1_2U14
0.000000,3.680616,3.711919,0.000000,0.000000,0.000000,0.000000,0.000000,CI.l(95%).Total.SURVEY_LU1_2U15
 0.000000, 1.817537,12.415954, 3.182367, 0.000000,-7.917566, 0.000000, 0.000000,CI.l(95%).Total.SURVEY_LU1_2U21
 7.950629,19.800084, 0.000000,30.279035, 4.163172,-8.688824, 7.548759, 4.164104,CI.l(95%).Total.SURVEY_LU1_2U22
 70.68237,160.69495, 61.81933, 88.58485, 41.90004,180.18968, 66.17627, 83.43448,CI.l(95%).Total.SURVEY_LU1_2U31
 0.000000, 8.007523,17.113376, 7.318778, 3.690863,11.942230, 0.000000,-3.588617,CI.l(95%).Total.SURVEY_LU1_2U32
 0.000000, 4.029620, 8.246165,-4.468219, 8.415236, 8.158685, 0.000000, 0.000000,CI.l(95%).Total.SURVEY_LU1_2U33
  0.000000, -4.394967,-11.336288,  0.000000,  0.000000,  1.502927,  0.000000, -4.999323,CI.l(95%).Total.SURVEY_LU1_2U34
49.641961,11.764369,51.368006,15.873398, 3.828644,10.250742,-1.117817, 0.000000,CI.l(95%).Total.SURVEY_LU1_2U35
37.854816,24.223553,11.206956,41.358853, 7.583296,28.964573,19.126165,24.202036,CI.l(95%).Total.SURVEY_LU1_2U36
 44.71074,310.25780,156.88916,163.43690, 19.95782, 53.76819, 84.30990, 70.90534,CI.l(95%).Total.SURVEY_LU1_2U37
 4.35548,65.33380,29.80250,31.70025,18.00984,65.79003,59.50764,53.98404,CI.l(95%).Total.SURVEY_LU1_2U41
 23.86506,230.07777,363.70020,377.92149, 84.90932,443.22337,417.50304,322.72948,CI.l(95%).Total.SURVEY_LU1_2U42
 9.612153,62.653602,42.765960,49.120436, 4.163172, 7.551924,22.647173,30.970971,CI.l(95%).Total.SURVEY_LC1_3A11
 0.0000000, 0.0000000,-8.5363663, 0.5848084, 0.0000000, 0.0000000, 0.0000000, 0.0000000,CI.l(95%).Total.SURVEY_LC1_3A12
12.489516,13.609349,10.196352, 7.492952, 1.178061,14.998699, 7.695430,25.360419,CI.l(95%).Total.SURVEY_LC1_3A21
 29.72838, 22.59217, 27.34596, 84.48380, 13.16108,102.26028, 37.72002, 53.24722,CI.l(95%).Total.SURVEY_LC1_3A22
 4.163172, 7.439549, 3.893010, 0.000000, 8.009969, 4.215575,17.965457, 4.942153,CI.l(95%).Total.SURVEY_LC1_3A30
 16.0960269, 70.7548930, 14.6748594,  0.7827839,128.2866387,899.9503091,330.1074346,435.5354395,CI.l(95%).Total.SURVEY_LC1_3B11
 4.0240067, 0.0000000, 0.0000000,-2.1061817, 4.0240067,98.7343069,36.9833015, 0.9621196,CI.l(95%).Total.SURVEY_LC1_3B12
  3.6566738, 19.3739617,  0.5304965,  0.9671302, 27.8007142,297.8247777, 64.4543472,110.0631635,CI.l(95%).Total.SURVEY_LC1_3B13
 0.000000, 0.000000, 0.000000,-2.106182, 0.000000,18.522646,-9.892635, 3.983109,CI.l(95%).Total.SURVEY_LC1_3B14
 0.000000, 0.000000, 0.000000, 0.000000, 0.000000,14.993036, 6.216064,28.261979,CI.l(95%).Total.SURVEY_LC1_3B15
 16.09603,232.26408, 62.60296, 36.25178, 99.99273,687.21942,158.60318,186.92592,CI.l(95%).Total.SURVEY_LC1_3B16
 0.0000000, 0.0000000,-0.3271218,-2.2526018, 0.0000000,14.7999870,14.1570083, 1.5650558,CI.l(95%).Total.SURVEY_LC1_3B18
 0.0000000, 0.1704507, 0.0000000,-2.3717955, 4.0240067,15.0215816,-0.3131291, 1.9953975,CI.l(95%).Total.SURVEY_LC1_3B19
 0.0000000, 0.0000000, 0.0000000, 0.0000000, 0.0000000,10.6860460, 0.6244564, 0.0000000,CI.l(95%).Total.SURVEY_LC1_3B21
 0.0000000, 0.1547942, 0.0000000, 0.0000000, 4.0240067,58.9275828, 0.0000000, 0.0000000,CI.l(95%).Total.SURVEY_LC1_3B22
0.000000,0.000000,0.000000,0.000000,0.000000,7.173414,2.188315,0.000000,CI.l(95%).Total.SURVEY_LC1_3B23
  0.0000000, 78.5908048, -0.3444669,  0.0000000, 31.7866765,247.0042149, 10.7590046, 23.9363446,CI.l(95%).Total.SURVEY_LC1_3B31
  8.048013, 53.661883,  0.000000, 31.187728, 31.824721,394.070935, 83.989805,167.427435,CI.l(95%).Total.SURVEY_LC1_3B32
  0.0000000,  7.1734135, 10.2572740,  0.9299078,  4.0240067, 49.3449892, 35.7781234,267.9746179,CI.l(95%).Total.SURVEY_LC1_3B33
 0.000000, 0.000000, 0.000000, 0.000000, 8.048013,15.143167, 0.000000,-2.106182,CI.l(95%).Total.SURVEY_LC1_3B35
 0.000000, 0.000000, 0.000000, 0.000000, 0.000000, 0.000000, 2.795956,-2.468547,CI.l(95%).Total.SURVEY_LC1_3B37
 7.845950, 0.000000, 0.000000, 0.000000, 0.000000,39.823123,14.443107, 1.025576,CI.l(95%).Total.SURVEY_LC1_3B41
 0.0000000, 0.1704507, 0.0000000, 0.0000000, 0.0000000, 4.0568276,-0.3444669,-2.9746381,CI.l(95%).Total.SURVEY_LC1_3B43
 0.0000000, 0.1531727, 0.0000000, 0.0000000, 4.0240067, 6.6859369,18.8946813,24.3692827,CI.l(95%).Total.SURVEY_LC1_3B51
  4.024007,  0.000000,  0.000000,  0.000000, 11.337354,131.537946, 70.970453, 29.224817,CI.l(95%).Total.SURVEY_LC1_3B52
 0.000000, 4.266242, 0.000000, 0.000000, 4.188026,18.889960,63.522514,75.958061,CI.l(95%).Total.SURVEY_LC1_3B53
0.0000000,0.0000000,0.0000000,0.0000000,0.0000000,6.5145124,0.0000000,0.9561569,CI.l(95%).Total.SURVEY_LC1_3B54
 0.000000, 0.000000, 0.000000, 0.000000, 8.212032,14.152694,31.253514,20.010962,CI.l(95%).Total.SURVEY_LC1_3B55
 0.000000, 7.542725, 0.000000, 3.983109, 4.154790,34.785530,30.699274,16.823431,CI.l(95%).Total.SURVEY_LC1_3B71
 0.0000000, 0.0000000, 0.0000000, 0.0000000, 0.0000000,-0.7675746, 0.0000000,-0.1966247,CI.l(95%).Total.SURVEY_LC1_3B72
 0.000000, 0.000000, 0.000000, 0.000000, 0.000000, 0.000000, 8.250522,11.406624,CI.l(95%).Total.SURVEY_LC1_3B73
 0.0000000, 0.0000000,-0.3131291, 0.0000000, 0.0000000, 0.1547942, 0.0000000, 1.4927212,CI.l(95%).Total.SURVEY_LC1_3B74
 0.0000000, 0.0000000,-0.3272285,11.9401070, 3.8219433,18.1910812, 0.7761773,14.1559372,CI.l(95%).Total.SURVEY_LC1_3B75
 0.000000,-1.682138, 0.000000, 2.899875,19.244096,11.571044, 3.171101, 3.646786,CI.l(95%).Total.SURVEY_LC1_3B82
0.0000000,4.8615376,0.0000000,0.0000000,3.4546104,0.1547942,0.0000000,0.0000000,CI.l(95%).Total.SURVEY_LC1_3B83
0.00000,0.00000,0.00000,0.00000,0.00000,0.00000,3.00349,0.00000,CI.l(95%).Total.SURVEY_LC1_3B84
 135.8415,2334.1685, 178.2987, 540.5661,   0.0000,   0.0000,   0.0000,   0.0000,CI.l(95%).Total.SURVEY_LC1_3Bx1
39.63271,86.93559,43.26342,61.23280, 0.00000, 0.00000, 0.00000, 0.00000,CI.l(95%).Total.SURVEY_LC1_3Bx2
 0.0000000,-0.7264748,-0.3098834,-2.1061817, 0.0000000, 0.0000000, 0.0000000, 0.0000000,CI.l(95%).Total.SURVEY_LC1_3Bxx
 286.04457, 434.78745,  82.38461, 159.46012, 212.12189,1594.84541,2068.91273,2445.51365,CI.l(95%).Total.SURVEY_LC1_3C10
4.391229,0.000000,0.000000,0.000000,0.000000,0.000000,0.000000,0.000000,CI.l(95%).Total.SURVEY_LC1_3C1x
  -0.2346738,-140.3485339, 151.9713057,-245.0707502,   0.0000000,-163.8966952, 202.3942917,-322.0851425,CI.l(95%).Total.SURVEY_LC1_3C21
 115.026331,   0.000000,   8.594175,   0.000000,   8.425881, -94.955080,  12.544846,-307.315550,CI.l(95%).Total.SURVEY_LC1_3C22
 8.326344, 4.238320, 0.000000, 2.667292, 0.000000, 0.000000,-5.814699, 8.518258,CI.l(95%).Total.SURVEY_LC1_3C23
   0.000000,   8.420120,  49.881430,-256.152336,   0.000000,   9.154511, 596.840735,  10.626710,CI.l(95%).Total.SURVEY_LC1_3C31
  11.575092,  11.370941,   6.876317,   5.415744,   8.415125,  33.281465,-247.988312,  33.019796,CI.l(95%).Total.SURVEY_LC1_3C32
   4.163172,  16.409581,  -4.188419,-354.822756,   9.074122,  16.252028,-262.319013,  19.002811,CI.l(95%).Total.SURVEY_LC1_3C33
0.0000000,0.7210002,0.0000000,0.0000000,0.0000000,0.0000000,0.0000000,0.0000000,CI.l(95%).Total.SURVEY_LC1_3C3x
   7.8458394,-127.2547402, 110.6161425,  83.7076717,  -0.1303456,  69.6781482, 146.9456523,-119.8411576,CI.l(95%).Total.SURVEY_LC1_3D10
0.000000,3.754786,0.000000,0.000000,0.000000,0.000000,0.000000,0.000000,CI.l(95%).Total.SURVEY_LC1_3D1x
  0.5249528, 31.2800151, 99.2951231,164.1938179, 17.4719183, 26.2667777, 32.0921358,109.0015472,CI.l(95%).Total.SURVEY_LC1_3D20
0.000000,4.095678,0.000000,3.442578,0.000000,0.000000,0.000000,0.000000,CI.l(95%).Total.SURVEY_LC1_3D2x
 16.26859, 41.30415,112.14985, 92.53190, 18.85373, 77.32846,177.28300, 82.71561,CI.l(95%).Total.SURVEY_LC1_3E10
  67.34942, 337.41069, 622.08442, 514.48015,  90.29601, 689.29795,1676.43398,1129.41771,CI.l(95%).Total.SURVEY_LC1_3E20
 16.527209, 57.674459, 94.403641,176.907852,  7.985115,192.918588,-29.662223,205.887496,CI.l(95%).Total.SURVEY_LC1_3E30
 0.000000, 0.000000, 0.000000,-2.910986, 0.000000, 0.000000, 0.000000, 0.000000,CI.l(95%).Total.SURVEY_LC1_3Exx
 0.000000, 3.653409,40.405573,83.123361, 0.000000, 0.000000, 0.000000, 3.580796,CI.l(95%).Total.SURVEY_LC1_3F10
3.592064,0.000000,0.000000,0.000000,0.000000,0.000000,0.000000,0.000000,CI.l(95%).Total.SURVEY_LC1_3F20
0.000000,0.000000,4.004452,4.659386,0.000000,0.000000,0.000000,0.000000,CI.l(95%).Total.SURVEY_LC1_3F30
 28.590689,304.515083, 31.422618, 17.445058,  4.024007,311.103612,101.630781,156.179424,CI.l(95%).Total.SURVEY_LC1_3F40
0.0000000,0.6609898,0.0000000,0.0000000,0.0000000,0.0000000,0.0000000,0.0000000,CI.l(95%).Total.SURVEY_LC1_3F4x
12.174588,18.467360,42.731408,48.682628, 7.749059,16.658550,12.192727, 7.150286,CI.l(95%).Total.SURVEY_LC1_3G11
16.232784,79.532498, 8.144981,19.728462,12.174588, 7.286936,18.911072,36.536963,CI.l(95%).Total.SURVEY_LC1_3G21
 7.643887,11.666532, 0.000000, 8.066188, 4.009476,26.996095, 4.126062,12.192554,CI.l(95%).Total.SURVEY_LC1_3H11
 264.1253,3470.6812, 913.3966,1238.8845, 468.7952,4495.0997,3311.5935,3322.0796,CI.l(95%).Total.SURVEY_LU1_3U111
 0.000000,29.972754, 0.000000,-4.528246, 4.024007,42.009828,43.843713,72.431758,CI.l(95%).Total.SURVEY_LU1_3U112
20.12502,77.07491,44.69561,94.01246,12.13152,61.81082,26.58428,54.56469,CI.l(95%).Total.SURVEY_LU1_3U113
 434.3407, 690.6137,1169.4268,1366.2249, 159.4616,2026.2043,5962.4449,3015.5292,CI.l(95%).Total.SURVEY_LU1_3U120
 0.0000000, 0.2767608, 0.0000000,-0.8007424, 4.0581959, 4.1308071, 8.3060300, 7.1502865,CI.l(95%).Total.SURVEY_LU1_3U130
 4.058196,10.502728,11.974606, 3.580796, 0.000000,11.308973,-1.304244, 4.700509,CI.l(95%).Total.SURVEY_LU1_3U140
0.000000,3.680616,3.711919,0.000000,0.000000,0.000000,0.000000,0.000000,CI.l(95%).Total.SURVEY_LU1_3U150
 0.000000, 1.817537,12.415954, 3.182367, 0.000000,-7.917566, 0.000000, 0.000000,CI.l(95%).Total.SURVEY_LU1_3U210
 0.000000, 2.759456, 0.000000, 0.000000, 0.000000,-8.688824, 0.000000, 0.000000,CI.l(95%).Total.SURVEY_LU1_3U221
 0.0000000,-0.0440332, 0.0000000, 3.9831090, 0.0000000, 0.0000000, 0.0000000, 0.0000000,CI.l(95%).Total.SURVEY_LU1_3U222
4.15479,0.00000,0.00000,8.02003,0.00000,0.00000,0.00000,0.00000,CI.l(95%).Total.SURVEY_LU1_3U223
0.000000,0.000000,0.000000,0.000000,4.163172,0.000000,0.000000,0.000000,CI.l(95%).Total.SURVEY_LU1_3U224
3.7958389,0.0000000,0.0000000,0.6427163,0.0000000,0.0000000,3.5443070,0.0000000,CI.l(95%).Total.SURVEY_LU1_3U225
0.0000000,0.2172867,0.0000000,0.6557928,0.0000000,0.0000000,0.0000000,4.1641042,CI.l(95%).Total.SURVEY_LU1_3U226
0.000000,0.000000,0.000000,4.540785,0.000000,0.000000,4.004452,0.000000,CI.l(95%).Total.SURVEY_LU1_3U227
12.531982,12.214372, 6.896499, 3.607929, 0.000000, 5.539110, 5.909742, 4.164104,CI.l(95%).Total.SURVEY_LU1_3U311
25.33715,33.29956,37.17485,65.64404,21.71548,95.41088,20.92612,45.47642,CI.l(95%).Total.SURVEY_LU1_3U312
12.174588,36.460529, 0.000000, 0.000000,12.174588, 3.346827, 0.000000, 0.000000,CI.l(95%).Total.SURVEY_LU1_3U313
 3.985962, 3.680616,-1.363398, 0.000000, 0.000000, 0.000000, 0.000000, 0.000000,CI.l(95%).Total.SURVEY_LU1_3U314
 0.000000, 0.000000, 0.000000, 0.000000, 0.000000, 0.000000, 0.000000,-2.514616,CI.l(95%).Total.SURVEY_LU1_3U315
 8.326344, 3.732198, 7.786019,-9.248149, 0.000000, 6.371948, 1.745405, 4.164104,CI.l(95%).Total.SURVEY_LU1_3U317
 4.163172,19.969858, 0.000000, 0.000000, 3.985962,22.981906, 0.000000, 8.586522,CI.l(95%).Total.SURVEY_LU1_3U318
 4.163172, 0.000000, 4.586207, 0.000000, 4.024007, 6.610107,17.965457, 8.035775,CI.l(95%).Total.SURVEY_LU1_3U319
 0.0000000, 0.1618383,17.1133756, 3.1546738, 3.6908629, 7.8854026, 0.0000000,-3.5886172,CI.l(95%).Total.SURVEY_LU1_3U321
0.000000,3.855193,0.000000,4.164104,0.000000,4.056828,0.000000,0.000000,CI.l(95%).Total.SURVEY_LU1_3U322
 0.000000, 4.029620, 8.246165,-4.468219, 8.415236, 8.158685, 0.000000, 0.000000,CI.l(95%).Total.SURVEY_LU1_3U330
  0.000000, -4.394967,-11.336288,  0.000000,  0.000000,  1.502927,  0.000000, -4.999323,CI.l(95%).Total.SURVEY_LU1_3U341
49.641961,11.764369,51.368006,15.873398, 3.828644,10.250742,-1.117817, 0.000000,CI.l(95%).Total.SURVEY_LU1_3U350
21.663235,21.415734,-2.596408,18.614478, 7.583296,24.907745,12.992638,20.218927,CI.l(95%).Total.SURVEY_LU1_3U361
16.191581, 2.807819, 5.784657,14.711428, 0.000000, 4.056828, 2.356628, 3.983109,CI.l(95%).Total.SURVEY_LU1_3U362
 44.71074,310.25780,156.88916,163.43690, 19.95782, 53.76819, 84.30990, 70.90534,CI.l(95%).Total.SURVEY_LU1_3U370
0.0000000,7.3612319,0.0000000,0.0000000,0.0000000,3.8888441,0.0000000,0.5310158,CI.l(95%).Total.SURVEY_LU1_3U411
0.00000,3.71958,0.00000,0.00000,0.00000,0.00000,0.00000,0.00000,CI.l(95%).Total.SURVEY_LU1_3U412
0.000000,0.000000,0.000000,0.000000,0.000000,0.000000,0.000000,2.899875,CI.l(95%).Total.SURVEY_LU1_3U413
0.000000,8.191470,3.711919,0.000000,0.000000,0.000000,4.172064,3.788924,CI.l(95%).Total.SURVEY_LU1_3U414
 4.35548,46.06152,26.09058,31.70025,18.00984,61.90119,55.33558,43.44311,CI.l(95%).Total.SURVEY_LU1_3U415
 23.86506,230.07777,363.70020,377.92149, 84.90932,443.22337,417.50304,322.72948,CI.l(95%).Total.SURVEY_LU1_3U420
  812.3804, 4879.6992, 2670.7319, 3291.2702,  803.6679, 7354.7427,10688.3103, 8628.6728,CI.l(95%).Total.settlement0
207.16408,640.84777,441.36988,457.58207, 77.75144,343.51377,209.13356,236.30950,CI.l(95%).Total.settlement1
 526.8436,4684.0958,1902.8546,2376.9034, 613.5559,5269.3314,4084.9826,4151.9485,CI.l(95%).Total.fao_class_name0
 481.6536, 591.7516,1000.2875,1216.1951, 243.6571,2263.4073,6531.3141,3347.7480,CI.l(95%).Total.fao_class_name1
   4.023896,-135.022176,  45.187495,  47.991776,  11.439726,  43.765461,  96.862744,-242.903589,CI.l(95%).Total.fao_class_name2
12.333476, 9.246700, 2.729934,28.425599, 7.609400,57.838979,31.159507,44.279883,CI.l(95%).Total.fao_class_name3
  865.1273, 5131.4928, 2833.6587, 3503.6842,  852.3598, 7595.4219,10782.0492, 8769.8332,CI.l(95%).Total.lue0
153.53838,366.92574,276.41269,249.65505, 31.36976,108.82233,126.09907,111.69896,CI.l(95%).Total.lue1
  951.2674, 5218.6330, 2969.7703, 3596.2081,  825.5603, 7478.6301,10832.5047, 8765.7154,CI.l(95%).Total.lud0
 82.69119,275.51941,146.03670,161.22774, 58.16931,257.16091, 78.68281,114.92908,CI.l(95%).Total.lud1
 1158.552, 7260.914, 5270.075, 6849.312, 1003.179, 9366.249,13162.404,11872.284,CI.u(95%).Total.area
103.33024,412.60956,235.14207,318.11608, 64.70007,325.61305,166.95608,209.52392,CI.u(95%).Total.SURVEY_LC1_1A
 245.1826,3288.3200, 476.5984, 993.7138, 412.7445,3718.7717,1488.5961,2103.4652,CI.u(95%).Total.SURVEY_LC1_1B
 610.5794,2303.6455,3152.0920,4201.0370, 362.4736,3896.1752,8494.9376,6554.3036,CI.u(95%).Total.SURVEY_LC1_1C
  29.41346, 608.76952, 551.27770, 325.47373,  28.66828, 123.28608, 490.30268,1330.90627,CI.u(95%).Total.SURVEY_LC1_1D
 147.3315, 661.4795,1016.2061,1068.7907, 117.1349,1072.6275,3342.8404,3164.3543,CI.u(95%).Total.SURVEY_LC1_1E
 56.453005,458.430957,104.523564,162.247923,  4.024007,386.997349,166.911545,254.557818,CI.u(95%).Total.SURVEY_LC1_1F
 28.40737,207.85669, 87.42187, 68.41109, 19.92365, 87.80089, 55.99091, 48.34121,CI.u(95%).Total.SURVEY_LC1_1G
 7.643887,11.666532, 0.000000, 8.066188,29.088598,40.421922, 4.126062,20.702891,CI.u(95%).Total.SURVEY_LC1_1H
  836.7932, 6111.9815, 4355.1842, 5896.5831,  746.3485, 8364.3664,11911.6606,10526.7637,CI.u(95%).Total.SURVEY_LU1_1U1
  7.950629,110.961291, 48.961430, 56.094316,  4.163172, 54.472888,  7.548759,  4.164104,CI.u(95%).Total.SURVEY_LU1_1U2
295.3765,818.8377,500.9514,533.6185,123.5637,486.3596,298.0523,343.1123,CI.u(95%).Total.SURVEY_LU1_1U3
  62.03443, 366.49197, 451.26059, 457.08176, 169.65255, 597.70781,1673.99267,1869.22840,CI.u(95%).Total.SURVEY_LU1_1U4
 38.626576,184.222162,145.836987,127.305141,  4.163172,138.634482, 22.647173, 92.942293,CI.u(95%).Total.SURVEY_LC1_2A1
 73.07817,266.32314,135.46483,224.40890, 52.52693,196.29559,116.17463,115.12719,CI.u(95%).Total.SURVEY_LC1_2A2
 4.163172,35.301924, 3.893010, 0.000000, 8.009969,45.267541,35.757034,22.449560,CI.u(95%).Total.SURVEY_LC1_2A3
  39.87273, 437.44936, 148.67176, 159.80456, 264.12809,2357.65377, 859.39816,1080.28690,CI.u(95%).Total.SURVEY_LC1_2B1
  0.000000,  9.687962,  0.000000,  0.000000,  4.024007,136.889425, 25.630451,  0.000000,CI.u(95%).Total.SURVEY_LC1_2B2
  8.048013,216.406367, 40.538066,100.653026, 75.683418,874.400282,228.884384,693.213805,CI.u(95%).Total.SURVEY_LC1_2B3
 7.84595,10.66784, 0.00000, 0.00000, 0.00000,74.34452,46.12832,52.79053,CI.u(95%).Total.SURVEY_LC1_2B4
  4.024007, 21.438665,  0.000000,  0.000000, 27.761419,268.888499,357.281370,316.532978,CI.u(95%).Total.SURVEY_LC1_2B5
  0.000000,  7.542725, 18.938095, 15.923216,  7.976733,106.452898, 82.149235,123.714948,CI.u(95%).Total.SURVEY_LC1_2B7
 0.000000,53.306540, 0.000000, 2.899875,33.170782,54.326491, 6.174591, 3.646786,CI.u(95%).Total.SURVEY_LC1_2B8
 185.3919,2641.3369, 307.4536, 772.9796,   0.0000,   0.0000,   0.0000,   0.0000,CI.u(95%).Total.SURVEY_LC1_2Bx
 405.4763,1960.0906,1316.6602,2301.1962, 313.5008,3321.8671,5005.7530,5766.4113,CI.u(95%).Total.SURVEY_LC1_2C1
 216.97058, 601.01488,2012.95120,1408.98603,  32.35658,1102.06222,2316.68646,1722.81182,CI.u(95%).Total.SURVEY_LC1_2C2
  47.89238, 100.91265, 512.51818,1886.13663,  38.20024, 120.86866,3890.19372,  94.16638,CI.u(95%).Total.SURVEY_LC1_2C3
   7.845839, 573.393830, 134.659374, 122.640432,  11.196364,  80.400290, 201.977681,1197.439619,CI.u(95%).Total.SURVEY_LC1_2D1
 21.56762, 35.37569,428.20113,216.81652, 17.47192, 46.98402,313.17339,157.07830,CI.u(95%).Total.SURVEY_LC1_2D2
 16.26859,166.23214,188.29913,190.73621, 18.85373, 94.70534,340.83114,155.55197,CI.u(95%).Total.SURVEY_LC1_2E1
  67.34942, 472.19710, 752.80556, 695.70837,  90.29601, 760.42443,1927.76268,2786.54909,CI.u(95%).Total.SURVEY_LC1_2E2
  63.713525,  78.233166, 115.681118, 247.449619,   7.985115, 242.899037,1273.550192, 310.267882,CI.u(95%).Total.SURVEY_LC1_2E3
 0.00000, 0.00000, 0.00000,19.04144, 0.00000, 0.00000, 0.00000, 0.00000,CI.u(95%).Total.SURVEY_LC1_2Ex
 0.000000, 3.653409,40.405573,96.238527, 0.000000, 0.000000, 0.000000, 3.580796,CI.u(95%).Total.SURVEY_LC1_2F1
3.592064,0.000000,0.000000,0.000000,0.000000,0.000000,0.000000,0.000000,CI.u(95%).Total.SURVEY_LC1_2F2
0.000000,0.000000,4.004452,4.659386,0.000000,0.000000,0.000000,0.000000,CI.u(95%).Total.SURVEY_LC1_2F3
 52.860941,454.777548, 60.113539, 67.055438,  4.024007,386.997349,166.911545,250.977021,CI.u(95%).Total.SURVEY_LC1_2F4
12.174588,93.106468,79.276884,48.682628, 7.749059,27.155937,12.192727, 7.150286,CI.u(95%).Total.SURVEY_LC1_2G1
 16.232784,164.635836,  8.144981, 19.728462, 12.174588, 65.423584, 43.798183, 41.190919,CI.u(95%).Total.SURVEY_LC1_2G2
 7.643887,11.666532, 0.000000, 8.066188,29.088598,40.421922, 4.126062,20.702891,CI.u(95%).Total.SURVEY_LC1_2H1
 291.8251,3803.6886,1140.4943,1611.1619, 495.4228,4825.4228,3618.9489,5182.7995,CI.u(95%).Total.SURVEY_LU1_2U11
 544.5673,2342.4022,3279.9976,4394.2930, 251.8076,3609.4603,8371.3713,6183.4506,CI.u(95%).Total.SURVEY_LU1_2U12
 0.000000,73.039425, 0.000000,12.971399, 4.058196, 4.130807, 8.306030, 7.150286,CI.u(95%).Total.SURVEY_LU1_2U13
 4.058196,23.816272,11.974606, 3.580796, 0.000000,26.029431,12.929571,24.009072,CI.u(95%).Total.SURVEY_LU1_2U14
0.000000,3.680616,3.711919,0.000000,0.000000,0.000000,0.000000,0.000000,CI.u(95%).Total.SURVEY_LU1_2U15
 0.00000,61.97074,48.96143,16.95451, 0.00000,33.02127, 0.00000, 0.00000,CI.u(95%).Total.SURVEY_LU1_2U21
 7.950629,63.952429, 0.000000,43.014610, 4.163172,36.237906, 7.548759, 4.164104,CI.u(95%).Total.SURVEY_LU1_2U22
101.54264,348.02298,124.98604,190.15280, 64.97906,252.81459,124.56959,144.92662,CI.u(95%).Total.SURVEY_LU1_2U31
 0.000000,34.010742,59.312457,25.350744, 3.690863,11.942230, 0.000000,47.745045,CI.u(95%).Total.SURVEY_LU1_2U32
 0.000000, 4.029620, 8.246165,22.106983, 8.415236,17.691853, 0.000000, 0.000000,CI.u(95%).Total.SURVEY_LU1_2U33
 0.000000,23.467409,43.453618, 0.000000, 0.000000, 7.167503, 0.000000,56.438115,CI.u(95%).Total.SURVEY_LU1_2U34
95.76795,21.19767,68.12287,51.18776,26.90767,28.43996,29.76834, 0.00000,CI.u(95%).Total.SURVEY_LU1_2U35
59.042199,39.006844,67.409787,69.905441, 7.583296,35.182171,64.017663,36.554267,CI.u(95%).Total.SURVEY_LU1_2U36
 76.62457,491.24727,250.48124,273.07333, 19.95782,178.84972,121.55098,119.74685,CI.u(95%).Total.SURVEY_LU1_2U37
 11.93025, 85.89251, 41.35499, 35.25108, 18.00984, 95.92938,102.09418, 86.12263,CI.u(95%).Total.SURVEY_LU1_2U41
  53.41385, 289.26907, 415.10935, 423.54525, 151.64271, 513.77001,1592.80978,1799.02029,CI.u(95%).Total.SURVEY_LU1_2U42
 38.626576,184.222162,124.671204,122.543604,  4.163172,138.634482, 22.647173, 92.942293,CI.u(95%).Total.SURVEY_LC1_3A11
 0.000000, 0.000000,51.536590, 8.887502, 0.000000, 0.000000, 0.000000, 0.000000,CI.u(95%).Total.SURVEY_LC1_3A12
 12.48952,131.95347, 67.10373, 69.48887, 24.25708, 31.24872, 32.89387, 25.36042,CI.u(95%).Total.SURVEY_LC1_3A21
 60.58865,184.99014, 88.61192,183.70118, 36.24010,172.30767, 93.15060, 89.76677,CI.u(95%).Total.SURVEY_LC1_3A22
 4.163172,35.301924, 3.893010, 0.000000, 8.009969,45.267541,35.757034,22.449560,CI.u(95%).Total.SURVEY_LC1_3A30
  16.09603, 108.94044,  39.10815,  29.41316, 128.28664,1023.81528, 415.08969, 575.07214,CI.u(95%).Total.SURVEY_LC1_3B11
  4.024007,  0.000000,  0.000000, 15.401225,  4.024007,144.809804, 72.956646, 26.995756,CI.u(95%).Total.SURVEY_LC1_3B12
  3.656674, 44.660235,  8.350641, 27.601481, 27.800714,375.649721,107.186886,190.427790,CI.u(95%).Total.SURVEY_LC1_3B13
 0.000000, 0.000000, 0.000000,15.401225, 0.000000,40.905233,86.320035, 3.983109,CI.u(95%).Total.SURVEY_LC1_3B14
 0.00000, 0.00000, 0.00000, 0.00000, 0.00000,37.88005,22.06349,76.53468,CI.u(95%).Total.SURVEY_LC1_3B15
 16.09603,303.66851,108.08454, 92.17421, 99.99273,799.88518,223.33021,287.64494,CI.u(95%).Total.SURVEY_LC1_3B16
 0.00000, 0.00000,11.39607,16.47191, 0.00000,37.40039,36.43072,25.58618,CI.u(95%).Total.SURVEY_LC1_3B18
 0.000000,10.667837, 0.000000,17.343496, 4.024007,35.527622,10.908599,23.949617,CI.u(95%).Total.SURVEY_LC1_3B19
 0.000000, 0.000000, 0.000000, 0.000000, 0.000000,28.854083, 9.829681, 0.000000,CI.u(95%).Total.SURVEY_LC1_3B21
 0.000000, 9.687962, 0.000000, 0.000000, 4.024007,97.017907, 0.000000, 0.000000,CI.u(95%).Total.SURVEY_LC1_3B22
 0.00000, 0.00000, 0.00000, 0.00000, 0.00000,25.34145,19.24039, 0.00000,CI.u(95%).Total.SURVEY_LC1_3B23
  0.00000,121.38369, 12.00033,  0.00000, 31.78668,320.69311, 34.80405, 69.25459,CI.u(95%).Total.SURVEY_LC1_3B31
  8.048013, 88.798614,  0.000000, 84.747140, 31.824721,483.273096,134.027418,263.787534,CI.u(95%).Total.SURVEY_LC1_3B32
  0.000000, 25.341451, 33.184997, 25.660178,  4.024007, 84.753138, 70.580410,400.627570,CI.u(95%).Total.SURVEY_LC1_3B33
 0.000000, 0.000000, 0.000000, 0.000000, 8.048013,35.853943, 0.000000,15.401225,CI.u(95%).Total.SURVEY_LC1_3B35
 0.00000, 0.00000, 0.00000, 0.00000, 0.00000, 0.00000,19.45538,18.05098,CI.u(95%).Total.SURVEY_LC1_3B37
 7.84595, 0.00000, 0.00000, 0.00000, 0.00000,70.28769,38.85759,28.30009,CI.u(95%).Total.SURVEY_LC1_3B41
 0.000000,10.667837, 0.000000, 0.000000, 0.000000, 4.056828,12.000329,33.603027,CI.u(95%).Total.SURVEY_LC1_3B43
 0.000000, 9.586477, 0.000000, 0.000000, 4.024007,20.472748,45.632509,72.688915,CI.u(95%).Total.SURVEY_LC1_3B51
  4.024007,  0.000000,  0.000000,  0.000000, 11.337354,180.086118,121.746211, 79.034472,CI.u(95%).Total.SURVEY_LC1_3B52
  0.000000, 14.763629,  0.000000,  0.000000,  4.188026, 42.326746,113.837718,143.440890,CI.u(95%).Total.SURVEY_LC1_3B53
 0.00000, 0.00000, 0.00000, 0.00000, 0.00000,23.01376, 0.00000,27.16893,CI.u(95%).Total.SURVEY_LC1_3B54
  0.000000,  0.000000,  0.000000,  0.000000,  8.212032, 33.443927,127.442659, 56.124970,CI.u(95%).Total.SURVEY_LC1_3B55
 0.000000, 7.542725, 0.000000, 3.983109, 4.154790,63.048552,69.034414,78.042937,CI.u(95%).Total.SURVEY_LC1_3B71
 0.00000, 0.00000, 0.00000, 0.00000, 0.00000,12.43411, 0.00000,10.79193,CI.u(95%).Total.SURVEY_LC1_3B72
 0.000000, 0.000000, 0.000000, 0.000000, 0.000000, 0.000000, 8.250522,11.406624,CI.u(95%).Total.SURVEY_LC1_3B73
 0.000000, 0.000000,10.908599, 0.000000, 0.000000, 9.687962, 0.000000,20.801283,CI.u(95%).Total.SURVEY_LC1_3B74
 0.000000, 0.000000,11.399787,11.940107, 3.821943,38.638095, 8.261538,17.493560,CI.u(95%).Total.SURVEY_LC1_3B75
 0.000000,44.324874, 0.000000, 2.899875,29.716172,48.804587, 3.171101, 3.646786,CI.u(95%).Total.SURVEY_LC1_3B82
 0.000000,12.475940, 0.000000, 0.000000, 3.454610, 9.687962, 0.000000, 0.000000,CI.u(95%).Total.SURVEY_LC1_3B83
0.00000,0.00000,0.00000,0.00000,0.00000,0.00000,3.00349,0.00000,CI.u(95%).Total.SURVEY_LC1_3B84
 135.8415,2511.8317, 258.6239, 698.5351,   0.0000,   0.0000,   0.0000,   0.0000,CI.u(95%).Total.SURVEY_LC1_3Bx1
 49.55041,150.36132, 43.26342, 73.53928,  0.00000,  0.00000,  0.00000,  0.00000,CI.u(95%).Total.SURVEY_LC1_3Bx2
 0.00000,11.76832,10.79553,15.40122, 0.00000, 0.00000, 0.00000, 0.00000,CI.u(95%).Total.SURVEY_LC1_3Bxx
 401.0851,1960.0906,1316.6602,2301.1962, 313.5008,3321.8671,5005.7530,5766.4113,CI.u(95%).Total.SURVEY_LC1_3C10
4.391229,0.000000,0.000000,0.000000,0.000000,0.000000,0.000000,0.000000,CI.u(95%).Total.SURVEY_LC1_3C1x
  22.74629, 596.77656,2000.41737,1397.70549,   0.00000, 569.88740,2290.07886,1068.01055,CI.u(95%).Total.SURVEY_LC1_3C21
 196.39179,   0.00000,  16.45700,   0.00000,  32.35658, 791.70643,  19.47976,1082.78009,CI.u(95%).Total.SURVEY_LC1_3C22
 8.326344, 4.238320, 0.000000,19.841833, 0.000000, 0.000000,26.809862, 8.518258,CI.u(95%).Total.SURVEY_LC1_3C23
   0.00000,  67.75752, 468.74780,1046.16431,   0.00000,  17.84393,3142.37607,  29.49136,CI.u(95%).Total.SURVEY_LC1_3C31
 43.729209, 11.370941, 43.188389, 10.010150,  8.415125, 47.178840,857.331741, 44.894797,CI.u(95%).Total.SURVEY_LC1_3C32
   4.163172,  16.409581,  38.144657,1286.952375,  29.785115,  65.959184, 907.705262,  27.584662,CI.u(95%).Total.SURVEY_LC1_3C33
0.000000,9.410415,0.000000,0.000000,0.000000,0.000000,0.000000,0.000000,CI.u(95%).Total.SURVEY_LC1_3C3x
   7.845839, 569.639044, 134.659374, 122.640432,  11.196364,  80.400290, 201.977681,1197.439619,CI.u(95%).Total.SURVEY_LC1_3D10
0.000000,3.754786,0.000000,0.000000,0.000000,0.000000,0.000000,0.000000,CI.u(95%).Total.SURVEY_LC1_3D1x
 21.56762, 31.28002,428.20113,213.37394, 17.47192, 46.98402,313.17339,157.07830,CI.u(95%).Total.SURVEY_LC1_3D20
0.000000,4.095678,0.000000,3.442578,0.000000,0.000000,0.000000,0.000000,CI.u(95%).Total.SURVEY_LC1_3D2x
 16.26859,166.23214,188.29913,190.73621, 18.85373, 94.70534,340.83114,155.55197,CI.u(95%).Total.SURVEY_LC1_3E10
  67.34942, 472.19710, 752.80556, 695.70837,  90.29601, 760.42443,1927.76268,2786.54909,CI.u(95%).Total.SURVEY_LC1_3E20
  63.713525,  78.233166, 115.681118, 247.449619,   7.985115, 242.899037,1273.550192, 310.267882,CI.u(95%).Total.SURVEY_LC1_3E30
 0.00000, 0.00000, 0.00000,19.04144, 0.00000, 0.00000, 0.00000, 0.00000,CI.u(95%).Total.SURVEY_LC1_3Exx
 0.000000, 3.653409,40.405573,96.238527, 0.000000, 0.000000, 0.000000, 3.580796,CI.u(95%).Total.SURVEY_LC1_3F10
3.592064,0.000000,0.000000,0.000000,0.000000,0.000000,0.000000,0.000000,CI.u(95%).Total.SURVEY_LC1_3F20
0.000000,0.000000,4.004452,4.659386,0.000000,0.000000,0.000000,0.000000,CI.u(95%).Total.SURVEY_LC1_3F30
 52.860941,450.024521, 60.113539, 67.055438,  4.024007,386.997349,166.911545,250.977021,CI.u(95%).Total.SURVEY_LC1_3F40
0.000000,8.627166,0.000000,0.000000,0.000000,0.000000,0.000000,0.000000,CI.u(95%).Total.SURVEY_LC1_3F4x
12.174588,93.106468,79.276884,48.682628, 7.749059,27.155937,12.192727, 7.150286,CI.u(95%).Total.SURVEY_LC1_3G11
 16.232784,164.635836,  8.144981, 19.728462, 12.174588, 65.423584, 43.798183, 41.190919,CI.u(95%).Total.SURVEY_LC1_3G21
 7.643887,11.666532, 0.000000, 8.066188,29.088598,40.421922, 4.126062,20.702891,CI.u(95%).Total.SURVEY_LC1_3H11
 271.7001,3664.9024,1078.6413,1482.7840, 479.2673,4692.3188,3501.1200,4982.8339,CI.u(95%).Total.SURVEY_LU1_3U111
  0.000000, 54.803427,  0.000000, 37.363859,  4.024007, 68.454864, 99.500960,144.353374,CI.u(95%).Total.SURVEY_LU1_3U112
 20.12502,113.50116, 76.39381,126.76618, 12.13152, 92.18337, 63.30270,129.33408,CI.u(95%).Total.SURVEY_LU1_3U113
 544.5673,2342.4022,3279.9976,4394.2930, 251.8076,3609.4603,8371.3713,6183.4506,CI.u(95%).Total.SURVEY_LU1_3U120
 0.000000,73.039425, 0.000000,12.971399, 4.058196, 4.130807, 8.306030, 7.150286,CI.u(95%).Total.SURVEY_LU1_3U130
 4.058196,23.816272,11.974606, 3.580796, 0.000000,26.029431,12.929571,24.009072,CI.u(95%).Total.SURVEY_LU1_3U140
0.000000,3.680616,3.711919,0.000000,0.000000,0.000000,0.000000,0.000000,CI.u(95%).Total.SURVEY_LU1_3U150
 0.00000,61.97074,48.96143,16.95451, 0.00000,33.02127, 0.00000, 0.00000,CI.u(95%).Total.SURVEY_LU1_3U210
 0.00000,18.20412, 0.00000, 0.00000, 0.00000,36.23791, 0.00000, 0.00000,CI.u(95%).Total.SURVEY_LU1_3U221
 0.000000,31.215101, 0.000000, 3.983109, 0.000000, 0.000000, 0.000000, 0.000000,CI.u(95%).Total.SURVEY_LU1_3U222
 4.15479, 0.00000, 0.00000,18.89081, 0.00000, 0.00000, 0.00000, 0.00000,CI.u(95%).Total.SURVEY_LU1_3U223
0.000000,0.000000,0.000000,0.000000,4.163172,0.000000,0.000000,0.000000,CI.u(95%).Total.SURVEY_LU1_3U224
3.795839,0.000000,0.000000,9.767544,0.000000,0.000000,3.544307,0.000000,CI.u(95%).Total.SURVEY_LU1_3U225
 0.000000,31.400584, 0.000000, 9.966272, 0.000000, 0.000000, 0.000000, 4.164104,CI.u(95%).Total.SURVEY_LU1_3U226
 0.000000, 0.000000, 0.000000,12.843478, 0.000000, 0.000000, 4.004452, 0.000000,CI.u(95%).Total.SURVEY_LU1_3U227
12.531982,12.214372, 6.896499, 3.607929, 0.000000,64.362008,27.319193, 4.164104,CI.u(95%).Total.SURVEY_LU1_3U311
 56.19742,196.61858, 98.44080,162.93662, 44.79450,164.16178, 74.82881,101.54219,CI.u(95%).Total.SURVEY_LU1_3U312
 12.174588,124.354879,  0.000000,  0.000000, 12.174588,  3.346827,  0.000000,  0.000000,CI.u(95%).Total.SURVEY_LU1_3U313
 3.985962, 3.680616,14.015679, 0.000000, 0.000000, 0.000000, 0.000000, 0.000000,CI.u(95%).Total.SURVEY_LU1_3U314
 0.00000, 0.00000, 0.00000, 0.00000, 0.00000, 0.00000, 0.00000,16.44869,CI.u(95%).Total.SURVEY_LU1_3U315
 8.326344,31.594573, 7.786019,52.189289, 0.000000,25.057180, 6.294097, 4.164104,CI.u(95%).Total.SURVEY_LU1_3U317
 4.163172,30.897781, 0.000000, 0.000000, 3.985962,26.160047, 0.000000, 8.586522,CI.u(95%).Total.SURVEY_LU1_3U318
 4.163172, 0.000000, 4.586207, 0.000000, 4.024007, 9.655646,35.757034,25.543181,CI.u(95%).Total.SURVEY_LU1_3U319
 0.000000,10.128825,59.312457,21.186640, 3.690863, 7.885403, 0.000000,47.745045,CI.u(95%).Total.SURVEY_LU1_3U321
 0.000000,27.872407, 0.000000, 4.164104, 0.000000, 4.056828, 0.000000, 0.000000,CI.u(95%).Total.SURVEY_LU1_3U322
 0.000000, 4.029620, 8.246165,22.106983, 8.415236,17.691853, 0.000000, 0.000000,CI.u(95%).Total.SURVEY_LU1_3U330
 0.000000,23.467409,43.453618, 0.000000, 0.000000, 7.167503, 0.000000,56.438115,CI.u(95%).Total.SURVEY_LU1_3U341
95.76795,21.19767,68.12287,51.18776,26.90767,28.43996,29.76834, 0.00000,CI.u(95%).Total.SURVEY_LU1_3U350
42.850618,21.415734,16.949160,36.646445, 7.583296,31.125343,21.313150,32.571158,CI.u(95%).Total.SURVEY_LU1_3U361
16.191581,17.591111,58.479334,41.291943, 0.000000, 4.056828,46.481412, 3.983109,CI.u(95%).Total.SURVEY_LU1_3U362
 76.62457,491.24727,250.48124,273.07333, 19.95782,178.84972,121.55098,119.74685,CI.u(95%).Total.SURVEY_LU1_3U370
0.000000,7.361232,0.000000,0.000000,0.000000,3.888844,0.000000,8.069999,CI.u(95%).Total.SURVEY_LU1_3U411
0.00000,3.71958,0.00000,0.00000,0.00000,0.00000,0.00000,0.00000,CI.u(95%).Total.SURVEY_LU1_3U412
0.000000,0.000000,0.000000,0.000000,0.000000,0.000000,0.000000,2.899875,CI.u(95%).Total.SURVEY_LU1_3U413
0.000000,8.191470,3.711919,0.000000,0.000000,0.000000,4.172064,3.788924,CI.u(95%).Total.SURVEY_LU1_3U414
11.93025,66.62023,37.64307,35.25108,18.00984,92.04053,97.92212,74.68495,CI.u(95%).Total.SURVEY_LU1_3U415
  53.41385, 289.26907, 415.10935, 423.54525, 151.64271, 513.77001,1592.80978,1799.02029,CI.u(95%).Total.SURVEY_LU1_3U420
  924.8208, 6545.0095, 4787.5127, 6329.4495,  908.1787, 8951.3793,12909.5096,11579.9997,CI.u(95%).Total.settlement0
264.0677,787.0710,522.9736,582.5614,107.9690,481.7368,296.4585,348.1548,CI.u(95%).Total.settlement1
 578.2701,4924.5290,2282.7937,2630.5990, 655.7461,5509.6734,4425.7683,5811.9301,CI.u(95%).Total.fao_class_name0
 588.9509,2197.4205,3124.6093,4244.7893, 346.5097,3846.6565,8729.0322,6541.3615,CI.u(95%).Total.fao_class_name1
   4.023896, 561.871608,  45.187495,  87.533452,  11.439726,  51.217882, 157.047587,1073.258707,CI.u(95%).Total.fao_class_name2
12.33348,18.73429,18.93809,28.42560, 7.60940,89.48165,47.24487,65.51375,CI.u(95%).Total.fao_class_name3
  979.6635, 6804.3647, 4951.3340, 6542.3433,  959.3886, 9191.8249,13003.7076,11720.4563,CI.u(95%).Total.lue0
210.10386,549.84420,361.18266,365.18063, 54.44878,235.30345,191.55616,191.14833,CI.u(95%).Total.lue1
 1060.9229, 6893.3392, 5087.7676, 6635.0170,  932.5891, 9080.0120,13053.4386,11717.8661,CI.u(95%).Total.lud0
113.55147,465.13581,219.01344,268.41031, 81.24833,315.56955,138.78589,194.62624,CI.u(95%).Total.lud1
0.02510621,0.06626262,0.12827515,0.14538278,0.02925164,0.04768536,0.04702181,0.07242101,CV.Total.area
0.10331073,0.14483095,0.07291208,0.10656834,0.15544452,0.13310511,0.11966128,0.10943632,CV.Total.SURVEY_LC1_1A
0.010532150,0.015370766,0.058516987,0.049918076,0.006555686,0.013717378,0.033345181,0.029116193,CV.Total.SURVEY_LC1_1B
0.05103104,0.27292237,0.25943855,0.28758255,0.08435500,0.13009615,0.08294383,0.16434096,CV.Total.SURVEY_LC1_1C
0.28414623,0.68293061,0.21773575,0.05194223,0.12560439,0.05310033,0.21050978,0.50051401,CV.Total.SURVEY_LC1_1D
0.09728224,0.07518223,0.03977647,0.05372347,0.00000000,0.02174219,0.12545520,0.18116188,CV.Total.SURVEY_LC1_1E
0.13970670,0.09641903,0.08116435,0.09583913,0.00000000,0.05546763,0.12402933,0.11673885,CV.Total.SURVEY_LC1_1F
0.00000000,0.08601208,0.13482451,0.00000000,0.00000000,0.25867206,0.14579231,0.02580192,CV.Total.SURVEY_LC1_1G
0.0000000,0.0000000,NA,0.0000000,0.3865997,0.1016054,0.0000000,0.1319966,CV.Total.SURVEY_LC1_1H
0.03606404,0.08045432,0.16376257,0.17704419,0.03387597,0.05379530,0.05756400,0.08829557,CV.Total.SURVEY_LU1_1U1
0.0000000,0.2572210,0.3037926,0.1024359,0.0000000,0.5454875,0.0000000,0.0000000,CV.Total.SURVEY_LU1_1U2
0.05225815,0.05605360,0.04704564,0.06667957,0.07107743,0.08999861,0.08801613,0.09830662,CV.Total.SURVEY_LU1_1U3
0.16634132,0.04748597,0.03154690,0.02687639,0.12491493,0.03498201,0.27627563,0.33308099,CV.Total.SURVEY_LU1_1U4
0.3068810,0.2512434,0.1969612,0.2069567,0.0000000,0.4574987,0.0000000,0.2551672,CV.Total.SURVEY_LC1_2A1
0.13656432,0.25933784,0.20505830,0.15321326,0.20601483,0.11414974,0.18118843,0.09617665,CV.Total.SURVEY_LC1_2A2
0.0000000,0.3325987,0.0000000,NA,0.0000000,0.4232811,0.1689702,0.3261028,CV.Total.SURVEY_LC1_2A3
0.00000000,0.05447329,0.11047348,0.16093021,0.00000000,0.01935852,0.04672290,0.04667535,CV.Total.SURVEY_LC1_2B1
NA,0.4941655,NA,NA,0.0000000,0.1024416,0.3101025,NA,CV.Total.SURVEY_LC1_2B2
0.00000000,0.07873698,0.24055851,0.21042565,0.00000000,0.03714042,0.08531346,0.06870657,CV.Total.SURVEY_LC1_2B3
0.0000000,0.4941655,NA,NA,NA,0.1314739,0.2144336,0.3882893,CV.Total.SURVEY_LC1_2B4
0.00000000,0.25019511,NA,NA,0.00000000,0.06485898,0.10428067,0.10039625,CV.Total.SURVEY_LC1_2B5
NA,0.0000000,0.3816509,0.0000000,0.0000000,0.1063832,0.1589464,0.1825928,CV.Total.SURVEY_LC1_2B7
NA,0.39667609,NA,0.00000000,0.09563349,0.27926940,0.00000000,0.00000000,CV.Total.SURVEY_LC1_2B8
0.01402222,0.01886231,0.07737471,0.05840480,NA,NA,NA,NA,CV.Total.SURVEY_LC1_2Bx
0.08434284,0.32495609,0.45012427,0.44408582,0.09840683,0.17921522,0.21180017,0.20633002,CV.Total.SURVEY_LC1_2C1
0.1213146,0.8089640,0.4331281,0.7132685,0.2993877,0.5095844,0.4184904,0.6325149,CV.Total.SURVEY_LC1_2C2
0.25782330,0.21561946,0.35759902,0.59746415,0.18974906,0.14006156,0.28468060,0.07349345,CV.Total.SURVEY_LC1_2C3
0.00000000,0.79032991,0.05001388,0.09626460,0.52223297,0.03645148,0.08047063,0.62369649,CV.Total.SURVEY_LC1_2D1
0.48596658,0.00000000,0.31812979,0.06526771,0.00000000,0.14430169,0.41536565,0.09218815,CV.Total.SURVEY_LC1_2D2
0.00000000,0.30712675,0.12931442,0.17688246,0.00000000,0.05153591,0.16105421,0.15596787,CV.Total.SURVEY_LC1_2E1
0.00000000,0.08494216,0.04850984,0.07640552,0.00000000,0.02503216,0.03557833,0.21590855,CV.Total.SURVEY_LC1_2E2
0.30003581,0.07717984,0.05167464,0.08481377,0.00000000,0.05851231,0.53454694,0.10317877,CV.Total.SURVEY_LC1_2E3
NA,NA,NA,0.6943651,NA,NA,NA,NA,CV.Total.SURVEY_LC1_2Ex
NA,0.00000000,0.00000000,0.03730745,NA,NA,NA,0.00000000,CV.Total.SURVEY_LC1_2F1
  0,NA,NA,NA,NA,NA,NA,NA,CV.Total.SURVEY_LC1_2F2
NA,NA,  0,  0,NA,NA,NA,NA,CV.Total.SURVEY_LC1_2F3
0.15202899,0.09734138,0.15992035,0.29954716,0.00000000,0.05546763,0.12402933,0.11879220,CV.Total.SURVEY_LC1_2F4
0.0000000,0.3413155,0.1528256,0.0000000,0.0000000,0.1222406,0.0000000,0.0000000,CV.Total.SURVEY_LC1_2G1
0.00000000,0.17783169,0.00000000,0.00000000,0.00000000,0.40794785,0.20248588,0.03054902,CV.Total.SURVEY_LC1_2G2
0.0000000,0.0000000,NA,0.0000000,0.3865997,0.1016054,0.0000000,0.1319966,CV.Total.SURVEY_LC1_2H1
0.006708755,0.013524206,0.040530010,0.042363590,0.005449958,0.010740333,0.013899752,0.097288573,CV.Total.SURVEY_LU1_2U11
0.05745082,0.27786360,0.24201819,0.26819829,0.11456297,0.14333686,0.08574595,0.17570602,CV.Total.SURVEY_LU1_2U12
NA,0.5063615,NA,0.5773503,0.0000000,0.0000000,0.0000000,0.0000000,CV.Total.SURVEY_LU1_2U13
0.0000000,0.1979297,0.0000000,0.0000000,NA,0.2011488,0.6246950,0.3431429,CV.Total.SURVEY_LU1_2U14
NA,  0,  0,NA,NA,NA,NA,NA,CV.Total.SURVEY_LU1_2U15
NA,0.4811382,0.3037926,0.3489485,NA,0.8320503,NA,NA,CV.Total.SURVEY_LU1_2U21
0.00000000,0.26897248,NA,0.08865519,0.00000000,0.83205029,0.00000000,0.00000000,CV.Total.SURVEY_LU1_2U22
0.09142301,0.18787874,0.17252450,0.18591436,0.11017335,0.08557469,0.15619242,0.13738818,CV.Total.SURVEY_LU1_2U31
NA,0.3157482,0.2817181,0.2816127,0.0000000,0.0000000,NA,0.5931441,CV.Total.SURVEY_LU1_2U32
NA,0.0000000,0.0000000,0.7687061,0.0000000,0.1881566,NA,NA,CV.Total.SURVEY_LU1_2U33
NA,0.7453560,0.8703883,NA,NA,0.3333333,NA,0.6093885,CV.Total.SURVEY_LU1_2U34
0.16184660,0.14601641,0.07154151,0.26867807,0.38310479,0.23986081,0.55002602,NA,CV.Total.SURVEY_LU1_2U35
0.11156265,0.11928811,0.36474979,0.13090321,0.00000000,0.04945383,0.27547741,0.10373039,CV.Total.SURVEY_LU1_2U36
0.13419726,0.11521233,0.11721996,0.12814816,0.00000000,0.27434811,0.09229972,0.13070710,CV.Total.SURVEY_LU1_2U37
0.23730896,0.06936180,0.08283370,0.02705968,0.00000000,0.09508752,0.13445532,0.11703611,CV.Total.SURVEY_LU1_2U41
0.19508798,0.05815034,0.03367915,0.02904407,0.14393568,0.03761138,0.29829055,0.35500107,CV.Total.SURVEY_LU1_2U42
0.3068810,0.2512434,0.2495811,0.2182256,0.0000000,0.4574987,0.0000000,0.2551672,CV.Total.SURVEY_LC1_3A11
NA,NA,0.7127877,0.4472136,NA,NA,NA,NA,CV.Total.SURVEY_LC1_3A12
0.0000000,0.4148090,0.3756129,0.4108912,0.4629511,0.1792744,0.3167481,0.0000000,CV.Total.SURVEY_LC1_3A21
0.1743340,0.3991555,0.2695696,0.1887579,0.2383592,0.1301650,0.2161022,0.1302863,CV.Total.SURVEY_LC1_3A22
0.0000000,0.3325987,0.0000000,NA,0.0000000,0.4232811,0.1689702,0.3261028,CV.Total.SURVEY_LC1_3A30
0.00000000,0.10842118,0.23178683,0.48376044,0.00000000,0.03285097,0.05818473,0.07044624,CV.Total.SURVEY_LC1_3B11
0.0000000,NA,NA,0.6718680,0.0000000,0.0965260,0.1669465,0.4750973,CV.Total.SURVEY_LC1_3B12
0.00000000,0.20147667,0.44926035,0.47566905,0.00000000,0.05895893,0.12702494,0.13645374,CV.Total.SURVEY_LC1_3B13
NA,NA,NA,0.6718680,NA,0.1921640,0.6422958,0.0000000,CV.Total.SURVEY_LC1_3B14
NA,NA,NA,NA,NA,0.2208546,0.2859157,0.2350207,CV.Total.SURVEY_LC1_3B15
0.00000000,0.06797777,0.13595207,0.22216979,0.00000000,0.03865470,0.08646692,0.10828351,CV.Total.SURVEY_LC1_3B16
NA,NA,0.5403702,0.6718680,NA,0.2208994,0.2246463,0.4513938,CV.Total.SURVEY_LC1_3B18
NA,0.4941655,NA,0.6718680,0.0000000,0.2069757,0.5403702,0.4317337,CV.Total.SURVEY_LC1_3B19
NA,NA,NA,NA,NA,0.2344347,0.4492604,NA,CV.Total.SURVEY_LC1_3B21
NA,0.4941655,NA,NA,0.0000000,0.1246217,NA,NA,CV.Total.SURVEY_LC1_3B22
NA,NA,NA,NA,NA,0.2850874,0.4060067,NA,CV.Total.SURVEY_LC1_3B23
NA,0.10918146,0.54037024,NA,0.00000000,0.06622731,0.26925556,0.24811402,CV.Total.SURVEY_LC1_3B31
0.00000000,0.12584003,NA,0.23570763,0.00000000,0.05187491,0.11710021,0.11401325,CV.Total.SURVEY_LC1_3B32
NA,0.2850874,0.2692777,0.4745271,0.0000000,0.1347201,0.1669504,0.1012281,CV.Total.SURVEY_LC1_3B33
NA,NA,NA,NA,0.0000000,0.2072062,NA,0.6718680,CV.Total.SURVEY_LC1_3B35
NA,NA,NA,NA,NA,NA,0.3819933,0.6718680,CV.Total.SURVEY_LC1_3B37
0.0000000,NA,NA,NA,NA,0.1411617,0.2337042,0.4745271,CV.Total.SURVEY_LC1_3B41
NA,0.4941655,NA,NA,NA,0.0000000,0.5403702,0.6093176,CV.Total.SURVEY_LC1_3B43
NA,0.4941655,NA,NA,0.0000000,0.2590043,0.2114147,0.2540056,CV.Total.SURVEY_LC1_3B51
0.00000000,NA,NA,NA,0.00000000,0.07948658,0.13442779,0.23474712,CV.Total.SURVEY_LC1_3B52
NA,0.2814474,NA,NA,0.0000000,0.1953350,0.1447421,0.1569317,CV.Total.SURVEY_LC1_3B53
NA,NA,NA,NA,NA,0.2850874,NA,0.4755224,CV.Total.SURVEY_LC1_3B54
NA,NA,NA,NA,0.0000000,0.2067930,0.3092513,0.2420126,CV.Total.SURVEY_LC1_3B55
NA,0.0000000,NA,0.0000000,0.0000000,0.1473942,0.1961133,0.3292528,CV.Total.SURVEY_LC1_3B71
NA,NA,NA,NA,NA,0.5773503,NA,0.5291503,CV.Total.SURVEY_LC1_3B72
NA,NA,NA,NA,NA,NA,  0,  0,CV.Total.SURVEY_LC1_3B73
NA,NA,0.5403702,NA,NA,0.4941655,NA,0.4418896,CV.Total.SURVEY_LC1_3B74
NA,NA,0.54037024,0.00000000,0.00000000,0.18357369,0.42257713,0.05380496,CV.Total.SURVEY_LC1_3B75
NA,0.5504665,NA,0.0000000,0.1091292,0.3146477,0.0000000,0.0000000,CV.Total.SURVEY_LC1_3B82
NA,0.2240793,NA,NA,0.0000000,0.4941655,NA,NA,CV.Total.SURVEY_LC1_3B83
NA,NA,NA,NA,NA,NA,  0,NA,CV.Total.SURVEY_LC1_3B84
0.00000000,0.01870536,0.09379926,0.06504549,NA,NA,NA,NA,CV.Total.SURVEY_LC1_3Bx1
0.05673881,0.13637204,0.00000000,0.04658925,NA,NA,NA,NA,CV.Total.SURVEY_LC1_3Bx2
NA,0.5773503,0.5403702,0.6718680,NA,NA,NA,NA,CV.Total.SURVEY_LC1_3Bxx
0.08542086,0.32495609,0.45012427,0.44408582,0.09840683,0.17921522,0.21180017,0.20633002,CV.Total.SURVEY_LC1_3C10
  0,NA,NA,NA,NA,NA,NA,NA,CV.Total.SURVEY_LC1_3C1x
0.5208510,0.8239878,0.4381653,0.7271745,NA,0.9221554,0.4273526,0.9508263,CV.Total.SURVEY_LC1_3C21
0.1333055,NA,0.1601410,NA,0.2993877,0.6492799,0.1104865,0.9146073,CV.Total.SURVEY_LC1_3C22
0.0000000,0.0000000,NA,0.3892947,NA,NA,0.7928250,0.0000000,CV.Total.SURVEY_LC1_3C23
NA,0.3974229,0.4120694,0.8410752,NA,0.1642116,0.3473365,0.2399168,CV.Total.SURVEY_LC1_3C31
0.29663991,0.00000000,0.37005925,0.15196059,0.00000000,0.08812579,0.92550299,0.07776188,CV.Total.SURVEY_LC1_3C32
0.00000000,0.00000000,0.63608062,0.89864730,0.27193091,0.30848906,0.92496878,0.09398612,CV.Total.SURVEY_LC1_3C33
NA,0.437595,NA,NA,NA,NA,NA,NA,CV.Total.SURVEY_LC1_3C3x
0.00000000,0.80374594,0.05001388,0.09626460,0.52223297,0.03645148,0.08047063,0.62369649,CV.Total.SURVEY_LC1_3D10
NA,  0,NA,NA,NA,NA,NA,NA,CV.Total.SURVEY_LC1_3D1x
0.48596658,0.00000000,0.31812979,0.06645790,0.00000000,0.14430169,0.41536565,0.09218815,CV.Total.SURVEY_LC1_3D20
NA,  0,NA,  0,NA,NA,NA,NA,CV.Total.SURVEY_LC1_3D2x
0.00000000,0.30712675,0.12931442,0.17688246,0.00000000,0.05153591,0.16105421,0.15596787,CV.Total.SURVEY_LC1_3E10
0.00000000,0.08494216,0.04850984,0.07640552,0.00000000,0.02503216,0.03557833,0.21590855,CV.Total.SURVEY_LC1_3E20
0.30003581,0.07717984,0.05167464,0.08481377,0.00000000,0.05851231,0.53454694,0.10317877,CV.Total.SURVEY_LC1_3E30
NA,NA,NA,0.6943651,NA,NA,NA,NA,CV.Total.SURVEY_LC1_3Exx
NA,0.00000000,0.00000000,0.03730745,NA,NA,NA,0.00000000,CV.Total.SURVEY_LC1_3F10
  0,NA,NA,NA,NA,NA,NA,NA,CV.Total.SURVEY_LC1_3F20
NA,NA,  0,  0,NA,NA,NA,NA,CV.Total.SURVEY_LC1_3F30
0.15202899,0.09839228,0.15992035,0.29954716,0.00000000,0.05546763,0.12402933,0.11879220,CV.Total.SURVEY_LC1_3F40
NA,0.437595,NA,NA,NA,NA,NA,NA,CV.Total.SURVEY_LC1_3F4x
0.0000000,0.3413155,0.1528256,0.0000000,0.0000000,0.1222406,0.0000000,0.0000000,CV.Total.SURVEY_LC1_3G11
0.00000000,0.17783169,0.00000000,0.00000000,0.00000000,0.40794785,0.20248588,0.03054902,CV.Total.SURVEY_LC1_3G21
0.0000000,0.0000000,NA,0.0000000,0.3865997,0.1016054,0.0000000,0.1319966,CV.Total.SURVEY_LC1_3H11
0.007212702,0.013887339,0.042323544,0.045722249,0.005635698,0.010952352,0.014193896,0.102028661,CV.Total.SURVEY_LU1_3U111
NA,0.1494399,NA,0.6509370,0.0000000,0.1221441,0.1981035,0.1692707,CV.Total.SURVEY_LU1_3U112
0.00000000,0.09752096,0.13356119,0.07569297,0.00000000,0.10063029,0.20841983,0.20744212,CV.Total.SURVEY_LU1_3U113
0.05745082,0.27786360,0.24201819,0.26819829,0.11456297,0.14333686,0.08574595,0.17570602,CV.Total.SURVEY_LU1_3U120
NA,0.5063615,NA,0.5773503,0.0000000,0.0000000,0.0000000,0.0000000,CV.Total.SURVEY_LU1_3U130
0.0000000,0.1979297,0.0000000,0.0000000,NA,0.2011488,0.6246950,0.3431429,CV.Total.SURVEY_LU1_3U140
NA,  0,  0,NA,NA,NA,NA,NA,CV.Total.SURVEY_LU1_3U150
NA,0.4811382,0.3037926,0.3489485,NA,0.8320503,NA,NA,CV.Total.SURVEY_LU1_3U210
NA,0.3758936,NA,NA,NA,0.8320503,NA,NA,CV.Total.SURVEY_LU1_3U221
NA,0.5116549,NA,0.0000000,NA,NA,NA,NA,CV.Total.SURVEY_LU1_3U222
0.0000000,NA,NA,0.2061035,NA,NA,NA,NA,CV.Total.SURVEY_LU1_3U223
NA,NA,NA,NA,  0,NA,NA,NA,CV.Total.SURVEY_LU1_3U224
0.0000000,NA,NA,0.4472136,NA,NA,0.0000000,NA,CV.Total.SURVEY_LU1_3U225
NA,0.5032008,NA,0.4472136,NA,NA,NA,0.0000000,CV.Total.SURVEY_LU1_3U226
NA,NA,NA,0.243677,NA,NA,0.000000,NA,CV.Total.SURVEY_LU1_3U227
0.0000000,0.0000000,0.0000000,0.0000000,NA,0.4293527,0.3287313,0.0000000,CV.Total.SURVEY_LU1_3U311
0.1931123,0.3624227,0.2304949,0.2171662,0.1770445,0.1351361,0.2872111,0.1945707,CV.Total.SURVEY_LU1_3U312
0.0000000,0.2788593,NA,NA,0.0000000,0.0000000,NA,NA,CV.Total.SURVEY_LU1_3U313
0.0000000,0.0000000,0.6201737,NA,NA,NA,NA,NA,CV.Total.SURVEY_LU1_3U314
NA,NA,NA,NA,NA,NA,NA,0.6943651,CV.Total.SURVEY_LU1_3U315
0.0000000,0.4024075,0.0000000,0.7299808,NA,0.3033319,0.2886751,0.0000000,CV.Total.SURVEY_LU1_3U317
0.00000000,0.10960944,NA,NA,0.00000000,0.03299686,NA,0.00000000,CV.Total.SURVEY_LU1_3U318
0.00000000,NA,0.00000000,NA,0.00000000,0.09553045,0.16897024,0.26601525,CV.Total.SURVEY_LU1_3U319
NA,0.4941655,0.2817181,0.3779645,0.0000000,0.0000000,NA,0.5931441,CV.Total.SURVEY_LU1_3U321
NA,0.3862223,NA,0.0000000,NA,0.0000000,NA,NA,CV.Total.SURVEY_LU1_3U322
NA,0.0000000,0.0000000,0.7687061,0.0000000,0.1881566,NA,NA,CV.Total.SURVEY_LU1_3U330
NA,0.7453560,0.8703883,NA,NA,0.3333333,NA,0.6093885,CV.Total.SURVEY_LU1_3U341
0.16184660,0.14601641,0.07154151,0.26867807,0.38310479,0.23986081,0.55002602,NA,CV.Total.SURVEY_LU1_3U350
0.1675623,0.0000000,0.6948083,0.1664857,0.0000000,0.0566148,0.1237470,0.1193837,CV.Total.SURVEY_LU1_3U361
0.0000000,0.3697564,0.4183608,0.2421593,NA,0.0000000,0.4609738,0.0000000,CV.Total.SURVEY_LU1_3U362
0.13419726,0.11521233,0.11721996,0.12814816,0.00000000,0.27434811,0.09229972,0.13070710,CV.Total.SURVEY_LU1_3U370
NA,0.0000000,NA,NA,NA,0.0000000,NA,0.4472136,CV.Total.SURVEY_LU1_3U411
NA,  0,NA,NA,NA,NA,NA,NA,CV.Total.SURVEY_LU1_3U412
NA,NA,NA,NA,NA,NA,NA,  0,CV.Total.SURVEY_LU1_3U413
NA,  0,  0,NA,NA,NA,  0,  0,CV.Total.SURVEY_LU1_3U414
0.23730896,0.09308809,0.09248235,0.02705968,0.00000000,0.09989168,0.14177575,0.13493837,CV.Total.SURVEY_LU1_3U415
0.19508798,0.05815034,0.03367915,0.02904407,0.14393568,0.03761138,0.29829055,0.35500107,CV.Total.SURVEY_LU1_3U420
0.03302359,0.07437071,0.14480754,0.16112308,0.03114931,0.04995826,0.04802502,0.07451290,CV.Total.settlement0
0.06161089,0.05224741,0.04317480,0.06130514,0.08301399,0.08545676,0.08812313,0.09763641,CV.Total.settlement1
0.02374279,0.01276689,0.04631302,0.02584901,0.01695897,0.01137635,0.02042986,0.08500153,CV.Total.fao_class_name0
0.05113419,0.29371936,0.26275993,0.28295806,0.08891859,0.13220731,0.07347837,0.16476960,CV.Total.fao_class_name1
0.0000000,0.8329977,0.0000000,0.1488630,0.0000000,0.0400315,0.1209369,0.8087187,CV.Total.fao_class_name2
0.00000000,0.17299942,0.38165087,0.00000000,0.00000000,0.10958761,0.10467486,0.09867426,CV.Total.fao_class_name3
0.03167728,0.07150904,0.13878837,0.15432615,0.03014079,0.04851935,0.04765541,0.07347127,CV.Total.lue0
0.07936501,0.10180031,0.06783421,0.09586741,0.13721077,0.18752554,0.10513628,0.13385009,CV.Total.lue1
0.02780439,0.07054653,0.13411426,0.15154013,0.03105966,0.04934261,0.04744005,0.07353338,CV.Total.lud0
0.08023397,0.13062061,0.10199617,0.12728387,0.08446010,0.05203298,0.14101066,0.13135799,CV.Total.lud1
