BE1.No,BE2.No,BE3.No,BE1.Yes,BE2.Yes,BE3.Yes,variable
No,No,No,Yes,Yes,Yes,flag_two
    3.748584,  617.771141, 1135.789707,  158.251416,12981.228859,15770.210293,Total.area
   3.748584,  16.056009,  12.083458,  64.312448,2164.777448,1446.979013,Total.SURVEY_LC1_1A
   0.000000, 419.428109, 255.522116,   3.751496,3409.249051,3667.402849,Total.SURVEY_LC1_1B
   0.00000, 106.51379, 812.23030,  48.82369,2204.68784,4876.90443,Total.SURVEY_LC1_1C
  0.000000, 11.893401, 19.958550,  3.749878, 99.501909,163.360599,Total.SURVEY_LC1_1D
   0.00000,  59.85294,  28.01229,  30.07887,3905.69709,4975.41250,Total.SURVEY_LC1_1E
  0.000000,  0.000000,  0.000000,  3.785161,817.291965,471.264986,Total.SURVEY_LC1_1F
  0.000000,  0.000000,  0.000000,  3.749878,332.023930,124.810915,Total.SURVEY_LC1_1G
 0.000000, 4.026892, 7.983002, 0.000000,47.999620,44.074997,Total.SURVEY_LC1_1H
    0.00000,  509.88353, 1027.89387,   37.46369, 8400.32488,12642.54205,Total.SURVEY_LU1_1U1
  0.000000,  0.000000,  4.026784,  0.000000,130.012963, 40.114545,Total.SURVEY_LU1_1U2
   3.748584, 103.919955,  83.895593, 113.289264,3905.246051,2550.603683,Total.SURVEY_LU1_1U3
  0.000000,  3.967661, 19.973458,  7.498462,545.644962,536.950016,Total.SURVEY_LU1_1U4
  3.748584,  0.000000,  0.000000, 37.816323,993.749108,556.407669,Total.SURVEY_LC1_2A1
   0.000000,  12.040394,   4.066258,  26.496125,1142.932508, 854.506297,Total.SURVEY_LC1_2A2
 0.000000, 0.000000, 4.026784, 0.000000,28.095832,36.065047,Total.SURVEY_LC1_2A3
0.000000,4.015615,3.990417,0.000000,0.000000,0.000000,Total.SURVEY_LC1_2Ax
   0.000000,   0.000000,   0.000000,   3.751496,1613.378046,1758.852782,Total.SURVEY_LC1_2B1
  0.0000,  0.0000,  0.0000,  0.0000,535.3927,734.7779,Total.SURVEY_LC1_2B2
  0.0000,  0.0000,  0.0000,  0.0000,147.1114,510.3997,Total.SURVEY_LC1_2B3
  0.00000,  0.00000,  0.00000,  0.00000,127.43581, 71.87364,Total.SURVEY_LC1_2B4
  0.0000,  0.0000,  0.0000,  0.0000,751.0868,515.7806,Total.SURVEY_LC1_2B5
  0.0000,  0.0000,  0.0000,  0.0000,206.8341, 63.7258,Total.SURVEY_LC1_2B7
 0.00000, 0.00000, 0.00000, 0.00000,28.01009,11.99247,Total.SURVEY_LC1_2B8
  0.0000,419.4281,255.5221,  0.0000,  0.0000,  0.0000,Total.SURVEY_LC1_2Bx
   0.00000,  12.02170,  56.07105,  41.26639,1569.66311,3463.10023,Total.SURVEY_LC1_2C1
   0.000000,  38.396034, 584.316338,   3.807416, 149.387235,1038.521136,Total.SURVEY_LC1_2C2
  0.000000, 36.299754, 95.912017,  3.749878,485.637501,375.283073,Total.SURVEY_LC1_2C3
 0.00000,19.79630,75.93089, 0.00000, 0.00000, 0.00000,Total.SURVEY_LC1_2Cx
 0.000000, 7.930531, 3.978886, 3.749878,39.827620,79.442354,Total.SURVEY_LC1_2D1
 0.00000, 0.00000, 0.00000, 0.00000,59.67429,83.91825,Total.SURVEY_LC1_2D2
 0.00000, 3.96287,15.97966, 0.00000, 0.00000, 0.00000,Total.SURVEY_LC1_2Dx
  0.000000,  3.937751,  0.000000,  7.497168,406.854702,350.993825,Total.SURVEY_LC1_2E1
   0.000000,  22.472810,   7.984743,  22.581699,3105.047816,4237.007694,Total.SURVEY_LC1_2E2
  0.000000,  3.998295,  0.000000,  0.000000,393.794574,387.410981,Total.SURVEY_LC1_2E3
 0.00000,29.44408,20.02754, 0.00000, 0.00000, 0.00000,Total.SURVEY_LC1_2Ex
0.000000,0.000000,0.000000,0.000000,0.000000,7.980423,Total.SURVEY_LC1_2F1
0.000000,0.000000,0.000000,0.000000,8.005423,8.029241,Total.SURVEY_LC1_2F2
  0.000000,  0.000000,  0.000000,  3.785161,809.286543,455.255322,Total.SURVEY_LC1_2F4
  0.00000,  0.00000,  0.00000,  0.00000,135.15312, 57.13968,Total.SURVEY_LC1_2G1
  0.000000,  0.000000,  0.000000,  3.749878,192.934426, 67.671233,Total.SURVEY_LC1_2G2
0.00000,0.00000,0.00000,0.00000,3.93638,0.00000,Total.SURVEY_LC1_2G3
 0.00000, 0.00000, 0.00000, 0.00000,47.99962,44.07500,Total.SURVEY_LC1_2H1
0.000000,4.026892,7.983002,0.000000,0.000000,0.000000,Total.SURVEY_LC1_2Hx
   0.00000, 435.42908, 267.60516,  11.25434,6878.94549,8065.20821,Total.SURVEY_LU1_2U11
   0.00000,  74.45445, 756.30983,  26.20935,1481.55461,4521.45170,Total.SURVEY_LU1_2U12
 0.00000, 0.00000, 0.00000, 0.00000, 8.00926,12.04397,Total.SURVEY_LU1_2U13
 0.000000, 0.000000, 3.978886, 0.000000,27.775740,43.838163,Total.SURVEY_LU1_2U14
0.000000,0.000000,0.000000,0.000000,4.039787,0.000000,Total.SURVEY_LU1_2U15
 0.000000, 0.000000, 4.026784, 0.000000,19.904033, 8.031062,Total.SURVEY_LU1_2U21
  0.00000,  0.00000,  0.00000,  0.00000,110.10893, 32.08348,Total.SURVEY_LU1_2U22
   0.00000,   0.00000,   0.00000,  30.24471,1104.15989, 808.39583,Total.SURVEY_LU1_2U31
 0.000000, 4.032834, 0.000000, 0.000000,37.201406,15.955240,Total.SURVEY_LU1_2U32
 0.00000, 0.00000, 0.00000, 0.00000,54.79261,19.95476,Total.SURVEY_LU1_2U33
  0.00000,  3.93638,  0.00000,  0.00000,139.60263, 64.89608,Total.SURVEY_LU1_2U34
  0.000000, 27.665463, 47.905521,  7.570321,137.551730,109.976886,Total.SURVEY_LU1_2U35
  0.000000,  8.033613,  0.000000, 18.793445,340.702563,129.763153,Total.SURVEY_LU1_2U36
   3.748584,  60.251665,  35.990072,  56.680789,2091.235223,1401.661734,Total.SURVEY_LU1_2U37
 0.000000, 0.000000, 0.000000, 3.748584,32.332670,30.197565,Total.SURVEY_LU1_2U41
  0.000000,  3.967661, 19.973458,  3.749878,513.312291,506.752450,Total.SURVEY_LU1_2U42
  0.00000,  0.00000,  0.00000, 22.67568,919.62427,538.10745,Total.SURVEY_LC1_3A11
 0.00000, 0.00000, 0.00000,15.14064,37.91996,10.30430,Total.SURVEY_LC1_3A12
 0.000000, 0.000000, 0.000000, 0.000000,36.204882, 7.995924,Total.SURVEY_LC1_3A13
3.748584,0.000000,0.000000,0.000000,0.000000,0.000000,Total.SURVEY_LC1_3A1x
  0.0000,  0.0000,  0.0000,  0.0000,516.8952,303.6016,Total.SURVEY_LC1_3A21
  0.00000,  0.00000,  0.00000, 26.49612,626.03731,550.90469,Total.SURVEY_LC1_3A22
 0.000000,12.040394, 4.066258, 0.000000, 0.000000, 0.000000,Total.SURVEY_LC1_3A2x
 0.00000, 0.00000, 0.00000, 0.00000,28.09583,36.06505,Total.SURVEY_LC1_3A30
0.000000,0.000000,4.026784,0.000000,0.000000,0.000000,Total.SURVEY_LC1_3A3x
0.000000,4.015615,3.990417,0.000000,0.000000,0.000000,Total.SURVEY_LC1_3Axx
  0.0000,  0.0000,  0.0000,  0.0000,439.4401,875.2708,Total.SURVEY_LC1_3B11
 0.000000, 0.000000, 0.000000, 0.000000,43.782215, 8.062557,Total.SURVEY_LC1_3B12
  0.0000,  0.0000,  0.0000,  0.0000,123.9593,219.9446,Total.SURVEY_LC1_3B13
 0.000000, 0.000000, 0.000000, 0.000000,12.042309, 3.988886,Total.SURVEY_LC1_3B14
 0.00000, 0.00000, 0.00000, 0.00000,31.82584,51.94236,Total.SURVEY_LC1_3B15
  0.000000,  0.000000,  0.000000,  3.751496,950.393719,571.608594,Total.SURVEY_LC1_3B16
 0.00000, 0.00000, 0.00000, 0.00000,11.93450,20.02271,Total.SURVEY_LC1_3B18
0.000000,0.000000,0.000000,0.000000,0.000000,8.012325,Total.SURVEY_LC1_3B19
  0.0000,  0.0000,  0.0000,  0.0000,320.2989,427.0116,Total.SURVEY_LC1_3B21
  0.0000,  0.0000,  0.0000,  0.0000,143.3927,259.9452,Total.SURVEY_LC1_3B22
 0.00000, 0.00000, 0.00000, 0.00000,71.70104,47.82106,Total.SURVEY_LC1_3B23
 0.000000, 0.000000, 0.000000, 0.000000, 3.931528,95.935848,Total.SURVEY_LC1_3B32
0.000000,0.000000,0.000000,0.000000,0.000000,4.028051,Total.SURVEY_LC1_3B33
  0.0000,  0.0000,  0.0000,  0.0000,115.3393,342.6706,Total.SURVEY_LC1_3B35
 0.00000, 0.00000, 0.00000, 0.00000,27.84059,67.76517,Total.SURVEY_LC1_3B37
 0.000000, 0.000000, 0.000000, 0.000000, 3.934719,20.022618,Total.SURVEY_LC1_3B41
 0.00000, 0.00000, 0.00000, 0.00000,75.46086,47.86371,Total.SURVEY_LC1_3B43
 0.00000, 0.00000, 0.00000, 0.00000,40.11031, 0.00000,Total.SURVEY_LC1_3B44
0.000000,0.000000,0.000000,0.000000,7.929918,3.987307,Total.SURVEY_LC1_3B45
 0.000000, 0.000000, 0.000000, 0.000000, 7.970125,39.887789,Total.SURVEY_LC1_3B51
 0.00000, 0.00000, 0.00000, 0.00000, 0.00000,40.06407,Total.SURVEY_LC1_3B52
 0.00000, 0.00000, 0.00000, 0.00000,16.02741,79.66225,Total.SURVEY_LC1_3B53
0.000000,0.000000,0.000000,0.000000,3.937327,0.000000,Total.SURVEY_LC1_3B54
  0.0000,  0.0000,  0.0000,  0.0000,723.1519,356.1665,Total.SURVEY_LC1_3B55
 0.00000, 0.00000, 0.00000, 0.00000,63.72262,27.96236,Total.SURVEY_LC1_3B71
 0.00000, 0.00000, 0.00000, 0.00000,87.50884,27.78101,Total.SURVEY_LC1_3B72
 0.000000, 0.000000, 0.000000, 0.000000,39.639392, 3.992002,Total.SURVEY_LC1_3B73
 0.000000, 0.000000, 0.000000, 0.000000,12.031768, 3.990417,Total.SURVEY_LC1_3B74
0.000000,0.000000,0.000000,0.000000,3.931528,0.000000,Total.SURVEY_LC1_3B75
0.000000,0.000000,0.000000,0.000000,0.000000,4.009882,Total.SURVEY_LC1_3B82
 0.000000, 0.000000, 0.000000, 0.000000,28.010094, 3.995281,Total.SURVEY_LC1_3B83
0.000000,0.000000,0.000000,0.000000,0.000000,3.987307,Total.SURVEY_LC1_3B84
  0.0000,371.6446,235.6014,  0.0000,  0.0000,  0.0000,Total.SURVEY_LC1_3Bx1
 0.00000,27.85708,11.95103, 0.00000, 0.00000, 0.00000,Total.SURVEY_LC1_3Bx2
 0.000000,19.926384, 7.969644, 0.000000, 0.000000, 0.000000,Total.SURVEY_LC1_3Bxx
   0.00000,   0.00000,   0.00000,  41.26639,1569.66311,3463.10023,Total.SURVEY_LC1_3C10
 0.00000,12.02170,56.07105, 0.00000, 0.00000, 0.00000,Total.SURVEY_LC1_3C1x
  0.00000,  0.00000,  0.00000,  0.00000, 16.16365,768.15887,Total.SURVEY_LC1_3C21
  0.00000,  0.00000,  0.00000,  0.00000,121.13742, 36.26325,Total.SURVEY_LC1_3C22
  0.000000,  0.000000,  0.000000,  3.807416, 12.086158,234.099014,Total.SURVEY_LC1_3C23
  0.00000, 38.39603,584.31634,  0.00000,  0.00000,  0.00000,Total.SURVEY_LC1_3C2x
  0.00000,  0.00000,  0.00000,  0.00000, 41.95819,149.41379,Total.SURVEY_LC1_3C31
  0.000000,  0.000000,  0.000000,  3.749878,376.995718, 72.275753,Total.SURVEY_LC1_3C32
  0.00000,  0.00000,  0.00000,  0.00000, 66.68359,153.59353,Total.SURVEY_LC1_3C33
 0.00000,36.29975,95.91202, 0.00000, 0.00000, 0.00000,Total.SURVEY_LC1_3C3x
 0.00000,19.79630,75.93089, 0.00000, 0.00000, 0.00000,Total.SURVEY_LC1_3Cxx
 0.000000, 0.000000, 0.000000, 3.749878,39.827620,79.442354,Total.SURVEY_LC1_3D10
0.000000,7.930531,3.978886,0.000000,0.000000,0.000000,Total.SURVEY_LC1_3D1x
 0.00000, 0.00000, 0.00000, 0.00000,59.67429,83.91825,Total.SURVEY_LC1_3D20
 0.00000, 3.96287,15.97966, 0.00000, 0.00000, 0.00000,Total.SURVEY_LC1_3Dxx
  0.000000,  0.000000,  0.000000,  7.497168,406.854702,350.993825,Total.SURVEY_LC1_3E10
0.000000,3.937751,0.000000,0.000000,0.000000,0.000000,Total.SURVEY_LC1_3E1x
   0.0000,   0.0000,   0.0000,  22.5817,3105.0478,4237.0077,Total.SURVEY_LC1_3E20
 0.000000,22.472810, 7.984743, 0.000000, 0.000000, 0.000000,Total.SURVEY_LC1_3E2x
  0.0000,  0.0000,  0.0000,  0.0000,393.7946,387.4110,Total.SURVEY_LC1_3E30
0.000000,3.998295,0.000000,0.000000,0.000000,0.000000,Total.SURVEY_LC1_3E3x
 0.00000,29.44408,20.02754, 0.00000, 0.00000, 0.00000,Total.SURVEY_LC1_3Exx
0.000000,0.000000,0.000000,0.000000,0.000000,7.980423,Total.SURVEY_LC1_3F10
0.000000,0.000000,0.000000,0.000000,8.005423,8.029241,Total.SURVEY_LC1_3F20
  0.000000,  0.000000,  0.000000,  3.785161,809.286543,455.255322,Total.SURVEY_LC1_3F40
  0.00000,  0.00000,  0.00000,  0.00000,131.17327, 57.13968,Total.SURVEY_LC1_3G11
0.000000,0.000000,0.000000,0.000000,3.979852,0.000000,Total.SURVEY_LC1_3G12
  0.000000,  0.000000,  0.000000,  3.749878,168.967784, 67.671233,Total.SURVEY_LC1_3G21
 0.00000, 0.00000, 0.00000, 0.00000,23.96664, 0.00000,Total.SURVEY_LC1_3G22
0.00000,0.00000,0.00000,0.00000,3.93638,0.00000,Total.SURVEY_LC1_3G30
 0.000000, 0.000000, 0.000000, 0.000000,44.007676, 3.984653,Total.SURVEY_LC1_3H11
 0.000000, 0.000000, 0.000000, 0.000000, 3.991944,40.090344,Total.SURVEY_LC1_3H12
0.000000,4.026892,7.983002,0.000000,0.000000,0.000000,Total.SURVEY_LC1_3Hxx
   0.00000, 427.45014, 259.63070,  11.25434,6647.49910,8029.27910,Total.SURVEY_LU1_3U111
  0.00000,  0.00000,  0.00000,  0.00000,171.55908, 23.96265,Total.SURVEY_LU1_3U112
 0.000000, 7.978938, 7.974453, 0.000000,59.887306,11.966455,Total.SURVEY_LU1_3U113
   0.00000,  74.45445, 756.30983,  26.20935,1481.55461,4521.45170,Total.SURVEY_LU1_3U120
 0.00000, 0.00000, 0.00000, 0.00000, 8.00926,12.04397,Total.SURVEY_LU1_3U130
 0.000000, 0.000000, 3.978886, 0.000000,27.775740,43.838163,Total.SURVEY_LU1_3U140
0.000000,0.000000,0.000000,0.000000,4.039787,0.000000,Total.SURVEY_LU1_3U150
 0.000000, 0.000000, 4.026784, 0.000000,19.904033, 8.031062,Total.SURVEY_LU1_3U210
 0.00000, 0.00000, 0.00000, 0.00000,13.16301, 0.00000,Total.SURVEY_LU1_3U221
0.000000,0.000000,0.000000,0.000000,3.971597,0.000000,Total.SURVEY_LU1_3U222
 0.000000, 0.000000, 0.000000, 0.000000,12.114488, 3.986711,Total.SURVEY_LU1_3U223
0.000000,0.000000,0.000000,0.000000,9.114188,4.041081,Total.SURVEY_LU1_3U224
 0.00000, 0.00000, 0.00000, 0.00000,24.20993,12.00346,Total.SURVEY_LU1_3U225
 0.000000, 0.000000, 0.000000, 0.000000,23.890699, 3.999327,Total.SURVEY_LU1_3U226
 0.000000, 0.000000, 0.000000, 0.000000,13.846922, 4.027791,Total.SURVEY_LU1_3U227
0.000000,0.000000,0.000000,0.000000,9.798102,4.025117,Total.SURVEY_LU1_3U228
 0.00000, 0.00000, 0.00000, 0.00000,25.89456,27.91491,Total.SURVEY_LU1_3U311
  0.00000,  0.00000,  0.00000, 30.24471,749.06590,640.96724,Total.SURVEY_LU1_3U312
  0.00000,  0.00000,  0.00000,  0.00000,135.70614, 31.79665,Total.SURVEY_LU1_3U313
 0.00000, 0.00000, 0.00000, 0.00000,24.03531,23.96237,Total.SURVEY_LU1_3U314
0.000000,0.000000,0.000000,0.000000,0.000000,3.985489,Total.SURVEY_LU1_3U316
  0.00000,  0.00000,  0.00000,  0.00000,151.36478, 59.72852,Total.SURVEY_LU1_3U317
 0.00000, 0.00000, 0.00000, 0.00000,18.09320,20.04065,Total.SURVEY_LU1_3U319
 0.000000, 0.000000, 0.000000, 0.000000,23.890190, 4.025117,Total.SURVEY_LU1_3U321
 0.000000, 4.032834, 0.000000, 0.000000,13.311216,11.930123,Total.SURVEY_LU1_3U322
 0.00000, 0.00000, 0.00000, 0.00000,54.79261,19.95476,Total.SURVEY_LU1_3U330
  0.00000,  3.93638,  0.00000,  0.00000,127.60667, 60.87098,Total.SURVEY_LU1_3U341
 0.000000, 0.000000, 0.000000, 0.000000,11.995964, 4.025096,Total.SURVEY_LU1_3U342
  0.000000, 27.665463, 47.905521,  7.570321,137.551730,109.976886,Total.SURVEY_LU1_3U350
  0.000000,  8.033613,  0.000000, 18.793445,193.802396, 84.457269,Total.SURVEY_LU1_3U361
  0.00000,  0.00000,  0.00000,  0.00000,146.90017, 45.30588,Total.SURVEY_LU1_3U362
   3.748584,  60.251665,  35.990072,  56.680789,2091.235223,1401.661734,Total.SURVEY_LU1_3U370
 0.000000, 0.000000, 0.000000, 0.000000, 8.378549,11.993718,Total.SURVEY_LU1_3U411
0.000000,0.000000,0.000000,3.748584,0.000000,0.000000,Total.SURVEY_LU1_3U412
 0.00000, 0.00000, 0.00000, 0.00000,11.91461,10.20970,Total.SURVEY_LU1_3U414
 0.000000, 0.000000, 0.000000, 0.000000,12.039508, 7.994149,Total.SURVEY_LU1_3U415
  0.000000,  3.967661, 19.973458,  3.749878,513.312291,506.752450,Total.SURVEY_LU1_3U420
    0.00000,  521.88480, 1047.86733,   59.97044, 9108.83334,13194.49344,Total.settlement0
   3.748584,  95.886342,  87.922377,  98.280979,3872.395520,2575.716854,Total.settlement1
    3.748584,  535.073056,  407.470033,  120.734899,10910.532014,10779.744014,Total.fao_class_name0
   0.00000,  62.57932, 716.26763,  26.20935,1561.09240,4695.34266,Total.fao_class_name1
 0.00000, 0.00000, 0.00000, 0.00000,27.79374,32.42508,Total.fao_class_name2
  0.00000, 20.11877, 12.05204, 11.30717,481.81071,262.69855,Total.fao_class_name3
    0.00000,  517.88402, 1051.89411,   75.20686,10272.13671,14063.91244,Total.lue0
   3.748584,  99.887121,  83.895593,  83.044555,2709.092146,1706.297849,Total.lue1
    3.748584,  613.738308, 1127.784037,  128.006707,11627.286250,14841.951751,Total.lud0
   0.000000,   4.032834,   8.005670,  30.244709,1353.942608, 928.258542,Total.lud1
0.000000,6.161408,6.655843,0.000000,6.168477,6.643532,SE.Total.area
 0.00000, 0.00000, 0.00000, 0.00000,20.36813,12.80371,SE.Total.SURVEY_LC1_1A
0.000000,0.000000,0.000000,0.000000,6.127735,2.790582,SE.Total.SURVEY_LC1_1B
 0.000000, 3.558781, 6.655843, 0.000000,14.518795,11.960270,SE.Total.SURVEY_LC1_1C
0.000000,0.000000,0.000000,0.000000,0.000000,4.983775,SE.Total.SURVEY_LC1_1D
 0.000000, 5.029715, 0.000000, 0.000000,20.021730,14.693129,SE.Total.SURVEY_LC1_1E
0.000000,0.000000,0.000000,0.000000,8.841125,0.000000,SE.Total.SURVEY_LC1_1F
0.000000,0.000000,0.000000,0.000000,2.611340,6.772745,SE.Total.SURVEY_LC1_1G
0,0,0,0,0,0,SE.Total.SURVEY_LC1_1H
 0.000000, 3.558781, 6.655843, 0.000000,20.860596,14.767878,SE.Total.SURVEY_LU1_1U1
 0.00000, 0.00000, 0.00000, 0.00000,14.02604, 0.00000,SE.Total.SURVEY_LU1_1U2
 0.000000, 5.029715, 0.000000, 0.000000,24.972683,14.342758,SE.Total.SURVEY_LU1_1U3
 0.000000, 0.000000, 0.000000, 0.000000, 4.649983,10.623850,SE.Total.SURVEY_LU1_1U4
 0.00000, 0.00000, 0.00000, 0.00000,38.47039,26.43678,SE.Total.SURVEY_LC1_2A1
 0.00000, 0.00000, 0.00000, 0.00000,38.03722,26.64660,SE.Total.SURVEY_LC1_2A2
0,0,0,0,0,0,SE.Total.SURVEY_LC1_2A3
0,0,0,0,0,0,SE.Total.SURVEY_LC1_2Ax
0.000000,0.000000,0.000000,0.000000,0.000000,1.738086,SE.Total.SURVEY_LC1_2B1
0.000000,0.000000,0.000000,0.000000,2.612304,1.720533,SE.Total.SURVEY_LC1_2B2
0,0,0,0,0,0,SE.Total.SURVEY_LC1_2B3
0,0,0,0,0,0,SE.Total.SURVEY_LC1_2B4
0.000000,0.000000,0.000000,0.000000,5.543014,1.433657,SE.Total.SURVEY_LC1_2B5
0,0,0,0,0,0,SE.Total.SURVEY_LC1_2B7
0,0,0,0,0,0,SE.Total.SURVEY_LC1_2B8
0,0,0,0,0,0,SE.Total.SURVEY_LC1_2Bx
 0.00000, 0.00000, 0.00000, 0.00000,23.33898,14.03110,SE.Total.SURVEY_LC1_2C1
 0.000000, 3.558781, 4.841069, 0.000000,16.817618, 9.987766,SE.Total.SURVEY_LC1_2C2
 0.000000, 0.000000, 4.773908, 0.000000,25.771857, 8.164584,SE.Total.SURVEY_LC1_2C3
0,0,0,0,0,0,SE.Total.SURVEY_LC1_2Cx
0.000000,0.000000,0.000000,0.000000,0.000000,4.983775,SE.Total.SURVEY_LC1_2D1
0,0,0,0,0,0,SE.Total.SURVEY_LC1_2D2
0,0,0,0,0,0,SE.Total.SURVEY_LC1_2Dx
 0.00000, 0.00000, 0.00000, 0.00000,10.70606,11.20657,SE.Total.SURVEY_LC1_2E1
 0.000000, 3.994507, 0.000000, 0.000000,18.549505,13.032872,SE.Total.SURVEY_LC1_2E2
0.000000,0.000000,0.000000,0.000000,9.732583,6.949907,SE.Total.SURVEY_LC1_2E3
0.000000,3.056459,0.000000,0.000000,0.000000,0.000000,SE.Total.SURVEY_LC1_2Ex
0,0,0,0,0,0,SE.Total.SURVEY_LC1_2F1
0,0,0,0,0,0,SE.Total.SURVEY_LC1_2F2
0.000000,0.000000,0.000000,0.000000,8.841125,0.000000,SE.Total.SURVEY_LC1_2F4
0.000000,0.000000,0.000000,0.000000,0.000000,6.772745,SE.Total.SURVEY_LC1_2G1
0.00000,0.00000,0.00000,0.00000,2.61134,0.00000,SE.Total.SURVEY_LC1_2G2
0,0,0,0,0,0,SE.Total.SURVEY_LC1_2G3
0,0,0,0,0,0,SE.Total.SURVEY_LC1_2H1
0,0,0,0,0,0,SE.Total.SURVEY_LC1_2Hx
 0.00000, 0.00000, 0.00000, 0.00000,15.70100,12.09365,SE.Total.SURVEY_LU1_2U11
 0.000000, 3.558781, 6.655843, 0.000000,14.580471,11.079826,SE.Total.SURVEY_LU1_2U12
0,0,0,0,0,0,SE.Total.SURVEY_LU1_2U13
0,0,0,0,0,0,SE.Total.SURVEY_LU1_2U14
0,0,0,0,0,0,SE.Total.SURVEY_LU1_2U15
0,0,0,0,0,0,SE.Total.SURVEY_LU1_2U21
 0.00000, 0.00000, 0.00000, 0.00000,14.02604, 0.00000,SE.Total.SURVEY_LU1_2U22
 0.00000, 0.00000, 0.00000, 0.00000,35.95082,25.17459,SE.Total.SURVEY_LU1_2U31
0.00000,0.00000,0.00000,0.00000,2.61134,0.00000,SE.Total.SURVEY_LU1_2U32
0.000000,0.000000,0.000000,0.000000,8.557214,0.000000,SE.Total.SURVEY_LU1_2U33
 0.00000, 0.00000, 0.00000, 0.00000,21.09098,11.13982,SE.Total.SURVEY_LU1_2U34
0.000000,0.000000,0.000000,0.000000,7.756847,7.107736,SE.Total.SURVEY_LU1_2U35
 0.000000, 0.000000, 0.000000, 0.000000,11.870511, 7.055075,SE.Total.SURVEY_LU1_2U36
 0.000000, 5.029715, 0.000000, 0.000000,41.925113,29.044126,SE.Total.SURVEY_LU1_2U37
0.000000,0.000000,0.000000,0.000000,1.454041,7.969943,SE.Total.SURVEY_LU1_2U41
0.000000,0.000000,0.000000,0.000000,4.416798,7.024685,SE.Total.SURVEY_LU1_2U42
 0.00000, 0.00000, 0.00000, 0.00000,38.91385,26.74037,SE.Total.SURVEY_LC1_3A11
 0.000000, 0.000000, 0.000000, 0.000000,13.114141, 8.043791,SE.Total.SURVEY_LC1_3A12
0,0,0,0,0,0,SE.Total.SURVEY_LC1_3A13
0,0,0,0,0,0,SE.Total.SURVEY_LC1_3A1x
 0.00000, 0.00000, 0.00000, 0.00000,26.50794,19.71404,SE.Total.SURVEY_LC1_3A21
 0.00000, 0.00000, 0.00000, 0.00000,34.58075,23.54447,SE.Total.SURVEY_LC1_3A22
0,0,0,0,0,0,SE.Total.SURVEY_LC1_3A2x
0,0,0,0,0,0,SE.Total.SURVEY_LC1_3A30
0,0,0,0,0,0,SE.Total.SURVEY_LC1_3A3x
0,0,0,0,0,0,SE.Total.SURVEY_LC1_3Axx
0.000000,0.000000,0.000000,0.000000,0.000000,1.738086,SE.Total.SURVEY_LC1_3B11
0,0,0,0,0,0,SE.Total.SURVEY_LC1_3B12
0,0,0,0,0,0,SE.Total.SURVEY_LC1_3B13
0,0,0,0,0,0,SE.Total.SURVEY_LC1_3B14
0,0,0,0,0,0,SE.Total.SURVEY_LC1_3B15
0,0,0,0,0,0,SE.Total.SURVEY_LC1_3B16
0,0,0,0,0,0,SE.Total.SURVEY_LC1_3B18
0,0,0,0,0,0,SE.Total.SURVEY_LC1_3B19
0.000000,0.000000,0.000000,0.000000,2.612304,0.000000,SE.Total.SURVEY_LC1_3B21
0.000000,0.000000,0.000000,0.000000,0.000000,1.720533,SE.Total.SURVEY_LC1_3B22
0,0,0,0,0,0,SE.Total.SURVEY_LC1_3B23
0,0,0,0,0,0,SE.Total.SURVEY_LC1_3B32
0,0,0,0,0,0,SE.Total.SURVEY_LC1_3B33
0,0,0,0,0,0,SE.Total.SURVEY_LC1_3B35
0,0,0,0,0,0,SE.Total.SURVEY_LC1_3B37
0,0,0,0,0,0,SE.Total.SURVEY_LC1_3B41
0,0,0,0,0,0,SE.Total.SURVEY_LC1_3B43
0,0,0,0,0,0,SE.Total.SURVEY_LC1_3B44
0,0,0,0,0,0,SE.Total.SURVEY_LC1_3B45
0,0,0,0,0,0,SE.Total.SURVEY_LC1_3B51
0,0,0,0,0,0,SE.Total.SURVEY_LC1_3B52
0,0,0,0,0,0,SE.Total.SURVEY_LC1_3B53
0,0,0,0,0,0,SE.Total.SURVEY_LC1_3B54
0.000000,0.000000,0.000000,0.000000,5.543014,1.433657,SE.Total.SURVEY_LC1_3B55
0,0,0,0,0,0,SE.Total.SURVEY_LC1_3B71
0,0,0,0,0,0,SE.Total.SURVEY_LC1_3B72
0,0,0,0,0,0,SE.Total.SURVEY_LC1_3B73
0,0,0,0,0,0,SE.Total.SURVEY_LC1_3B74
0,0,0,0,0,0,SE.Total.SURVEY_LC1_3B75
0,0,0,0,0,0,SE.Total.SURVEY_LC1_3B82
0,0,0,0,0,0,SE.Total.SURVEY_LC1_3B83
0,0,0,0,0,0,SE.Total.SURVEY_LC1_3B84
0,0,0,0,0,0,SE.Total.SURVEY_LC1_3Bx1
0,0,0,0,0,0,SE.Total.SURVEY_LC1_3Bx2
0,0,0,0,0,0,SE.Total.SURVEY_LC1_3Bxx
 0.00000, 0.00000, 0.00000, 0.00000,23.33898,14.03110,SE.Total.SURVEY_LC1_3C10
0,0,0,0,0,0,SE.Total.SURVEY_LC1_3C1x
0.000000,0.000000,0.000000,0.000000,0.000000,9.987766,SE.Total.SURVEY_LC1_3C21
 0.00000, 0.00000, 0.00000, 0.00000,16.81762, 0.00000,SE.Total.SURVEY_LC1_3C22
0,0,0,0,0,0,SE.Total.SURVEY_LC1_3C23
0.000000,3.558781,4.841069,0.000000,0.000000,0.000000,SE.Total.SURVEY_LC1_3C2x
0.000000,0.000000,0.000000,0.000000,3.502835,1.996846,SE.Total.SURVEY_LC1_3C31
 0.00000, 0.00000, 0.00000, 0.00000,25.15701, 0.00000,SE.Total.SURVEY_LC1_3C32
0.000000,0.000000,0.000000,0.000000,9.992769,7.916631,SE.Total.SURVEY_LC1_3C33
0.000000,0.000000,4.773908,0.000000,0.000000,0.000000,SE.Total.SURVEY_LC1_3C3x
0,0,0,0,0,0,SE.Total.SURVEY_LC1_3Cxx
0.000000,0.000000,0.000000,0.000000,0.000000,4.983775,SE.Total.SURVEY_LC1_3D10
0,0,0,0,0,0,SE.Total.SURVEY_LC1_3D1x
0,0,0,0,0,0,SE.Total.SURVEY_LC1_3D20
0,0,0,0,0,0,SE.Total.SURVEY_LC1_3Dxx
 0.00000, 0.00000, 0.00000, 0.00000,10.70606,11.20657,SE.Total.SURVEY_LC1_3E10
0,0,0,0,0,0,SE.Total.SURVEY_LC1_3E1x
 0.00000, 0.00000, 0.00000, 0.00000,18.54951,13.03287,SE.Total.SURVEY_LC1_3E20
0.000000,3.994507,0.000000,0.000000,0.000000,0.000000,SE.Total.SURVEY_LC1_3E2x
0.000000,0.000000,0.000000,0.000000,9.732583,6.949907,SE.Total.SURVEY_LC1_3E30
0,0,0,0,0,0,SE.Total.SURVEY_LC1_3E3x
0.000000,3.056459,0.000000,0.000000,0.000000,0.000000,SE.Total.SURVEY_LC1_3Exx
0,0,0,0,0,0,SE.Total.SURVEY_LC1_3F10
0,0,0,0,0,0,SE.Total.SURVEY_LC1_3F20
0.000000,0.000000,0.000000,0.000000,8.841125,0.000000,SE.Total.SURVEY_LC1_3F40
0.000000,0.000000,0.000000,0.000000,0.000000,6.772745,SE.Total.SURVEY_LC1_3G11
0,0,0,0,0,0,SE.Total.SURVEY_LC1_3G12
0.00000,0.00000,0.00000,0.00000,2.61134,0.00000,SE.Total.SURVEY_LC1_3G21
0,0,0,0,0,0,SE.Total.SURVEY_LC1_3G22
0,0,0,0,0,0,SE.Total.SURVEY_LC1_3G30
0,0,0,0,0,0,SE.Total.SURVEY_LC1_3H11
0,0,0,0,0,0,SE.Total.SURVEY_LC1_3H12
0,0,0,0,0,0,SE.Total.SURVEY_LC1_3Hxx
 0.00000, 0.00000, 0.00000, 0.00000,15.70100,12.09365,SE.Total.SURVEY_LU1_3U111
0,0,0,0,0,0,SE.Total.SURVEY_LU1_3U112
0,0,0,0,0,0,SE.Total.SURVEY_LU1_3U113
 0.000000, 3.558781, 6.655843, 0.000000,14.580471,11.079826,SE.Total.SURVEY_LU1_3U120
0,0,0,0,0,0,SE.Total.SURVEY_LU1_3U130
0,0,0,0,0,0,SE.Total.SURVEY_LU1_3U140
0,0,0,0,0,0,SE.Total.SURVEY_LU1_3U150
0,0,0,0,0,0,SE.Total.SURVEY_LU1_3U210
0.000000,0.000000,0.000000,0.000000,6.781173,0.000000,SE.Total.SURVEY_LU1_3U221
0,0,0,0,0,0,SE.Total.SURVEY_LU1_3U222
0,0,0,0,0,0,SE.Total.SURVEY_LU1_3U223
0.000000,0.000000,0.000000,0.000000,6.781173,0.000000,SE.Total.SURVEY_LU1_3U224
0,0,0,0,0,0,SE.Total.SURVEY_LU1_3U225
0,0,0,0,0,0,SE.Total.SURVEY_LU1_3U226
0.00000,0.00000,0.00000,0.00000,7.52711,0.00000,SE.Total.SURVEY_LU1_3U227
0.00000,0.00000,0.00000,0.00000,7.52711,0.00000,SE.Total.SURVEY_LU1_3U228
0.000000,0.000000,0.000000,0.000000,3.178699,0.000000,SE.Total.SURVEY_LU1_3U311
 0.00000, 0.00000, 0.00000, 0.00000,35.17995,24.27513,SE.Total.SURVEY_LU1_3U312
0,0,0,0,0,0,SE.Total.SURVEY_LU1_3U313
0,0,0,0,0,0,SE.Total.SURVEY_LU1_3U314
0,0,0,0,0,0,SE.Total.SURVEY_LU1_3U316
 0.000000, 0.000000, 0.000000, 0.000000, 4.043247,10.596063,SE.Total.SURVEY_LU1_3U317
0.000000,0.000000,0.000000,0.000000,7.756847,0.000000,SE.Total.SURVEY_LU1_3U319
0,0,0,0,0,0,SE.Total.SURVEY_LU1_3U321
0.00000,0.00000,0.00000,0.00000,2.61134,0.00000,SE.Total.SURVEY_LU1_3U322
0.000000,0.000000,0.000000,0.000000,8.557214,0.000000,SE.Total.SURVEY_LU1_3U330
 0.00000, 0.00000, 0.00000, 0.00000,21.09098,11.13982,SE.Total.SURVEY_LU1_3U341
0,0,0,0,0,0,SE.Total.SURVEY_LU1_3U342
0.000000,0.000000,0.000000,0.000000,7.756847,7.107736,SE.Total.SURVEY_LU1_3U350
0.000000,0.000000,0.000000,0.000000,7.545914,1.716375,SE.Total.SURVEY_LU1_3U361
0.000000,0.000000,0.000000,0.000000,9.401298,6.843109,SE.Total.SURVEY_LU1_3U362
 0.000000, 5.029715, 0.000000, 0.000000,41.925113,29.044126,SE.Total.SURVEY_LU1_3U370
0.000000,0.000000,0.000000,0.000000,1.454041,0.000000,SE.Total.SURVEY_LU1_3U411
0,0,0,0,0,0,SE.Total.SURVEY_LU1_3U412
0.000000,0.000000,0.000000,0.000000,0.000000,7.969943,SE.Total.SURVEY_LU1_3U414
0,0,0,0,0,0,SE.Total.SURVEY_LU1_3U415
0.000000,0.000000,0.000000,0.000000,4.416798,7.024685,SE.Total.SURVEY_LU1_3U420
 0.000000, 3.558781, 6.655843, 0.000000,17.762151,13.068006,SE.Total.settlement0
 0.000000, 5.029715, 0.000000, 0.000000,17.447392,11.459191,SE.Total.settlement1
 0.000000, 5.029715, 0.000000, 0.000000,12.416915, 8.559400,SE.Total.fao_class_name0
 0.000000, 3.558781, 6.655843, 0.000000,14.637328, 9.671597,SE.Total.fao_class_name1
0.000000,0.000000,0.000000,0.000000,0.000000,1.431019,SE.Total.fao_class_name2
 0.000000, 0.000000, 0.000000, 0.000000,10.881589, 4.695626,SE.Total.fao_class_name3
 0.000000, 3.558781, 6.655843, 0.000000,41.215203,28.993781,SE.Total.lue0
 0.000000, 5.029715, 0.000000, 0.000000,40.994112,28.273646,SE.Total.lue1
 0.000000, 6.161408, 6.655843, 0.000000,37.797894,25.986262,SE.Total.lud0
 0.00000, 0.00000, 0.00000, 0.00000,37.43555,25.17459,SE.Total.lud1
    3.748584,  605.695004, 1122.744496,  158.251416,12969.138866,15757.189208,CI.l(95%).Total.area
   3.748584,  16.056009,  12.083458,  64.312448,2124.856643,1421.884194,CI.l(95%).Total.SURVEY_LC1_1A
   0.000000, 419.428109, 255.522116,   3.751496,3397.238912,3661.933408,CI.l(95%).Total.SURVEY_LC1_1B
   0.00000,  99.53871, 799.18508,  48.82369,2176.23153,4853.46274,CI.l(95%).Total.SURVEY_LC1_1C
  0.000000, 11.893401, 19.958550,  3.749878, 99.501909,153.592580,CI.l(95%).Total.SURVEY_LC1_1D
   0.00000,  49.99488,  28.01229,  30.07887,3866.45522,4946.61450,CI.l(95%).Total.SURVEY_LC1_1E
  0.000000,  0.000000,  0.000000,  3.785161,799.963679,471.264986,CI.l(95%).Total.SURVEY_LC1_1F
  0.000000,  0.000000,  0.000000,  3.749878,326.905798,111.536580,CI.l(95%).Total.SURVEY_LC1_1G
 0.000000, 4.026892, 7.983002, 0.000000,47.999620,44.074997,CI.l(95%).Total.SURVEY_LC1_1H
    0.00000,  502.90844, 1014.84866,   37.46369, 8359.43887,12613.59754,CI.l(95%).Total.SURVEY_LU1_1U1
  0.000000,  0.000000,  4.026784,  0.000000,102.522423, 40.114545,CI.l(95%).Total.SURVEY_LU1_1U2
   3.748584,  94.061895,  83.895593, 113.289264,3856.300492,2522.492394,CI.l(95%).Total.SURVEY_LU1_1U3
  0.000000,  3.967661, 19.973458,  7.498462,536.531163,516.127653,CI.l(95%).Total.SURVEY_LU1_1U4
  3.748584,  0.000000,  0.000000, 37.816323,918.348526,504.592527,CI.l(95%).Total.SURVEY_LC1_2A1
   0.000000,  12.040394,   4.066258,  26.496125,1068.380918, 802.279924,CI.l(95%).Total.SURVEY_LC1_2A2
 0.000000, 0.000000, 4.026784, 0.000000,28.095832,36.065047,CI.l(95%).Total.SURVEY_LC1_2A3
0.000000,4.015615,3.990417,0.000000,0.000000,0.000000,CI.l(95%).Total.SURVEY_LC1_2Ax
   0.000000,   0.000000,   0.000000,   3.751496,1613.378046,1755.446195,CI.l(95%).Total.SURVEY_LC1_2B1
  0.0000,  0.0000,  0.0000,  0.0000,530.2727,731.4057,CI.l(95%).Total.SURVEY_LC1_2B2
  0.0000,  0.0000,  0.0000,  0.0000,147.1114,510.3997,CI.l(95%).Total.SURVEY_LC1_2B3
  0.00000,  0.00000,  0.00000,  0.00000,127.43581, 71.87364,CI.l(95%).Total.SURVEY_LC1_2B4
  0.0000,  0.0000,  0.0000,  0.0000,740.2227,512.9707,CI.l(95%).Total.SURVEY_LC1_2B5
  0.0000,  0.0000,  0.0000,  0.0000,206.8341, 63.7258,CI.l(95%).Total.SURVEY_LC1_2B7
 0.00000, 0.00000, 0.00000, 0.00000,28.01009,11.99247,CI.l(95%).Total.SURVEY_LC1_2B8
  0.0000,419.4281,255.5221,  0.0000,  0.0000,  0.0000,CI.l(95%).Total.SURVEY_LC1_2Bx
   0.00000,  12.02170,  56.07105,  41.26639,1523.91955,3435.59978,CI.l(95%).Total.SURVEY_LC1_2C1
   0.000000,  31.420952, 574.828018,   3.807416, 116.425310,1018.945474,CI.l(95%).Total.SURVEY_LC1_2C2
  0.000000, 36.299754, 86.555329,  3.749878,435.125591,359.280782,CI.l(95%).Total.SURVEY_LC1_2C3
 0.00000,19.79630,75.93089, 0.00000, 0.00000, 0.00000,CI.l(95%).Total.SURVEY_LC1_2Cx
 0.000000, 7.930531, 3.978886, 3.749878,39.827620,69.674335,CI.l(95%).Total.SURVEY_LC1_2D1
 0.00000, 0.00000, 0.00000, 0.00000,59.67429,83.91825,CI.l(95%).Total.SURVEY_LC1_2D2
 0.00000, 3.96287,15.97966, 0.00000, 0.00000, 0.00000,CI.l(95%).Total.SURVEY_LC1_2Dx
  0.000000,  3.937751,  0.000000,  7.497168,385.871205,329.029343,CI.l(95%).Total.SURVEY_LC1_2E1
   0.000000,  14.643720,   7.984743,  22.581699,3068.691453,4211.463735,CI.l(95%).Total.SURVEY_LC1_2E2
  0.000000,  3.998295,  0.000000,  0.000000,374.719062,373.789414,CI.l(95%).Total.SURVEY_LC1_2E3
 0.00000,23.45353,20.02754, 0.00000, 0.00000, 0.00000,CI.l(95%).Total.SURVEY_LC1_2Ex
0.000000,0.000000,0.000000,0.000000,0.000000,7.980423,CI.l(95%).Total.SURVEY_LC1_2F1
0.000000,0.000000,0.000000,0.000000,8.005423,8.029241,CI.l(95%).Total.SURVEY_LC1_2F2
  0.000000,  0.000000,  0.000000,  3.785161,791.958257,455.255322,CI.l(95%).Total.SURVEY_LC1_2F4
  0.00000,  0.00000,  0.00000,  0.00000,135.15312, 43.86535,CI.l(95%).Total.SURVEY_LC1_2G1
  0.000000,  0.000000,  0.000000,  3.749878,187.816294, 67.671233,CI.l(95%).Total.SURVEY_LC1_2G2
0.00000,0.00000,0.00000,0.00000,3.93638,0.00000,CI.l(95%).Total.SURVEY_LC1_2G3
 0.00000, 0.00000, 0.00000, 0.00000,47.99962,44.07500,CI.l(95%).Total.SURVEY_LC1_2H1
0.000000,4.026892,7.983002,0.000000,0.000000,0.000000,CI.l(95%).Total.SURVEY_LC1_2Hx
   0.00000, 435.42908, 267.60516,  11.25434,6848.17209,8041.50509,CI.l(95%).Total.SURVEY_LU1_2U11
   0.00000,  67.47937, 743.26462,  26.20935,1452.97741,4499.73565,CI.l(95%).Total.SURVEY_LU1_2U12
 0.00000, 0.00000, 0.00000, 0.00000, 8.00926,12.04397,CI.l(95%).Total.SURVEY_LU1_2U13
 0.000000, 0.000000, 3.978886, 0.000000,27.775740,43.838163,CI.l(95%).Total.SURVEY_LU1_2U14
0.000000,0.000000,0.000000,0.000000,4.039787,0.000000,CI.l(95%).Total.SURVEY_LU1_2U15
 0.000000, 0.000000, 4.026784, 0.000000,19.904033, 8.031062,CI.l(95%).Total.SURVEY_LU1_2U21
 0.00000, 0.00000, 0.00000, 0.00000,82.61839,32.08348,CI.l(95%).Total.SURVEY_LU1_2U22
   0.00000,   0.00000,   0.00000,  30.24471,1033.69758, 759.05453,CI.l(95%).Total.SURVEY_LU1_2U31
 0.000000, 4.032834, 0.000000, 0.000000,32.083274,15.955240,CI.l(95%).Total.SURVEY_LU1_2U32
 0.00000, 0.00000, 0.00000, 0.00000,38.02078,19.95476,CI.l(95%).Total.SURVEY_LU1_2U33
 0.00000, 3.93638, 0.00000, 0.00000,98.26506,43.06242,CI.l(95%).Total.SURVEY_LU1_2U34
  0.000000, 27.665463, 47.905521,  7.570321,122.348589, 96.045980,CI.l(95%).Total.SURVEY_LU1_2U35
  0.000000,  8.033613,  0.000000, 18.793445,317.436788,115.935460,CI.l(95%).Total.SURVEY_LU1_2U36
   3.748584,  50.393605,  35.990072,  56.680789,2009.063510,1344.736294,CI.l(95%).Total.SURVEY_LU1_2U37
 0.000000, 0.000000, 0.000000, 3.748584,29.482802,14.576764,CI.l(95%).Total.SURVEY_LU1_2U41
  0.000000,  3.967661, 19.973458,  3.749878,504.655526,492.984322,CI.l(95%).Total.SURVEY_LU1_2U42
  0.00000,  0.00000,  0.00000, 22.67568,843.35453,485.69728,CI.l(95%).Total.SURVEY_LC1_3A11
 0.000000, 0.000000, 0.000000,15.140643,12.216712,-5.461242,CI.l(95%).Total.SURVEY_LC1_3A12
 0.000000, 0.000000, 0.000000, 0.000000,36.204882, 7.995924,CI.l(95%).Total.SURVEY_LC1_3A13
3.748584,0.000000,0.000000,0.000000,0.000000,0.000000,CI.l(95%).Total.SURVEY_LC1_3A1x
  0.0000,  0.0000,  0.0000,  0.0000,464.9406,264.9628,CI.l(95%).Total.SURVEY_LC1_3A21
  0.00000,  0.00000,  0.00000, 26.49612,558.26029,504.75838,CI.l(95%).Total.SURVEY_LC1_3A22
 0.000000,12.040394, 4.066258, 0.000000, 0.000000, 0.000000,CI.l(95%).Total.SURVEY_LC1_3A2x
 0.00000, 0.00000, 0.00000, 0.00000,28.09583,36.06505,CI.l(95%).Total.SURVEY_LC1_3A30
0.000000,0.000000,4.026784,0.000000,0.000000,0.000000,CI.l(95%).Total.SURVEY_LC1_3A3x
0.000000,4.015615,3.990417,0.000000,0.000000,0.000000,CI.l(95%).Total.SURVEY_LC1_3Axx
  0.0000,  0.0000,  0.0000,  0.0000,439.4401,871.8642,CI.l(95%).Total.SURVEY_LC1_3B11
 0.000000, 0.000000, 0.000000, 0.000000,43.782215, 8.062557,CI.l(95%).Total.SURVEY_LC1_3B12
  0.0000,  0.0000,  0.0000,  0.0000,123.9593,219.9446,CI.l(95%).Total.SURVEY_LC1_3B13
 0.000000, 0.000000, 0.000000, 0.000000,12.042309, 3.988886,CI.l(95%).Total.SURVEY_LC1_3B14
 0.00000, 0.00000, 0.00000, 0.00000,31.82584,51.94236,CI.l(95%).Total.SURVEY_LC1_3B15
  0.000000,  0.000000,  0.000000,  3.751496,950.393719,571.608594,CI.l(95%).Total.SURVEY_LC1_3B16
 0.00000, 0.00000, 0.00000, 0.00000,11.93450,20.02271,CI.l(95%).Total.SURVEY_LC1_3B18
0.000000,0.000000,0.000000,0.000000,0.000000,8.012325,CI.l(95%).Total.SURVEY_LC1_3B19
  0.0000,  0.0000,  0.0000,  0.0000,315.1789,427.0116,CI.l(95%).Total.SURVEY_LC1_3B21
  0.0000,  0.0000,  0.0000,  0.0000,143.3927,256.5730,CI.l(95%).Total.SURVEY_LC1_3B22
 0.00000, 0.00000, 0.00000, 0.00000,71.70104,47.82106,CI.l(95%).Total.SURVEY_LC1_3B23
 0.000000, 0.000000, 0.000000, 0.000000, 3.931528,95.935848,CI.l(95%).Total.SURVEY_LC1_3B32
0.000000,0.000000,0.000000,0.000000,0.000000,4.028051,CI.l(95%).Total.SURVEY_LC1_3B33
  0.0000,  0.0000,  0.0000,  0.0000,115.3393,342.6706,CI.l(95%).Total.SURVEY_LC1_3B35
 0.00000, 0.00000, 0.00000, 0.00000,27.84059,67.76517,CI.l(95%).Total.SURVEY_LC1_3B37
 0.000000, 0.000000, 0.000000, 0.000000, 3.934719,20.022618,CI.l(95%).Total.SURVEY_LC1_3B41
 0.00000, 0.00000, 0.00000, 0.00000,75.46086,47.86371,CI.l(95%).Total.SURVEY_LC1_3B43
 0.00000, 0.00000, 0.00000, 0.00000,40.11031, 0.00000,CI.l(95%).Total.SURVEY_LC1_3B44
0.000000,0.000000,0.000000,0.000000,7.929918,3.987307,CI.l(95%).Total.SURVEY_LC1_3B45
 0.000000, 0.000000, 0.000000, 0.000000, 7.970125,39.887789,CI.l(95%).Total.SURVEY_LC1_3B51
 0.00000, 0.00000, 0.00000, 0.00000, 0.00000,40.06407,CI.l(95%).Total.SURVEY_LC1_3B52
 0.00000, 0.00000, 0.00000, 0.00000,16.02741,79.66225,CI.l(95%).Total.SURVEY_LC1_3B53
0.000000,0.000000,0.000000,0.000000,3.937327,0.000000,CI.l(95%).Total.SURVEY_LC1_3B54
  0.0000,  0.0000,  0.0000,  0.0000,712.2878,353.3565,CI.l(95%).Total.SURVEY_LC1_3B55
 0.00000, 0.00000, 0.00000, 0.00000,63.72262,27.96236,CI.l(95%).Total.SURVEY_LC1_3B71
 0.00000, 0.00000, 0.00000, 0.00000,87.50884,27.78101,CI.l(95%).Total.SURVEY_LC1_3B72
 0.000000, 0.000000, 0.000000, 0.000000,39.639392, 3.992002,CI.l(95%).Total.SURVEY_LC1_3B73
 0.000000, 0.000000, 0.000000, 0.000000,12.031768, 3.990417,CI.l(95%).Total.SURVEY_LC1_3B74
0.000000,0.000000,0.000000,0.000000,3.931528,0.000000,CI.l(95%).Total.SURVEY_LC1_3B75
0.000000,0.000000,0.000000,0.000000,0.000000,4.009882,CI.l(95%).Total.SURVEY_LC1_3B82
 0.000000, 0.000000, 0.000000, 0.000000,28.010094, 3.995281,CI.l(95%).Total.SURVEY_LC1_3B83
0.000000,0.000000,0.000000,0.000000,0.000000,3.987307,CI.l(95%).Total.SURVEY_LC1_3B84
  0.0000,371.6446,235.6014,  0.0000,  0.0000,  0.0000,CI.l(95%).Total.SURVEY_LC1_3Bx1
 0.00000,27.85708,11.95103, 0.00000, 0.00000, 0.00000,CI.l(95%).Total.SURVEY_LC1_3Bx2
 0.000000,19.926384, 7.969644, 0.000000, 0.000000, 0.000000,CI.l(95%).Total.SURVEY_LC1_3Bxx
   0.00000,   0.00000,   0.00000,  41.26639,1523.91955,3435.59978,CI.l(95%).Total.SURVEY_LC1_3C10
 0.00000,12.02170,56.07105, 0.00000, 0.00000, 0.00000,CI.l(95%).Total.SURVEY_LC1_3C1x
  0.00000,  0.00000,  0.00000,  0.00000, 16.16365,748.58321,CI.l(95%).Total.SURVEY_LC1_3C21
 0.00000, 0.00000, 0.00000, 0.00000,88.17550,36.26325,CI.l(95%).Total.SURVEY_LC1_3C22
  0.000000,  0.000000,  0.000000,  3.807416, 12.086158,234.099014,CI.l(95%).Total.SURVEY_LC1_3C23
  0.00000, 31.42095,574.82802,  0.00000,  0.00000,  0.00000,CI.l(95%).Total.SURVEY_LC1_3C2x
  0.00000,  0.00000,  0.00000,  0.00000, 35.09276,145.50004,CI.l(95%).Total.SURVEY_LC1_3C31
  0.000000,  0.000000,  0.000000,  3.749878,327.688884, 72.275753,CI.l(95%).Total.SURVEY_LC1_3C32
  0.00000,  0.00000,  0.00000,  0.00000, 47.09813,138.07722,CI.l(95%).Total.SURVEY_LC1_3C33
 0.00000,36.29975,86.55533, 0.00000, 0.00000, 0.00000,CI.l(95%).Total.SURVEY_LC1_3C3x
 0.00000,19.79630,75.93089, 0.00000, 0.00000, 0.00000,CI.l(95%).Total.SURVEY_LC1_3Cxx
 0.000000, 0.000000, 0.000000, 3.749878,39.827620,69.674335,CI.l(95%).Total.SURVEY_LC1_3D10
0.000000,7.930531,3.978886,0.000000,0.000000,0.000000,CI.l(95%).Total.SURVEY_LC1_3D1x
 0.00000, 0.00000, 0.00000, 0.00000,59.67429,83.91825,CI.l(95%).Total.SURVEY_LC1_3D20
 0.00000, 3.96287,15.97966, 0.00000, 0.00000, 0.00000,CI.l(95%).Total.SURVEY_LC1_3Dxx
  0.000000,  0.000000,  0.000000,  7.497168,385.871205,329.029343,CI.l(95%).Total.SURVEY_LC1_3E10
0.000000,3.937751,0.000000,0.000000,0.000000,0.000000,CI.l(95%).Total.SURVEY_LC1_3E1x
   0.0000,   0.0000,   0.0000,  22.5817,3068.6915,4211.4637,CI.l(95%).Total.SURVEY_LC1_3E20
 0.000000,14.643720, 7.984743, 0.000000, 0.000000, 0.000000,CI.l(95%).Total.SURVEY_LC1_3E2x
  0.0000,  0.0000,  0.0000,  0.0000,374.7191,373.7894,CI.l(95%).Total.SURVEY_LC1_3E30
0.000000,3.998295,0.000000,0.000000,0.000000,0.000000,CI.l(95%).Total.SURVEY_LC1_3E3x
 0.00000,23.45353,20.02754, 0.00000, 0.00000, 0.00000,CI.l(95%).Total.SURVEY_LC1_3Exx
0.000000,0.000000,0.000000,0.000000,0.000000,7.980423,CI.l(95%).Total.SURVEY_LC1_3F10
0.000000,0.000000,0.000000,0.000000,8.005423,8.029241,CI.l(95%).Total.SURVEY_LC1_3F20
  0.000000,  0.000000,  0.000000,  3.785161,791.958257,455.255322,CI.l(95%).Total.SURVEY_LC1_3F40
  0.00000,  0.00000,  0.00000,  0.00000,131.17327, 43.86535,CI.l(95%).Total.SURVEY_LC1_3G11
0.000000,0.000000,0.000000,0.000000,3.979852,0.000000,CI.l(95%).Total.SURVEY_LC1_3G12
  0.000000,  0.000000,  0.000000,  3.749878,163.849652, 67.671233,CI.l(95%).Total.SURVEY_LC1_3G21
 0.00000, 0.00000, 0.00000, 0.00000,23.96664, 0.00000,CI.l(95%).Total.SURVEY_LC1_3G22
0.00000,0.00000,0.00000,0.00000,3.93638,0.00000,CI.l(95%).Total.SURVEY_LC1_3G30
 0.000000, 0.000000, 0.000000, 0.000000,44.007676, 3.984653,CI.l(95%).Total.SURVEY_LC1_3H11
 0.000000, 0.000000, 0.000000, 0.000000, 3.991944,40.090344,CI.l(95%).Total.SURVEY_LC1_3H12
0.000000,4.026892,7.983002,0.000000,0.000000,0.000000,CI.l(95%).Total.SURVEY_LC1_3Hxx
   0.00000, 427.45014, 259.63070,  11.25434,6616.72570,8005.57599,CI.l(95%).Total.SURVEY_LU1_3U111
  0.00000,  0.00000,  0.00000,  0.00000,171.55908, 23.96265,CI.l(95%).Total.SURVEY_LU1_3U112
 0.000000, 7.978938, 7.974453, 0.000000,59.887306,11.966455,CI.l(95%).Total.SURVEY_LU1_3U113
   0.00000,  67.47937, 743.26462,  26.20935,1452.97741,4499.73565,CI.l(95%).Total.SURVEY_LU1_3U120
 0.00000, 0.00000, 0.00000, 0.00000, 8.00926,12.04397,CI.l(95%).Total.SURVEY_LU1_3U130
 0.000000, 0.000000, 3.978886, 0.000000,27.775740,43.838163,CI.l(95%).Total.SURVEY_LU1_3U140
0.000000,0.000000,0.000000,0.000000,4.039787,0.000000,CI.l(95%).Total.SURVEY_LU1_3U150
 0.000000, 0.000000, 4.026784, 0.000000,19.904033, 8.031062,CI.l(95%).Total.SURVEY_LU1_3U210
 0.0000000, 0.0000000, 0.0000000, 0.0000000,-0.1278459, 0.0000000,CI.l(95%).Total.SURVEY_LU1_3U221
0.000000,0.000000,0.000000,0.000000,3.971597,0.000000,CI.l(95%).Total.SURVEY_LU1_3U222
 0.000000, 0.000000, 0.000000, 0.000000,12.114488, 3.986711,CI.l(95%).Total.SURVEY_LU1_3U223
 0.000000, 0.000000, 0.000000, 0.000000,-4.176666, 4.041081,CI.l(95%).Total.SURVEY_LU1_3U224
 0.00000, 0.00000, 0.00000, 0.00000,24.20993,12.00346,CI.l(95%).Total.SURVEY_LU1_3U225
 0.000000, 0.000000, 0.000000, 0.000000,23.890699, 3.999327,CI.l(95%).Total.SURVEY_LU1_3U226
 0.0000000, 0.0000000, 0.0000000, 0.0000000,-0.9059427, 4.0277912,CI.l(95%).Total.SURVEY_LU1_3U227
 0.000000, 0.000000, 0.000000, 0.000000,-4.954763, 4.025117,CI.l(95%).Total.SURVEY_LU1_3U228
 0.00000, 0.00000, 0.00000, 0.00000,19.66442,27.91491,CI.l(95%).Total.SURVEY_LU1_3U311
  0.00000,  0.00000,  0.00000, 30.24471,680.11447,593.38887,CI.l(95%).Total.SURVEY_LU1_3U312
  0.00000,  0.00000,  0.00000,  0.00000,135.70614, 31.79665,CI.l(95%).Total.SURVEY_LU1_3U313
 0.00000, 0.00000, 0.00000, 0.00000,24.03531,23.96237,CI.l(95%).Total.SURVEY_LU1_3U314
0.000000,0.000000,0.000000,0.000000,0.000000,3.985489,CI.l(95%).Total.SURVEY_LU1_3U316
  0.00000,  0.00000,  0.00000,  0.00000,143.44016, 38.96062,CI.l(95%).Total.SURVEY_LU1_3U317
 0.000000, 0.000000, 0.000000, 0.000000, 2.890057,20.040654,CI.l(95%).Total.SURVEY_LU1_3U319
 0.000000, 0.000000, 0.000000, 0.000000,23.890190, 4.025117,CI.l(95%).Total.SURVEY_LU1_3U321
 0.000000, 4.032834, 0.000000, 0.000000, 8.193084,11.930123,CI.l(95%).Total.SURVEY_LU1_3U322
 0.00000, 0.00000, 0.00000, 0.00000,38.02078,19.95476,CI.l(95%).Total.SURVEY_LU1_3U330
 0.00000, 3.93638, 0.00000, 0.00000,86.26910,39.03732,CI.l(95%).Total.SURVEY_LU1_3U341
 0.000000, 0.000000, 0.000000, 0.000000,11.995964, 4.025096,CI.l(95%).Total.SURVEY_LU1_3U342
  0.000000, 27.665463, 47.905521,  7.570321,122.348589, 96.045980,CI.l(95%).Total.SURVEY_LU1_3U350
  0.000000,  8.033613,  0.000000, 18.793445,179.012677, 81.093235,CI.l(95%).Total.SURVEY_LU1_3U361
  0.00000,  0.00000,  0.00000,  0.00000,128.47396, 31.89364,CI.l(95%).Total.SURVEY_LU1_3U362
   3.748584,  50.393605,  35.990072,  56.680789,2009.063510,1344.736294,CI.l(95%).Total.SURVEY_LU1_3U370
 0.000000, 0.000000, 0.000000, 0.000000, 5.528681,11.993718,CI.l(95%).Total.SURVEY_LU1_3U411
0.000000,0.000000,0.000000,3.748584,0.000000,0.000000,CI.l(95%).Total.SURVEY_LU1_3U412
 0.000000, 0.000000, 0.000000, 0.000000,11.914614,-5.411103,CI.l(95%).Total.SURVEY_LU1_3U414
 0.000000, 0.000000, 0.000000, 0.000000,12.039508, 7.994149,CI.l(95%).Total.SURVEY_LU1_3U415
  0.000000,  3.967661, 19.973458,  3.749878,504.655526,492.984322,CI.l(95%).Total.SURVEY_LU1_3U420
    0.00000,  514.90972, 1034.82212,   59.97044, 9074.02016,13168.88062,CI.l(95%).Total.settlement0
   3.748584,  86.028283,  87.922377,  98.280979,3838.199261,2553.257253,CI.l(95%).Total.settlement1
    3.748584,  525.214996,  407.470033,  120.734899,10886.195307,10762.967897,CI.l(95%).Total.fao_class_name0
   0.00000,  55.60424, 703.22242,  26.20935,1532.40376,4676.38668,CI.l(95%).Total.fao_class_name1
 0.00000, 0.00000, 0.00000, 0.00000,27.79374,29.62033,CI.l(95%).Total.fao_class_name2
  0.00000, 20.11877, 12.05204, 11.30717,460.48319,253.49529,CI.l(95%).Total.fao_class_name3
    0.00000,  510.90894, 1038.84890,   75.20686,10191.35640,14007.08568,CI.l(95%).Total.lue0
   3.748584,  90.029061,  83.895593,  83.044555,2628.745162,1650.882522,CI.l(95%).Total.lue1
    3.748584,  601.662170, 1114.738826,  128.006707,11553.203740,14791.019614,CI.l(95%).Total.lud0
   0.000000,   4.032834,   8.005670,  30.244709,1280.570278, 878.917244,CI.l(95%).Total.lud1
    3.748584,  629.847279, 1148.834919,  158.251416,12993.318851,15783.231377,CI.u(95%).Total.area
   3.748584,  16.056009,  12.083458,  64.312448,2204.698253,1472.073833,CI.u(95%).Total.SURVEY_LC1_1A
   0.000000, 419.428109, 255.522116,   3.751496,3421.259191,3672.872289,CI.u(95%).Total.SURVEY_LC1_1B
   0.00000, 113.48887, 825.27551,  48.82369,2233.14416,4900.34613,CI.u(95%).Total.SURVEY_LC1_1C
  0.000000, 11.893401, 19.958550,  3.749878, 99.501909,173.128619,CI.u(95%).Total.SURVEY_LC1_1D
   0.00000,  69.71100,  28.01229,  30.07887,3944.93896,5004.21050,CI.u(95%).Total.SURVEY_LC1_1E
  0.000000,  0.000000,  0.000000,  3.785161,834.620252,471.264986,CI.u(95%).Total.SURVEY_LC1_1F
  0.000000,  0.000000,  0.000000,  3.749878,337.142062,138.085250,CI.u(95%).Total.SURVEY_LC1_1G
 0.000000, 4.026892, 7.983002, 0.000000,47.999620,44.074997,CI.u(95%).Total.SURVEY_LC1_1H
    0.00000,  516.85861, 1040.93908,   37.46369, 8441.21090,12671.48656,CI.u(95%).Total.SURVEY_LU1_1U1
  0.000000,  0.000000,  4.026784,  0.000000,157.503504, 40.114545,CI.u(95%).Total.SURVEY_LU1_1U2
   3.748584, 113.778014,  83.895593, 113.289264,3954.191609,2578.714972,CI.u(95%).Total.SURVEY_LU1_1U3
  0.000000,  3.967661, 19.973458,  7.498462,554.758760,557.772379,CI.u(95%).Total.SURVEY_LU1_1U4
   3.748584,   0.000000,   0.000000,  37.816323,1069.149690, 608.222811,CI.u(95%).Total.SURVEY_LC1_2A1
   0.000000,  12.040394,   4.066258,  26.496125,1217.484098, 906.732671,CI.u(95%).Total.SURVEY_LC1_2A2
 0.000000, 0.000000, 4.026784, 0.000000,28.095832,36.065047,CI.u(95%).Total.SURVEY_LC1_2A3
0.000000,4.015615,3.990417,0.000000,0.000000,0.000000,CI.u(95%).Total.SURVEY_LC1_2Ax
   0.000000,   0.000000,   0.000000,   3.751496,1613.378046,1762.259368,CI.u(95%).Total.SURVEY_LC1_2B1
  0.0000,  0.0000,  0.0000,  0.0000,540.5127,738.1500,CI.u(95%).Total.SURVEY_LC1_2B2
  0.0000,  0.0000,  0.0000,  0.0000,147.1114,510.3997,CI.u(95%).Total.SURVEY_LC1_2B3
  0.00000,  0.00000,  0.00000,  0.00000,127.43581, 71.87364,CI.u(95%).Total.SURVEY_LC1_2B4
  0.0000,  0.0000,  0.0000,  0.0000,761.9509,518.5905,CI.u(95%).Total.SURVEY_LC1_2B5
  0.0000,  0.0000,  0.0000,  0.0000,206.8341, 63.7258,CI.u(95%).Total.SURVEY_LC1_2B7
 0.00000, 0.00000, 0.00000, 0.00000,28.01009,11.99247,CI.u(95%).Total.SURVEY_LC1_2B8
  0.0000,419.4281,255.5221,  0.0000,  0.0000,  0.0000,CI.u(95%).Total.SURVEY_LC1_2Bx
   0.00000,  12.02170,  56.07105,  41.26639,1615.40666,3490.60067,CI.u(95%).Total.SURVEY_LC1_2C1
   0.000000,  45.371116, 593.804658,   3.807416, 182.349160,1058.096798,CI.u(95%).Total.SURVEY_LC1_2C2
  0.000000, 36.299754,105.268704,  3.749878,536.149412,391.285363,CI.u(95%).Total.SURVEY_LC1_2C3
 0.00000,19.79630,75.93089, 0.00000, 0.00000, 0.00000,CI.u(95%).Total.SURVEY_LC1_2Cx
 0.000000, 7.930531, 3.978886, 3.749878,39.827620,89.210373,CI.u(95%).Total.SURVEY_LC1_2D1
 0.00000, 0.00000, 0.00000, 0.00000,59.67429,83.91825,CI.u(95%).Total.SURVEY_LC1_2D2
 0.00000, 3.96287,15.97966, 0.00000, 0.00000, 0.00000,CI.u(95%).Total.SURVEY_LC1_2Dx
  0.000000,  3.937751,  0.000000,  7.497168,427.838200,372.958306,CI.u(95%).Total.SURVEY_LC1_2E1
   0.000000,  30.301901,   7.984743,  22.581699,3141.404178,4262.551654,CI.u(95%).Total.SURVEY_LC1_2E2
  0.000000,  3.998295,  0.000000,  0.000000,412.870085,401.032547,CI.u(95%).Total.SURVEY_LC1_2E3
 0.00000,35.43463,20.02754, 0.00000, 0.00000, 0.00000,CI.u(95%).Total.SURVEY_LC1_2Ex
0.000000,0.000000,0.000000,0.000000,0.000000,7.980423,CI.u(95%).Total.SURVEY_LC1_2F1
0.000000,0.000000,0.000000,0.000000,8.005423,8.029241,CI.u(95%).Total.SURVEY_LC1_2F2
  0.000000,  0.000000,  0.000000,  3.785161,826.614829,455.255322,CI.u(95%).Total.SURVEY_LC1_2F4
  0.00000,  0.00000,  0.00000,  0.00000,135.15312, 70.41402,CI.u(95%).Total.SURVEY_LC1_2G1
  0.000000,  0.000000,  0.000000,  3.749878,198.052558, 67.671233,CI.u(95%).Total.SURVEY_LC1_2G2
0.00000,0.00000,0.00000,0.00000,3.93638,0.00000,CI.u(95%).Total.SURVEY_LC1_2G3
 0.00000, 0.00000, 0.00000, 0.00000,47.99962,44.07500,CI.u(95%).Total.SURVEY_LC1_2H1
0.000000,4.026892,7.983002,0.000000,0.000000,0.000000,CI.u(95%).Total.SURVEY_LC1_2Hx
   0.00000, 435.42908, 267.60516,  11.25434,6909.71889,8088.91132,CI.u(95%).Total.SURVEY_LU1_2U11
   0.00000,  81.42953, 769.35504,  26.20935,1510.13181,4543.16776,CI.u(95%).Total.SURVEY_LU1_2U12
 0.00000, 0.00000, 0.00000, 0.00000, 8.00926,12.04397,CI.u(95%).Total.SURVEY_LU1_2U13
 0.000000, 0.000000, 3.978886, 0.000000,27.775740,43.838163,CI.u(95%).Total.SURVEY_LU1_2U14
0.000000,0.000000,0.000000,0.000000,4.039787,0.000000,CI.u(95%).Total.SURVEY_LU1_2U15
 0.000000, 0.000000, 4.026784, 0.000000,19.904033, 8.031062,CI.u(95%).Total.SURVEY_LU1_2U21
  0.00000,  0.00000,  0.00000,  0.00000,137.59947, 32.08348,CI.u(95%).Total.SURVEY_LU1_2U22
   0.00000,   0.00000,   0.00000,  30.24471,1174.62219, 857.73713,CI.u(95%).Total.SURVEY_LU1_2U31
 0.000000, 4.032834, 0.000000, 0.000000,42.319538,15.955240,CI.u(95%).Total.SURVEY_LU1_2U32
 0.00000, 0.00000, 0.00000, 0.00000,71.56444,19.95476,CI.u(95%).Total.SURVEY_LU1_2U33
  0.00000,  3.93638,  0.00000,  0.00000,180.94020, 86.72973,CI.u(95%).Total.SURVEY_LU1_2U34
  0.000000, 27.665463, 47.905521,  7.570321,152.754871,123.907792,CI.u(95%).Total.SURVEY_LU1_2U35
  0.000000,  8.033613,  0.000000, 18.793445,363.968338,143.590846,CI.u(95%).Total.SURVEY_LU1_2U36
   3.748584,  70.109724,  35.990072,  56.680789,2173.406935,1458.587175,CI.u(95%).Total.SURVEY_LU1_2U37
 0.000000, 0.000000, 0.000000, 3.748584,35.182538,45.818367,CI.u(95%).Total.SURVEY_LU1_2U41
  0.000000,  3.967661, 19.973458,  3.749878,521.969056,520.520579,CI.u(95%).Total.SURVEY_LU1_2U42
  0.00000,  0.00000,  0.00000, 22.67568,995.89401,590.51761,CI.u(95%).Total.SURVEY_LC1_3A11
 0.00000, 0.00000, 0.00000,15.14064,63.62320,26.06984,CI.u(95%).Total.SURVEY_LC1_3A12
 0.000000, 0.000000, 0.000000, 0.000000,36.204882, 7.995924,CI.u(95%).Total.SURVEY_LC1_3A13
3.748584,0.000000,0.000000,0.000000,0.000000,0.000000,CI.u(95%).Total.SURVEY_LC1_3A1x
  0.0000,  0.0000,  0.0000,  0.0000,568.8498,342.2404,CI.u(95%).Total.SURVEY_LC1_3A21
  0.00000,  0.00000,  0.00000, 26.49612,693.81434,597.05099,CI.u(95%).Total.SURVEY_LC1_3A22
 0.000000,12.040394, 4.066258, 0.000000, 0.000000, 0.000000,CI.u(95%).Total.SURVEY_LC1_3A2x
 0.00000, 0.00000, 0.00000, 0.00000,28.09583,36.06505,CI.u(95%).Total.SURVEY_LC1_3A30
0.000000,0.000000,4.026784,0.000000,0.000000,0.000000,CI.u(95%).Total.SURVEY_LC1_3A3x
0.000000,4.015615,3.990417,0.000000,0.000000,0.000000,CI.u(95%).Total.SURVEY_LC1_3Axx
  0.0000,  0.0000,  0.0000,  0.0000,439.4401,878.6773,CI.u(95%).Total.SURVEY_LC1_3B11
 0.000000, 0.000000, 0.000000, 0.000000,43.782215, 8.062557,CI.u(95%).Total.SURVEY_LC1_3B12
  0.0000,  0.0000,  0.0000,  0.0000,123.9593,219.9446,CI.u(95%).Total.SURVEY_LC1_3B13
 0.000000, 0.000000, 0.000000, 0.000000,12.042309, 3.988886,CI.u(95%).Total.SURVEY_LC1_3B14
 0.00000, 0.00000, 0.00000, 0.00000,31.82584,51.94236,CI.u(95%).Total.SURVEY_LC1_3B15
  0.000000,  0.000000,  0.000000,  3.751496,950.393719,571.608594,CI.u(95%).Total.SURVEY_LC1_3B16
 0.00000, 0.00000, 0.00000, 0.00000,11.93450,20.02271,CI.u(95%).Total.SURVEY_LC1_3B18
0.000000,0.000000,0.000000,0.000000,0.000000,8.012325,CI.u(95%).Total.SURVEY_LC1_3B19
  0.0000,  0.0000,  0.0000,  0.0000,325.4190,427.0116,CI.u(95%).Total.SURVEY_LC1_3B21
  0.0000,  0.0000,  0.0000,  0.0000,143.3927,263.3174,CI.u(95%).Total.SURVEY_LC1_3B22
 0.00000, 0.00000, 0.00000, 0.00000,71.70104,47.82106,CI.u(95%).Total.SURVEY_LC1_3B23
 0.000000, 0.000000, 0.000000, 0.000000, 3.931528,95.935848,CI.u(95%).Total.SURVEY_LC1_3B32
0.000000,0.000000,0.000000,0.000000,0.000000,4.028051,CI.u(95%).Total.SURVEY_LC1_3B33
  0.0000,  0.0000,  0.0000,  0.0000,115.3393,342.6706,CI.u(95%).Total.SURVEY_LC1_3B35
 0.00000, 0.00000, 0.00000, 0.00000,27.84059,67.76517,CI.u(95%).Total.SURVEY_LC1_3B37
 0.000000, 0.000000, 0.000000, 0.000000, 3.934719,20.022618,CI.u(95%).Total.SURVEY_LC1_3B41
 0.00000, 0.00000, 0.00000, 0.00000,75.46086,47.86371,CI.u(95%).Total.SURVEY_LC1_3B43
 0.00000, 0.00000, 0.00000, 0.00000,40.11031, 0.00000,CI.u(95%).Total.SURVEY_LC1_3B44
0.000000,0.000000,0.000000,0.000000,7.929918,3.987307,CI.u(95%).Total.SURVEY_LC1_3B45
 0.000000, 0.000000, 0.000000, 0.000000, 7.970125,39.887789,CI.u(95%).Total.SURVEY_LC1_3B51
 0.00000, 0.00000, 0.00000, 0.00000, 0.00000,40.06407,CI.u(95%).Total.SURVEY_LC1_3B52
 0.00000, 0.00000, 0.00000, 0.00000,16.02741,79.66225,CI.u(95%).Total.SURVEY_LC1_3B53
0.000000,0.000000,0.000000,0.000000,3.937327,0.000000,CI.u(95%).Total.SURVEY_LC1_3B54
  0.0000,  0.0000,  0.0000,  0.0000,734.0161,358.9764,CI.u(95%).Total.SURVEY_LC1_3B55
 0.00000, 0.00000, 0.00000, 0.00000,63.72262,27.96236,CI.u(95%).Total.SURVEY_LC1_3B71
 0.00000, 0.00000, 0.00000, 0.00000,87.50884,27.78101,CI.u(95%).Total.SURVEY_LC1_3B72
 0.000000, 0.000000, 0.000000, 0.000000,39.639392, 3.992002,CI.u(95%).Total.SURVEY_LC1_3B73
 0.000000, 0.000000, 0.000000, 0.000000,12.031768, 3.990417,CI.u(95%).Total.SURVEY_LC1_3B74
0.000000,0.000000,0.000000,0.000000,3.931528,0.000000,CI.u(95%).Total.SURVEY_LC1_3B75
0.000000,0.000000,0.000000,0.000000,0.000000,4.009882,CI.u(95%).Total.SURVEY_LC1_3B82
 0.000000, 0.000000, 0.000000, 0.000000,28.010094, 3.995281,CI.u(95%).Total.SURVEY_LC1_3B83
0.000000,0.000000,0.000000,0.000000,0.000000,3.987307,CI.u(95%).Total.SURVEY_LC1_3B84
  0.0000,371.6446,235.6014,  0.0000,  0.0000,  0.0000,CI.u(95%).Total.SURVEY_LC1_3Bx1
 0.00000,27.85708,11.95103, 0.00000, 0.00000, 0.00000,CI.u(95%).Total.SURVEY_LC1_3Bx2
 0.000000,19.926384, 7.969644, 0.000000, 0.000000, 0.000000,CI.u(95%).Total.SURVEY_LC1_3Bxx
   0.00000,   0.00000,   0.00000,  41.26639,1615.40666,3490.60067,CI.u(95%).Total.SURVEY_LC1_3C10
 0.00000,12.02170,56.07105, 0.00000, 0.00000, 0.00000,CI.u(95%).Total.SURVEY_LC1_3C1x
  0.00000,  0.00000,  0.00000,  0.00000, 16.16365,787.73453,CI.u(95%).Total.SURVEY_LC1_3C21
  0.00000,  0.00000,  0.00000,  0.00000,154.09935, 36.26325,CI.u(95%).Total.SURVEY_LC1_3C22
  0.000000,  0.000000,  0.000000,  3.807416, 12.086158,234.099014,CI.u(95%).Total.SURVEY_LC1_3C23
  0.00000, 45.37112,593.80466,  0.00000,  0.00000,  0.00000,CI.u(95%).Total.SURVEY_LC1_3C2x
  0.00000,  0.00000,  0.00000,  0.00000, 48.82362,153.32754,CI.u(95%).Total.SURVEY_LC1_3C31
  0.000000,  0.000000,  0.000000,  3.749878,426.302553, 72.275753,CI.u(95%).Total.SURVEY_LC1_3C32
  0.00000,  0.00000,  0.00000,  0.00000, 86.26906,169.10984,CI.u(95%).Total.SURVEY_LC1_3C33
  0.00000, 36.29975,105.26870,  0.00000,  0.00000,  0.00000,CI.u(95%).Total.SURVEY_LC1_3C3x
 0.00000,19.79630,75.93089, 0.00000, 0.00000, 0.00000,CI.u(95%).Total.SURVEY_LC1_3Cxx
 0.000000, 0.000000, 0.000000, 3.749878,39.827620,89.210373,CI.u(95%).Total.SURVEY_LC1_3D10
0.000000,7.930531,3.978886,0.000000,0.000000,0.000000,CI.u(95%).Total.SURVEY_LC1_3D1x
 0.00000, 0.00000, 0.00000, 0.00000,59.67429,83.91825,CI.u(95%).Total.SURVEY_LC1_3D20
 0.00000, 3.96287,15.97966, 0.00000, 0.00000, 0.00000,CI.u(95%).Total.SURVEY_LC1_3Dxx
  0.000000,  0.000000,  0.000000,  7.497168,427.838200,372.958306,CI.u(95%).Total.SURVEY_LC1_3E10
0.000000,3.937751,0.000000,0.000000,0.000000,0.000000,CI.u(95%).Total.SURVEY_LC1_3E1x
   0.0000,   0.0000,   0.0000,  22.5817,3141.4042,4262.5517,CI.u(95%).Total.SURVEY_LC1_3E20
 0.000000,30.301901, 7.984743, 0.000000, 0.000000, 0.000000,CI.u(95%).Total.SURVEY_LC1_3E2x
  0.0000,  0.0000,  0.0000,  0.0000,412.8701,401.0325,CI.u(95%).Total.SURVEY_LC1_3E30
0.000000,3.998295,0.000000,0.000000,0.000000,0.000000,CI.u(95%).Total.SURVEY_LC1_3E3x
 0.00000,35.43463,20.02754, 0.00000, 0.00000, 0.00000,CI.u(95%).Total.SURVEY_LC1_3Exx
0.000000,0.000000,0.000000,0.000000,0.000000,7.980423,CI.u(95%).Total.SURVEY_LC1_3F10
0.000000,0.000000,0.000000,0.000000,8.005423,8.029241,CI.u(95%).Total.SURVEY_LC1_3F20
  0.000000,  0.000000,  0.000000,  3.785161,826.614829,455.255322,CI.u(95%).Total.SURVEY_LC1_3F40
  0.00000,  0.00000,  0.00000,  0.00000,131.17327, 70.41402,CI.u(95%).Total.SURVEY_LC1_3G11
0.000000,0.000000,0.000000,0.000000,3.979852,0.000000,CI.u(95%).Total.SURVEY_LC1_3G12
  0.000000,  0.000000,  0.000000,  3.749878,174.085916, 67.671233,CI.u(95%).Total.SURVEY_LC1_3G21
 0.00000, 0.00000, 0.00000, 0.00000,23.96664, 0.00000,CI.u(95%).Total.SURVEY_LC1_3G22
0.00000,0.00000,0.00000,0.00000,3.93638,0.00000,CI.u(95%).Total.SURVEY_LC1_3G30
 0.000000, 0.000000, 0.000000, 0.000000,44.007676, 3.984653,CI.u(95%).Total.SURVEY_LC1_3H11
 0.000000, 0.000000, 0.000000, 0.000000, 3.991944,40.090344,CI.u(95%).Total.SURVEY_LC1_3H12
0.000000,4.026892,7.983002,0.000000,0.000000,0.000000,CI.u(95%).Total.SURVEY_LC1_3Hxx
   0.00000, 427.45014, 259.63070,  11.25434,6678.27250,8052.98222,CI.u(95%).Total.SURVEY_LU1_3U111
  0.00000,  0.00000,  0.00000,  0.00000,171.55908, 23.96265,CI.u(95%).Total.SURVEY_LU1_3U112
 0.000000, 7.978938, 7.974453, 0.000000,59.887306,11.966455,CI.u(95%).Total.SURVEY_LU1_3U113
   0.00000,  81.42953, 769.35504,  26.20935,1510.13181,4543.16776,CI.u(95%).Total.SURVEY_LU1_3U120
 0.00000, 0.00000, 0.00000, 0.00000, 8.00926,12.04397,CI.u(95%).Total.SURVEY_LU1_3U130
 0.000000, 0.000000, 3.978886, 0.000000,27.775740,43.838163,CI.u(95%).Total.SURVEY_LU1_3U140
0.000000,0.000000,0.000000,0.000000,4.039787,0.000000,CI.u(95%).Total.SURVEY_LU1_3U150
 0.000000, 0.000000, 4.026784, 0.000000,19.904033, 8.031062,CI.u(95%).Total.SURVEY_LU1_3U210
 0.00000, 0.00000, 0.00000, 0.00000,26.45386, 0.00000,CI.u(95%).Total.SURVEY_LU1_3U221
0.000000,0.000000,0.000000,0.000000,3.971597,0.000000,CI.u(95%).Total.SURVEY_LU1_3U222
 0.000000, 0.000000, 0.000000, 0.000000,12.114488, 3.986711,CI.u(95%).Total.SURVEY_LU1_3U223
 0.000000, 0.000000, 0.000000, 0.000000,22.405041, 4.041081,CI.u(95%).Total.SURVEY_LU1_3U224
 0.00000, 0.00000, 0.00000, 0.00000,24.20993,12.00346,CI.u(95%).Total.SURVEY_LU1_3U225
 0.000000, 0.000000, 0.000000, 0.000000,23.890699, 3.999327,CI.u(95%).Total.SURVEY_LU1_3U226
 0.000000, 0.000000, 0.000000, 0.000000,28.599787, 4.027791,CI.u(95%).Total.SURVEY_LU1_3U227
 0.000000, 0.000000, 0.000000, 0.000000,24.550967, 4.025117,CI.u(95%).Total.SURVEY_LU1_3U228
 0.00000, 0.00000, 0.00000, 0.00000,32.12469,27.91491,CI.u(95%).Total.SURVEY_LU1_3U311
  0.00000,  0.00000,  0.00000, 30.24471,818.01734,688.54562,CI.u(95%).Total.SURVEY_LU1_3U312
  0.00000,  0.00000,  0.00000,  0.00000,135.70614, 31.79665,CI.u(95%).Total.SURVEY_LU1_3U313
 0.00000, 0.00000, 0.00000, 0.00000,24.03531,23.96237,CI.u(95%).Total.SURVEY_LU1_3U314
0.000000,0.000000,0.000000,0.000000,0.000000,3.985489,CI.u(95%).Total.SURVEY_LU1_3U316
  0.00000,  0.00000,  0.00000,  0.00000,159.28940, 80.49642,CI.u(95%).Total.SURVEY_LU1_3U317
 0.00000, 0.00000, 0.00000, 0.00000,33.29634,20.04065,CI.u(95%).Total.SURVEY_LU1_3U319
 0.000000, 0.000000, 0.000000, 0.000000,23.890190, 4.025117,CI.u(95%).Total.SURVEY_LU1_3U321
 0.000000, 4.032834, 0.000000, 0.000000,18.429348,11.930123,CI.u(95%).Total.SURVEY_LU1_3U322
 0.00000, 0.00000, 0.00000, 0.00000,71.56444,19.95476,CI.u(95%).Total.SURVEY_LU1_3U330
  0.00000,  3.93638,  0.00000,  0.00000,168.94423, 82.70464,CI.u(95%).Total.SURVEY_LU1_3U341
 0.000000, 0.000000, 0.000000, 0.000000,11.995964, 4.025096,CI.u(95%).Total.SURVEY_LU1_3U342
  0.000000, 27.665463, 47.905521,  7.570321,152.754871,123.907792,CI.u(95%).Total.SURVEY_LU1_3U350
  0.000000,  8.033613,  0.000000, 18.793445,208.592116, 87.821303,CI.u(95%).Total.SURVEY_LU1_3U361
  0.00000,  0.00000,  0.00000,  0.00000,165.32637, 58.71813,CI.u(95%).Total.SURVEY_LU1_3U362
   3.748584,  70.109724,  35.990072,  56.680789,2173.406935,1458.587175,CI.u(95%).Total.SURVEY_LU1_3U370
 0.00000, 0.00000, 0.00000, 0.00000,11.22842,11.99372,CI.u(95%).Total.SURVEY_LU1_3U411
0.000000,0.000000,0.000000,3.748584,0.000000,0.000000,CI.u(95%).Total.SURVEY_LU1_3U412
 0.00000, 0.00000, 0.00000, 0.00000,11.91461,25.83050,CI.u(95%).Total.SURVEY_LU1_3U414
 0.000000, 0.000000, 0.000000, 0.000000,12.039508, 7.994149,CI.u(95%).Total.SURVEY_LU1_3U415
  0.000000,  3.967661, 19.973458,  3.749878,521.969056,520.520579,CI.u(95%).Total.SURVEY_LU1_3U420
    0.00000,  528.85988, 1060.91254,   59.97044, 9143.64651,13220.10626,CI.u(95%).Total.settlement0
   3.748584, 105.744402,  87.922377,  98.280979,3906.591780,2598.176456,CI.u(95%).Total.settlement1
    3.748584,  544.931115,  407.470033,  120.734899,10934.868720,10796.520130,CI.u(95%).Total.fao_class_name0
   0.00000,  69.55440, 729.31285,  26.20935,1589.78104,4714.29864,CI.u(95%).Total.fao_class_name1
 0.00000, 0.00000, 0.00000, 0.00000,27.79374,35.22982,CI.u(95%).Total.fao_class_name2
  0.00000, 20.11877, 12.05204, 11.30717,503.13823,271.90180,CI.u(95%).Total.fao_class_name3
    0.00000,  524.85910, 1064.93933,   75.20686,10352.91703,14120.73921,CI.u(95%).Total.lue0
   3.748584, 109.745181,  83.895593,  83.044555,2789.439129,1761.713176,CI.u(95%).Total.lue1
    3.748584,  625.814445, 1140.829249,  128.006707,11701.368761,14892.883888,CI.u(95%).Total.lud0
   0.000000,   4.032834,   8.005670,  30.244709,1427.314939, 977.599840,CI.u(95%).Total.lud1
0.0000000000,0.0099736094,0.0058601011,0.0000000000,0.0004751843,0.0004212710,CV.Total.area
0.000000000,0.000000000,0.000000000,0.000000000,0.009408880,0.008848584,CV.Total.SURVEY_LC1_1A
NA,0.0000000000,0.0000000000,0.0000000000,0.0017973855,0.0007609151,CV.Total.SURVEY_LC1_1B
NA,0.033411454,0.008194526,0.000000000,0.006585420,0.002452431,CV.Total.SURVEY_LC1_1C
NA,0.00000000,0.00000000,0.00000000,0.00000000,0.03050781,CV.Total.SURVEY_LC1_1D
NA,0.084034550,0.000000000,0.000000000,0.005126288,0.002953148,CV.Total.SURVEY_LC1_1E
NA,NA,NA,0.00000000,0.01081758,0.00000000,CV.Total.SURVEY_LC1_1F
NA,NA,NA,0.000000000,0.007864915,0.054264040,CV.Total.SURVEY_LC1_1G
NA,  0,  0,NA,  0,  0,CV.Total.SURVEY_LC1_1H
NA,0.006979595,0.006475223,0.000000000,0.002483308,0.001168110,CV.Total.SURVEY_LU1_1U1
NA,NA,0.0000000,NA,0.1078819,0.0000000,CV.Total.SURVEY_LU1_1U2
0.00000000,0.04839989,0.00000000,0.00000000,0.00639465,0.00562328,CV.Total.SURVEY_LU1_1U3
NA,0.000000000,0.000000000,0.000000000,0.008521993,0.019785547,CV.Total.SURVEY_LU1_1U4
0.00000000,NA,NA,0.00000000,0.03871238,0.04751333,CV.Total.SURVEY_LC1_2A1
NA,0.00000000,0.00000000,0.00000000,0.03328038,0.03118362,CV.Total.SURVEY_LC1_2A2
NA,NA,  0,NA,  0,  0,CV.Total.SURVEY_LC1_2A3
NA,  0,  0,NA,NA,NA,CV.Total.SURVEY_LC1_2Ax
NA,NA,NA,0.0000000000,0.0000000000,0.0009881931,CV.Total.SURVEY_LC1_2B1
NA,NA,NA,NA,0.004879229,0.002341569,CV.Total.SURVEY_LC1_2B2
NA,NA,NA,NA,  0,  0,CV.Total.SURVEY_LC1_2B3
NA,NA,NA,NA,  0,  0,CV.Total.SURVEY_LC1_2B4
NA,NA,NA,NA,0.007379991,0.002779587,CV.Total.SURVEY_LC1_2B5
NA,NA,NA,NA,  0,  0,CV.Total.SURVEY_LC1_2B7
NA,NA,NA,NA,  0,  0,CV.Total.SURVEY_LC1_2B8
NA,  0,  0,NA,NA,NA,CV.Total.SURVEY_LC1_2Bx
NA,0.00000000,0.00000000,0.00000000,0.01486878,0.00405160,CV.Total.SURVEY_LC1_2C1
NA,0.092686152,0.008285013,0.000000000,0.112577341,0.009617297,CV.Total.SURVEY_LC1_2C2
NA,0.00000000,0.04977382,0.00000000,0.05306809,0.02175580,CV.Total.SURVEY_LC1_2C3
NA,  0,  0,NA,NA,NA,CV.Total.SURVEY_LC1_2Cx
NA,0.00000000,0.00000000,0.00000000,0.00000000,0.06273448,CV.Total.SURVEY_LC1_2D1
NA,NA,NA,NA,  0,  0,CV.Total.SURVEY_LC1_2D2
NA,  0,  0,NA,NA,NA,CV.Total.SURVEY_LC1_2Dx
NA,0.00000000,NA,0.00000000,0.02631422,0.03192812,CV.Total.SURVEY_LC1_2E1
NA,0.177748457,0.000000000,0.000000000,0.005973984,0.003075961,CV.Total.SURVEY_LC1_2E2
NA,0.00000000,NA,NA,0.02471487,0.01793936,CV.Total.SURVEY_LC1_2E3
NA,0.1038055,0.0000000,NA,NA,NA,CV.Total.SURVEY_LC1_2Ex
NA,NA,NA,NA,NA,  0,CV.Total.SURVEY_LC1_2F1
NA,NA,NA,NA,  0,  0,CV.Total.SURVEY_LC1_2F2
NA,NA,NA,0.00000000,0.01092459,0.00000000,CV.Total.SURVEY_LC1_2F4
NA,NA,NA,NA,0.0000000,0.1185296,CV.Total.SURVEY_LC1_2G1
NA,NA,NA,0.00000000,0.01353486,0.00000000,CV.Total.SURVEY_LC1_2G2
NA,NA,NA,NA,  0,NA,CV.Total.SURVEY_LC1_2G3
NA,NA,NA,NA,  0,  0,CV.Total.SURVEY_LC1_2H1
NA,  0,  0,NA,NA,NA,CV.Total.SURVEY_LC1_2Hx
NA,0.000000000,0.000000000,0.000000000,0.002282472,0.001499484,CV.Total.SURVEY_LU1_2U11
NA,0.047798094,0.008800418,0.000000000,0.009841332,0.002450502,CV.Total.SURVEY_LU1_2U12
NA,NA,NA,NA,  0,  0,CV.Total.SURVEY_LU1_2U13
NA,NA,  0,NA,  0,  0,CV.Total.SURVEY_LU1_2U14
NA,NA,NA,NA,  0,NA,CV.Total.SURVEY_LU1_2U15
NA,NA,  0,NA,  0,  0,CV.Total.SURVEY_LU1_2U21
NA,NA,NA,NA,0.1273833,0.0000000,CV.Total.SURVEY_LU1_2U22
NA,NA,NA,0.00000000,0.03255943,0.03114142,CV.Total.SURVEY_LU1_2U31
NA,0.00000000,NA,NA,0.07019465,0.00000000,CV.Total.SURVEY_LU1_2U32
NA,NA,NA,NA,0.1561746,0.0000000,CV.Total.SURVEY_LU1_2U33
NA,0.0000000,NA,NA,0.1510787,0.1716564,CV.Total.SURVEY_LU1_2U34
NA,0.00000000,0.00000000,0.00000000,0.05639222,0.06462936,CV.Total.SURVEY_LU1_2U35
NA,0.00000000,NA,0.00000000,0.03484127,0.05436886,CV.Total.SURVEY_LU1_2U36
0.00000000,0.08347843,0.00000000,0.00000000,0.02004801,0.02072121,CV.Total.SURVEY_LU1_2U37
NA,NA,NA,0.00000000,0.04497126,0.26392668,CV.Total.SURVEY_LU1_2U41
NA,0.000000000,0.000000000,0.000000000,0.008604504,0.013862162,CV.Total.SURVEY_LU1_2U42
NA,NA,NA,0.00000000,0.04231494,0.04969337,CV.Total.SURVEY_LC1_3A11
NA,NA,NA,0.0000000,0.3458375,0.7806247,CV.Total.SURVEY_LC1_3A12
NA,NA,NA,NA,  0,  0,CV.Total.SURVEY_LC1_3A13
  0,NA,NA,NA,NA,NA,CV.Total.SURVEY_LC1_3A1x
NA,NA,NA,NA,0.05128301,0.06493390,CV.Total.SURVEY_LC1_3A21
NA,NA,NA,0.00000000,0.05523752,0.04273782,CV.Total.SURVEY_LC1_3A22
NA,  0,  0,NA,NA,NA,CV.Total.SURVEY_LC1_3A2x
NA,NA,NA,NA,  0,  0,CV.Total.SURVEY_LC1_3A30
NA,NA,  0,NA,NA,NA,CV.Total.SURVEY_LC1_3A3x
NA,  0,  0,NA,NA,NA,CV.Total.SURVEY_LC1_3Axx
NA,NA,NA,NA,0.00000000,0.00198577,CV.Total.SURVEY_LC1_3B11
NA,NA,NA,NA,  0,  0,CV.Total.SURVEY_LC1_3B12
NA,NA,NA,NA,  0,  0,CV.Total.SURVEY_LC1_3B13
NA,NA,NA,NA,  0,  0,CV.Total.SURVEY_LC1_3B14
NA,NA,NA,NA,  0,  0,CV.Total.SURVEY_LC1_3B15
NA,NA,NA,  0,  0,  0,CV.Total.SURVEY_LC1_3B16
NA,NA,NA,NA,  0,  0,CV.Total.SURVEY_LC1_3B18
NA,NA,NA,NA,NA,  0,CV.Total.SURVEY_LC1_3B19
NA,NA,NA,NA,0.008155831,0.000000000,CV.Total.SURVEY_LC1_3B21
NA,NA,NA,NA,0.000000000,0.006618831,CV.Total.SURVEY_LC1_3B22
NA,NA,NA,NA,  0,  0,CV.Total.SURVEY_LC1_3B23
NA,NA,NA,NA,  0,  0,CV.Total.SURVEY_LC1_3B32
NA,NA,NA,NA,NA,  0,CV.Total.SURVEY_LC1_3B33
NA,NA,NA,NA,  0,  0,CV.Total.SURVEY_LC1_3B35
NA,NA,NA,NA,  0,  0,CV.Total.SURVEY_LC1_3B37
NA,NA,NA,NA,  0,  0,CV.Total.SURVEY_LC1_3B41
NA,NA,NA,NA,  0,  0,CV.Total.SURVEY_LC1_3B43
NA,NA,NA,NA,  0,NA,CV.Total.SURVEY_LC1_3B44
NA,NA,NA,NA,  0,  0,CV.Total.SURVEY_LC1_3B45
NA,NA,NA,NA,  0,  0,CV.Total.SURVEY_LC1_3B51
NA,NA,NA,NA,NA,  0,CV.Total.SURVEY_LC1_3B52
NA,NA,NA,NA,  0,  0,CV.Total.SURVEY_LC1_3B53
NA,NA,NA,NA,  0,NA,CV.Total.SURVEY_LC1_3B54
NA,NA,NA,NA,0.007665075,0.004025245,CV.Total.SURVEY_LC1_3B55
NA,NA,NA,NA,  0,  0,CV.Total.SURVEY_LC1_3B71
NA,NA,NA,NA,  0,  0,CV.Total.SURVEY_LC1_3B72
NA,NA,NA,NA,  0,  0,CV.Total.SURVEY_LC1_3B73
NA,NA,NA,NA,  0,  0,CV.Total.SURVEY_LC1_3B74
NA,NA,NA,NA,  0,NA,CV.Total.SURVEY_LC1_3B75
NA,NA,NA,NA,NA,  0,CV.Total.SURVEY_LC1_3B82
NA,NA,NA,NA,  0,  0,CV.Total.SURVEY_LC1_3B83
NA,NA,NA,NA,NA,  0,CV.Total.SURVEY_LC1_3B84
NA,  0,  0,NA,NA,NA,CV.Total.SURVEY_LC1_3Bx1
NA,  0,  0,NA,NA,NA,CV.Total.SURVEY_LC1_3Bx2
NA,  0,  0,NA,NA,NA,CV.Total.SURVEY_LC1_3Bxx
NA,NA,NA,0.00000000,0.01486878,0.00405160,CV.Total.SURVEY_LC1_3C10
NA,  0,  0,NA,NA,NA,CV.Total.SURVEY_LC1_3C1x
NA,NA,NA,NA,0.00000000,0.01300221,CV.Total.SURVEY_LC1_3C21
NA,NA,NA,NA,0.1388309,0.0000000,CV.Total.SURVEY_LC1_3C22
NA,NA,NA,  0,  0,  0,CV.Total.SURVEY_LC1_3C23
NA,0.092686152,0.008285013,NA,NA,NA,CV.Total.SURVEY_LC1_3C2x
NA,NA,NA,NA,0.08348393,0.01336453,CV.Total.SURVEY_LC1_3C31
NA,NA,NA,0.00000000,0.06673023,0.00000000,CV.Total.SURVEY_LC1_3C32
NA,NA,NA,NA,0.14985349,0.05154273,CV.Total.SURVEY_LC1_3C33
NA,0.00000000,0.04977382,NA,NA,NA,CV.Total.SURVEY_LC1_3C3x
NA,  0,  0,NA,NA,NA,CV.Total.SURVEY_LC1_3Cxx
NA,NA,NA,0.00000000,0.00000000,0.06273448,CV.Total.SURVEY_LC1_3D10
NA,  0,  0,NA,NA,NA,CV.Total.SURVEY_LC1_3D1x
NA,NA,NA,NA,  0,  0,CV.Total.SURVEY_LC1_3D20
NA,  0,  0,NA,NA,NA,CV.Total.SURVEY_LC1_3Dxx
NA,NA,NA,0.00000000,0.02631422,0.03192812,CV.Total.SURVEY_LC1_3E10
NA,  0,NA,NA,NA,NA,CV.Total.SURVEY_LC1_3E1x
NA,NA,NA,0.000000000,0.005973984,0.003075961,CV.Total.SURVEY_LC1_3E20
NA,0.1777485,0.0000000,NA,NA,NA,CV.Total.SURVEY_LC1_3E2x
NA,NA,NA,NA,0.02471487,0.01793936,CV.Total.SURVEY_LC1_3E30
NA,  0,NA,NA,NA,NA,CV.Total.SURVEY_LC1_3E3x
NA,0.1038055,0.0000000,NA,NA,NA,CV.Total.SURVEY_LC1_3Exx
NA,NA,NA,NA,NA,  0,CV.Total.SURVEY_LC1_3F10
NA,NA,NA,NA,  0,  0,CV.Total.SURVEY_LC1_3F20
NA,NA,NA,0.00000000,0.01092459,0.00000000,CV.Total.SURVEY_LC1_3F40
NA,NA,NA,NA,0.0000000,0.1185296,CV.Total.SURVEY_LC1_3G11
NA,NA,NA,NA,  0,NA,CV.Total.SURVEY_LC1_3G12
NA,NA,NA,0.00000000,0.01545466,0.00000000,CV.Total.SURVEY_LC1_3G21
NA,NA,NA,NA,  0,NA,CV.Total.SURVEY_LC1_3G22
NA,NA,NA,NA,  0,NA,CV.Total.SURVEY_LC1_3G30
NA,NA,NA,NA,  0,  0,CV.Total.SURVEY_LC1_3H11
NA,NA,NA,NA,  0,  0,CV.Total.SURVEY_LC1_3H12
NA,  0,  0,NA,NA,NA,CV.Total.SURVEY_LC1_3Hxx
NA,0.000000000,0.000000000,0.000000000,0.002361941,0.001506194,CV.Total.SURVEY_LU1_3U111
NA,NA,NA,NA,  0,  0,CV.Total.SURVEY_LU1_3U112
NA,  0,  0,NA,  0,  0,CV.Total.SURVEY_LU1_3U113
NA,0.047798094,0.008800418,0.000000000,0.009841332,0.002450502,CV.Total.SURVEY_LU1_3U120
NA,NA,NA,NA,  0,  0,CV.Total.SURVEY_LU1_3U130
NA,NA,  0,NA,  0,  0,CV.Total.SURVEY_LU1_3U140
NA,NA,NA,NA,  0,NA,CV.Total.SURVEY_LU1_3U150
NA,NA,  0,NA,  0,  0,CV.Total.SURVEY_LU1_3U210
NA,NA,NA,NA,0.5151689,NA,CV.Total.SURVEY_LU1_3U221
NA,NA,NA,NA,  0,NA,CV.Total.SURVEY_LU1_3U222
NA,NA,NA,NA,  0,  0,CV.Total.SURVEY_LU1_3U223
NA,NA,NA,NA,0.7440238,0.0000000,CV.Total.SURVEY_LU1_3U224
NA,NA,NA,NA,  0,  0,CV.Total.SURVEY_LU1_3U225
NA,NA,NA,NA,  0,  0,CV.Total.SURVEY_LU1_3U226
NA,NA,NA,NA,0.5435945,0.0000000,CV.Total.SURVEY_LU1_3U227
NA,NA,NA,NA,0.7682213,0.0000000,CV.Total.SURVEY_LU1_3U228
NA,NA,NA,NA,0.1227555,0.0000000,CV.Total.SURVEY_LU1_3U311
NA,NA,NA,0.00000000,0.04696509,0.03787265,CV.Total.SURVEY_LU1_3U312
NA,NA,NA,NA,  0,  0,CV.Total.SURVEY_LU1_3U313
NA,NA,NA,NA,  0,  0,CV.Total.SURVEY_LU1_3U314
NA,NA,NA,NA,NA,  0,CV.Total.SURVEY_LU1_3U316
NA,NA,NA,NA,0.02671194,0.17740373,CV.Total.SURVEY_LU1_3U317
NA,NA,NA,NA,0.4287162,0.0000000,CV.Total.SURVEY_LU1_3U319
NA,NA,NA,NA,  0,  0,CV.Total.SURVEY_LU1_3U321
NA,0.0000000,NA,NA,0.1961759,0.0000000,CV.Total.SURVEY_LU1_3U322
NA,NA,NA,NA,0.1561746,0.0000000,CV.Total.SURVEY_LU1_3U330
NA,0.0000000,NA,NA,0.1652812,0.1830072,CV.Total.SURVEY_LU1_3U341
NA,NA,NA,NA,  0,  0,CV.Total.SURVEY_LU1_3U342
NA,0.00000000,0.00000000,0.00000000,0.05639222,0.06462936,CV.Total.SURVEY_LU1_3U350
NA,0.00000000,NA,0.00000000,0.03893612,0.02032241,CV.Total.SURVEY_LU1_3U361
NA,NA,NA,NA,0.06399787,0.15104239,CV.Total.SURVEY_LU1_3U362
0.00000000,0.08347843,0.00000000,0.00000000,0.02004801,0.02072121,CV.Total.SURVEY_LU1_3U370
NA,NA,NA,NA,0.1735433,0.0000000,CV.Total.SURVEY_LU1_3U411
NA,NA,NA,  0,NA,NA,CV.Total.SURVEY_LU1_3U412
NA,NA,NA,NA,0.0000000,0.7806247,CV.Total.SURVEY_LU1_3U414
NA,NA,NA,NA,  0,  0,CV.Total.SURVEY_LU1_3U415
NA,0.000000000,0.000000000,0.000000000,0.008604504,0.013862162,CV.Total.SURVEY_LU1_3U420
NA,0.0068190924,0.0063517989,0.0000000000,0.0019499919,0.0009904136,CV.Total.settlement0
0.000000000,0.052454964,0.000000000,0.000000000,0.004505581,0.004448933,CV.Total.settlement1
0.0000000000,0.0094000522,0.0000000000,0.0000000000,0.0011380669,0.0007940263,CV.Total.fao_class_name0
NA,0.056868321,0.009292396,0.000000000,0.009376337,0.002059828,CV.Total.fao_class_name1
NA,NA,NA,NA,0.0000000,0.0441331,CV.Total.fao_class_name2
NA,0.00000000,0.00000000,0.00000000,0.02258478,0.01787458,CV.Total.fao_class_name3
NA,0.006871772,0.006327483,0.000000000,0.004012330,0.002061573,CV.Total.lue0
0.00000000,0.05035399,0.00000000,0.00000000,0.01513205,0.01657017,CV.Total.lue1
0.000000000,0.010039145,0.005901700,0.000000000,0.003250792,0.001750866,CV.Total.lud0
NA,0.00000000,0.00000000,0.00000000,0.02764929,0.02712024,CV.Total.lud1
