BG3.No,BG4.No,BG3.Yes,BG4.Yes,variable
No,No,Yes,Yes,flag_two
16780.491, 2961.022,51548.509,39705.978,Total.area
   0.000000,   4.074227,1678.204411,1018.498602,Total.SURVEY_LC1_1A
16669.119, 2894.471,12339.209, 3479.081,Total.SURVEY_LC1_1B
  101.72583,   56.75417,24956.20395,24511.54848,Total.SURVEY_LC1_1C
   0.000000,   5.723095,3272.646522,2321.283433,Total.SURVEY_LC1_1D
   4.97634,   0.00000,7490.04270,7291.87724,Total.SURVEY_LC1_1E
   4.669633,   0.000000,1014.325382, 678.178504,Total.SURVEY_LC1_1F
  0.0000,  0.0000,675.9557,337.9431,Total.SURVEY_LC1_1G
  0.00000,  0.00000,121.92185, 67.56756,Total.SURVEY_LC1_1H
16743.012, 2921.786,39842.209,28956.506,Total.SURVEY_LU1_1U1
  0.00000,  0.00000,113.40583, 82.45522,Total.SURVEY_LU1_1U2
   0.000000,   4.074227,2654.318874,1632.243122,Total.SURVEY_LU1_1U3
  37.47852,  35.16194,8938.57537,9034.77386,Total.SURVEY_LU1_1U4
  0.0000,  0.0000,496.0198,330.3625,Total.SURVEY_LC1_2A1
   0.000000,   4.074227,1074.818349, 626.885426,Total.SURVEY_LC1_2A2
  0.00000,  0.00000,107.36623, 61.25068,Total.SURVEY_LC1_2A3
   0.000,   0.000,7438.007,1449.927,Total.SURVEY_LC1_2B1
 0.00000, 0.00000,15.69514,50.20083,Total.SURVEY_LC1_2B2
   0.000,   0.000,3747.753, 947.304,Total.SURVEY_LC1_2B3
  0.00000,  0.00000, 75.13618,181.05274,Total.SURVEY_LC1_2B4
  0.0000,  0.0000,291.7525,255.6453,Total.SURVEY_LC1_2B5
  0.0000,  0.0000,419.2132,366.9560,Total.SURVEY_LC1_2B7
  0.0000,  0.0000,351.6517,227.9955,Total.SURVEY_LC1_2B8
16669.119, 2894.471,    0.000,    0.000,Total.SURVEY_LC1_2Bx
    4.962925,    0.000000,23038.012110,14834.225405,Total.SURVEY_LC1_2C1
  92.70634,  52.72638, 927.44432,6023.61591,Total.SURVEY_LC1_2C2
   4.056570,   4.027786, 990.747526,3653.707168,Total.SURVEY_LC1_2C3
   0.000000,   5.723095,1735.253725,1229.397584,Total.SURVEY_LC1_2D1
   0.000,   0.000,1537.393,1091.886,Total.SURVEY_LC1_2D2
   0.000,   0.000,2388.109,2523.160,Total.SURVEY_LC1_2E1
   4.97634,   0.00000,4426.70917,4377.68911,Total.SURVEY_LC1_2E2
  0.0000,  0.0000,675.2245,391.0278,Total.SURVEY_LC1_2E3
  0.00000,  0.00000, 66.76269,356.04889,Total.SURVEY_LC1_2F1
 0.00000, 0.00000,16.01176,32.66401,Total.SURVEY_LC1_2F2
 0.00000, 0.00000, 0.00000,10.82981,Total.SURVEY_LC1_2F3
  4.669633,  0.000000,931.550927,278.635789,Total.SURVEY_LC1_2F4
  0.0000,  0.0000,382.1546,225.5635,Total.SURVEY_LC1_2G1
  0.0000,  0.0000,293.8011,112.3796,Total.SURVEY_LC1_2G2
  0.00000,  0.00000,101.56803, 51.19293,Total.SURVEY_LC1_2H1
 0.00000, 0.00000,20.35382,16.37463,Total.SURVEY_LC1_2H2
16636.617, 2865.032,18115.685, 7979.453,Total.SURVEY_LU1_2U11
  101.72583,   56.75417,21332.29018,20719.10051,Total.SURVEY_LU1_2U12
  0.0000,  0.0000,220.5201,152.6606,Total.SURVEY_LU1_2U13
  4.669633,  0.000000,151.239815,101.315523,Total.SURVEY_LU1_2U14
 0.000000, 0.000000,22.473486, 3.976562,Total.SURVEY_LU1_2U15
 0.00000, 0.00000,72.05886,65.84578,Total.SURVEY_LU1_2U21
 0.00000, 0.00000,41.34697,16.60945,Total.SURVEY_LU1_2U22
   0.0000,   0.0000,1173.1784, 608.2327,Total.SURVEY_LU1_2U31
  0.00000,  0.00000,113.88941, 38.44845,Total.SURVEY_LU1_2U32
 0.00000, 0.00000, 8.40137,14.12093,Total.SURVEY_LU1_2U33
 0.00000, 0.00000,88.73717,34.66740,Total.SURVEY_LU1_2U34
  0.0000,  0.0000,136.5191,171.4932,Total.SURVEY_LU1_2U35
  0.0000,  0.0000,139.8946,108.2183,Total.SURVEY_LU1_2U36
  0.000000,  4.074227,993.698855,657.062191,Total.SURVEY_LU1_2U37
 37.47852, 35.16194,622.39741,363.17202,Total.SURVEY_LU1_2U41
   0.000,   0.000,8316.178,8671.602,Total.SURVEY_LU1_2U42
  0.0000,  0.0000,461.1520,300.8295,Total.SURVEY_LC1_3A11
 0.000000, 0.000000,22.705310, 5.602063,Total.SURVEY_LC1_3A12
 0.00000, 0.00000,12.16257,23.93089,Total.SURVEY_LC1_3A13
  0.0000,  0.0000,371.7687,209.0642,Total.SURVEY_LC1_3A21
  0.0000,  0.0000,703.0497,417.8213,Total.SURVEY_LC1_3A22
0.000000,4.074227,0.000000,0.000000,Total.SURVEY_LC1_3A2x
  0.00000,  0.00000,107.36623, 61.25068,Total.SURVEY_LC1_3A30
   0.0000,   0.0000,4425.8664, 926.3581,Total.SURVEY_LC1_3B11
 0.00000, 0.00000,90.59871,53.56658,Total.SURVEY_LC1_3B12
  0.0000,  0.0000,537.8731,176.9383,Total.SURVEY_LC1_3B13
 0.00000, 0.00000,27.97392,24.68989,Total.SURVEY_LC1_3B14
 0.00000, 0.00000,61.05504,34.60043,Total.SURVEY_LC1_3B15
   0.0000,   0.0000,2216.0903, 155.0218,Total.SURVEY_LC1_3B16
 0.000000, 0.000000, 4.987463,42.166539,Total.SURVEY_LC1_3B17
0.000000,0.000000,0.000000,7.895197,Total.SURVEY_LC1_3B18
 0.00000, 0.00000,73.56184,28.68994,Total.SURVEY_LC1_3B19
 0.00000, 0.00000, 0.00000,35.84914,Total.SURVEY_LC1_3B21
 0.00000, 0.00000,15.69514,14.35169,Total.SURVEY_LC1_3B23
   0.000,   0.000,3231.925, 855.936,Total.SURVEY_LC1_3B31
  0.00000,  0.00000,418.11534, 70.42697,Total.SURVEY_LC1_3B32
 0.00000, 0.00000,31.26943, 0.00000,Total.SURVEY_LC1_3B33
 0.0000, 0.0000,16.0931, 0.0000,Total.SURVEY_LC1_3B35
 0.000000, 0.000000, 8.359046,20.940996,Total.SURVEY_LC1_3B36
 0.00000, 0.00000,41.99144, 0.00000,Total.SURVEY_LC1_3B37
 0.00000, 0.00000,15.83681,12.49139,Total.SURVEY_LC1_3B41
 0.00000, 0.00000, 0.00000,26.38662,Total.SURVEY_LC1_3B42
  0.00000,  0.00000, 46.83747,133.53701,Total.SURVEY_LC1_3B43
0.00000,0.00000,7.56311,8.63772,Total.SURVEY_LC1_3B44
0.000000,0.000000,4.898787,0.000000,Total.SURVEY_LC1_3B45
  0.0000,  0.0000,276.7981,231.6953,Total.SURVEY_LC1_3B52
 0.000000, 0.000000, 3.858303,12.321200,Total.SURVEY_LC1_3B53
0.000000,0.000000,4.003999,0.000000,Total.SURVEY_LC1_3B54
 0.00000, 0.00000, 7.09212,11.62880,Total.SURVEY_LC1_3B55
 0.00000, 0.00000,36.17776,41.72835,Total.SURVEY_LC1_3B71
0.000000,0.000000,7.879019,9.312909,Total.SURVEY_LC1_3B72
  0.0000,  0.0000,104.4584,142.7399,Total.SURVEY_LC1_3B73
  0.00000,  0.00000,129.64014, 58.66164,Total.SURVEY_LC1_3B74
  0.0000,  0.0000,141.0579,114.5132,Total.SURVEY_LC1_3B75
  0.0000,  0.0000,228.5187,178.6951,Total.SURVEY_LC1_3B82
0.000000,0.000000,3.987702,0.000000,Total.SURVEY_LC1_3B83
  0.00000,  0.00000,119.14529, 49.30036,Total.SURVEY_LC1_3B84
16068.880, 2667.301,    0.000,    0.000,Total.SURVEY_LC1_3Bx1
592.7150,227.1691,  0.0000,  0.0000,Total.SURVEY_LC1_3Bx2
7.523736,0.000000,0.000000,0.000000,Total.SURVEY_LC1_3Bxx
    0.00,    0.00,23038.01,14834.23,Total.SURVEY_LC1_3C10
4.962925,0.000000,0.000000,0.000000,Total.SURVEY_LC1_3C1x
  0.00000,  0.00000, 43.55217,993.77606,Total.SURVEY_LC1_3C21
   0.0000,   0.0000, 871.2286,4693.0207,Total.SURVEY_LC1_3C22
  0.00000,  0.00000, 12.66358,336.81911,Total.SURVEY_LC1_3C23
92.70634,52.72638, 0.00000, 0.00000,Total.SURVEY_LC1_3C2x
  0.00000,  0.00000, 21.35219,262.97526,Total.SURVEY_LC1_3C31
   0.0000,   0.0000, 452.5708,1533.4065,Total.SURVEY_LC1_3C32
   0.0000,   0.0000, 516.8246,1857.3254,Total.SURVEY_LC1_3C33
4.056570,4.027786,0.000000,0.000000,Total.SURVEY_LC1_3C3x
   0.000,   0.000,1735.254,1229.398,Total.SURVEY_LC1_3D10
0.000000,5.723095,0.000000,0.000000,Total.SURVEY_LC1_3D1x
   0.000,   0.000,1537.393,1091.886,Total.SURVEY_LC1_3D20
   0.000,   0.000,2388.109,2523.160,Total.SURVEY_LC1_3E10
   0.000,   0.000,4426.709,4377.689,Total.SURVEY_LC1_3E20
4.97634,0.00000,0.00000,0.00000,Total.SURVEY_LC1_3E2x
  0.0000,  0.0000,675.2245,391.0278,Total.SURVEY_LC1_3E30
  0.00000,  0.00000, 66.76269,356.04889,Total.SURVEY_LC1_3F10
 0.00000, 0.00000,16.01176,32.66401,Total.SURVEY_LC1_3F20
 0.00000, 0.00000, 0.00000,10.82981,Total.SURVEY_LC1_3F30
  0.0000,  0.0000,931.5509,278.6358,Total.SURVEY_LC1_3F40
4.669633,0.000000,0.000000,0.000000,Total.SURVEY_LC1_3F4x
  0.0000,  0.0000,347.4848,225.5635,Total.SURVEY_LC1_3G11
 0.00000, 0.00000,34.66976, 0.00000,Total.SURVEY_LC1_3G12
  0.0000,  0.0000,293.8011,112.3796,Total.SURVEY_LC1_3G21
 0.00000, 0.00000,97.61432,46.17370,Total.SURVEY_LC1_3H11
0.000000,0.000000,3.953720,5.019229,Total.SURVEY_LC1_3H12
0.000000,0.000000,8.276477,0.000000,Total.SURVEY_LC1_3H21
 0.000000, 0.000000, 7.957265,12.200026,Total.SURVEY_LC1_3H22
0.000000,0.000000,4.120078,4.174603,Total.SURVEY_LC1_3H23
16310.476, 2779.842,17696.786, 7751.128,Total.SURVEY_LU1_3U111
 35.013000,  8.344638,337.087416,120.423254,Total.SURVEY_LU1_3U112
291.12826, 76.84482, 81.81206,107.90088,Total.SURVEY_LU1_3U113
  101.72583,   56.75417,21332.29018,20719.10051,Total.SURVEY_LU1_3U120
  0.0000,  0.0000,220.5201,152.6606,Total.SURVEY_LU1_3U130
  4.669633,  0.000000,151.239815,101.315523,Total.SURVEY_LU1_3U140
 0.000000, 0.000000,22.473486, 3.976562,Total.SURVEY_LU1_3U150
 0.00000, 0.00000,72.05886,65.84578,Total.SURVEY_LU1_3U210
 0.00000, 0.00000,18.33966, 8.29995,Total.SURVEY_LU1_3U221
0.000000,0.000000,6.054533,0.000000,Total.SURVEY_LU1_3U224
0.000000,0.000000,8.576196,8.309496,Total.SURVEY_LU1_3U225
0.000000,0.000000,4.505793,0.000000,Total.SURVEY_LU1_3U226
0.00000,0.00000,3.87078,0.00000,Total.SURVEY_LU1_3U227
 0.00000, 0.00000,35.06946,12.40988,Total.SURVEY_LU1_3U311
  0.0000,  0.0000,703.2492,430.8362,Total.SURVEY_LU1_3U312
  0.00000,  0.00000,247.20382, 22.98448,Total.SURVEY_LU1_3U313
 0.00000, 0.00000,48.08240,18.16841,Total.SURVEY_LU1_3U314
0.000000,0.000000,3.870468,0.000000,Total.SURVEY_LU1_3U315
 0.00000, 0.00000,61.58995,72.46878,Total.SURVEY_LU1_3U317
 0.00000, 0.00000,38.66954,26.96265,Total.SURVEY_LU1_3U318
 0.00000, 0.00000,35.44350,24.40224,Total.SURVEY_LU1_3U319
 0.00000, 0.00000,83.34117,28.90631,Total.SURVEY_LU1_3U321
 0.000000, 0.000000,30.548233, 9.542139,Total.SURVEY_LU1_3U322
 0.00000, 0.00000, 8.40137,14.12093,Total.SURVEY_LU1_3U330
 0.00000, 0.00000,83.93000,12.33921,Total.SURVEY_LU1_3U341
 0.000000, 0.000000, 4.807176,22.328194,Total.SURVEY_LU1_3U342
  0.0000,  0.0000,136.5191,171.4932,Total.SURVEY_LU1_3U350
 0.00000, 0.00000,96.57674,73.29912,Total.SURVEY_LU1_3U361
 0.00000, 0.00000,43.31784,34.91918,Total.SURVEY_LU1_3U362
  0.000000,  4.074227,993.698855,657.062191,Total.SURVEY_LU1_3U370
 0.00000, 0.00000,54.46695,29.18241,Total.SURVEY_LU1_3U411
0.000000,0.000000,8.327901,9.845843,Total.SURVEY_LU1_3U412
 0.000000, 0.000000,12.532462, 4.174603,Total.SURVEY_LU1_3U413
  0.000000,  5.723095,140.467584, 66.720447,Total.SURVEY_LU1_3U414
 37.47852, 29.43884,406.60251,253.24871,Total.SURVEY_LU1_3U415
   0.000,   0.000,8316.178,8671.602,Total.SURVEY_LU1_3U420
16780.491, 2956.948,48850.129,37956.934,Total.settlement0
   0.000000,   4.074227,2698.379666,1749.043929,Total.settlement1
16678.765, 2904.268,24852.315,13510.813,Total.fao_class_name0
  101.72583,   56.75417,23910.23792,23718.32444,Total.fao_class_name1
   0.000,   0.000,2202.489,1980.355,Total.fao_class_name2
  0.0000,  0.0000,583.4666,496.4859,Total.fao_class_name3
16780.491, 2956.948,50189.659,38734.537,Total.lue0
   0.000000,   4.074227,1358.849740, 971.441055,Total.lue1
16775.821, 2961.022,49988.394,38861.405,Total.lud0
   4.669633,   0.000000,1560.114777, 844.572814,Total.lud1
223.1443,125.8564,225.0547,159.7642,SE.Total.area
 0.00000, 0.00000,40.34362,78.42808,SE.Total.SURVEY_LC1_1A
217.5940,115.1998,212.1590,118.2372,SE.Total.SURVEY_LC1_1B
 49.44697, 50.61852,115.59848,152.87332,SE.Total.SURVEY_LC1_1C
 0.000000, 2.988789,91.867537,52.522009,SE.Total.SURVEY_LC1_1D
  2.303598,  0.000000,108.315316,114.192946,SE.Total.SURVEY_LC1_1E
 1.556544, 0.000000,71.287491,38.383497,SE.Total.SURVEY_LC1_1F
 0.00000, 0.00000,15.20094,10.37847,SE.Total.SURVEY_LC1_1G
0.000000,0.000000,7.135958,6.659157,SE.Total.SURVEY_LC1_1H
223.0865,125.7648,270.4233,288.1377,SE.Total.SURVEY_LU1_1U1
 0.000000, 0.000000,10.273660, 9.374624,SE.Total.SURVEY_LU1_1U2
 0.00000, 0.00000,60.01730,94.89431,SE.Total.SURVEY_LU1_1U3
  7.682614,  6.882022,155.079890,256.038966,SE.Total.SURVEY_LU1_1U4
 0.00000, 0.00000,52.14380,45.35267,SE.Total.SURVEY_LC1_2A1
 0.00000, 0.00000,58.66350,82.18599,SE.Total.SURVEY_LC1_2A2
 0.00000, 0.00000,15.78159,11.42709,SE.Total.SURVEY_LC1_2A3
  0.00000,  0.00000,184.98929, 88.56935,SE.Total.SURVEY_LC1_2B1
 0.00000, 0.00000,13.55051,13.88736,SE.Total.SURVEY_LC1_2B2
  0.00000,  0.00000,144.18617, 77.05365,SE.Total.SURVEY_LC1_2B3
 0.00000, 0.00000,11.78549,33.83301,SE.Total.SURVEY_LC1_2B4
 0.00000, 0.00000,42.86881,37.62569,SE.Total.SURVEY_LC1_2B5
 0.00000, 0.00000,35.42753,45.64297,SE.Total.SURVEY_LC1_2B7
 0.00000, 0.00000,35.86716,42.34374,SE.Total.SURVEY_LC1_2B8
217.5940,115.1998,  0.0000,  0.0000,SE.Total.SURVEY_LC1_2Bx
  2.074197,  0.000000,252.165369,484.090829,SE.Total.SURVEY_LC1_2C1
 49.40344, 50.61852,162.05545,410.63419,SE.Total.SURVEY_LC1_2C2
  0.0000,  0.0000,159.5527,351.4512,SE.Total.SURVEY_LC1_2C3
 0.000000, 2.988789,47.804132,40.340846,SE.Total.SURVEY_LC1_2D1
 0.00000, 0.00000,79.18816,34.80676,SE.Total.SURVEY_LC1_2D2
 0.00000, 0.00000,59.21711,87.21883,SE.Total.SURVEY_LC1_2E1
 2.303598, 0.000000,82.297632,90.717973,SE.Total.SURVEY_LC1_2E2
 0.00000, 0.00000,60.16658,41.05770,SE.Total.SURVEY_LC1_2E3
 0.00000, 0.00000,12.18898, 9.28942,SE.Total.SURVEY_LC1_2F1
0,0,0,0,SE.Total.SURVEY_LC1_2F2
0.000000,0.000000,0.000000,7.879844,SE.Total.SURVEY_LC1_2F3
 1.556544, 0.000000,70.237706,38.022948,SE.Total.SURVEY_LC1_2F4
 0.00000, 0.00000,15.34137,10.58888,SE.Total.SURVEY_LC1_2G1
 0.000000, 0.000000,17.337237, 9.609758,SE.Total.SURVEY_LC1_2G2
0.000000,0.000000,4.388948,6.659157,SE.Total.SURVEY_LC1_2H1
0.000000,0.000000,5.626636,0.000000,SE.Total.SURVEY_LC1_2H2
217.5337,115.1284,227.8398,131.4517,SE.Total.SURVEY_LU1_2U11
 49.44697, 50.61852,159.35217,258.73197,SE.Total.SURVEY_LU1_2U12
 0.00000, 0.00000,13.43641,13.27830,SE.Total.SURVEY_LU1_2U13
1.556544,0.000000,2.883041,6.571658,SE.Total.SURVEY_LU1_2U14
0.00000,0.00000,3.53028,0.00000,SE.Total.SURVEY_LU1_2U15
0.000000,0.000000,9.329623,9.374624,SE.Total.SURVEY_LU1_2U21
0.000000,0.000000,5.058761,0.000000,SE.Total.SURVEY_LU1_2U22
 0.00000, 0.00000,58.04988,82.10348,SE.Total.SURVEY_LU1_2U31
 0.000000, 0.000000,10.757390, 2.925582,SE.Total.SURVEY_LU1_2U32
0.000000,0.000000,1.624459,3.800825,SE.Total.SURVEY_LU1_2U33
 0.00000, 0.00000,27.70960,20.19661,SE.Total.SURVEY_LU1_2U34
 0.00000, 0.00000,14.43375,51.66227,SE.Total.SURVEY_LU1_2U35
 0.000000, 0.000000,16.072505, 7.611762,SE.Total.SURVEY_LU1_2U36
 0.00000, 0.00000,62.60760,46.09694,SE.Total.SURVEY_LU1_2U37
 7.682614, 6.882022,37.432271,36.461264,SE.Total.SURVEY_LU1_2U41
  0.0000,  0.0000,151.4071,254.2623,SE.Total.SURVEY_LU1_2U42
 0.00000, 0.00000,51.96254,44.22696,SE.Total.SURVEY_LC1_3A11
 0.000000, 0.000000,12.354848, 2.925582,SE.Total.SURVEY_LC1_3A12
0.00000,0.00000,0.00000,9.99592,SE.Total.SURVEY_LC1_3A13
 0.00000, 0.00000,46.18663,27.84036,SE.Total.SURVEY_LC1_3A21
 0.00000, 0.00000,53.44214,79.00343,SE.Total.SURVEY_LC1_3A22
0,0,0,0,SE.Total.SURVEY_LC1_3A2x
 0.00000, 0.00000,15.78159,11.42709,SE.Total.SURVEY_LC1_3A30
  0.00000,  0.00000,151.79303, 73.70408,SE.Total.SURVEY_LC1_3B11
 0.00000, 0.00000,19.64861,16.28433,SE.Total.SURVEY_LC1_3B12
 0.00000, 0.00000,53.72213,36.84359,SE.Total.SURVEY_LC1_3B13
 0.000000, 0.000000,13.814636, 7.755529,SE.Total.SURVEY_LC1_3B14
 0.00000, 0.00000,16.71606,14.54918,SE.Total.SURVEY_LC1_3B15
  0.00000,  0.00000,112.80481, 28.55462,SE.Total.SURVEY_LC1_3B16
 0.000000, 0.000000, 2.079916,20.570690,SE.Total.SURVEY_LC1_3B17
0.000000,0.000000,0.000000,5.666246,SE.Total.SURVEY_LC1_3B18
 0.00000, 0.00000,22.37057,17.16998,SE.Total.SURVEY_LC1_3B19
0.00000,0.00000,0.00000,6.68973,SE.Total.SURVEY_LC1_3B21
 0.00000, 0.00000,13.55051,12.16989,SE.Total.SURVEY_LC1_3B23
  0.00000,  0.00000,136.31061, 73.64226,SE.Total.SURVEY_LC1_3B31
 0.00000, 0.00000,46.98353,23.11481,SE.Total.SURVEY_LC1_3B32
 0.00000, 0.00000,19.06928, 0.00000,SE.Total.SURVEY_LC1_3B33
0.000000,0.000000,9.778245,0.000000,SE.Total.SURVEY_LC1_3B35
 0.000000, 0.000000, 6.066061,12.525692,SE.Total.SURVEY_LC1_3B36
 0.00000, 0.00000,13.03938, 0.00000,SE.Total.SURVEY_LC1_3B37
0.000000,0.000000,5.294494,6.034204,SE.Total.SURVEY_LC1_3B41
 0.00000, 0.00000, 0.00000,13.08737,SE.Total.SURVEY_LC1_3B42
 0.00000, 0.00000, 8.93261,30.10015,SE.Total.SURVEY_LC1_3B43
0.000000,0.000000,5.188250,6.199142,SE.Total.SURVEY_LC1_3B44
0.00000,0.00000,2.08885,0.00000,SE.Total.SURVEY_LC1_3B45
 0.00000, 0.00000,42.59450,36.84251,SE.Total.SURVEY_LC1_3B52
0.000000,0.000000,0.000000,5.988803,SE.Total.SURVEY_LC1_3B53
0,0,0,0,SE.Total.SURVEY_LC1_3B54
0.000000,0.000000,4.865154,5.098536,SE.Total.SURVEY_LC1_3B55
 0.000000, 0.000000, 7.761701,12.040796,SE.Total.SURVEY_LC1_3B71
0.000000,0.000000,0.000000,7.073662,SE.Total.SURVEY_LC1_3B72
 0.00000, 0.00000,17.05595,36.04547,SE.Total.SURVEY_LC1_3B73
 0.00000, 0.00000,22.23303,21.52253,SE.Total.SURVEY_LC1_3B74
 0.00000, 0.00000,23.73130,21.75044,SE.Total.SURVEY_LC1_3B75
 0.00000, 0.00000,26.86981,38.06803,SE.Total.SURVEY_LC1_3B82
0,0,0,0,SE.Total.SURVEY_LC1_3B83
 0.00000, 0.00000,24.92878,19.83315,SE.Total.SURVEY_LC1_3B84
215.6955,109.4709,  0.0000,  0.0000,SE.Total.SURVEY_LC1_3Bx1
34.02719,37.09843, 0.00000, 0.00000,SE.Total.SURVEY_LC1_3Bx2
5.16124,0.00000,0.00000,0.00000,SE.Total.SURVEY_LC1_3Bxx
  0.0000,  0.0000,252.1654,484.0908,SE.Total.SURVEY_LC1_3C10
2.074197,0.000000,0.000000,0.000000,SE.Total.SURVEY_LC1_3C1x
  0.0000,  0.0000, 38.1154,195.1369,SE.Total.SURVEY_LC1_3C21
  0.0000,  0.0000,158.2720,380.7599,SE.Total.SURVEY_LC1_3C22
  0.0000,  0.0000,  0.0000,109.8325,SE.Total.SURVEY_LC1_3C23
49.40344,50.61852, 0.00000, 0.00000,SE.Total.SURVEY_LC1_3C2x
  0.00000,  0.00000, 14.97183,118.76054,SE.Total.SURVEY_LC1_3C31
  0.0000,  0.0000,107.0231,237.1172,SE.Total.SURVEY_LC1_3C32
  0.0000,  0.0000,121.3788,261.7649,SE.Total.SURVEY_LC1_3C33
0,0,0,0,SE.Total.SURVEY_LC1_3C3x
 0.00000, 0.00000,47.80413,40.34085,SE.Total.SURVEY_LC1_3D10
0.000000,2.988789,0.000000,0.000000,SE.Total.SURVEY_LC1_3D1x
 0.00000, 0.00000,79.18816,34.80676,SE.Total.SURVEY_LC1_3D20
 0.00000, 0.00000,59.21711,87.21883,SE.Total.SURVEY_LC1_3E10
 0.00000, 0.00000,82.29763,90.71797,SE.Total.SURVEY_LC1_3E20
2.303598,0.000000,0.000000,0.000000,SE.Total.SURVEY_LC1_3E2x
 0.00000, 0.00000,60.16658,41.05770,SE.Total.SURVEY_LC1_3E30
 0.00000, 0.00000,12.18898, 9.28942,SE.Total.SURVEY_LC1_3F10
0,0,0,0,SE.Total.SURVEY_LC1_3F20
0.000000,0.000000,0.000000,7.879844,SE.Total.SURVEY_LC1_3F30
 0.00000, 0.00000,70.23771,38.02295,SE.Total.SURVEY_LC1_3F40
1.556544,0.000000,0.000000,0.000000,SE.Total.SURVEY_LC1_3F4x
 0.00000, 0.00000,16.99573,10.58888,SE.Total.SURVEY_LC1_3G11
0.000000,0.000000,8.991737,0.000000,SE.Total.SURVEY_LC1_3G12
 0.000000, 0.000000,17.337237, 9.609758,SE.Total.SURVEY_LC1_3G21
0.000000,0.000000,4.388948,6.659157,SE.Total.SURVEY_LC1_3H11
0,0,0,0,SE.Total.SURVEY_LC1_3H12
0,0,0,0,SE.Total.SURVEY_LC1_3H21
0.000000,0.000000,5.626636,0.000000,SE.Total.SURVEY_LC1_3H22
0,0,0,0,SE.Total.SURVEY_LC1_3H23
217.2117,114.9440,223.3731,131.5517,SE.Total.SURVEY_LU1_3U111
10.820838, 5.988803,54.593985,22.705634,SE.Total.SURVEY_LU1_3U112
15.473902, 5.341271, 7.233040,14.928335,SE.Total.SURVEY_LU1_3U113
 49.44697, 50.61852,159.35217,258.73197,SE.Total.SURVEY_LU1_3U120
 0.00000, 0.00000,13.43641,13.27830,SE.Total.SURVEY_LU1_3U130
1.556544,0.000000,2.883041,6.571658,SE.Total.SURVEY_LU1_3U140
0.00000,0.00000,3.53028,0.00000,SE.Total.SURVEY_LU1_3U150
0.000000,0.000000,9.329623,9.374624,SE.Total.SURVEY_LU1_3U210
0.000000,0.000000,3.635081,0.000000,SE.Total.SURVEY_LU1_3U221
0.000000,0.000000,3.495587,0.000000,SE.Total.SURVEY_LU1_3U224
0.000000,0.000000,1.513446,0.000000,SE.Total.SURVEY_LU1_3U225
0.000000,0.000000,1.501931,0.000000,SE.Total.SURVEY_LU1_3U226
0,0,0,0,SE.Total.SURVEY_LU1_3U227
0.000000,0.000000,6.899363,0.000000,SE.Total.SURVEY_LU1_3U311
 0.00000, 0.00000,51.49725,80.92733,SE.Total.SURVEY_LU1_3U312
 0.000000, 0.000000,17.757301, 9.194811,SE.Total.SURVEY_LU1_3U313
 0.000000, 0.000000,17.729367, 3.297978,SE.Total.SURVEY_LU1_3U314
0,0,0,0,SE.Total.SURVEY_LU1_3U315
0.000000,0.000000,8.748162,9.203447,SE.Total.SURVEY_LU1_3U317
 0.000000, 0.000000,12.198834, 7.061412,SE.Total.SURVEY_LU1_3U318
 0.000000, 0.000000,14.646831, 8.431088,SE.Total.SURVEY_LU1_3U319
 0.00000, 0.00000,10.07599, 0.00000,SE.Total.SURVEY_LU1_3U321
0.000000,0.000000,3.767733,2.925582,SE.Total.SURVEY_LU1_3U322
0.000000,0.000000,1.624459,3.800825,SE.Total.SURVEY_LU1_3U330
 0.00000, 0.00000,27.59564, 0.00000,SE.Total.SURVEY_LU1_3U341
 0.000000, 0.000000, 2.510466,20.196611,SE.Total.SURVEY_LU1_3U342
 0.00000, 0.00000,14.43375,51.66227,SE.Total.SURVEY_LU1_3U350
 0.000000, 0.000000,15.608327, 7.571306,SE.Total.SURVEY_LU1_3U361
0.0000000,0.0000000,3.8347802,0.8678068,SE.Total.SURVEY_LU1_3U362
 0.00000, 0.00000,62.60760,46.09694,SE.Total.SURVEY_LU1_3U370
0.000000,0.000000,5.485293,1.522377,SE.Total.SURVEY_LU1_3U411
0.000000,0.000000,0.000000,2.910723,SE.Total.SURVEY_LU1_3U412
0.000000,0.000000,1.633193,0.000000,SE.Total.SURVEY_LU1_3U413
 0.000000, 2.988789,15.784964,22.754680,SE.Total.SURVEY_LU1_3U414
 7.682614, 6.199142,33.459516,28.410174,SE.Total.SURVEY_LU1_3U415
  0.0000,  0.0000,151.4071,254.2623,SE.Total.SURVEY_LU1_3U420
223.1443,125.8564,229.3597,181.2094,SE.Total.settlement0
 0.00000, 0.00000,54.87295,93.51091,SE.Total.settlement1
217.5971,115.2284,239.3510,166.9191,SE.Total.fao_class_name0
 49.44697, 50.61852,122.95984,169.22324,SE.Total.fao_class_name1
 0.00000, 0.00000,62.30441,77.05057,SE.Total.fao_class_name2
 0.00000, 0.00000,36.47904,48.34863,SE.Total.fao_class_name3
223.1443,125.8564,233.3268,173.6712,SE.Total.lue0
 0.00000, 0.00000,63.84867,69.83436,SE.Total.lue1
223.1405,125.8564,231.9407,176.6816,SE.Total.lud0
 1.556544, 0.000000,58.973502,82.833689,SE.Total.lud1
16343.136, 2714.348,51107.410,39392.846,CI.l(95%).Total.area
   0.000000,   4.074227,1599.132363, 864.782395,CI.l(95%).Total.SURVEY_LC1_1A
16242.643, 2668.683,11923.385, 3247.340,CI.l(95%).Total.SURVEY_LC1_1B
    4.811563,  -42.456316,24729.635092,24211.922287,CI.l(95%).Total.SURVEY_LC1_1C
   0.0000000,  -0.1348236,3092.5894576,2218.3421873,CI.l(95%).Total.SURVEY_LC1_1D
   0.4613713,   0.0000000,7277.7485790,7068.0631800,CI.l(95%).Total.SURVEY_LC1_1E
  1.618862,  0.000000,874.604467,602.948231,CI.l(95%).Total.SURVEY_LC1_1F
  0.0000,  0.0000,646.1624,317.6016,CI.l(95%).Total.SURVEY_LC1_1G
  0.00000,  0.00000,107.93563, 54.51585,CI.l(95%).Total.SURVEY_LC1_1H
16305.771, 2675.291,39312.189,28391.766,CI.l(95%).Total.SURVEY_LU1_1U1
 0.00000, 0.00000,93.26982,64.08130,CI.l(95%).Total.SURVEY_LU1_1U2
   0.000000,   4.074227,2536.687136,1446.253696,CI.l(95%).Total.SURVEY_LU1_1U3
  22.42087,  21.67342,8634.62437,8532.94671,CI.l(95%).Total.SURVEY_LU1_1U4
  0.0000,  0.0000,393.8199,241.4729,CI.l(95%).Total.SURVEY_LC1_2A1
  0.000000,  4.074227,959.840007,465.803840,CI.l(95%).Total.SURVEY_LC1_2A2
 0.00000, 0.00000,76.43488,38.85399,CI.l(95%).Total.SURVEY_LC1_2A3
   0.000,   0.000,7075.435,1276.334,CI.l(95%).Total.SURVEY_LC1_2B1
  0.00000,  0.00000,-10.86337, 22.98211,CI.l(95%).Total.SURVEY_LC1_2B2
   0.0000,   0.0000,3465.1533, 796.2816,CI.l(95%).Total.SURVEY_LC1_2B3
  0.00000,  0.00000, 52.03704,114.74125,CI.l(95%).Total.SURVEY_LC1_2B4
  0.0000,  0.0000,207.7312,181.9003,CI.l(95%).Total.SURVEY_LC1_2B5
  0.0000,  0.0000,349.7765,277.4975,CI.l(95%).Total.SURVEY_LC1_2B7
  0.0000,  0.0000,281.3534,145.0032,CI.l(95%).Total.SURVEY_LC1_2B8
16242.643, 2668.683,    0.000,    0.000,CI.l(95%).Total.SURVEY_LC1_2Bx
    0.897574,    0.000000,22543.777068,13885.424815,CI.l(95%).Total.SURVEY_LC1_2C1
  -4.122628, -46.484102, 609.821480,5218.787690,CI.l(95%).Total.SURVEY_LC1_2C2
   4.056570,   4.027786, 678.029883,2964.875544,CI.l(95%).Total.SURVEY_LC1_2C3
   0.0000000,  -0.1348236,1641.5593480,1150.3309785,CI.l(95%).Total.SURVEY_LC1_2D1
   0.000,   0.000,1382.187,1023.666,CI.l(95%).Total.SURVEY_LC1_2D2
   0.000,   0.000,2272.046,2352.215,CI.l(95%).Total.SURVEY_LC1_2E1
   0.4613713,   0.0000000,4265.4087777,4199.8851478,CI.l(95%).Total.SURVEY_LC1_2E2
  0.0000,  0.0000,557.3001,310.5562,CI.l(95%).Total.SURVEY_LC1_2E3
  0.00000,  0.00000, 42.87274,337.84197,CI.l(95%).Total.SURVEY_LC1_2F1
 0.00000, 0.00000,16.01176,32.66401,CI.l(95%).Total.SURVEY_LC1_2F2
 0.000000, 0.000000, 0.000000,-4.614401,CI.l(95%).Total.SURVEY_LC1_2F3
  1.618862,  0.000000,793.887554,204.112182,CI.l(95%).Total.SURVEY_LC1_2F4
  0.0000,  0.0000,352.0861,204.8097,CI.l(95%).Total.SURVEY_LC1_2G1
  0.00000,  0.00000,259.82070, 93.54479,CI.l(95%).Total.SURVEY_LC1_2G2
 0.00000, 0.00000,92.96586,38.14122,CI.l(95%).Total.SURVEY_LC1_2H1
 0.000000, 0.000000, 9.325816,16.374630,CI.l(95%).Total.SURVEY_LC1_2H2
16210.259, 2639.384,17669.128, 7721.812,CI.l(95%).Total.SURVEY_LU1_2U11
    4.811563,  -42.456316,21019.965672,20211.995178,CI.l(95%).Total.SURVEY_LU1_2U12
  0.0000,  0.0000,194.1852,126.6357,CI.l(95%).Total.SURVEY_LU1_2U13
  1.618862,  0.000000,145.589159, 88.435310,CI.l(95%).Total.SURVEY_LU1_2U14
 0.000000, 0.000000,15.554264, 3.976562,CI.l(95%).Total.SURVEY_LU1_2U15
 0.00000, 0.00000,53.77314,47.47185,CI.l(95%).Total.SURVEY_LU1_2U21
 0.00000, 0.00000,31.43198,16.60945,CI.l(95%).Total.SURVEY_LU1_2U22
   0.0000,   0.0000,1059.4027, 447.3128,CI.l(95%).Total.SURVEY_LU1_2U31
 0.00000, 0.00000,92.80531,32.71441,CI.l(95%).Total.SURVEY_LU1_2U32
0.000000,0.000000,5.217488,6.671451,CI.l(95%).Total.SURVEY_LU1_2U33
 0.000000, 0.000000,34.427354,-4.917226,CI.l(95%).Total.SURVEY_LU1_2U34
  0.00000,  0.00000,108.22950, 70.23697,CI.l(95%).Total.SURVEY_LU1_2U35
  0.00000,  0.00000,108.39305, 93.29952,CI.l(95%).Total.SURVEY_LU1_2U36
  0.000000,  4.074227,870.990205,566.713841,CI.l(95%).Total.SURVEY_LU1_2U37
 22.42087, 21.67342,549.03151,291.70925,CI.l(95%).Total.SURVEY_LU1_2U41
   0.000,   0.000,8019.426,8173.257,CI.l(95%).Total.SURVEY_LU1_2U42
  0.0000,  0.0000,359.3072,214.1463,CI.l(95%).Total.SURVEY_LC1_3A11
 0.0000000, 0.0000000,-1.5097478,-0.1319723,CI.l(95%).Total.SURVEY_LC1_3A12
 0.000000, 0.000000,12.162570, 4.339245,CI.l(95%).Total.SURVEY_LC1_3A13
  0.0000,  0.0000,281.2445,154.4980,CI.l(95%).Total.SURVEY_LC1_3A21
  0.0000,  0.0000,598.3050,262.9774,CI.l(95%).Total.SURVEY_LC1_3A22
0.000000,4.074227,0.000000,0.000000,CI.l(95%).Total.SURVEY_LC1_3A2x
 0.00000, 0.00000,76.43488,38.85399,CI.l(95%).Total.SURVEY_LC1_3A30
   0.0000,   0.0000,4128.3575, 781.9007,CI.l(95%).Total.SURVEY_LC1_3B11
 0.00000, 0.00000,52.08814,21.64988,CI.l(95%).Total.SURVEY_LC1_3B12
  0.0000,  0.0000,432.5797,104.7261,CI.l(95%).Total.SURVEY_LC1_3B13
0.0000000,0.0000000,0.8977351,9.4893363,CI.l(95%).Total.SURVEY_LC1_3B14
 0.000000, 0.000000,28.292165, 6.084557,CI.l(95%).Total.SURVEY_LC1_3B15
   0.00000,   0.00000,1994.99697,  99.05576,CI.l(95%).Total.SURVEY_LC1_3B16
0.0000000,0.0000000,0.9109028,1.8487287,CI.l(95%).Total.SURVEY_LC1_3B17
 0.000000, 0.000000, 0.000000,-3.210442,CI.l(95%).Total.SURVEY_LC1_3B18
 0.000000, 0.000000,29.716320,-4.962614,CI.l(95%).Total.SURVEY_LC1_3B19
 0.00000, 0.00000, 0.00000,22.73751,CI.l(95%).Total.SURVEY_LC1_3B21
  0.000000,  0.000000,-10.863371, -9.500855,CI.l(95%).Total.SURVEY_LC1_3B23
   0.0000,   0.0000,2964.7608, 711.5998,CI.l(95%).Total.SURVEY_LC1_3B31
  0.00000,  0.00000,326.02931, 25.12277,CI.l(95%).Total.SURVEY_LC1_3B32
 0.000000, 0.000000,-6.105663, 0.000000,CI.l(95%).Total.SURVEY_LC1_3B33
 0.000000, 0.000000,-3.071912, 0.000000,CI.l(95%).Total.SURVEY_LC1_3B35
 0.000000, 0.000000,-3.530215,-3.608909,CI.l(95%).Total.SURVEY_LC1_3B36
 0.00000, 0.00000,16.43472, 0.00000,CI.l(95%).Total.SURVEY_LC1_3B37
0.0000000,0.0000000,5.4597907,0.6645642,CI.l(95%).Total.SURVEY_LC1_3B41
0.0000000,0.0000000,0.0000000,0.7358546,CI.l(95%).Total.SURVEY_LC1_3B42
 0.00000, 0.00000,29.32988,74.54179,CI.l(95%).Total.SURVEY_LC1_3B43
 0.000000, 0.000000,-2.605674,-3.512376,CI.l(95%).Total.SURVEY_LC1_3B44
0.0000000,0.0000000,0.8047166,0.0000000,CI.l(95%).Total.SURVEY_LC1_3B45
  0.0000,  0.0000,193.3144,159.4853,CI.l(95%).Total.SURVEY_LC1_3B52
0.0000000,0.0000000,3.8583032,0.5833624,CI.l(95%).Total.SURVEY_LC1_3B53
0.000000,0.000000,4.003999,0.000000,CI.l(95%).Total.SURVEY_LC1_3B54
 0.000000, 0.000000,-2.443407, 1.635850,CI.l(95%).Total.SURVEY_LC1_3B55
 0.00000, 0.00000,20.96511,18.12882,CI.l(95%).Total.SURVEY_LC1_3B71
 0.000000, 0.000000, 7.879019,-4.551214,CI.l(95%).Total.SURVEY_LC1_3B72
 0.00000, 0.00000,71.02934,72.09209,CI.l(95%).Total.SURVEY_LC1_3B73
 0.00000, 0.00000,86.06419,16.47825,CI.l(95%).Total.SURVEY_LC1_3B74
 0.00000, 0.00000,94.54541,71.88315,CI.l(95%).Total.SURVEY_LC1_3B75
  0.0000,  0.0000,175.8549,104.0831,CI.l(95%).Total.SURVEY_LC1_3B82
0.000000,0.000000,3.987702,0.000000,CI.l(95%).Total.SURVEY_LC1_3B83
 0.00000, 0.00000,70.28578,10.42809,CI.l(95%).Total.SURVEY_LC1_3B84
15646.125, 2452.742,    0.000,    0.000,CI.l(95%).Total.SURVEY_LC1_3Bx1
526.0229,154.4575,  0.0000,  0.0000,CI.l(95%).Total.SURVEY_LC1_3Bx2
-2.592109, 0.000000, 0.000000, 0.000000,CI.l(95%).Total.SURVEY_LC1_3Bxx
    0.00,    0.00,22543.78,13885.42,CI.l(95%).Total.SURVEY_LC1_3C10
0.897574,0.000000,0.000000,0.000000,CI.l(95%).Total.SURVEY_LC1_3C1x
  0.00000,  0.00000,-31.15263,611.31478,CI.l(95%).Total.SURVEY_LC1_3C21
   0.0000,   0.0000, 561.0212,3946.7451,CI.l(95%).Total.SURVEY_LC1_3C22
  0.00000,  0.00000, 12.66358,121.55134,CI.l(95%).Total.SURVEY_LC1_3C23
 -4.122628,-46.484102,  0.000000,  0.000000,CI.l(95%).Total.SURVEY_LC1_3C2x
 0.000000, 0.000000,-7.992049,30.208879,CI.l(95%).Total.SURVEY_LC1_3C31
   0.0000,   0.0000, 242.8093,1068.6655,CI.l(95%).Total.SURVEY_LC1_3C32
   0.0000,   0.0000, 278.9265,1344.2756,CI.l(95%).Total.SURVEY_LC1_3C33
4.056570,4.027786,0.000000,0.000000,CI.l(95%).Total.SURVEY_LC1_3C3x
   0.000,   0.000,1641.559,1150.331,CI.l(95%).Total.SURVEY_LC1_3D10
 0.0000000,-0.1348236, 0.0000000, 0.0000000,CI.l(95%).Total.SURVEY_LC1_3D1x
   0.000,   0.000,1382.187,1023.666,CI.l(95%).Total.SURVEY_LC1_3D20
   0.000,   0.000,2272.046,2352.215,CI.l(95%).Total.SURVEY_LC1_3E10
   0.000,   0.000,4265.409,4199.885,CI.l(95%).Total.SURVEY_LC1_3E20
0.4613713,0.0000000,0.0000000,0.0000000,CI.l(95%).Total.SURVEY_LC1_3E2x
  0.0000,  0.0000,557.3001,310.5562,CI.l(95%).Total.SURVEY_LC1_3E30
  0.00000,  0.00000, 42.87274,337.84197,CI.l(95%).Total.SURVEY_LC1_3F10
 0.00000, 0.00000,16.01176,32.66401,CI.l(95%).Total.SURVEY_LC1_3F20
 0.000000, 0.000000, 0.000000,-4.614401,CI.l(95%).Total.SURVEY_LC1_3F30
  0.0000,  0.0000,793.8876,204.1122,CI.l(95%).Total.SURVEY_LC1_3F40
1.618862,0.000000,0.000000,0.000000,CI.l(95%).Total.SURVEY_LC1_3F4x
  0.0000,  0.0000,314.1738,204.8097,CI.l(95%).Total.SURVEY_LC1_3G11
 0.00000, 0.00000,17.04627, 0.00000,CI.l(95%).Total.SURVEY_LC1_3G12
  0.00000,  0.00000,259.82070, 93.54479,CI.l(95%).Total.SURVEY_LC1_3G21
 0.00000, 0.00000,89.01214,33.12199,CI.l(95%).Total.SURVEY_LC1_3H11
0.000000,0.000000,3.953720,5.019229,CI.l(95%).Total.SURVEY_LC1_3H12
0.000000,0.000000,8.276477,0.000000,CI.l(95%).Total.SURVEY_LC1_3H21
 0.000000, 0.000000,-3.070739,12.200026,CI.l(95%).Total.SURVEY_LC1_3H22
0.000000,0.000000,4.120078,4.174603,CI.l(95%).Total.SURVEY_LC1_3H23
15884.749, 2554.556,17258.983, 7493.292,CI.l(95%).Total.SURVEY_LU1_3U111
 13.804547, -3.393199,230.085171, 75.921029,CI.l(95%).Total.SURVEY_LU1_3U112
260.79997, 66.37612, 67.63556, 78.64188,CI.l(95%).Total.SURVEY_LU1_3U113
    4.811563,  -42.456316,21019.965672,20211.995178,CI.l(95%).Total.SURVEY_LU1_3U120
  0.0000,  0.0000,194.1852,126.6357,CI.l(95%).Total.SURVEY_LU1_3U130
  1.618862,  0.000000,145.589159, 88.435310,CI.l(95%).Total.SURVEY_LU1_3U140
 0.000000, 0.000000,15.554264, 3.976562,CI.l(95%).Total.SURVEY_LU1_3U150
 0.00000, 0.00000,53.77314,47.47185,CI.l(95%).Total.SURVEY_LU1_3U210
 0.00000, 0.00000,11.21504, 8.29995,CI.l(95%).Total.SURVEY_LU1_3U221
 0.0000000, 0.0000000,-0.7966902, 0.0000000,CI.l(95%).Total.SURVEY_LU1_3U224
0.000000,0.000000,5.609896,8.309496,CI.l(95%).Total.SURVEY_LU1_3U225
0.000000,0.000000,1.562062,0.000000,CI.l(95%).Total.SURVEY_LU1_3U226
0.00000,0.00000,3.87078,0.00000,CI.l(95%).Total.SURVEY_LU1_3U227
 0.00000, 0.00000,21.54696,12.40988,CI.l(95%).Total.SURVEY_LU1_3U311
  0.0000,  0.0000,602.3165,272.2216,CI.l(95%).Total.SURVEY_LU1_3U312
  0.000000,  0.000000,212.400146,  4.962981,CI.l(95%).Total.SURVEY_LU1_3U313
 0.00000, 0.00000,13.33348,11.70449,CI.l(95%).Total.SURVEY_LU1_3U314
0.000000,0.000000,3.870468,0.000000,CI.l(95%).Total.SURVEY_LU1_3U315
 0.00000, 0.00000,44.44387,54.43036,CI.l(95%).Total.SURVEY_LU1_3U317
 0.00000, 0.00000,14.76027,13.12254,CI.l(95%).Total.SURVEY_LU1_3U318
0.000000,0.000000,6.736239,7.877606,CI.l(95%).Total.SURVEY_LU1_3U319
 0.00000, 0.00000,63.59259,28.90631,CI.l(95%).Total.SURVEY_LU1_3U321
 0.000000, 0.000000,23.163611, 3.808104,CI.l(95%).Total.SURVEY_LU1_3U322
0.000000,0.000000,5.217488,6.671451,CI.l(95%).Total.SURVEY_LU1_3U330
 0.00000, 0.00000,29.84353,12.33921,CI.l(95%).Total.SURVEY_LU1_3U341
  0.0000000,  0.0000000, -0.1132465,-17.2564370,CI.l(95%).Total.SURVEY_LU1_3U342
  0.00000,  0.00000,108.22950, 70.23697,CI.l(95%).Total.SURVEY_LU1_3U350
 0.00000, 0.00000,65.98498,58.45963,CI.l(95%).Total.SURVEY_LU1_3U361
 0.00000, 0.00000,35.80181,33.21831,CI.l(95%).Total.SURVEY_LU1_3U362
  0.000000,  4.074227,870.990205,566.713841,CI.l(95%).Total.SURVEY_LU1_3U370
 0.00000, 0.00000,43.71597,26.19861,CI.l(95%).Total.SURVEY_LU1_3U411
0.000000,0.000000,8.327901,4.140932,CI.l(95%).Total.SURVEY_LU1_3U412
0.000000,0.000000,9.331462,4.174603,CI.l(95%).Total.SURVEY_LU1_3U413
  0.0000000, -0.1348236,109.5296233, 22.1220942,CI.l(95%).Total.SURVEY_LU1_3U414
 22.42087, 17.28875,341.02307,197.56579,CI.l(95%).Total.SURVEY_LU1_3U415
   0.000,   0.000,8019.426,8173.257,CI.l(95%).Total.SURVEY_LU1_3U420
16343.136, 2710.274,48400.593,37601.770,CI.l(95%).Total.settlement0
   0.000000,   4.074227,2590.830659,1565.765922,CI.l(95%).Total.settlement1
16252.283, 2678.424,24383.196,13183.657,CI.l(95%).Total.fao_class_name0
    4.811563,  -42.456316,23669.241068,23386.652991,CI.l(95%).Total.fao_class_name1
   0.000,   0.000,2080.375,1829.339,CI.l(95%).Total.fao_class_name2
  0.0000,  0.0000,511.9690,401.7243,CI.l(95%).Total.fao_class_name3
16343.136, 2710.274,49732.347,38394.148,CI.l(95%).Total.lue0
   0.000000,   4.074227,1233.708644, 834.568216,CI.l(95%).Total.lue1
16338.474, 2714.348,49533.799,38515.115,CI.l(95%).Total.lud0
   1.618862,   0.000000,1444.528837, 682.221766,CI.l(95%).Total.lud1
17217.846, 3207.696,51989.608,40019.110,CI.u(95%).Total.area
   0.000000,   4.074227,1757.276459,1172.214808,CI.u(95%).Total.SURVEY_LC1_1A
17095.596, 3120.258,12755.033, 3710.822,CI.u(95%).Total.SURVEY_LC1_1B
  198.6401,  155.9647,25182.7728,24811.1747,CI.u(95%).Total.SURVEY_LC1_1C
   0.00000,  11.58101,3452.70359,2424.22468,CI.u(95%).Total.SURVEY_LC1_1D
   9.491308,   0.000000,7702.336817,7515.691303,CI.u(95%).Total.SURVEY_LC1_1E
   7.720404,   0.000000,1154.046298, 753.408776,CI.u(95%).Total.SURVEY_LC1_1F
  0.0000,  0.0000,705.7490,358.2845,CI.u(95%).Total.SURVEY_LC1_1G
  0.00000,  0.00000,135.90807, 80.61927,CI.u(95%).Total.SURVEY_LC1_1H
17180.25, 3168.28,40372.23,29521.25,CI.u(95%).Total.SURVEY_LU1_1U1
  0.0000,  0.0000,133.5418,100.8291,CI.u(95%).Total.SURVEY_LU1_1U2
   0.000000,   4.074227,2771.950611,1818.232547,CI.u(95%).Total.SURVEY_LU1_1U3
  52.53616,  48.65045,9242.52637,9536.60101,CI.u(95%).Total.SURVEY_LU1_1U4
  0.0000,  0.0000,598.2198,419.2521,CI.u(95%).Total.SURVEY_LC1_2A1
   0.000000,   4.074227,1189.796692, 787.967011,CI.u(95%).Total.SURVEY_LC1_2A2
  0.00000,  0.00000,138.29757, 83.64737,CI.u(95%).Total.SURVEY_LC1_2A3
   0.000,   0.000,7800.579,1623.519,CI.u(95%).Total.SURVEY_LC1_2B1
 0.00000, 0.00000,42.25365,77.41955,CI.u(95%).Total.SURVEY_LC1_2B2
   0.000,   0.000,4030.353,1098.326,CI.u(95%).Total.SURVEY_LC1_2B3
  0.00000,  0.00000, 98.23532,247.36422,CI.u(95%).Total.SURVEY_LC1_2B4
  0.0000,  0.0000,375.7738,329.3903,CI.u(95%).Total.SURVEY_LC1_2B5
  0.0000,  0.0000,488.6499,456.4146,CI.u(95%).Total.SURVEY_LC1_2B7
  0.0000,  0.0000,421.9501,310.9877,CI.u(95%).Total.SURVEY_LC1_2B8
17095.596, 3120.258,    0.000,    0.000,CI.u(95%).Total.SURVEY_LC1_2Bx
    9.028277,    0.000000,23532.247151,15783.025995,CI.u(95%).Total.SURVEY_LC1_2C1
 189.5353, 151.9369,1245.0672,6828.4441,CI.u(95%).Total.SURVEY_LC1_2C2
   4.056570,   4.027786,1303.465170,4342.538791,CI.u(95%).Total.SURVEY_LC1_2C3
   0.00000,  11.58101,1828.94810,1308.46419,CI.u(95%).Total.SURVEY_LC1_2D1
   0.000,   0.000,1692.599,1160.106,CI.u(95%).Total.SURVEY_LC1_2D2
   0.000,   0.000,2504.172,2694.106,CI.u(95%).Total.SURVEY_LC1_2E1
   9.491308,   0.000000,4588.009569,4555.493069,CI.u(95%).Total.SURVEY_LC1_2E2
  0.0000,  0.0000,793.1488,471.4994,CI.u(95%).Total.SURVEY_LC1_2E3
  0.00000,  0.00000, 90.65264,374.25582,CI.u(95%).Total.SURVEY_LC1_2F1
 0.00000, 0.00000,16.01176,32.66401,CI.u(95%).Total.SURVEY_LC1_2F2
 0.00000, 0.00000, 0.00000,26.27402,CI.u(95%).Total.SURVEY_LC1_2F3
   7.720404,   0.000000,1069.214301, 353.159397,CI.u(95%).Total.SURVEY_LC1_2F4
  0.0000,  0.0000,412.2231,246.3173,CI.u(95%).Total.SURVEY_LC1_2G1
  0.0000,  0.0000,327.7814,131.2144,CI.u(95%).Total.SURVEY_LC1_2G2
  0.00000,  0.00000,110.17021, 64.24464,CI.u(95%).Total.SURVEY_LC1_2H1
 0.00000, 0.00000,31.38182,16.37463,CI.u(95%).Total.SURVEY_LC1_2H2
17062.975, 3090.679,18562.243, 8237.093,CI.u(95%).Total.SURVEY_LU1_2U11
  198.6401,  155.9647,21644.6147,21226.2059,CI.u(95%).Total.SURVEY_LU1_2U12
  0.0000,  0.0000,246.8550,178.6856,CI.u(95%).Total.SURVEY_LU1_2U13
  7.720404,  0.000000,156.890472,114.195737,CI.u(95%).Total.SURVEY_LU1_2U14
 0.000000, 0.000000,29.392708, 3.976562,CI.u(95%).Total.SURVEY_LU1_2U15
 0.00000, 0.00000,90.34459,84.21970,CI.u(95%).Total.SURVEY_LU1_2U21
 0.00000, 0.00000,51.26196,16.60945,CI.u(95%).Total.SURVEY_LU1_2U22
   0.0000,   0.0000,1286.9540, 769.1525,CI.u(95%).Total.SURVEY_LU1_2U31
  0.00000,  0.00000,134.97350, 44.18248,CI.u(95%).Total.SURVEY_LU1_2U32
 0.00000, 0.00000,11.58525,21.57041,CI.u(95%).Total.SURVEY_LU1_2U33
  0.00000,  0.00000,143.04700, 74.25204,CI.u(95%).Total.SURVEY_LU1_2U34
  0.0000,  0.0000,164.8088,272.7493,CI.u(95%).Total.SURVEY_LU1_2U35
  0.0000,  0.0000,171.3961,123.1371,CI.u(95%).Total.SURVEY_LU1_2U36
   0.000000,   4.074227,1116.407505, 747.410542,CI.u(95%).Total.SURVEY_LU1_2U37
 52.53616, 48.65045,695.76331,434.63478,CI.u(95%).Total.SURVEY_LU1_2U41
   0.000,   0.000,8612.930,9169.947,CI.u(95%).Total.SURVEY_LU1_2U42
  0.0000,  0.0000,562.9967,387.5128,CI.u(95%).Total.SURVEY_LC1_3A11
 0.00000, 0.00000,46.92037,11.33610,CI.u(95%).Total.SURVEY_LC1_3A12
 0.00000, 0.00000,12.16257,43.52253,CI.u(95%).Total.SURVEY_LC1_3A13
  0.0000,  0.0000,462.2928,263.6303,CI.u(95%).Total.SURVEY_LC1_3A21
  0.0000,  0.0000,807.7943,572.6652,CI.u(95%).Total.SURVEY_LC1_3A22
0.000000,4.074227,0.000000,0.000000,CI.u(95%).Total.SURVEY_LC1_3A2x
  0.00000,  0.00000,138.29757, 83.64737,CI.u(95%).Total.SURVEY_LC1_3A30
   0.000,   0.000,4723.375,1070.815,CI.u(95%).Total.SURVEY_LC1_3B11
  0.00000,  0.00000,129.10928, 85.48327,CI.u(95%).Total.SURVEY_LC1_3B12
  0.0000,  0.0000,643.1666,249.1504,CI.u(95%).Total.SURVEY_LC1_3B13
 0.00000, 0.00000,55.05011,39.89045,CI.u(95%).Total.SURVEY_LC1_3B14
 0.00000, 0.00000,93.81792,63.11631,CI.u(95%).Total.SURVEY_LC1_3B15
   0.0000,   0.0000,2437.1837, 210.9878,CI.u(95%).Total.SURVEY_LC1_3B16
 0.000000, 0.000000, 9.064023,82.484350,CI.u(95%).Total.SURVEY_LC1_3B17
 0.00000, 0.00000, 0.00000,19.00084,CI.u(95%).Total.SURVEY_LC1_3B18
  0.00000,  0.00000,117.40735, 62.34249,CI.u(95%).Total.SURVEY_LC1_3B19
 0.00000, 0.00000, 0.00000,48.96077,CI.u(95%).Total.SURVEY_LC1_3B21
 0.00000, 0.00000,42.25365,38.20423,CI.u(95%).Total.SURVEY_LC1_3B23
   0.000,   0.000,3499.089,1000.272,CI.u(95%).Total.SURVEY_LC1_3B31
  0.0000,  0.0000,510.2014,115.7312,CI.u(95%).Total.SURVEY_LC1_3B32
 0.00000, 0.00000,68.64452, 0.00000,CI.u(95%).Total.SURVEY_LC1_3B33
 0.00000, 0.00000,35.25811, 0.00000,CI.u(95%).Total.SURVEY_LC1_3B35
 0.00000, 0.00000,20.24831,45.49090,CI.u(95%).Total.SURVEY_LC1_3B36
 0.00000, 0.00000,67.54817, 0.00000,CI.u(95%).Total.SURVEY_LC1_3B37
 0.00000, 0.00000,26.21383,24.31821,CI.u(95%).Total.SURVEY_LC1_3B41
 0.00000, 0.00000, 0.00000,52.03738,CI.u(95%).Total.SURVEY_LC1_3B42
  0.00000,  0.00000, 64.34507,192.53223,CI.u(95%).Total.SURVEY_LC1_3B43
 0.00000, 0.00000,17.73189,20.78782,CI.u(95%).Total.SURVEY_LC1_3B44
0.000000,0.000000,8.992857,0.000000,CI.u(95%).Total.SURVEY_LC1_3B45
  0.0000,  0.0000,360.2818,303.9053,CI.u(95%).Total.SURVEY_LC1_3B52
 0.000000, 0.000000, 3.858303,24.059037,CI.u(95%).Total.SURVEY_LC1_3B53
0.000000,0.000000,4.003999,0.000000,CI.u(95%).Total.SURVEY_LC1_3B54
 0.00000, 0.00000,16.62765,21.62174,CI.u(95%).Total.SURVEY_LC1_3B55
 0.00000, 0.00000,51.39042,65.32788,CI.u(95%).Total.SURVEY_LC1_3B71
 0.000000, 0.000000, 7.879019,23.177032,CI.u(95%).Total.SURVEY_LC1_3B72
  0.0000,  0.0000,137.8874,213.3877,CI.u(95%).Total.SURVEY_LC1_3B73
  0.0000,  0.0000,173.2161,100.8450,CI.u(95%).Total.SURVEY_LC1_3B74
  0.0000,  0.0000,187.5704,157.1433,CI.u(95%).Total.SURVEY_LC1_3B75
  0.0000,  0.0000,281.1826,253.3071,CI.u(95%).Total.SURVEY_LC1_3B82
0.000000,0.000000,3.987702,0.000000,CI.u(95%).Total.SURVEY_LC1_3B83
  0.00000,  0.00000,168.00480, 88.17263,CI.u(95%).Total.SURVEY_LC1_3B84
16491.64, 2881.86,    0.00,    0.00,CI.u(95%).Total.SURVEY_LC1_3Bx1
659.4071,299.8807,  0.0000,  0.0000,CI.u(95%).Total.SURVEY_LC1_3Bx2
17.63958, 0.00000, 0.00000, 0.00000,CI.u(95%).Total.SURVEY_LC1_3Bxx
    0.00,    0.00,23532.25,15783.03,CI.u(95%).Total.SURVEY_LC1_3C10
9.028277,0.000000,0.000000,0.000000,CI.u(95%).Total.SURVEY_LC1_3C1x
   0.000,   0.000, 118.257,1376.237,CI.u(95%).Total.SURVEY_LC1_3C21
   0.000,   0.000,1181.436,5439.296,CI.u(95%).Total.SURVEY_LC1_3C22
  0.00000,  0.00000, 12.66358,552.08687,CI.u(95%).Total.SURVEY_LC1_3C23
189.5353,151.9369,  0.0000,  0.0000,CI.u(95%).Total.SURVEY_LC1_3C2x
  0.00000,  0.00000, 50.69643,495.74165,CI.u(95%).Total.SURVEY_LC1_3C31
   0.0000,   0.0000, 662.3322,1998.1476,CI.u(95%).Total.SURVEY_LC1_3C32
   0.0000,   0.0000, 754.7227,2370.3751,CI.u(95%).Total.SURVEY_LC1_3C33
4.056570,4.027786,0.000000,0.000000,CI.u(95%).Total.SURVEY_LC1_3C3x
   0.000,   0.000,1828.948,1308.464,CI.u(95%).Total.SURVEY_LC1_3D10
 0.00000,11.58101, 0.00000, 0.00000,CI.u(95%).Total.SURVEY_LC1_3D1x
   0.000,   0.000,1692.599,1160.106,CI.u(95%).Total.SURVEY_LC1_3D20
   0.000,   0.000,2504.172,2694.106,CI.u(95%).Total.SURVEY_LC1_3E10
   0.000,   0.000,4588.010,4555.493,CI.u(95%).Total.SURVEY_LC1_3E20
9.491308,0.000000,0.000000,0.000000,CI.u(95%).Total.SURVEY_LC1_3E2x
  0.0000,  0.0000,793.1488,471.4994,CI.u(95%).Total.SURVEY_LC1_3E30
  0.00000,  0.00000, 90.65264,374.25582,CI.u(95%).Total.SURVEY_LC1_3F10
 0.00000, 0.00000,16.01176,32.66401,CI.u(95%).Total.SURVEY_LC1_3F20
 0.00000, 0.00000, 0.00000,26.27402,CI.u(95%).Total.SURVEY_LC1_3F30
   0.0000,   0.0000,1069.2143, 353.1594,CI.u(95%).Total.SURVEY_LC1_3F40
7.720404,0.000000,0.000000,0.000000,CI.u(95%).Total.SURVEY_LC1_3F4x
  0.0000,  0.0000,380.7959,246.3173,CI.u(95%).Total.SURVEY_LC1_3G11
 0.00000, 0.00000,52.29324, 0.00000,CI.u(95%).Total.SURVEY_LC1_3G12
  0.0000,  0.0000,327.7814,131.2144,CI.u(95%).Total.SURVEY_LC1_3G21
  0.00000,  0.00000,106.21649, 59.22541,CI.u(95%).Total.SURVEY_LC1_3H11
0.000000,0.000000,3.953720,5.019229,CI.u(95%).Total.SURVEY_LC1_3H12
0.000000,0.000000,8.276477,0.000000,CI.u(95%).Total.SURVEY_LC1_3H21
 0.00000, 0.00000,18.98527,12.20003,CI.u(95%).Total.SURVEY_LC1_3H22
0.000000,0.000000,4.120078,4.174603,CI.u(95%).Total.SURVEY_LC1_3H23
16736.203, 3005.128,18134.589, 8008.965,CI.u(95%).Total.SURVEY_LU1_3U111
 56.22145, 20.08248,444.08966,164.92548,CI.u(95%).Total.SURVEY_LU1_3U112
321.45655, 87.31352, 95.98856,137.15988,CI.u(95%).Total.SURVEY_LU1_3U113
  198.6401,  155.9647,21644.6147,21226.2059,CI.u(95%).Total.SURVEY_LU1_3U120
  0.0000,  0.0000,246.8550,178.6856,CI.u(95%).Total.SURVEY_LU1_3U130
  7.720404,  0.000000,156.890472,114.195737,CI.u(95%).Total.SURVEY_LU1_3U140
 0.000000, 0.000000,29.392708, 3.976562,CI.u(95%).Total.SURVEY_LU1_3U150
 0.00000, 0.00000,90.34459,84.21970,CI.u(95%).Total.SURVEY_LU1_3U210
 0.00000, 0.00000,25.46429, 8.29995,CI.u(95%).Total.SURVEY_LU1_3U221
 0.00000, 0.00000,12.90576, 0.00000,CI.u(95%).Total.SURVEY_LU1_3U224
 0.000000, 0.000000,11.542496, 8.309496,CI.u(95%).Total.SURVEY_LU1_3U225
0.000000,0.000000,7.449524,0.000000,CI.u(95%).Total.SURVEY_LU1_3U226
0.00000,0.00000,3.87078,0.00000,CI.u(95%).Total.SURVEY_LU1_3U227
 0.00000, 0.00000,48.59197,12.40988,CI.u(95%).Total.SURVEY_LU1_3U311
  0.0000,  0.0000,804.1820,589.4509,CI.u(95%).Total.SURVEY_LU1_3U312
  0.00000,  0.00000,282.00749, 41.00598,CI.u(95%).Total.SURVEY_LU1_3U313
 0.00000, 0.00000,82.83132,24.63232,CI.u(95%).Total.SURVEY_LU1_3U314
0.000000,0.000000,3.870468,0.000000,CI.u(95%).Total.SURVEY_LU1_3U315
 0.00000, 0.00000,78.73604,90.50721,CI.u(95%).Total.SURVEY_LU1_3U317
 0.00000, 0.00000,62.57882,40.80277,CI.u(95%).Total.SURVEY_LU1_3U318
 0.00000, 0.00000,64.15076,40.92686,CI.u(95%).Total.SURVEY_LU1_3U319
  0.00000,  0.00000,103.08976, 28.90631,CI.u(95%).Total.SURVEY_LU1_3U321
 0.00000, 0.00000,37.93285,15.27617,CI.u(95%).Total.SURVEY_LU1_3U322
 0.00000, 0.00000,11.58525,21.57041,CI.u(95%).Total.SURVEY_LU1_3U330
  0.00000,  0.00000,138.01647, 12.33921,CI.u(95%).Total.SURVEY_LU1_3U341
 0.000000, 0.000000, 9.727599,61.912825,CI.u(95%).Total.SURVEY_LU1_3U342
  0.0000,  0.0000,164.8088,272.7493,CI.u(95%).Total.SURVEY_LU1_3U350
  0.00000,  0.00000,127.16850, 88.13861,CI.u(95%).Total.SURVEY_LU1_3U361
 0.00000, 0.00000,50.83387,36.62005,CI.u(95%).Total.SURVEY_LU1_3U362
   0.000000,   4.074227,1116.407505, 747.410542,CI.u(95%).Total.SURVEY_LU1_3U370
 0.00000, 0.00000,65.21793,32.16622,CI.u(95%).Total.SURVEY_LU1_3U411
 0.000000, 0.000000, 8.327901,15.550754,CI.u(95%).Total.SURVEY_LU1_3U412
 0.000000, 0.000000,15.733461, 4.174603,CI.u(95%).Total.SURVEY_LU1_3U413
  0.00000, 11.58101,171.40555,111.31880,CI.u(95%).Total.SURVEY_LU1_3U414
 52.53616, 41.58894,472.18196,308.93163,CI.u(95%).Total.SURVEY_LU1_3U415
   0.000,   0.000,8612.930,9169.947,CI.u(95%).Total.SURVEY_LU1_3U420
17217.846, 3203.622,49299.666,38312.098,CI.u(95%).Total.settlement0
   0.000000,   4.074227,2805.928674,1932.321936,CI.u(95%).Total.settlement1
17105.247, 3130.111,25321.434,13837.968,CI.u(95%).Total.fao_class_name0
  198.6401,  155.9647,24151.2348,24049.9959,CI.u(95%).Total.fao_class_name1
   0.000,   0.000,2324.604,2131.371,CI.u(95%).Total.fao_class_name2
  0.0000,  0.0000,654.9642,591.2475,CI.u(95%).Total.fao_class_name3
17217.846, 3203.622,50646.971,39074.926,CI.u(95%).Total.lue0
   0.000000,   4.074227,1483.990836,1108.313893,CI.u(95%).Total.lue1
17213.169, 3207.696,50442.990,39207.695,CI.u(95%).Total.lud0
   7.720404,   0.000000,1675.700718,1006.923862,CI.u(95%).Total.lud1
0.013297843,0.042504370,0.004365882,0.004023682,CV.Total.area
NA,0.00000000,0.02403976,0.07700362,CV.Total.SURVEY_LC1_1A
0.01305372,0.03979996,0.01719389,0.03398518,CV.Total.SURVEY_LC1_1B
0.486080704,0.891890862,0.004632054,0.006236787,CV.Total.SURVEY_LC1_1C
NA,0.52223297,0.02807133,0.02262628,CV.Total.SURVEY_LC1_1D
0.46291005,NA,0.01446124,0.01566029,CV.Total.SURVEY_LC1_1E
0.33333333,NA,0.07028069,0.05659793,CV.Total.SURVEY_LC1_1F
NA,NA,0.02248807,0.03071072,CV.Total.SURVEY_LC1_1G
NA,NA,0.05852895,0.09855554,CV.Total.SURVEY_LC1_1H
0.013324153,0.043043807,0.006787356,0.009950706,CV.Total.SURVEY_LU1_1U1
NA,NA,0.09059199,0.11369352,CV.Total.SURVEY_LU1_1U2
NA,0.00000000,0.02261119,0.05813736,CV.Total.SURVEY_LU1_1U3
0.20498715,0.19572362,0.01734951,0.02833928,CV.Total.SURVEY_LU1_1U4
NA,NA,0.1051244,0.1372815,CV.Total.SURVEY_LC1_2A1
NA,0.00000000,0.05457992,0.13110209,CV.Total.SURVEY_LC1_2A2
NA,NA,0.1469884,0.1865627,CV.Total.SURVEY_LC1_2A3
NA,NA,0.02487082,0.06108540,CV.Total.SURVEY_LC1_2B1
NA,NA,0.8633571,0.2766360,CV.Total.SURVEY_LC1_2B2
NA,NA,0.03847270,0.08133994,CV.Total.SURVEY_LC1_2B3
NA,NA,0.1568551,0.1868683,CV.Total.SURVEY_LC1_2B4
NA,NA,0.1469355,0.1471792,CV.Total.SURVEY_LC1_2B5
NA,NA,0.08450958,0.12438267,CV.Total.SURVEY_LC1_2B7
NA,NA,0.1019963,0.1857219,CV.Total.SURVEY_LC1_2B8
0.01305372,0.03979996,NA,NA,CV.Total.SURVEY_LC1_2Bx
0.41793838,NA,0.01094562,0.03263337,CV.Total.SURVEY_LC1_2C1
0.53290252,0.96002269,0.17473334,0.06817071,CV.Total.SURVEY_LC1_2C2
0.00000000,0.00000000,0.16104279,0.09619029,CV.Total.SURVEY_LC1_2C3
NA,0.52223297,0.02754879,0.03281351,CV.Total.SURVEY_LC1_2D1
NA,NA,0.05150808,0.03187765,CV.Total.SURVEY_LC1_2D2
NA,NA,0.02479665,0.03456730,CV.Total.SURVEY_LC1_2E1
0.46291005,NA,0.01859115,0.02072280,CV.Total.SURVEY_LC1_2E2
NA,NA,0.08910604,0.10499944,CV.Total.SURVEY_LC1_2E3
NA,NA,0.18257166,0.02609029,CV.Total.SURVEY_LC1_2F1
NA,NA,  0,  0,CV.Total.SURVEY_LC1_2F2
NA,NA,NA,0.7276069,CV.Total.SURVEY_LC1_2F3
0.33333333,NA,0.07539868,0.13646110,CV.Total.SURVEY_LC1_2F4
NA,NA,0.04014441,0.04694411,CV.Total.SURVEY_LC1_2G1
NA,NA,0.05901012,0.08551161,CV.Total.SURVEY_LC1_2G2
NA,NA,0.0432119,0.1300796,CV.Total.SURVEY_LC1_2H1
NA,NA,0.2764413,0.0000000,CV.Total.SURVEY_LC1_2H2
0.01307560,0.04018399,0.01257694,0.01647378,CV.Total.SURVEY_LU1_2U11
0.486080704,0.891890862,0.007469998,0.012487606,CV.Total.SURVEY_LU1_2U12
NA,NA,0.06093053,0.08697918,CV.Total.SURVEY_LU1_2U13
0.33333333,NA,0.01906271,0.06486329,CV.Total.SURVEY_LU1_2U14
NA,NA,0.1570865,0.0000000,CV.Total.SURVEY_LU1_2U15
NA,NA,0.1294723,0.1423724,CV.Total.SURVEY_LU1_2U21
NA,NA,0.122349,0.000000,CV.Total.SURVEY_LU1_2U22
NA,NA,0.04948087,0.13498695,CV.Total.SURVEY_LU1_2U31
NA,NA,0.09445470,0.07609102,CV.Total.SURVEY_LU1_2U32
NA,NA,0.1933565,0.2691625,CV.Total.SURVEY_LU1_2U33
NA,NA,0.3122660,0.5825822,CV.Total.SURVEY_LU1_2U34
NA,NA,0.1057269,0.3012497,CV.Total.SURVEY_LU1_2U35
NA,NA,0.1148901,0.0703371,CV.Total.SURVEY_LU1_2U36
NA,0.00000000,0.06300461,0.07015614,CV.Total.SURVEY_LU1_2U37
0.20498715,0.19572362,0.06014207,0.10039668,CV.Total.SURVEY_LU1_2U41
NA,NA,0.01820633,0.02932126,CV.Total.SURVEY_LU1_2U42
NA,NA,0.1126799,0.1470167,CV.Total.SURVEY_LC1_3A11
NA,NA,0.5441392,0.5222330,CV.Total.SURVEY_LC1_3A12
NA,NA,0.0000000,0.4176995,CV.Total.SURVEY_LC1_3A13
NA,NA,0.1242349,0.1331666,CV.Total.SURVEY_LC1_3A21
NA,NA,0.07601474,0.18908427,CV.Total.SURVEY_LC1_3A22
NA,  0,NA,NA,CV.Total.SURVEY_LC1_3A2x
NA,NA,0.1469884,0.1865627,CV.Total.SURVEY_LC1_3A30
NA,NA,0.03429679,0.07956327,CV.Total.SURVEY_LC1_3B11
NA,NA,0.2168752,0.3040016,CV.Total.SURVEY_LC1_3B12
NA,NA,0.09987881,0.20822852,CV.Total.SURVEY_LC1_3B13
NA,NA,0.4938398,0.3141175,CV.Total.SURVEY_LC1_3B14
NA,NA,0.2737867,0.4204914,CV.Total.SURVEY_LC1_3B15
NA,NA,0.05090262,0.18419746,CV.Total.SURVEY_LC1_3B16
NA,NA,0.4170288,0.4878439,CV.Total.SURVEY_LC1_3B17
NA,NA,NA,0.7176827,CV.Total.SURVEY_LC1_3B18
NA,NA,0.3041057,0.5984671,CV.Total.SURVEY_LC1_3B19
NA,NA,NA,0.1866078,CV.Total.SURVEY_LC1_3B21
NA,NA,0.8633571,0.8479761,CV.Total.SURVEY_LC1_3B23
NA,NA,0.04217629,0.08603712,CV.Total.SURVEY_LC1_3B31
NA,NA,0.1123698,0.3282097,CV.Total.SURVEY_LC1_3B32
NA,NA,0.6098376,NA,CV.Total.SURVEY_LC1_3B33
NA,NA,0.607605,NA,CV.Total.SURVEY_LC1_3B35
NA,NA,0.7256882,0.5981421,CV.Total.SURVEY_LC1_3B36
NA,NA,0.3105248,NA,CV.Total.SURVEY_LC1_3B37
NA,NA,0.3343157,0.4830692,CV.Total.SURVEY_LC1_3B41
NA,NA,NA,0.4959849,CV.Total.SURVEY_LC1_3B42
NA,NA,0.1907150,0.2254068,CV.Total.SURVEY_LC1_3B43
NA,NA,0.6859943,0.7176827,CV.Total.SURVEY_LC1_3B44
NA,NA,0.4264014,NA,CV.Total.SURVEY_LC1_3B45
NA,NA,0.1538829,0.1590127,CV.Total.SURVEY_LC1_3B52
NA,NA,0.0000000,0.4860568,CV.Total.SURVEY_LC1_3B53
NA,NA,  0,NA,CV.Total.SURVEY_LC1_3B54
NA,NA,0.6859943,0.4384405,CV.Total.SURVEY_LC1_3B55
NA,NA,0.2145434,0.2885520,CV.Total.SURVEY_LC1_3B71
NA,NA,0.0000000,0.7595545,CV.Total.SURVEY_LC1_3B72
NA,NA,0.1632798,0.2525255,CV.Total.SURVEY_LC1_3B73
NA,NA,0.1714981,0.3668928,CV.Total.SURVEY_LC1_3B74
NA,NA,0.1682380,0.1899382,CV.Total.SURVEY_LC1_3B75
NA,NA,0.1175825,0.2130334,CV.Total.SURVEY_LC1_3B82
NA,NA,  0,NA,CV.Total.SURVEY_LC1_3B83
NA,NA,0.2092301,0.4022923,CV.Total.SURVEY_LC1_3B84
0.01342318,0.04104181,NA,NA,CV.Total.SURVEY_LC1_3Bx1
0.05740903,0.16330753,NA,NA,CV.Total.SURVEY_LC1_3Bx2
0.6859943,NA,NA,NA,CV.Total.SURVEY_LC1_3Bxx
NA,NA,0.01094562,0.03263337,CV.Total.SURVEY_LC1_3C10
0.4179384,NA,NA,NA,CV.Total.SURVEY_LC1_3C1x
NA,NA,0.8751664,0.1963590,CV.Total.SURVEY_LC1_3C21
NA,NA,0.18166529,0.08113322,CV.Total.SURVEY_LC1_3C22
NA,NA,0.0000000,0.3260875,CV.Total.SURVEY_LC1_3C23
0.5329025,0.9600227,NA,NA,CV.Total.SURVEY_LC1_3C2x
NA,NA,0.7011846,0.4516035,CV.Total.SURVEY_LC1_3C31
NA,NA,0.2364782,0.1546342,CV.Total.SURVEY_LC1_3C32
NA,NA,0.2348549,0.1409365,CV.Total.SURVEY_LC1_3C33
  0,  0,NA,NA,CV.Total.SURVEY_LC1_3C3x
NA,NA,0.02754879,0.03281351,CV.Total.SURVEY_LC1_3D10
NA,0.522233,NA,NA,CV.Total.SURVEY_LC1_3D1x
NA,NA,0.05150808,0.03187765,CV.Total.SURVEY_LC1_3D20
NA,NA,0.02479665,0.03456730,CV.Total.SURVEY_LC1_3E10
NA,NA,0.01859115,0.02072280,CV.Total.SURVEY_LC1_3E20
0.46291,NA,NA,NA,CV.Total.SURVEY_LC1_3E2x
NA,NA,0.08910604,0.10499944,CV.Total.SURVEY_LC1_3E30
NA,NA,0.18257166,0.02609029,CV.Total.SURVEY_LC1_3F10
NA,NA,  0,  0,CV.Total.SURVEY_LC1_3F20
NA,NA,NA,0.7276069,CV.Total.SURVEY_LC1_3F30
NA,NA,0.07539868,0.13646110,CV.Total.SURVEY_LC1_3F40
0.3333333,NA,NA,NA,CV.Total.SURVEY_LC1_3F4x
NA,NA,0.04891071,0.04694411,CV.Total.SURVEY_LC1_3G11
NA,NA,0.2593539,NA,CV.Total.SURVEY_LC1_3G12
NA,NA,0.05901012,0.08551161,CV.Total.SURVEY_LC1_3G21
NA,NA,0.04496213,0.14421970,CV.Total.SURVEY_LC1_3H11
NA,NA,  0,  0,CV.Total.SURVEY_LC1_3H12
NA,NA,  0,NA,CV.Total.SURVEY_LC1_3H21
NA,NA,0.7071068,0.0000000,CV.Total.SURVEY_LC1_3H22
NA,NA,  0,  0,CV.Total.SURVEY_LC1_3H23
0.01331731,0.04134911,0.01262224,0.01697194,CV.Total.SURVEY_LU1_3U111
0.3090520,0.7176827,0.1619579,0.1885486,CV.Total.SURVEY_LU1_3U112
0.05315149,0.06950724,0.08841044,0.13835230,CV.Total.SURVEY_LU1_3U113
0.486080704,0.891890862,0.007469998,0.012487606,CV.Total.SURVEY_LU1_3U120
NA,NA,0.06093053,0.08697918,CV.Total.SURVEY_LU1_3U130
0.33333333,NA,0.01906271,0.06486329,CV.Total.SURVEY_LU1_3U140
NA,NA,0.1570865,0.0000000,CV.Total.SURVEY_LU1_3U150
NA,NA,0.1294723,0.1423724,CV.Total.SURVEY_LU1_3U210
NA,NA,0.1982087,0.0000000,CV.Total.SURVEY_LU1_3U221
NA,NA,0.5773503,NA,CV.Total.SURVEY_LU1_3U224
NA,NA,0.1764706,0.0000000,CV.Total.SURVEY_LU1_3U225
NA,NA,0.3333333,NA,CV.Total.SURVEY_LU1_3U226
NA,NA,  0,NA,CV.Total.SURVEY_LU1_3U227
NA,NA,0.1967342,0.0000000,CV.Total.SURVEY_LU1_3U311
NA,NA,0.07322759,0.18783779,CV.Total.SURVEY_LU1_3U312
NA,NA,0.07183263,0.40004434,CV.Total.SURVEY_LU1_3U313
NA,NA,0.3687288,0.1815227,CV.Total.SURVEY_LU1_3U314
NA,NA,  0,NA,CV.Total.SURVEY_LU1_3U315
NA,NA,0.1420388,0.1269988,CV.Total.SURVEY_LU1_3U317
NA,NA,0.3154636,0.2618961,CV.Total.SURVEY_LU1_3U318
NA,NA,0.4132445,0.3455047,CV.Total.SURVEY_LU1_3U319
NA,NA,0.1209005,0.0000000,CV.Total.SURVEY_LU1_3U321
NA,NA,0.1233372,0.3065960,CV.Total.SURVEY_LU1_3U322
NA,NA,0.1933565,0.2691625,CV.Total.SURVEY_LU1_3U330
NA,NA,0.3287936,0.0000000,CV.Total.SURVEY_LU1_3U341
NA,NA,0.522233,0.904534,CV.Total.SURVEY_LU1_3U342
NA,NA,0.1057269,0.3012497,CV.Total.SURVEY_LU1_3U350
NA,NA,0.1616158,0.1032933,CV.Total.SURVEY_LU1_3U361
NA,NA,0.08852659,0.02485187,CV.Total.SURVEY_LU1_3U362
NA,0.00000000,0.06300461,0.07015614,CV.Total.SURVEY_LU1_3U370
NA,NA,0.10070866,0.05216762,CV.Total.SURVEY_LU1_3U411
NA,NA,0.0000000,0.2956296,CV.Total.SURVEY_LU1_3U412
NA,NA,0.130317,0.000000,CV.Total.SURVEY_LU1_3U413
NA,0.5222330,0.1123744,0.3410451,CV.Total.SURVEY_LU1_3U414
0.20498715,0.21057697,0.08229048,0.11218290,CV.Total.SURVEY_LU1_3U415
NA,NA,0.01820633,0.02932126,CV.Total.SURVEY_LU1_3U420
0.013297843,0.042562935,0.004695172,0.004774079,CV.Total.settlement0
NA,0.00000000,0.02033552,0.05346401,CV.Total.settlement1
0.013046353,0.039675554,0.009630935,0.012354485,CV.Total.fao_class_name0
0.486080704,0.891890862,0.005142560,0.007134704,CV.Total.fao_class_name1
NA,NA,0.02828817,0.03890745,CV.Total.fao_class_name2
NA,NA,0.06252121,0.09738168,CV.Total.fao_class_name3
0.013297843,0.042562935,0.004648902,0.004483626,CV.Total.lue0
NA,0.00000000,0.04698729,0.07188739,CV.Total.lue1
0.013301313,0.042504370,0.004639890,0.004546455,CV.Total.lud0
0.33333333,NA,0.03780075,0.09807762,CV.Total.lud1
