FI1.No,FI2.No,FI1.Yes,FI2.Yes,variable
No,No,Yes,Yes,flag_two
 19577.7950,    31.1101,317204.2050,  1549.8899,Total.area
   0.00000,   0.00000,7243.21005,  35.29908,Total.SURVEY_LC1_1A
 2101.133937,    7.378644,11077.990971,  111.186405,Total.SURVEY_LC1_1B
 17206.18636,    23.73145,204884.34641,  1110.53923,Total.SURVEY_LC1_1C
  247.36715,    0.00000,17215.00259,   17.30223,Total.SURVEY_LC1_1D
    0.0000,    0.0000,18062.0943,  129.8271,Total.SURVEY_LC1_1E
  16.76969,   0.00000,6533.65557,  58.14812,Total.SURVEY_LC1_1F
    0.00000,    0.00000,34450.65642,   63.05805,Total.SURVEY_LC1_1G
    6.337883,    0.000000,17737.248664,   24.529703,Total.SURVEY_LC1_1H
 15661.74473,    21.80087,224975.01096,  1099.86718,Total.SURVEY_LU1_1U1
  0.000,  0.000,209.287,  0.000,Total.SURVEY_LU1_1U2
   51.7505,    0.0000,39296.5517,  151.7596,Total.SURVEY_LU1_1U3
 3864.299790,    9.309228,52723.355320,  298.263133,Total.SURVEY_LU1_1U4
   0.00,   0.00,1031.48,   0.00,Total.SURVEY_LC1_2A1
   0.00000,   0.00000,5722.96899,  35.29908,Total.SURVEY_LC1_2A2
  0.0000,  0.0000,488.7607,  0.0000,Total.SURVEY_LC1_2A3
   0.00000,   0.00000,5951.65361,  23.98411,Total.SURVEY_LC1_2B1
  0.00000,  0.00000,270.33586, 28.73567,Total.SURVEY_LC1_2B2
  0.0000,  0.0000,482.6272,  0.0000,Total.SURVEY_LC1_2B3
  0.0000,  0.0000,238.6024,  0.0000,Total.SURVEY_LC1_2B4
   0.0000,   0.0000,4005.4670,  53.4648,Total.SURVEY_LC1_2B5
 0.00000, 0.00000,85.00189, 5.00183,Total.SURVEY_LC1_2B7
 0.00000, 0.00000,44.30296, 0.00000,Total.SURVEY_LC1_2B8
2101.133937,   7.378644,   0.000000,   0.000000,Total.SURVEY_LC1_2Bx
    0.0000,    0.0000,17316.0646,  162.7146,Total.SURVEY_LC1_2C1
 13942.018839,     9.309228,106152.219155,   582.391498,Total.SURVEY_LC1_2C2
 2984.10999,   14.42223,81416.06263,  365.43317,Total.SURVEY_LC1_2C3
280.0575,  0.0000,  0.0000,  0.0000,Total.SURVEY_LC1_2Cx
 243.192943,   0.000000,6006.550201,   9.309228,Total.SURVEY_LC1_2D1
    0.000000,    0.000000,11208.452394,    7.993003,Total.SURVEY_LC1_2D2
4.174207,0.000000,0.000000,0.000000,Total.SURVEY_LC1_2Dx
   0.00000,   0.00000,2844.48685,  30.02524,Total.SURVEY_LC1_2E1
    0.00000,    0.00000,10112.10214,   89.79816,Total.SURVEY_LC1_2E2
   0.00000,   0.00000,5105.50531,  10.00366,Total.SURVEY_LC1_2E3
  0.00000,  0.00000,943.93504, 41.37131,Total.SURVEY_LC1_2F1
  0.0000,  0.0000,234.3993,  0.0000,Total.SURVEY_LC1_2F2
   0.000000,   0.000000,1078.074072,   4.591064,Total.SURVEY_LC1_2F3
   0.00000,   0.00000,4277.24718,  12.18575,Total.SURVEY_LC1_2F4
16.76969, 0.00000, 0.00000, 0.00000,Total.SURVEY_LC1_2Fx
    0.00000,    0.00000,33086.99546,   56.97878,Total.SURVEY_LC1_2G1
   0.000000,   0.000000,1351.123396,   6.079276,Total.SURVEY_LC1_2G2
 0.00000, 0.00000,12.53757, 0.00000,Total.SURVEY_LC1_2G3
    0.00000,    0.00000,17684.05876,   10.13348,Total.SURVEY_LC1_2H1
 0.00000, 0.00000,53.18990,14.39622,Total.SURVEY_LC1_2H2
6.337883,0.000000,0.000000,0.000000,Total.SURVEY_LC1_2Hx
 2101.133937,    7.378644,22077.040124,  188.714095,Total.SURVEY_LU1_2U11
 13551.77694,    14.42223,200596.15695,   911.15309,Total.SURVEY_LU1_2U12
  0.0000,  0.0000,443.0204,  0.0000,Total.SURVEY_LU1_2U13
   8.833857,   0.000000,1667.360098,   0.000000,Total.SURVEY_LU1_2U14
  0.0000,  0.0000,191.4333,  0.0000,Total.SURVEY_LU1_2U15
 0.00000, 0.00000,66.97853, 0.00000,Total.SURVEY_LU1_2U21
  0.0000,  0.0000,142.3085,  0.0000,Total.SURVEY_LU1_2U22
   4.174207,   0.000000,6338.733419,  20.390498,Total.SURVEY_LU1_2U31
 0.00000, 0.00000,47.66815, 0.00000,Total.SURVEY_LU1_2U32
  0.00000,  0.00000,228.95404, 14.90859,Total.SURVEY_LU1_2U33
  0.000,  0.000,120.038,  0.000,Total.SURVEY_LU1_2U34
  3.729983,  0.000000,552.134891,  0.000000,Total.SURVEY_LU1_2U35
    5.377265,    0.000000,27828.926619,   56.747906,Total.SURVEY_LU1_2U36
  38.46904,   0.00000,4180.09655,  59.71259,Total.SURVEY_LU1_2U37
  0.0000,  0.0000,881.9369,  0.0000,Total.SURVEY_LU1_2U41
 3864.299790,    9.309228,51841.418458,  298.263133,Total.SURVEY_LU1_2U42
  0.0000,  0.0000,928.4611,  0.0000,Total.SURVEY_LC1_3A11
 0.00000, 0.00000,98.84366, 0.00000,Total.SURVEY_LC1_3A12
0.000000,0.000000,4.175516,0.000000,Total.SURVEY_LC1_3A13
   0.00000,   0.00000,1259.03243,  14.90859,Total.SURVEY_LC1_3A21
   0.0000,   0.0000,4463.9366,  20.3905,Total.SURVEY_LC1_3A22
  0.0000,  0.0000,488.7607,  0.0000,Total.SURVEY_LC1_3A30
   0.000000,   0.000000,1537.324506,   9.191167,Total.SURVEY_LC1_3B11
 0.00000, 0.00000,60.29353, 0.00000,Total.SURVEY_LC1_3B12
   0.00000,   0.00000,2361.44055,  10.00366,Total.SURVEY_LC1_3B13
  0.0000,  0.0000,140.3655,  0.0000,Total.SURVEY_LC1_3B14
   0.000000,   0.000000,1838.629798,   4.789278,Total.SURVEY_LC1_3B15
 0.00000, 0.00000,13.59974, 0.00000,Total.SURVEY_LC1_3B18
 0.00000, 0.00000,27.51699,16.76247,Total.SURVEY_LC1_3B21
  0.0000,  0.0000,133.2153,  0.0000,Total.SURVEY_LC1_3B22
  0.00000,  0.00000,109.60362, 11.97319,Total.SURVEY_LC1_3B23
0.000000,0.000000,9.774982,0.000000,Total.SURVEY_LC1_3B31
  0.0000,  0.0000,441.0252,  0.0000,Total.SURVEY_LC1_3B32
 0.00000, 0.00000,11.10852, 0.00000,Total.SURVEY_LC1_3B35
 0.0000, 0.0000,20.7185, 0.0000,Total.SURVEY_LC1_3B37
  0.0000,  0.0000,154.0816,  0.0000,Total.SURVEY_LC1_3B41
 0.00000, 0.00000,44.20061, 0.00000,Total.SURVEY_LC1_3B43
 0.00000, 0.00000,40.32017, 0.00000,Total.SURVEY_LC1_3B45
  0.0000,  0.0000,256.3577,  0.0000,Total.SURVEY_LC1_3B51
 0.00000, 0.00000,57.46146, 0.00000,Total.SURVEY_LC1_3B52
  0.00000,  0.00000,368.61027,  7.16993,Total.SURVEY_LC1_3B53
 0.00000, 0.00000,16.57982, 0.00000,Total.SURVEY_LC1_3B54
   0.00000,   0.00000,3306.45777,  46.29487,Total.SURVEY_LC1_3B55
 0.00000, 0.00000,48.37751, 5.00183,Total.SURVEY_LC1_3B71
0.000000,0.000000,4.413947,0.000000,Total.SURVEY_LC1_3B73
 0.00000, 0.00000,32.21043, 0.00000,Total.SURVEY_LC1_3B75
 0.00000, 0.00000,40.32017, 0.00000,Total.SURVEY_LC1_3B83
0.00000,0.00000,3.98279,0.00000,Total.SURVEY_LC1_3B84
2076.193316,   7.378644,   0.000000,   0.000000,Total.SURVEY_LC1_3Bx1
12.58741, 0.00000, 0.00000, 0.00000,Total.SURVEY_LC1_3Bx2
12.35321, 0.00000, 0.00000, 0.00000,Total.SURVEY_LC1_3Bxx
    0.0000,    0.0000,17316.0646,  162.7146,Total.SURVEY_LC1_3C10
    0.00000,    0.00000,24877.38450,   63.76371,Total.SURVEY_LC1_3C21
    0.0000,    0.0000,63321.0002,  412.6639,Total.SURVEY_LC1_3C22
    0.0000,    0.0000,17953.8344,  105.9639,Total.SURVEY_LC1_3C23
13942.018839,    9.309228,    0.000000,    0.000000,Total.SURVEY_LC1_3C2x
    0.00000,    0.00000,25386.91914,   87.01508,Total.SURVEY_LC1_3C31
    0.0000,    0.0000,33551.4455,  223.9913,Total.SURVEY_LC1_3C32
    0.00000,    0.00000,22477.69797,   54.42681,Total.SURVEY_LC1_3C33
2984.10999,  14.42223,   0.00000,   0.00000,Total.SURVEY_LC1_3C3x
280.0575,  0.0000,  0.0000,  0.0000,Total.SURVEY_LC1_3Cxx
   0.000000,   0.000000,6006.550201,   9.309228,Total.SURVEY_LC1_3D10
243.1929,  0.0000,  0.0000,  0.0000,Total.SURVEY_LC1_3D1x
    0.000000,    0.000000,11208.452394,    7.993003,Total.SURVEY_LC1_3D20
4.174207,0.000000,0.000000,0.000000,Total.SURVEY_LC1_3Dxx
   0.00000,   0.00000,2844.48685,  30.02524,Total.SURVEY_LC1_3E10
    0.00000,    0.00000,10112.10214,   89.79816,Total.SURVEY_LC1_3E20
   0.00000,   0.00000,5105.50531,  10.00366,Total.SURVEY_LC1_3E30
  0.00000,  0.00000,943.93504, 41.37131,Total.SURVEY_LC1_3F10
  0.0000,  0.0000,234.3993,  0.0000,Total.SURVEY_LC1_3F20
   0.000000,   0.000000,1078.074072,   4.591064,Total.SURVEY_LC1_3F30
   0.00000,   0.00000,4277.24718,  12.18575,Total.SURVEY_LC1_3F40
16.76969, 0.00000, 0.00000, 0.00000,Total.SURVEY_LC1_3Fxx
    0.00000,    0.00000,33082.90878,   56.97878,Total.SURVEY_LC1_3G11
0.000000,0.000000,4.086674,0.000000,Total.SURVEY_LC1_3G12
   0.000,   0.000,1344.887,   0.000,Total.SURVEY_LC1_3G21
0.000000,0.000000,6.236748,6.079276,Total.SURVEY_LC1_3G22
 0.00000, 0.00000,12.53757, 0.00000,Total.SURVEY_LC1_3G30
   0.00000,   0.00000,5089.09831,  10.13348,Total.SURVEY_LC1_3H11
    0.00,    0.00,12594.96,    0.00,Total.SURVEY_LC1_3H12
 0.00000, 0.00000,53.18990,14.39622,Total.SURVEY_LC1_3H21
6.337883,0.000000,0.000000,0.000000,Total.SURVEY_LC1_3Hxx
 2092.780528,    7.378644,21296.909008,  183.712265,Total.SURVEY_LU1_3U111
  0.00000,  0.00000,679.87626,  5.00183,Total.SURVEY_LU1_3U112
  8.353409,  0.000000,100.254860,  0.000000,Total.SURVEY_LU1_3U113
 13551.77694,    14.42223,200596.15695,   911.15309,Total.SURVEY_LU1_3U120
  0.0000,  0.0000,443.0204,  0.0000,Total.SURVEY_LU1_3U130
   8.833857,   0.000000,1667.360098,   0.000000,Total.SURVEY_LU1_3U140
  0.0000,  0.0000,191.4333,  0.0000,Total.SURVEY_LU1_3U150
 0.00000, 0.00000,66.97853, 0.00000,Total.SURVEY_LU1_3U210
 0.0000, 0.0000,24.8968, 0.0000,Total.SURVEY_LU1_3U223
0.000000,0.000000,4.062944,0.000000,Total.SURVEY_LU1_3U224
 0.0000, 0.0000,42.7866, 0.0000,Total.SURVEY_LU1_3U225
 0.00000, 0.00000,23.98425, 0.00000,Total.SURVEY_LU1_3U226
 0.0000, 0.0000,42.2637, 0.0000,Total.SURVEY_LU1_3U227
0.000000,0.000000,4.314158,0.000000,Total.SURVEY_LU1_3U228
  0.0000,  0.0000,137.8598,  0.0000,Total.SURVEY_LU1_3U311
   0.0000,   0.0000,5112.4303,  20.3905,Total.SURVEY_LU1_3U312
  0.0000,  0.0000,205.9759,  0.0000,Total.SURVEY_LU1_3U313
 0.00000, 0.00000,49.15066, 0.00000,Total.SURVEY_LU1_3U314
0.000000,0.000000,8.669307,0.000000,Total.SURVEY_LU1_3U316
  0.0000,  0.0000,154.0848,  0.0000,Total.SURVEY_LU1_3U317
  4.174207,  0.000000,670.562655,  0.000000,Total.SURVEY_LU1_3U319
0.000000,0.000000,3.985451,0.000000,Total.SURVEY_LU1_3U321
 0.0000, 0.0000,43.6827, 0.0000,Total.SURVEY_LU1_3U322
  0.00000,  0.00000,228.95404, 14.90859,Total.SURVEY_LU1_3U330
  0.000,  0.000,120.038,  0.000,Total.SURVEY_LU1_3U341
  3.729983,  0.000000,552.134891,  0.000000,Total.SURVEY_LU1_3U350
    5.377265,    0.000000,27554.320094,   56.747906,Total.SURVEY_LU1_3U361
  0.0000,  0.0000,274.6065,  0.0000,Total.SURVEY_LU1_3U362
  38.46904,   0.00000,4180.09655,  59.71259,Total.SURVEY_LU1_3U370
0.0000,0.0000,4.1396,0.0000,Total.SURVEY_LU1_3U411
 0.0000, 0.0000,49.8065, 0.0000,Total.SURVEY_LU1_3U413
 0.00000, 0.00000,85.40127, 0.00000,Total.SURVEY_LU1_3U414
  0.0000,  0.0000,742.5895,  0.0000,Total.SURVEY_LU1_3U415
 3864.299790,    9.309228,51841.418458,  298.263133,Total.SURVEY_LU1_3U420
 19531.4218,    31.1101,305040.3879,  1454.8782,Total.settlement0
   46.37323,    0.00000,12163.81708,   95.01168,Total.settlement1
  2502.306171,     7.378644,105853.071196,   435.639852,Total.fao_class_name0
 16811.45706,    23.73145,203989.59277,  1035.58773,Total.fao_class_name1
 220.18548,   0.00000,5944.54939,  36.12635,Total.fao_class_name2
  43.84631,   0.00000,1416.99162,  42.53598,Total.fao_class_name3
 19530.2187,    31.1101,284523.0089,  1433.4294,Total.lue0
   47.57629,    0.00000,32681.19610,  116.46050,Total.lue1
 19564.7870,    31.1101,308712.2023,  1514.5908,Total.lud0
  13.00806,   0.00000,8492.00270,  35.29908,Total.lud1
1445.849789,   4.260062,1450.163608,   4.382346,SE.Total.area
  0.0000,  0.0000,509.9459,  0.0000,SE.Total.SURVEY_LC1_1A
244.333125,  4.260062,360.324772,  5.280524,SE.Total.SURVEY_LC1_1B
1404.49237,   0.00000,1923.36141,  10.48723,SE.Total.SURVEY_LC1_1C
241.1519,  0.0000,987.8043,  0.0000,SE.Total.SURVEY_LC1_1D
  0.00000,  0.00000,857.72833, 11.69571,SE.Total.SURVEY_LC1_1E
  4.628600,  0.000000,566.908007,  4.147636,SE.Total.SURVEY_LC1_1F
  0.0000,  0.0000,223.0118,  0.0000,SE.Total.SURVEY_LC1_1G
  3.85236,  0.00000,459.41863,  0.00000,SE.Total.SURVEY_LC1_1H
1319.743967,   4.260062,1907.074394,  14.026124,SE.Total.SURVEY_LU1_1U1
 0.00000, 0.00000,41.68954, 0.00000,SE.Total.SURVEY_LU1_1U2
 22.77758,  0.00000,834.50706, 11.69571,SE.Total.SURVEY_LU1_1U3
 636.32797,   0.00000,1366.82807,  10.01124,SE.Total.SURVEY_LU1_1U4
  0.0000,  0.0000,169.9709,  0.0000,SE.Total.SURVEY_LC1_2A1
  0.000,  0.000,481.828,  0.000,SE.Total.SURVEY_LC1_2A2
  0.0000,  0.0000,116.7993,  0.0000,SE.Total.SURVEY_LC1_2A3
  0.0000,  0.0000,347.0091,  0.0000,SE.Total.SURVEY_LC1_2B1
  0.000000,  0.000000,114.023124,  5.246391,SE.Total.SURVEY_LC1_2B2
  0.0000,  0.0000,122.6617,  0.0000,SE.Total.SURVEY_LC1_2B3
 0.00000, 0.00000,74.26739, 0.00000,SE.Total.SURVEY_LC1_2B4
  0.000000,  0.000000,267.759349,  5.313208,SE.Total.SURVEY_LC1_2B5
0,0,0,0,SE.Total.SURVEY_LC1_2B7
 0.00000, 0.00000,38.25864, 0.00000,SE.Total.SURVEY_LC1_2B8
244.333125,  4.260062,  0.000000,  0.000000,SE.Total.SURVEY_LC1_2Bx
   0.00000,   0.00000,1376.74836,  10.01124,SE.Total.SURVEY_LC1_2C1
1279.77320,   0.00000,2912.52296,  14.20426,SE.Total.SURVEY_LC1_2C2
 597.35504,   0.00000,2788.91941,  10.58723,SE.Total.SURVEY_LC1_2C3
195.5396,  0.0000,  0.0000,  0.0000,SE.Total.SURVEY_LC1_2Cx
241.1519,  0.0000,798.7564,  0.0000,SE.Total.SURVEY_LC1_2D1
  0.0000,  0.0000,593.0625,  0.0000,SE.Total.SURVEY_LC1_2D2
0,0,0,0,SE.Total.SURVEY_LC1_2Dx
  0.0000,  0.0000,404.1239,  0.0000,SE.Total.SURVEY_LC1_2E1
  0.00000,  0.00000,387.11519, 11.69571,SE.Total.SURVEY_LC1_2E2
  0.0000,  0.0000,664.6122,  0.0000,SE.Total.SURVEY_LC1_2E3
 0.00000, 0.00000,33.86351, 0.00000,SE.Total.SURVEY_LC1_2F1
 0.00000, 0.00000,44.13048, 0.00000,SE.Total.SURVEY_LC1_2F2
  0.0000,  0.0000,187.2568,  0.0000,SE.Total.SURVEY_LC1_2F3
  0.000000,  0.000000,532.562779,  4.147636,SE.Total.SURVEY_LC1_2F4
4.6286,0.0000,0.0000,0.0000,SE.Total.SURVEY_LC1_2Fx
  0.0000,  0.0000,302.9219,  0.0000,SE.Total.SURVEY_LC1_2G1
  0.0000,  0.0000,213.8567,  0.0000,SE.Total.SURVEY_LC1_2G2
0.000000,0.000000,5.518232,0.000000,SE.Total.SURVEY_LC1_2G3
  0.0000,  0.0000,459.4233,  0.0000,SE.Total.SURVEY_LC1_2H1
0.000000,0.000000,5.974853,0.000000,SE.Total.SURVEY_LC1_2H2
3.85236,0.00000,0.00000,0.00000,SE.Total.SURVEY_LC1_2Hx
244.333125,  4.260062,324.064533,  4.170021,SE.Total.SURVEY_LU1_2U11
1296.9294,   0.0000,1899.0488,  13.3919,SE.Total.SURVEY_LU1_2U12
  0.0000,  0.0000,158.1131,  0.0000,SE.Total.SURVEY_LU1_2U13
  0.0000,  0.0000,193.3708,  0.0000,SE.Total.SURVEY_LU1_2U14
  0.0000,  0.0000,180.8274,  0.0000,SE.Total.SURVEY_LU1_2U15
 0.00000, 0.00000,34.18447, 0.00000,SE.Total.SURVEY_LU1_2U21
 0.00000, 0.00000,23.86293, 0.00000,SE.Total.SURVEY_LU1_2U22
  0.0000,  0.0000,475.3153,  0.0000,SE.Total.SURVEY_LU1_2U31
 0.00000, 0.00000,18.05418, 0.00000,SE.Total.SURVEY_LU1_2U32
  0.0000,  0.0000,157.6518,  0.0000,SE.Total.SURVEY_LU1_2U33
 0.00000, 0.00000,36.04818, 0.00000,SE.Total.SURVEY_LU1_2U34
  0.0000,  0.0000,186.8928,  0.0000,SE.Total.SURVEY_LU1_2U35
  2.808185,  0.000000,587.727043,  0.000000,SE.Total.SURVEY_LU1_2U36
 22.61137,  0.00000,326.49589, 11.69571,SE.Total.SURVEY_LU1_2U37
  0.0000,  0.0000,209.8942,  0.0000,SE.Total.SURVEY_LU1_2U41
 636.32797,   0.00000,1353.92965,  10.01124,SE.Total.SURVEY_LU1_2U42
  0.0000,  0.0000,167.9129,  0.0000,SE.Total.SURVEY_LC1_3A11
 0.00000, 0.00000,36.88449, 0.00000,SE.Total.SURVEY_LC1_3A12
0,0,0,0,SE.Total.SURVEY_LC1_3A13
  0.0000,  0.0000,202.1752,  0.0000,SE.Total.SURVEY_LC1_3A21
  0.0000,  0.0000,452.7382,  0.0000,SE.Total.SURVEY_LC1_3A22
  0.0000,  0.0000,116.7993,  0.0000,SE.Total.SURVEY_LC1_3A30
  0.0000,  0.0000,213.7528,  0.0000,SE.Total.SURVEY_LC1_3B11
 0.00000, 0.00000,46.80596, 0.00000,SE.Total.SURVEY_LC1_3B12
  0.0000,  0.0000,246.6799,  0.0000,SE.Total.SURVEY_LC1_3B13
 0.00000, 0.00000,55.43308, 0.00000,SE.Total.SURVEY_LC1_3B14
  0.0000,  0.0000,222.6825,  0.0000,SE.Total.SURVEY_LC1_3B15
0.000000,0.000000,3.019857,0.000000,SE.Total.SURVEY_LC1_3B18
 0.000000, 0.000000,19.934189, 4.147636,SE.Total.SURVEY_LC1_3B21
 0.00000, 0.00000,71.13199, 0.00000,SE.Total.SURVEY_LC1_3B22
 0.000000, 0.000000,86.936371, 4.147636,SE.Total.SURVEY_LC1_3B23
0.000000,0.000000,7.401791,0.000000,SE.Total.SURVEY_LC1_3B31
  0.0000,  0.0000,121.5336,  0.0000,SE.Total.SURVEY_LC1_3B32
0.000000,0.000000,4.986101,0.000000,SE.Total.SURVEY_LC1_3B35
 0.00000, 0.00000,14.31736, 0.00000,SE.Total.SURVEY_LC1_3B37
 0.00000, 0.00000,59.95175, 0.00000,SE.Total.SURVEY_LC1_3B41
 0.00000, 0.00000,24.87436, 0.00000,SE.Total.SURVEY_LC1_3B43
 0.00000, 0.00000,38.25864, 0.00000,SE.Total.SURVEY_LC1_3B45
 0.00000, 0.00000,67.63235, 0.00000,SE.Total.SURVEY_LC1_3B51
 0.00000, 0.00000,47.22823, 0.00000,SE.Total.SURVEY_LC1_3B52
 0.000000, 0.000000,91.240482, 4.139561,SE.Total.SURVEY_LC1_3B53
0.000000,0.000000,6.223039,0.000000,SE.Total.SURVEY_LC1_3B54
  0.000000,  0.000000,250.429104,  4.260062,SE.Total.SURVEY_LC1_3B55
0,0,0,0,SE.Total.SURVEY_LC1_3B71
0,0,0,0,SE.Total.SURVEY_LC1_3B73
0,0,0,0,SE.Total.SURVEY_LC1_3B75
 0.00000, 0.00000,38.25864, 0.00000,SE.Total.SURVEY_LC1_3B83
0,0,0,0,SE.Total.SURVEY_LC1_3B84
244.275324,  4.260062,  0.000000,  0.000000,SE.Total.SURVEY_LC1_3Bx1
0,0,0,0,SE.Total.SURVEY_LC1_3Bx2
5.737856,0.000000,0.000000,0.000000,SE.Total.SURVEY_LC1_3Bxx
   0.00000,   0.00000,1376.74836,  10.01124,SE.Total.SURVEY_LC1_3C10
   0.00000,   0.00000,1765.48181,  10.58723,SE.Total.SURVEY_LC1_3C21
   0.0000,   0.0000,2620.0936,  13.3919,SE.Total.SURVEY_LC1_3C22
   0.00,   0.00,1589.16,   0.00,SE.Total.SURVEY_LC1_3C23
1279.773,   0.000,   0.000,   0.000,SE.Total.SURVEY_LC1_3C2x
   0.000,   0.000,1785.706,   0.000,SE.Total.SURVEY_LC1_3C31
   0.00000,   0.00000,2102.55661,  10.58723,SE.Total.SURVEY_LC1_3C32
   0.000,   0.000,1736.435,   0.000,SE.Total.SURVEY_LC1_3C33
597.355,  0.000,  0.000,  0.000,SE.Total.SURVEY_LC1_3C3x
195.5396,  0.0000,  0.0000,  0.0000,SE.Total.SURVEY_LC1_3Cxx
  0.0000,  0.0000,798.7564,  0.0000,SE.Total.SURVEY_LC1_3D10
241.1519,  0.0000,  0.0000,  0.0000,SE.Total.SURVEY_LC1_3D1x
  0.0000,  0.0000,593.0625,  0.0000,SE.Total.SURVEY_LC1_3D20
0,0,0,0,SE.Total.SURVEY_LC1_3Dxx
  0.0000,  0.0000,404.1239,  0.0000,SE.Total.SURVEY_LC1_3E10
  0.00000,  0.00000,387.11519, 11.69571,SE.Total.SURVEY_LC1_3E20
  0.0000,  0.0000,664.6122,  0.0000,SE.Total.SURVEY_LC1_3E30
 0.00000, 0.00000,33.86351, 0.00000,SE.Total.SURVEY_LC1_3F10
 0.00000, 0.00000,44.13048, 0.00000,SE.Total.SURVEY_LC1_3F20
  0.0000,  0.0000,187.2568,  0.0000,SE.Total.SURVEY_LC1_3F30
  0.000000,  0.000000,532.562779,  4.147636,SE.Total.SURVEY_LC1_3F40
4.6286,0.0000,0.0000,0.0000,SE.Total.SURVEY_LC1_3Fxx
  0.0000,  0.0000,302.9219,  0.0000,SE.Total.SURVEY_LC1_3G11
0,0,0,0,SE.Total.SURVEY_LC1_3G12
  0.0000,  0.0000,213.8256,  0.0000,SE.Total.SURVEY_LC1_3G21
0.000000,0.000000,3.673538,0.000000,SE.Total.SURVEY_LC1_3G22
0.000000,0.000000,5.518232,0.000000,SE.Total.SURVEY_LC1_3G30
  0.0000,  0.0000,310.2547,  0.0000,SE.Total.SURVEY_LC1_3H11
  0.0000,  0.0000,474.6328,  0.0000,SE.Total.SURVEY_LC1_3H12
0.000000,0.000000,5.974853,0.000000,SE.Total.SURVEY_LC1_3H21
3.85236,0.00000,0.00000,0.00000,SE.Total.SURVEY_LC1_3Hxx
244.333125,  4.260062,282.015818,  4.170021,SE.Total.SURVEY_LU1_3U111
  0.0000,  0.0000,182.1404,  0.0000,SE.Total.SURVEY_LU1_3U112
 0.00000, 0.00000,11.75251, 0.00000,SE.Total.SURVEY_LU1_3U113
1296.9294,   0.0000,1899.0488,  13.3919,SE.Total.SURVEY_LU1_3U120
  0.0000,  0.0000,158.1131,  0.0000,SE.Total.SURVEY_LU1_3U130
  0.0000,  0.0000,193.3708,  0.0000,SE.Total.SURVEY_LU1_3U140
  0.0000,  0.0000,180.8274,  0.0000,SE.Total.SURVEY_LU1_3U150
 0.00000, 0.00000,34.18447, 0.00000,SE.Total.SURVEY_LU1_3U210
0.000000,0.000000,9.095044,0.000000,SE.Total.SURVEY_LU1_3U223
0,0,0,0,SE.Total.SURVEY_LU1_3U224
 0.00000, 0.00000,20.26663, 0.00000,SE.Total.SURVEY_LU1_3U225
0.000000,0.000000,8.716825,0.000000,SE.Total.SURVEY_LU1_3U226
0,0,0,0,SE.Total.SURVEY_LU1_3U227
0,0,0,0,SE.Total.SURVEY_LU1_3U228
 0.00000, 0.00000,31.00495, 0.00000,SE.Total.SURVEY_LU1_3U311
  0.0000,  0.0000,454.7655,  0.0000,SE.Total.SURVEY_LU1_3U312
 0.00000, 0.00000,77.45679, 0.00000,SE.Total.SURVEY_LU1_3U313
0.000000,0.000000,9.641987,0.000000,SE.Total.SURVEY_LU1_3U314
0,0,0,0,SE.Total.SURVEY_LU1_3U316
 0.00000, 0.00000,50.07565, 0.00000,SE.Total.SURVEY_LU1_3U317
  0.0000,  0.0000,127.8712,  0.0000,SE.Total.SURVEY_LU1_3U319
0,0,0,0,SE.Total.SURVEY_LU1_3U321
 0.00000, 0.00000,18.05418, 0.00000,SE.Total.SURVEY_LU1_3U322
  0.0000,  0.0000,157.6518,  0.0000,SE.Total.SURVEY_LU1_3U330
 0.00000, 0.00000,36.04818, 0.00000,SE.Total.SURVEY_LU1_3U341
  0.0000,  0.0000,186.8928,  0.0000,SE.Total.SURVEY_LU1_3U350
  2.808185,  0.000000,587.748661,  0.000000,SE.Total.SURVEY_LU1_3U361
 0.00000, 0.00000,71.54673, 0.00000,SE.Total.SURVEY_LU1_3U362
 22.61137,  0.00000,326.49589, 11.69571,SE.Total.SURVEY_LU1_3U370
0,0,0,0,SE.Total.SURVEY_LU1_3U411
 0.00000, 0.00000,17.18314, 0.00000,SE.Total.SURVEY_LU1_3U413
 0.00000, 0.00000,10.26511, 0.00000,SE.Total.SURVEY_LU1_3U414
  0.0000,  0.0000,208.9405,  0.0000,SE.Total.SURVEY_LU1_3U415
 636.32797,   0.00000,1353.92965,  10.01124,SE.Total.SURVEY_LU1_3U420
1445.674621,   4.260062,1553.477674,  11.285876,SE.Total.settlement0
 22.61137,  0.00000,604.68836, 11.69571,SE.Total.settlement1
 314.110147,   4.260062,1127.586318,  12.416867,SE.Total.fao_class_name0
1402.39077,   0.00000,1892.37826,  10.48723,SE.Total.fao_class_name1
192.4736,  0.0000,865.4175,  0.0000,SE.Total.fao_class_name2
 22.77758,  0.00000,303.69459,  0.00000,SE.Total.fao_class_name3
1445.672244,   4.260062,1595.957558,  11.285876,SE.Total.lue0
 22.77758,  0.00000,692.35297, 11.69571,SE.Total.lue1
1445.849789,   4.260062,1531.184787,   4.382346,SE.Total.lud0
  0.0000,  0.0000,536.8968,  0.0000,SE.Total.lud1
 16743.98151,    22.76053,314361.93653,  1541.30066,CI.l(95%).Total.area
   0.00000,   0.00000,6243.73436,  35.29908,CI.l(95%).Total.SURVEY_LC1_1A
 1622.2498109,   -0.9709242,10371.7673944,  100.8367684,CI.l(95%).Total.SURVEY_LC1_1B
 14453.43189,    23.73145,201114.62732,  1089.98465,CI.l(95%).Total.SURVEY_LC1_1C
 -225.28198,    0.00000,15278.94180,   17.30223,CI.l(95%).Total.SURVEY_LC1_1D
    0.0000,    0.0000,16380.9777,  106.9039,CI.l(95%).Total.SURVEY_LC1_1E
   7.697806,   0.000000,5422.536289,  50.018907,CI.l(95%).Total.SURVEY_LC1_1F
    0.00000,    0.00000,34013.56131,   63.05805,CI.l(95%).Total.SURVEY_LC1_1G
   -1.212603,    0.000000,16836.804704,   24.529703,CI.l(95%).Total.SURVEY_LC1_1H
 13075.0941,    13.4513,221237.2138,  1072.3765,CI.l(95%).Total.SURVEY_LU1_1U1
  0.000,  0.000,127.577,  0.000,CI.l(95%).Total.SURVEY_LU1_1U2
    7.107258,    0.000000,37660.947935,  128.836423,CI.l(95%).Total.SURVEY_LU1_1U3
 2617.119885,    9.309228,50044.421529,  278.641470,CI.l(95%).Total.SURVEY_LU1_1U4
  0.0000,  0.0000,698.3434,  0.0000,CI.l(95%).Total.SURVEY_LC1_2A1
   0.00000,   0.00000,4778.60346,  35.29908,CI.l(95%).Total.SURVEY_LC1_2A2
  0.0000,  0.0000,259.8384,  0.0000,CI.l(95%).Total.SURVEY_LC1_2A3
   0.00000,   0.00000,5271.52827,  23.98411,CI.l(95%).Total.SURVEY_LC1_2B1
 0.00000, 0.00000,46.85464,18.45293,CI.l(95%).Total.SURVEY_LC1_2B2
  0.0000,  0.0000,242.2147,  0.0000,CI.l(95%).Total.SURVEY_LC1_2B3
 0.00000, 0.00000,93.04094, 0.00000,CI.l(95%).Total.SURVEY_LC1_2B4
   0.00000,   0.00000,3480.66837,  43.05111,CI.l(95%).Total.SURVEY_LC1_2B5
 0.00000, 0.00000,85.00189, 5.00183,CI.l(95%).Total.SURVEY_LC1_2B7
  0.00000,  0.00000,-30.68259,  0.00000,CI.l(95%).Total.SURVEY_LC1_2B8
1622.2498109,  -0.9709242,   0.0000000,   0.0000000,CI.l(95%).Total.SURVEY_LC1_2Bx
    0.0000,    0.0000,14617.6874,  143.0929,CI.l(95%).Total.SURVEY_LC1_2C1
 11433.709458,     9.309228,100443.779049,   554.551663,CI.l(95%).Total.SURVEY_LC1_2C2
 1813.31563,   14.42223,75949.88104,  344.68258,CI.l(95%).Total.SURVEY_LC1_2C3
-103.193,   0.000,   0.000,   0.000,CI.l(95%).Total.SURVEY_LC1_2Cx
-229.456184,   0.000000,4441.016522,   9.309228,CI.l(95%).Total.SURVEY_LC1_2D1
    0.000000,    0.000000,10046.071261,    7.993003,CI.l(95%).Total.SURVEY_LC1_2D2
4.174207,0.000000,0.000000,0.000000,CI.l(95%).Total.SURVEY_LC1_2Dx
   0.00000,   0.00000,2052.41851,  30.02524,CI.l(95%).Total.SURVEY_LC1_2E1
   0.000,   0.000,9353.370,  66.875,CI.l(95%).Total.SURVEY_LC1_2E2
   0.00000,   0.00000,3802.88939,  10.00366,CI.l(95%).Total.SURVEY_LC1_2E3
  0.00000,  0.00000,877.56379, 41.37131,CI.l(95%).Total.SURVEY_LC1_2F1
  0.0000,  0.0000,147.9051,  0.0000,CI.l(95%).Total.SURVEY_LC1_2F2
  0.000000,  0.000000,711.057397,  4.591064,CI.l(95%).Total.SURVEY_LC1_2F3
   0.000000,   0.000000,3233.443312,   4.056529,CI.l(95%).Total.SURVEY_LC1_2F4
7.697806,0.000000,0.000000,0.000000,CI.l(95%).Total.SURVEY_LC1_2Fx
    0.00000,    0.00000,32493.27950,   56.97878,CI.l(95%).Total.SURVEY_LC1_2G1
  0.000000,  0.000000,931.972034,  6.079276,CI.l(95%).Total.SURVEY_LC1_2G2
0.000000,0.000000,1.722029,0.000000,CI.l(95%).Total.SURVEY_LC1_2G3
    0.00000,    0.00000,16783.60569,   10.13348,CI.l(95%).Total.SURVEY_LC1_2H1
 0.00000, 0.00000,41.47941,14.39622,CI.l(95%).Total.SURVEY_LC1_2H2
-1.212603, 0.000000, 0.000000, 0.000000,CI.l(95%).Total.SURVEY_LC1_2Hx
 1622.2498109,   -0.9709242,21441.8853111,  180.5410032,CI.l(95%).Total.SURVEY_LU1_2U11
 11009.84201,    14.42223,196874.08974,   884.90544,CI.l(95%).Total.SURVEY_LU1_2U12
  0.0000,  0.0000,133.1245,  0.0000,CI.l(95%).Total.SURVEY_LU1_2U13
   8.833857,   0.000000,1288.360321,   0.000000,CI.l(95%).Total.SURVEY_LU1_2U14
   0.0000,   0.0000,-162.9819,   0.0000,CI.l(95%).Total.SURVEY_LU1_2U15
 0.00000000, 0.00000000,-0.02180758, 0.00000000,CI.l(95%).Total.SURVEY_LU1_2U21
 0.00000, 0.00000,95.53799, 0.00000,CI.l(95%).Total.SURVEY_LU1_2U22
   4.174207,   0.000000,5407.132584,  20.390498,CI.l(95%).Total.SURVEY_LU1_2U31
 0.00000, 0.00000,12.28262, 0.00000,CI.l(95%).Total.SURVEY_LU1_2U32
  0.00000,  0.00000,-80.03778, 14.90859,CI.l(95%).Total.SURVEY_LU1_2U33
 0.0000, 0.0000,49.3849, 0.0000,CI.l(95%).Total.SURVEY_LU1_2U34
  3.729983,  0.000000,185.831729,  0.000000,CI.l(95%).Total.SURVEY_LU1_2U35
   -0.1266766,    0.0000000,26677.0027821,   56.7479059,CI.l(95%).Total.SURVEY_LU1_2U36
  -5.848417,   0.000000,3540.176368,  36.789434,CI.l(95%).Total.SURVEY_LU1_2U37
  0.0000,  0.0000,470.5517,  0.0000,CI.l(95%).Total.SURVEY_LU1_2U41
 2617.119885,    9.309228,49187.765099,  278.641470,CI.l(95%).Total.SURVEY_LU1_2U42
  0.000,  0.000,599.358,  0.000,CI.l(95%).Total.SURVEY_LC1_3A11
 0.00000, 0.00000,26.55139, 0.00000,CI.l(95%).Total.SURVEY_LC1_3A12
0.000000,0.000000,4.175516,0.000000,CI.l(95%).Total.SURVEY_LC1_3A13
  0.00000,  0.00000,862.77639, 14.90859,CI.l(95%).Total.SURVEY_LC1_3A21
   0.0000,   0.0000,3576.5860,  20.3905,CI.l(95%).Total.SURVEY_LC1_3A22
  0.0000,  0.0000,259.8384,  0.0000,CI.l(95%).Total.SURVEY_LC1_3A30
   0.000000,   0.000000,1118.376680,   9.191167,CI.l(95%).Total.SURVEY_LC1_3B11
  0.00000,  0.00000,-31.44446,  0.00000,CI.l(95%).Total.SURVEY_LC1_3B12
   0.00000,   0.00000,1877.95676,  10.00366,CI.l(95%).Total.SURVEY_LC1_3B13
 0.00000, 0.00000,31.71866, 0.00000,CI.l(95%).Total.SURVEY_LC1_3B14
   0.000000,   0.000000,1402.180201,   4.789278,CI.l(95%).Total.SURVEY_LC1_3B15
0.000000,0.000000,7.680931,0.000000,CI.l(95%).Total.SURVEY_LC1_3B18
  0.000000,  0.000000,-11.553306,  8.633255,CI.l(95%).Total.SURVEY_LC1_3B21
 0.000000, 0.000000,-6.200888, 0.000000,CI.l(95%).Total.SURVEY_LC1_3B22
  0.000000,  0.000000,-60.788537,  3.843977,CI.l(95%).Total.SURVEY_LC1_3B23
 0.000000, 0.000000,-4.732261, 0.000000,CI.l(95%).Total.SURVEY_LC1_3B31
  0.0000,  0.0000,202.8238,  0.0000,CI.l(95%).Total.SURVEY_LC1_3B32
0.000000,0.000000,1.335945,0.000000,CI.l(95%).Total.SURVEY_LC1_3B35
 0.000000, 0.000000,-7.343001, 0.000000,CI.l(95%).Total.SURVEY_LC1_3B37
 0.00000, 0.00000,36.57829, 0.00000,CI.l(95%).Total.SURVEY_LC1_3B41
 0.00000, 0.00000,-4.55224, 0.00000,CI.l(95%).Total.SURVEY_LC1_3B43
  0.00000,  0.00000,-34.66538,  0.00000,CI.l(95%).Total.SURVEY_LC1_3B45
  0.0000,  0.0000,123.8008,  0.0000,CI.l(95%).Total.SURVEY_LC1_3B51
  0.00000,  0.00000,-35.10418,  0.00000,CI.l(95%).Total.SURVEY_LC1_3B52
  0.0000000,  0.0000000,189.7822078, -0.9434605,CI.l(95%).Total.SURVEY_LC1_3B53
0.000000,0.000000,4.382887,0.000000,CI.l(95%).Total.SURVEY_LC1_3B54
   0.0000,   0.0000,2815.6257,  37.9453,CI.l(95%).Total.SURVEY_LC1_3B55
 0.00000, 0.00000,48.37751, 5.00183,CI.l(95%).Total.SURVEY_LC1_3B71
0.000000,0.000000,4.413947,0.000000,CI.l(95%).Total.SURVEY_LC1_3B73
 0.00000, 0.00000,32.21043, 0.00000,CI.l(95%).Total.SURVEY_LC1_3B75
  0.00000,  0.00000,-34.66538,  0.00000,CI.l(95%).Total.SURVEY_LC1_3B83
0.00000,0.00000,3.98279,0.00000,CI.l(95%).Total.SURVEY_LC1_3B84
1597.4224782,  -0.9709242,   0.0000000,   0.0000000,CI.l(95%).Total.SURVEY_LC1_3Bx1
12.58741, 0.00000, 0.00000, 0.00000,CI.l(95%).Total.SURVEY_LC1_3Bx2
1.107217,0.000000,0.000000,0.000000,CI.l(95%).Total.SURVEY_LC1_3Bxx
    0.0000,    0.0000,14617.6874,  143.0929,CI.l(95%).Total.SURVEY_LC1_3C10
    0.00000,    0.00000,21417.10373,   43.01312,CI.l(95%).Total.SURVEY_LC1_3C21
    0.0000,    0.0000,58185.7112,  386.4162,CI.l(95%).Total.SURVEY_LC1_3C22
    0.0000,    0.0000,14839.1390,  105.9639,CI.l(95%).Total.SURVEY_LC1_3C23
11433.709458,    9.309228,    0.000000,    0.000000,CI.l(95%).Total.SURVEY_LC1_3C2x
    0.00000,    0.00000,21886.99976,   87.01508,CI.l(95%).Total.SURVEY_LC1_3C31
    0.0000,    0.0000,29430.5103,  203.2407,CI.l(95%).Total.SURVEY_LC1_3C32
    0.00000,    0.00000,19074.34797,   54.42681,CI.l(95%).Total.SURVEY_LC1_3C33
1813.31563,  14.42223,   0.00000,   0.00000,CI.l(95%).Total.SURVEY_LC1_3C3x
-103.193,   0.000,   0.000,   0.000,CI.l(95%).Total.SURVEY_LC1_3Cxx
   0.000000,   0.000000,4441.016522,   9.309228,CI.l(95%).Total.SURVEY_LC1_3D10
-229.4562,   0.0000,   0.0000,   0.0000,CI.l(95%).Total.SURVEY_LC1_3D1x
    0.000000,    0.000000,10046.071261,    7.993003,CI.l(95%).Total.SURVEY_LC1_3D20
4.174207,0.000000,0.000000,0.000000,CI.l(95%).Total.SURVEY_LC1_3Dxx
   0.00000,   0.00000,2052.41851,  30.02524,CI.l(95%).Total.SURVEY_LC1_3E10
   0.000,   0.000,9353.370,  66.875,CI.l(95%).Total.SURVEY_LC1_3E20
   0.00000,   0.00000,3802.88939,  10.00366,CI.l(95%).Total.SURVEY_LC1_3E30
  0.00000,  0.00000,877.56379, 41.37131,CI.l(95%).Total.SURVEY_LC1_3F10
  0.0000,  0.0000,147.9051,  0.0000,CI.l(95%).Total.SURVEY_LC1_3F20
  0.000000,  0.000000,711.057397,  4.591064,CI.l(95%).Total.SURVEY_LC1_3F30
   0.000000,   0.000000,3233.443312,   4.056529,CI.l(95%).Total.SURVEY_LC1_3F40
7.697806,0.000000,0.000000,0.000000,CI.l(95%).Total.SURVEY_LC1_3Fxx
    0.00000,    0.00000,32489.19283,   56.97878,CI.l(95%).Total.SURVEY_LC1_3G11
0.000000,0.000000,4.086674,0.000000,CI.l(95%).Total.SURVEY_LC1_3G12
  0.0000,  0.0000,925.7962,  0.0000,CI.l(95%).Total.SURVEY_LC1_3G21
 0.0000000, 0.0000000,-0.9632554, 6.0792756,CI.l(95%).Total.SURVEY_LC1_3G22
0.000000,0.000000,1.722029,0.000000,CI.l(95%).Total.SURVEY_LC1_3G30
   0.00000,   0.00000,4481.01029,  10.13348,CI.l(95%).Total.SURVEY_LC1_3H11
    0.0,    0.0,11664.7,    0.0,CI.l(95%).Total.SURVEY_LC1_3H12
 0.00000, 0.00000,41.47941,14.39622,CI.l(95%).Total.SURVEY_LC1_3H21
-1.212603, 0.000000, 0.000000, 0.000000,CI.l(95%).Total.SURVEY_LC1_3Hxx
 1613.8964020,   -0.9709242,20744.1681618,  175.5391732,CI.l(95%).Total.SURVEY_LU1_3U111
  0.00000,  0.00000,322.88772,  5.00183,CI.l(95%).Total.SURVEY_LU1_3U112
 8.353409, 0.000000,77.220361, 0.000000,CI.l(95%).Total.SURVEY_LU1_3U113
 11009.84201,    14.42223,196874.08974,   884.90544,CI.l(95%).Total.SURVEY_LU1_3U120
  0.0000,  0.0000,133.1245,  0.0000,CI.l(95%).Total.SURVEY_LU1_3U130
   8.833857,   0.000000,1288.360321,   0.000000,CI.l(95%).Total.SURVEY_LU1_3U140
   0.0000,   0.0000,-162.9819,   0.0000,CI.l(95%).Total.SURVEY_LU1_3U150
 0.00000000, 0.00000000,-0.02180758, 0.00000000,CI.l(95%).Total.SURVEY_LU1_3U210
0.000000,0.000000,7.070843,0.000000,CI.l(95%).Total.SURVEY_LU1_3U223
0.000000,0.000000,4.062944,0.000000,CI.l(95%).Total.SURVEY_LU1_3U224
0.000000,0.000000,3.064733,0.000000,CI.l(95%).Total.SURVEY_LU1_3U225
0.00000,0.00000,6.89959,0.00000,CI.l(95%).Total.SURVEY_LU1_3U226
 0.0000, 0.0000,42.2637, 0.0000,CI.l(95%).Total.SURVEY_LU1_3U227
0.000000,0.000000,4.314158,0.000000,CI.l(95%).Total.SURVEY_LU1_3U228
 0.0000, 0.0000,77.0912, 0.0000,CI.l(95%).Total.SURVEY_LU1_3U311
   0.0000,   0.0000,4221.1063,  20.3905,CI.l(95%).Total.SURVEY_LU1_3U312
 0.00000, 0.00000,54.16339, 0.00000,CI.l(95%).Total.SURVEY_LU1_3U313
 0.00000, 0.00000,30.25271, 0.00000,CI.l(95%).Total.SURVEY_LU1_3U314
0.000000,0.000000,8.669307,0.000000,CI.l(95%).Total.SURVEY_LU1_3U316
 0.00000, 0.00000,55.93837, 0.00000,CI.l(95%).Total.SURVEY_LU1_3U317
  4.174207,  0.000000,419.939660,  0.000000,CI.l(95%).Total.SURVEY_LU1_3U319
0.000000,0.000000,3.985451,0.000000,CI.l(95%).Total.SURVEY_LU1_3U321
0.000000,0.000000,8.297169,0.000000,CI.l(95%).Total.SURVEY_LU1_3U322
  0.00000,  0.00000,-80.03778, 14.90859,CI.l(95%).Total.SURVEY_LU1_3U330
 0.0000, 0.0000,49.3849, 0.0000,CI.l(95%).Total.SURVEY_LU1_3U341
  3.729983,  0.000000,185.831729,  0.000000,CI.l(95%).Total.SURVEY_LU1_3U350
   -0.1266766,    0.0000000,26402.3538855,   56.7479059,CI.l(95%).Total.SURVEY_LU1_3U361
  0.0000,  0.0000,134.3775,  0.0000,CI.l(95%).Total.SURVEY_LU1_3U362
  -5.848417,   0.000000,3540.176368,  36.789434,CI.l(95%).Total.SURVEY_LU1_3U370
0.0000,0.0000,4.1396,0.0000,CI.l(95%).Total.SURVEY_LU1_3U411
 0.00000, 0.00000,16.12817, 0.00000,CI.l(95%).Total.SURVEY_LU1_3U413
 0.00000, 0.00000,65.28203, 0.00000,CI.l(95%).Total.SURVEY_LU1_3U414
  0.0000,  0.0000,333.0736,  0.0000,CI.l(95%).Total.SURVEY_LU1_3U415
 2617.119885,    9.309228,49187.765099,  278.641470,CI.l(95%).Total.SURVEY_LU1_3U420
 16697.95160,    22.76053,301995.62760,  1432.75831,CI.l(95%).Total.settlement0
    2.055773,    0.000000,10978.649680,   72.088517,CI.l(95%).Total.settlement1
  1886.6615954,    -0.9709242,103643.0426220,   411.3032389,CI.l(95%).Total.fao_class_name0
 14062.82167,    23.73145,200280.59954,  1015.03314,CI.l(95%).Total.fao_class_name1
-157.05593,   0.00000,4248.36229,  36.12635,CI.l(95%).Total.fao_class_name2
 -0.7969317,  0.0000000,821.7611619, 42.5359763,CI.l(95%).Total.fao_class_name3
 16696.75320,    22.76053,281394.98955,  1411.30949,CI.l(95%).Total.lue0
    2.933051,    0.000000,31324.209220,   93.537340,CI.l(95%).Total.lue1
 16730.97345,    22.76053,305711.13524,  1506.00158,CI.l(95%).Total.lud0
  13.00806,   0.00000,7439.70425,  35.29908,CI.l(95%).Total.lud1
 22411.60854,    39.45967,320046.47342,  1558.47914,CI.u(95%).Total.area
   0.00000,   0.00000,8242.68575,  35.29908,CI.u(95%).Total.SURVEY_LC1_1A
 2580.01806,   15.72821,11784.21455,  121.53604,CI.u(95%).Total.SURVEY_LC1_1B
 19958.94083,    23.73145,208654.06549,  1131.09382,CI.u(95%).Total.SURVEY_LC1_1C
  720.01628,    0.00000,19151.06339,   17.30223,CI.u(95%).Total.SURVEY_LC1_1D
    0.0000,    0.0000,19743.2109,  152.7502,CI.u(95%).Total.SURVEY_LC1_1E
  25.84158,   0.00000,7644.77484,  66.27734,CI.u(95%).Total.SURVEY_LC1_1F
    0.00000,    0.00000,34887.75154,   63.05805,CI.u(95%).Total.SURVEY_LC1_1G
   13.88837,    0.00000,18637.69262,   24.52970,CI.u(95%).Total.SURVEY_LC1_1H
 18248.39538,    30.15044,228712.80808,  1127.35788,CI.u(95%).Total.SURVEY_LU1_1U1
  0.000,  0.000,290.997,  0.000,CI.u(95%).Total.SURVEY_LU1_1U2
   96.39374,    0.00000,40932.15549,  174.68274,CI.u(95%).Total.SURVEY_LU1_1U3
 5111.479695,    9.309228,55402.289110,  317.884796,CI.u(95%).Total.SURVEY_LU1_1U4
   0.000,   0.000,1364.617,   0.000,CI.u(95%).Total.SURVEY_LC1_2A1
   0.00000,   0.00000,6667.33453,  35.29908,CI.u(95%).Total.SURVEY_LC1_2A2
  0.0000,  0.0000,717.6831,  0.0000,CI.u(95%).Total.SURVEY_LC1_2A3
   0.00000,   0.00000,6631.77896,  23.98411,CI.u(95%).Total.SURVEY_LC1_2B1
  0.0000,  0.0000,493.8171, 39.0184,CI.u(95%).Total.SURVEY_LC1_2B2
  0.0000,  0.0000,723.0398,  0.0000,CI.u(95%).Total.SURVEY_LC1_2B3
  0.0000,  0.0000,384.1638,  0.0000,CI.u(95%).Total.SURVEY_LC1_2B4
   0.0000,   0.0000,4530.2657,  63.8785,CI.u(95%).Total.SURVEY_LC1_2B5
 0.00000, 0.00000,85.00189, 5.00183,CI.u(95%).Total.SURVEY_LC1_2B7
  0.0000,  0.0000,119.2885,  0.0000,CI.u(95%).Total.SURVEY_LC1_2B8
2580.01806,  15.72821,   0.00000,   0.00000,CI.u(95%).Total.SURVEY_LC1_2Bx
    0.0000,    0.0000,20014.4418,  182.3362,CI.u(95%).Total.SURVEY_LC1_2C1
 16450.328220,     9.309228,111860.659261,   610.231334,CI.u(95%).Total.SURVEY_LC1_2C2
 4154.90435,   14.42223,86882.24423,  386.18376,CI.u(95%).Total.SURVEY_LC1_2C3
663.3081,  0.0000,  0.0000,  0.0000,CI.u(95%).Total.SURVEY_LC1_2Cx
 715.842069,   0.000000,7572.083879,   9.309228,CI.u(95%).Total.SURVEY_LC1_2D1
    0.000000,    0.000000,12370.833527,    7.993003,CI.u(95%).Total.SURVEY_LC1_2D2
4.174207,0.000000,0.000000,0.000000,CI.u(95%).Total.SURVEY_LC1_2Dx
   0.00000,   0.00000,3636.55520,  30.02524,CI.u(95%).Total.SURVEY_LC1_2E1
    0.0000,    0.0000,10870.8340,  112.7213,CI.u(95%).Total.SURVEY_LC1_2E2
   0.00000,   0.00000,6408.12122,  10.00366,CI.u(95%).Total.SURVEY_LC1_2E3
   0.00000,   0.00000,1010.30629,  41.37131,CI.u(95%).Total.SURVEY_LC1_2F1
  0.0000,  0.0000,320.8934,  0.0000,CI.u(95%).Total.SURVEY_LC1_2F2
   0.000000,   0.000000,1445.090747,   4.591064,CI.u(95%).Total.SURVEY_LC1_2F3
   0.00000,   0.00000,5321.05104,  20.31496,CI.u(95%).Total.SURVEY_LC1_2F4
25.84158, 0.00000, 0.00000, 0.00000,CI.u(95%).Total.SURVEY_LC1_2Fx
    0.00000,    0.00000,33680.71142,   56.97878,CI.u(95%).Total.SURVEY_LC1_2G1
   0.000000,   0.000000,1770.274759,   6.079276,CI.u(95%).Total.SURVEY_LC1_2G2
 0.0000, 0.0000,23.3531, 0.0000,CI.u(95%).Total.SURVEY_LC1_2G3
    0.00000,    0.00000,18584.51183,   10.13348,CI.u(95%).Total.SURVEY_LC1_2H1
 0.00000, 0.00000,64.90040,14.39622,CI.u(95%).Total.SURVEY_LC1_2H2
13.88837, 0.00000, 0.00000, 0.00000,CI.u(95%).Total.SURVEY_LC1_2Hx
 2580.01806,   15.72821,22712.19494,  196.88719,CI.u(95%).Total.SURVEY_LU1_2U11
 16093.71186,    14.42223,204318.22416,   937.40074,CI.u(95%).Total.SURVEY_LU1_2U12
  0.0000,  0.0000,752.9164,  0.0000,CI.u(95%).Total.SURVEY_LU1_2U13
   8.833857,   0.000000,2046.359875,   0.000000,CI.u(95%).Total.SURVEY_LU1_2U14
  0.0000,  0.0000,545.8486,  0.0000,CI.u(95%).Total.SURVEY_LU1_2U15
  0.0000,  0.0000,133.9789,  0.0000,CI.u(95%).Total.SURVEY_LU1_2U21
  0.0000,  0.0000,189.0789,  0.0000,CI.u(95%).Total.SURVEY_LU1_2U22
   4.174207,   0.000000,7270.334255,  20.390498,CI.u(95%).Total.SURVEY_LU1_2U31
 0.00000, 0.00000,83.05369, 0.00000,CI.u(95%).Total.SURVEY_LU1_2U32
  0.00000,  0.00000,537.94586, 14.90859,CI.u(95%).Total.SURVEY_LU1_2U33
  0.0000,  0.0000,190.6912,  0.0000,CI.u(95%).Total.SURVEY_LU1_2U34
  3.729983,  0.000000,918.438053,  0.000000,CI.u(95%).Total.SURVEY_LU1_2U35
   10.88121,    0.00000,28980.85046,   56.74791,CI.u(95%).Total.SURVEY_LU1_2U36
  82.78651,   0.00000,4820.01672,  82.63576,CI.u(95%).Total.SURVEY_LU1_2U37
   0.000,   0.000,1293.322,   0.000,CI.u(95%).Total.SURVEY_LU1_2U41
 5111.479695,    9.309228,54495.071817,  317.884796,CI.u(95%).Total.SURVEY_LU1_2U42
   0.000,   0.000,1257.564,   0.000,CI.u(95%).Total.SURVEY_LC1_3A11
  0.0000,  0.0000,171.1359,  0.0000,CI.u(95%).Total.SURVEY_LC1_3A12
0.000000,0.000000,4.175516,0.000000,CI.u(95%).Total.SURVEY_LC1_3A13
   0.00000,   0.00000,1655.28847,  14.90859,CI.u(95%).Total.SURVEY_LC1_3A21
   0.0000,   0.0000,5351.2871,  20.3905,CI.u(95%).Total.SURVEY_LC1_3A22
  0.0000,  0.0000,717.6831,  0.0000,CI.u(95%).Total.SURVEY_LC1_3A30
   0.000000,   0.000000,1956.272332,   9.191167,CI.u(95%).Total.SURVEY_LC1_3B11
  0.0000,  0.0000,152.0315,  0.0000,CI.u(95%).Total.SURVEY_LC1_3B12
   0.00000,   0.00000,2844.92434,  10.00366,CI.u(95%).Total.SURVEY_LC1_3B13
  0.0000,  0.0000,249.0123,  0.0000,CI.u(95%).Total.SURVEY_LC1_3B14
   0.000000,   0.000000,2275.079395,   4.789278,CI.u(95%).Total.SURVEY_LC1_3B15
 0.00000, 0.00000,19.51855, 0.00000,CI.u(95%).Total.SURVEY_LC1_3B18
 0.00000, 0.00000,66.58728,24.89169,CI.u(95%).Total.SURVEY_LC1_3B21
  0.0000,  0.0000,272.6314,  0.0000,CI.u(95%).Total.SURVEY_LC1_3B22
  0.00000,  0.00000,279.99578, 20.10241,CI.u(95%).Total.SURVEY_LC1_3B23
 0.00000, 0.00000,24.28223, 0.00000,CI.u(95%).Total.SURVEY_LC1_3B31
  0.0000,  0.0000,679.2267,  0.0000,CI.u(95%).Total.SURVEY_LC1_3B32
 0.0000, 0.0000,20.8811, 0.0000,CI.u(95%).Total.SURVEY_LC1_3B35
 0.00, 0.00,48.78, 0.00,CI.u(95%).Total.SURVEY_LC1_3B37
  0.0000,  0.0000,271.5849,  0.0000,CI.u(95%).Total.SURVEY_LC1_3B41
 0.00000, 0.00000,92.95347, 0.00000,CI.u(95%).Total.SURVEY_LC1_3B43
  0.0000,  0.0000,115.3057,  0.0000,CI.u(95%).Total.SURVEY_LC1_3B45
  0.0000,  0.0000,388.9147,  0.0000,CI.u(95%).Total.SURVEY_LC1_3B51
  0.0000,  0.0000,150.0271,  0.0000,CI.u(95%).Total.SURVEY_LC1_3B52
  0.00000,  0.00000,547.43833, 15.28332,CI.u(95%).Total.SURVEY_LC1_3B53
 0.00000, 0.00000,28.77675, 0.00000,CI.u(95%).Total.SURVEY_LC1_3B54
   0.00000,   0.00000,3797.28980,  54.64444,CI.u(95%).Total.SURVEY_LC1_3B55
 0.00000, 0.00000,48.37751, 5.00183,CI.u(95%).Total.SURVEY_LC1_3B71
0.000000,0.000000,4.413947,0.000000,CI.u(95%).Total.SURVEY_LC1_3B73
 0.00000, 0.00000,32.21043, 0.00000,CI.u(95%).Total.SURVEY_LC1_3B75
  0.0000,  0.0000,115.3057,  0.0000,CI.u(95%).Total.SURVEY_LC1_3B83
0.00000,0.00000,3.98279,0.00000,CI.u(95%).Total.SURVEY_LC1_3B84
2554.96415,  15.72821,   0.00000,   0.00000,CI.u(95%).Total.SURVEY_LC1_3Bx1
12.58741, 0.00000, 0.00000, 0.00000,CI.u(95%).Total.SURVEY_LC1_3Bx2
23.5992, 0.0000, 0.0000, 0.0000,CI.u(95%).Total.SURVEY_LC1_3Bxx
    0.0000,    0.0000,20014.4418,  182.3362,CI.u(95%).Total.SURVEY_LC1_3C10
    0.0000,    0.0000,28337.6653,   84.5143,CI.u(95%).Total.SURVEY_LC1_3C21
    0.0000,    0.0000,68456.2893,  438.9115,CI.u(95%).Total.SURVEY_LC1_3C22
    0.0000,    0.0000,21068.5298,  105.9639,CI.u(95%).Total.SURVEY_LC1_3C23
16450.328220,    9.309228,    0.000000,    0.000000,CI.u(95%).Total.SURVEY_LC1_3C2x
    0.00000,    0.00000,28886.83852,   87.01508,CI.u(95%).Total.SURVEY_LC1_3C31
    0.0000,    0.0000,37672.3808,  244.7419,CI.u(95%).Total.SURVEY_LC1_3C32
    0.00000,    0.00000,25881.04796,   54.42681,CI.u(95%).Total.SURVEY_LC1_3C33
4154.90435,  14.42223,   0.00000,   0.00000,CI.u(95%).Total.SURVEY_LC1_3C3x
663.3081,  0.0000,  0.0000,  0.0000,CI.u(95%).Total.SURVEY_LC1_3Cxx
   0.000000,   0.000000,7572.083879,   9.309228,CI.u(95%).Total.SURVEY_LC1_3D10
715.8421,  0.0000,  0.0000,  0.0000,CI.u(95%).Total.SURVEY_LC1_3D1x
    0.000000,    0.000000,12370.833527,    7.993003,CI.u(95%).Total.SURVEY_LC1_3D20
4.174207,0.000000,0.000000,0.000000,CI.u(95%).Total.SURVEY_LC1_3Dxx
   0.00000,   0.00000,3636.55520,  30.02524,CI.u(95%).Total.SURVEY_LC1_3E10
    0.0000,    0.0000,10870.8340,  112.7213,CI.u(95%).Total.SURVEY_LC1_3E20
   0.00000,   0.00000,6408.12122,  10.00366,CI.u(95%).Total.SURVEY_LC1_3E30
   0.00000,   0.00000,1010.30629,  41.37131,CI.u(95%).Total.SURVEY_LC1_3F10
  0.0000,  0.0000,320.8934,  0.0000,CI.u(95%).Total.SURVEY_LC1_3F20
   0.000000,   0.000000,1445.090747,   4.591064,CI.u(95%).Total.SURVEY_LC1_3F30
   0.00000,   0.00000,5321.05104,  20.31496,CI.u(95%).Total.SURVEY_LC1_3F40
25.84158, 0.00000, 0.00000, 0.00000,CI.u(95%).Total.SURVEY_LC1_3Fxx
    0.00000,    0.00000,33676.62474,   56.97878,CI.u(95%).Total.SURVEY_LC1_3G11
0.000000,0.000000,4.086674,0.000000,CI.u(95%).Total.SURVEY_LC1_3G12
   0.000,   0.000,1763.977,   0.000,CI.u(95%).Total.SURVEY_LC1_3G21
 0.000000, 0.000000,13.436751, 6.079276,CI.u(95%).Total.SURVEY_LC1_3G22
 0.0000, 0.0000,23.3531, 0.0000,CI.u(95%).Total.SURVEY_LC1_3G30
   0.00000,   0.00000,5697.18634,  10.13348,CI.u(95%).Total.SURVEY_LC1_3H11
    0.00,    0.00,13525.22,    0.00,CI.u(95%).Total.SURVEY_LC1_3H12
 0.00000, 0.00000,64.90040,14.39622,CI.u(95%).Total.SURVEY_LC1_3H21
13.88837, 0.00000, 0.00000, 0.00000,CI.u(95%).Total.SURVEY_LC1_3Hxx
 2571.66465,   15.72821,21849.64985,  191.88536,CI.u(95%).Total.SURVEY_LU1_3U111
   0.00000,   0.00000,1036.86480,   5.00183,CI.u(95%).Total.SURVEY_LU1_3U112
  8.353409,  0.000000,123.289360,  0.000000,CI.u(95%).Total.SURVEY_LU1_3U113
 16093.71186,    14.42223,204318.22416,   937.40074,CI.u(95%).Total.SURVEY_LU1_3U120
  0.0000,  0.0000,752.9164,  0.0000,CI.u(95%).Total.SURVEY_LU1_3U130
   8.833857,   0.000000,2046.359875,   0.000000,CI.u(95%).Total.SURVEY_LU1_3U140
  0.0000,  0.0000,545.8486,  0.0000,CI.u(95%).Total.SURVEY_LU1_3U150
  0.0000,  0.0000,133.9789,  0.0000,CI.u(95%).Total.SURVEY_LU1_3U210
 0.00000, 0.00000,42.72276, 0.00000,CI.u(95%).Total.SURVEY_LU1_3U223
0.000000,0.000000,4.062944,0.000000,CI.u(95%).Total.SURVEY_LU1_3U224
 0.00000, 0.00000,82.50847, 0.00000,CI.u(95%).Total.SURVEY_LU1_3U225
 0.00000, 0.00000,41.06892, 0.00000,CI.u(95%).Total.SURVEY_LU1_3U226
 0.0000, 0.0000,42.2637, 0.0000,CI.u(95%).Total.SURVEY_LU1_3U227
0.000000,0.000000,4.314158,0.000000,CI.u(95%).Total.SURVEY_LU1_3U228
  0.0000,  0.0000,198.6284,  0.0000,CI.u(95%).Total.SURVEY_LU1_3U311
   0.0000,   0.0000,6003.7543,  20.3905,CI.u(95%).Total.SURVEY_LU1_3U312
  0.0000,  0.0000,357.7884,  0.0000,CI.u(95%).Total.SURVEY_LU1_3U313
 0.0000, 0.0000,68.0486, 0.0000,CI.u(95%).Total.SURVEY_LU1_3U314
0.000000,0.000000,8.669307,0.000000,CI.u(95%).Total.SURVEY_LU1_3U316
  0.0000,  0.0000,252.2313,  0.0000,CI.u(95%).Total.SURVEY_LU1_3U317
  4.174207,  0.000000,921.185650,  0.000000,CI.u(95%).Total.SURVEY_LU1_3U319
0.000000,0.000000,3.985451,0.000000,CI.u(95%).Total.SURVEY_LU1_3U321
 0.00000, 0.00000,79.06824, 0.00000,CI.u(95%).Total.SURVEY_LU1_3U322
  0.00000,  0.00000,537.94586, 14.90859,CI.u(95%).Total.SURVEY_LU1_3U330
  0.0000,  0.0000,190.6912,  0.0000,CI.u(95%).Total.SURVEY_LU1_3U341
  3.729983,  0.000000,918.438053,  0.000000,CI.u(95%).Total.SURVEY_LU1_3U350
   10.88121,    0.00000,28706.28630,   56.74791,CI.u(95%).Total.SURVEY_LU1_3U361
  0.0000,  0.0000,414.8355,  0.0000,CI.u(95%).Total.SURVEY_LU1_3U362
  82.78651,   0.00000,4820.01672,  82.63576,CI.u(95%).Total.SURVEY_LU1_3U370
0.0000,0.0000,4.1396,0.0000,CI.u(95%).Total.SURVEY_LU1_3U411
 0.00000, 0.00000,83.48484, 0.00000,CI.u(95%).Total.SURVEY_LU1_3U413
  0.0000,  0.0000,105.5205,  0.0000,CI.u(95%).Total.SURVEY_LU1_3U414
   0.000,   0.000,1152.105,   0.000,CI.u(95%).Total.SURVEY_LU1_3U415
 5111.479695,    9.309228,54495.071817,  317.884796,CI.u(95%).Total.SURVEY_LU1_3U420
 22364.89198,    39.45967,308085.14818,  1476.99813,CI.u(95%).Total.settlement0
   90.6907,    0.0000,13348.9845,  117.9348,CI.u(95%).Total.settlement1
  3117.95075,    15.72821,108063.09977,   459.97646,CI.u(95%).Total.fao_class_name0
 19560.09246,    23.73145,207698.58601,  1056.14231,CI.u(95%).Total.fao_class_name1
 597.42688,   0.00000,7640.73649,  36.12635,CI.u(95%).Total.fao_class_name2
  88.48955,   0.00000,2012.22208,  42.53598,CI.u(95%).Total.fao_class_name3
 22363.68426,    39.45967,287651.02821,  1455.54931,CI.u(95%).Total.lue0
   92.21953,    0.00000,34038.18297,  139.38366,CI.u(95%).Total.lue1
 22398.60047,    39.45967,311713.26931,  1523.18006,CI.u(95%).Total.lud0
  13.00806,   0.00000,9544.30116,  35.29908,CI.u(95%).Total.lud1
0.073851513,0.136935020,0.004571704,0.002827521,CV.Total.area
NA,NA,0.07040331,0.00000000,CV.Total.SURVEY_LC1_1A
0.11628632,0.57735027,0.03252618,0.04749253,CV.Total.SURVEY_LC1_1B
0.081627174,0.000000000,0.009387547,0.009443365,CV.Total.SURVEY_LC1_1C
0.97487457,NA,0.05738043,0.00000000,CV.Total.SURVEY_LC1_1D
NA,NA,0.04748776,0.09008680,CV.Total.SURVEY_LC1_1E
0.27600977,NA,0.08676735,0.07132881,CV.Total.SURVEY_LC1_1F
NA,NA,0.006473369,0.000000000,CV.Total.SURVEY_LC1_1G
0.60783067,NA,0.02590135,0.00000000,CV.Total.SURVEY_LC1_1H
0.084265450,0.195407884,0.008476828,0.012752562,CV.Total.SURVEY_LU1_1U1
NA,NA,0.1991979,NA,CV.Total.SURVEY_LU1_1U2
0.44014227,NA,0.02123614,0.07706732,CV.Total.SURVEY_LU1_1U3
0.16466838,0.00000000,0.02592453,0.03356512,CV.Total.SURVEY_LU1_1U4
NA,NA,0.1647835,NA,CV.Total.SURVEY_LC1_2A1
NA,NA,0.08419196,0.00000000,CV.Total.SURVEY_LC1_2A2
NA,NA,0.2389702,NA,CV.Total.SURVEY_LC1_2A3
NA,NA,0.05830465,0.00000000,CV.Total.SURVEY_LC1_2B1
NA,NA,0.4217832,0.1825742,CV.Total.SURVEY_LC1_2B2
NA,NA,0.2541541,NA,CV.Total.SURVEY_LC1_2B3
NA,NA,0.3112601,NA,CV.Total.SURVEY_LC1_2B4
NA,NA,0.06684847,0.09937768,CV.Total.SURVEY_LC1_2B5
NA,NA,  0,  0,CV.Total.SURVEY_LC1_2B7
NA,NA,0.8635683,NA,CV.Total.SURVEY_LC1_2B8
0.1162863,0.5773503,NA,NA,CV.Total.SURVEY_LC1_2Bx
NA,NA,0.07950700,0.06152637,CV.Total.SURVEY_LC1_2C1
0.09179253,0.00000000,0.02743723,0.02438954,CV.Total.SURVEY_LC1_2C2
0.20017863,0.00000000,0.03425515,0.02897173,CV.Total.SURVEY_LC1_2C3
0.6982122,NA,NA,NA,CV.Total.SURVEY_LC1_2Cx
0.9916075,NA,0.1329809,0.0000000,CV.Total.SURVEY_LC1_2D1
NA,NA,0.05291208,0.00000000,CV.Total.SURVEY_LC1_2D2
  0,NA,NA,NA,CV.Total.SURVEY_LC1_2Dx
NA,NA,0.1420727,0.0000000,CV.Total.SURVEY_LC1_2E1
NA,NA,0.03828237,0.13024437,CV.Total.SURVEY_LC1_2E2
NA,NA,0.1301756,0.0000000,CV.Total.SURVEY_LC1_2E3
NA,NA,0.03587483,0.00000000,CV.Total.SURVEY_LC1_2F1
NA,NA,0.1882705,NA,CV.Total.SURVEY_LC1_2F2
NA,NA,0.1736957,0.0000000,CV.Total.SURVEY_LC1_2F3
NA,NA,0.1245106,0.3403678,CV.Total.SURVEY_LC1_2F4
0.2760098,NA,NA,NA,CV.Total.SURVEY_LC1_2Fx
NA,NA,0.009155315,0.000000000,CV.Total.SURVEY_LC1_2G1
NA,NA,0.1582806,0.0000000,CV.Total.SURVEY_LC1_2G2
NA,NA,0.4401359,NA,CV.Total.SURVEY_LC1_2G3
NA,NA,0.02597952,0.00000000,CV.Total.SURVEY_LC1_2H1
NA,NA,0.1123306,0.0000000,CV.Total.SURVEY_LC1_2H2
0.6078307,NA,NA,NA,CV.Total.SURVEY_LC1_2Hx
0.11628632,0.57735027,0.01467880,0.02209703,CV.Total.SURVEY_LU1_2U11
0.095701797,0.000000000,0.009467025,0.014697754,CV.Total.SURVEY_LU1_2U12
NA,NA,0.3568979,NA,CV.Total.SURVEY_LU1_2U13
0.0000000,NA,0.1159742,NA,CV.Total.SURVEY_LU1_2U14
NA,NA,0.9445974,NA,CV.Total.SURVEY_LU1_2U15
NA,NA,0.5103796,NA,CV.Total.SURVEY_LU1_2U21
NA,NA,0.1676845,NA,CV.Total.SURVEY_LU1_2U22
0.00000000,NA,0.07498585,0.00000000,CV.Total.SURVEY_LU1_2U31
NA,NA,0.3787471,NA,CV.Total.SURVEY_LU1_2U32
NA,NA,0.6885739,0.0000000,CV.Total.SURVEY_LU1_2U33
NA,NA,0.3003063,NA,CV.Total.SURVEY_LU1_2U34
0.0000000,NA,0.3384912,NA,CV.Total.SURVEY_LU1_2U35
0.52223297,NA,0.02111929,0.00000000,CV.Total.SURVEY_LU1_2U36
0.58778079,NA,0.07810726,0.19586664,CV.Total.SURVEY_LU1_2U37
NA,NA,0.2379924,NA,CV.Total.SURVEY_LU1_2U41
0.16466838,0.00000000,0.02611676,0.03356512,CV.Total.SURVEY_LU1_2U42
NA,NA,0.1808507,NA,CV.Total.SURVEY_LC1_3A11
NA,NA,0.3731599,NA,CV.Total.SURVEY_LC1_3A12
NA,NA,  0,NA,CV.Total.SURVEY_LC1_3A13
NA,NA,0.1605798,0.0000000,CV.Total.SURVEY_LC1_3A21
NA,NA,0.1014213,0.0000000,CV.Total.SURVEY_LC1_3A22
NA,NA,0.2389702,NA,CV.Total.SURVEY_LC1_3A30
NA,NA,0.1390421,0.0000000,CV.Total.SURVEY_LC1_3B11
NA,NA,0.7763015,NA,CV.Total.SURVEY_LC1_3B12
NA,NA,0.1044616,0.0000000,CV.Total.SURVEY_LC1_3B13
NA,NA,0.3949195,NA,CV.Total.SURVEY_LC1_3B14
NA,NA,0.1211133,0.0000000,CV.Total.SURVEY_LC1_3B15
NA,NA,0.2220525,NA,CV.Total.SURVEY_LC1_3B18
NA,NA,0.7244321,0.2474358,CV.Total.SURVEY_LC1_3B21
NA,NA,0.5339628,NA,CV.Total.SURVEY_LC1_3B22
NA,NA,0.7931889,0.3464102,CV.Total.SURVEY_LC1_3B23
NA,NA,0.7572178,NA,CV.Total.SURVEY_LC1_3B31
NA,NA,0.2755706,NA,CV.Total.SURVEY_LC1_3B32
NA,NA,0.4488536,NA,CV.Total.SURVEY_LC1_3B35
NA,NA,0.6910421,NA,CV.Total.SURVEY_LC1_3B37
NA,NA,0.389091,NA,CV.Total.SURVEY_LC1_3B41
NA,NA,0.5627606,NA,CV.Total.SURVEY_LC1_3B43
NA,NA,0.9488708,NA,CV.Total.SURVEY_LC1_3B45
NA,NA,0.2638202,NA,CV.Total.SURVEY_LC1_3B51
NA,NA,0.8219114,NA,CV.Total.SURVEY_LC1_3B52
NA,NA,0.2475256,0.5773503,CV.Total.SURVEY_LC1_3B53
NA,NA,0.3753382,NA,CV.Total.SURVEY_LC1_3B54
NA,NA,0.07573939,0.09202017,CV.Total.SURVEY_LC1_3B55
NA,NA,  0,  0,CV.Total.SURVEY_LC1_3B71
NA,NA,  0,NA,CV.Total.SURVEY_LC1_3B73
NA,NA,  0,NA,CV.Total.SURVEY_LC1_3B75
NA,NA,0.9488708,NA,CV.Total.SURVEY_LC1_3B83
NA,NA,  0,NA,CV.Total.SURVEY_LC1_3B84
0.1176554,0.5773503,NA,NA,CV.Total.SURVEY_LC1_3Bx1
  0,NA,NA,NA,CV.Total.SURVEY_LC1_3Bx2
0.4644831,NA,NA,NA,CV.Total.SURVEY_LC1_3Bxx
NA,NA,0.07950700,0.06152637,CV.Total.SURVEY_LC1_3C10
NA,NA,0.07096734,0.16603847,CV.Total.SURVEY_LC1_3C21
NA,NA,0.04137796,0.03245233,CV.Total.SURVEY_LC1_3C22
NA,NA,0.08851366,0.00000000,CV.Total.SURVEY_LC1_3C23
0.09179253,0.00000000,NA,NA,CV.Total.SURVEY_LC1_3C2x
NA,NA,0.07033961,0.00000000,CV.Total.SURVEY_LC1_3C31
NA,NA,0.06266665,0.04726626,CV.Total.SURVEY_LC1_3C32
NA,NA,0.07725146,0.00000000,CV.Total.SURVEY_LC1_3C33
0.2001786,0.0000000,NA,NA,CV.Total.SURVEY_LC1_3C3x
0.6982122,NA,NA,NA,CV.Total.SURVEY_LC1_3Cxx
NA,NA,0.1329809,0.0000000,CV.Total.SURVEY_LC1_3D10
0.9916075,NA,NA,NA,CV.Total.SURVEY_LC1_3D1x
NA,NA,0.05291208,0.00000000,CV.Total.SURVEY_LC1_3D20
  0,NA,NA,NA,CV.Total.SURVEY_LC1_3Dxx
NA,NA,0.1420727,0.0000000,CV.Total.SURVEY_LC1_3E10
NA,NA,0.03828237,0.13024437,CV.Total.SURVEY_LC1_3E20
NA,NA,0.1301756,0.0000000,CV.Total.SURVEY_LC1_3E30
NA,NA,0.03587483,0.00000000,CV.Total.SURVEY_LC1_3F10
NA,NA,0.1882705,NA,CV.Total.SURVEY_LC1_3F20
NA,NA,0.1736957,0.0000000,CV.Total.SURVEY_LC1_3F30
NA,NA,0.1245106,0.3403678,CV.Total.SURVEY_LC1_3F40
0.2760098,NA,NA,NA,CV.Total.SURVEY_LC1_3Fxx
NA,NA,0.009156446,0.000000000,CV.Total.SURVEY_LC1_3G11
NA,NA,  0,NA,CV.Total.SURVEY_LC1_3G12
NA,NA,0.1589915,NA,CV.Total.SURVEY_LC1_3G21
NA,NA,0.5890151,0.0000000,CV.Total.SURVEY_LC1_3G22
NA,NA,0.4401359,NA,CV.Total.SURVEY_LC1_3G30
NA,NA,0.06096457,0.00000000,CV.Total.SURVEY_LC1_3H11
NA,NA,0.03768434,NA,CV.Total.SURVEY_LC1_3H12
NA,NA,0.1123306,0.0000000,CV.Total.SURVEY_LC1_3H21
0.6078307,NA,NA,NA,CV.Total.SURVEY_LC1_3Hxx
0.11675048,0.57735027,0.01324210,0.02269865,CV.Total.SURVEY_LU1_3U111
NA,NA,0.2679022,0.0000000,CV.Total.SURVEY_LU1_3U112
0.0000000,NA,0.1172264,NA,CV.Total.SURVEY_LU1_3U113
0.095701797,0.000000000,0.009467025,0.014697754,CV.Total.SURVEY_LU1_3U120
NA,NA,0.3568979,NA,CV.Total.SURVEY_LU1_3U130
0.0000000,NA,0.1159742,NA,CV.Total.SURVEY_LU1_3U140
NA,NA,0.9445974,NA,CV.Total.SURVEY_LU1_3U150
NA,NA,0.5103796,NA,CV.Total.SURVEY_LU1_3U210
NA,NA,0.3653097,NA,CV.Total.SURVEY_LU1_3U223
NA,NA,  0,NA,CV.Total.SURVEY_LU1_3U224
NA,NA,0.4736677,NA,CV.Total.SURVEY_LU1_3U225
NA,NA,0.3634395,NA,CV.Total.SURVEY_LU1_3U226
NA,NA,  0,NA,CV.Total.SURVEY_LU1_3U227
NA,NA,  0,NA,CV.Total.SURVEY_LU1_3U228
NA,NA,0.2249021,NA,CV.Total.SURVEY_LU1_3U311
NA,NA,0.0889529,0.0000000,CV.Total.SURVEY_LU1_3U312
NA,NA,0.3760478,NA,CV.Total.SURVEY_LU1_3U313
NA,NA,0.1961721,NA,CV.Total.SURVEY_LU1_3U314
NA,NA,  0,NA,CV.Total.SURVEY_LU1_3U316
NA,NA,0.3249875,NA,CV.Total.SURVEY_LU1_3U317
0.0000000,NA,0.1906924,NA,CV.Total.SURVEY_LU1_3U319
NA,NA,  0,NA,CV.Total.SURVEY_LU1_3U321
NA,NA,0.4133026,NA,CV.Total.SURVEY_LU1_3U322
NA,NA,0.6885739,0.0000000,CV.Total.SURVEY_LU1_3U330
NA,NA,0.3003063,NA,CV.Total.SURVEY_LU1_3U341
0.0000000,NA,0.3384912,NA,CV.Total.SURVEY_LU1_3U350
0.52223297,NA,0.02133054,0.00000000,CV.Total.SURVEY_LU1_3U361
NA,NA,0.2605427,NA,CV.Total.SURVEY_LU1_3U362
0.58778079,NA,0.07810726,0.19586664,CV.Total.SURVEY_LU1_3U370
NA,NA,  0,NA,CV.Total.SURVEY_LU1_3U411
NA,NA,0.3449979,NA,CV.Total.SURVEY_LU1_3U413
NA,NA,0.1201985,NA,CV.Total.SURVEY_LU1_3U414
NA,NA,0.2813675,NA,CV.Total.SURVEY_LU1_3U415
0.16466838,0.00000000,0.02611676,0.03356512,CV.Total.SURVEY_LU1_3U420
0.074017890,0.136935020,0.005092695,0.007757265,CV.Total.settlement0
0.48759517,NA,0.04971206,0.12309755,CV.Total.settlement1
0.12552826,0.57735027,0.01065237,0.02850260,CV.Total.fao_class_name0
0.083418752,0.000000000,0.009276837,0.010126836,CV.Total.fao_class_name1
0.8741432,NA,0.1455817,0.0000000,CV.Total.fao_class_name2
0.5194869,NA,0.2143235,0.0000000,CV.Total.fao_class_name3
0.074022327,0.136935020,0.005609239,0.007873339,CV.Total.lue0
0.47875909,NA,0.02118506,0.10042637,CV.Total.lue1
0.073900615,0.136935020,0.004959910,0.002893419,CV.Total.lud0
0.00000000,NA,0.06322382,0.00000000,CV.Total.lud1
