HU1.No,HU2.No,HU3.No,HU1.Yes,HU2.Yes,HU3.Yes,variable
No,No,No,Yes,Yes,Yes,flag_two
  487.1016, 3429.3089, 7412.8454, 6428.8984,33181.6911,42072.1546,Total.area
   0.0000,   0.0000,   0.0000, 636.5521,1354.3969,1727.4029,Total.SURVEY_LC1_1A
  487.1016, 3426.2205, 7404.7423, 1650.6431,11345.1708,14957.2689,Total.SURVEY_LC1_1B
    0.000000,    3.088408,    4.241827, 2409.230958,11731.974530,11217.783205,Total.SURVEY_LC1_1C
  0.000000,  0.000000,  3.861248,128.539381,486.736785,948.411830,Total.SURVEY_LC1_1D
    0.000,    0.000,    0.000, 1240.636, 4824.459,10074.594,Total.SURVEY_LC1_1E
   0.0000,   0.0000,   0.0000, 144.1957,1986.5436,1960.4012,Total.SURVEY_LC1_1F
   0.0000,   0.0000,   0.0000, 161.8850,1057.3280, 594.6779,Total.SURVEY_LC1_1G
  0.00000,  0.00000,  0.00000, 57.21595,395.08112,591.61483,Total.SURVEY_LC1_1H
  483.1891, 3429.3089, 7404.5562, 4580.3570,27295.4380,35200.8196,Total.SURVEY_LU1_1U1
  0.00000,  0.00000,  0.00000, 57.82260,109.83004, 85.55868,Total.SURVEY_LU1_1U2
   0.000,   0.000,   0.000,1302.512,3383.788,3584.296,Total.SURVEY_LU1_1U3
   3.912483,   0.000000,   8.289130, 488.207137,2392.635139,3201.480556,Total.SURVEY_LU1_1U4
  0.0000,  0.0000,  0.0000,278.6494,402.1556,516.4024,Total.SURVEY_LC1_2A1
   0.0000,   0.0000,   0.0000, 348.3317, 893.8939,1127.2872,Total.SURVEY_LC1_2A2
 0.000000, 0.000000, 0.000000, 9.570967,58.347476,83.713358,Total.SURVEY_LC1_2A3
   0.0000,   0.0000,   0.0000, 872.9215,7638.9977,9989.6169,Total.SURVEY_LC1_2B1
  0.000000,  0.000000,  0.000000,  0.000000,  8.654465,129.087725,Total.SURVEY_LC1_2B2
   0.0000,   0.0000,   0.0000, 607.2558,2441.0693,3225.0796,Total.SURVEY_LC1_2B3
  0.00000,  0.00000,  0.00000,  0.00000, 21.82108,171.89789,Total.SURVEY_LC1_2B4
  0.00000,  0.00000,  0.00000, 43.04803,562.33174,629.45748,Total.SURVEY_LC1_2B5
  0.00000,  0.00000,  0.00000, 93.28718,358.65545,498.19959,Total.SURVEY_LC1_2B7
  0.00000,  0.00000,  0.00000, 34.13062,313.64094,313.92976,Total.SURVEY_LC1_2B8
 487.1016,3426.2205,7404.7423,   0.0000,   0.0000,   0.0000,Total.SURVEY_LC1_2Bx
    0.000,    0.000,    0.000, 2173.767,10078.538,10636.765,Total.SURVEY_LC1_2C1
  0.000000,  3.088408,  4.241827,156.235843,486.942253,427.256149,Total.SURVEY_LC1_2C2
   0.0000,   0.0000,   0.0000,  79.2279,1166.4942, 153.7621,Total.SURVEY_LC1_2C3
  0.00000,  0.00000,  0.00000, 73.10884,302.20093,520.12226,Total.SURVEY_LC1_2D1
  0.00000,  0.00000,  0.00000, 55.43054,184.53586,428.28957,Total.SURVEY_LC1_2D2
0.000000,0.000000,3.861248,0.000000,0.000000,0.000000,Total.SURVEY_LC1_2Dx
  0.0000,  0.0000,  0.0000,112.9287,557.4469,886.7283,Total.SURVEY_LC1_2E1
   0.0000,   0.0000,   0.0000, 803.2577,3261.5761,7824.1267,Total.SURVEY_LC1_2E2
   0.0000,   0.0000,   0.0000, 324.4499,1005.4363,1363.7390,Total.SURVEY_LC1_2E3
0.000000,0.000000,0.000000,3.896254,3.913089,8.646157,Total.SURVEY_LC1_2F2
   0.0000,   0.0000,   0.0000, 140.2994,1982.6305,1951.7550,Total.SURVEY_LC1_2F4
  0.00000,  0.00000,  0.00000, 49.13173,897.44441,381.08664,Total.SURVEY_LC1_2G1
  0.0000,  0.0000,  0.0000,112.7533,159.8836,213.5912,Total.SURVEY_LC1_2G2
  0.00000,  0.00000,  0.00000, 57.21595,395.08112,591.61483,Total.SURVEY_LC1_2H1
  483.1891, 3426.2205, 7400.3144, 2608.9066,16686.1920,25387.7843,Total.SURVEY_LU1_2U11
    0.000000,    3.088408,    4.241827, 1926.422273,10410.303541, 9520.083960,Total.SURVEY_LU1_2U12
  0.000000,  0.000000,  0.000000,  8.120131,166.114481,233.029274,Total.SURVEY_LU1_2U13
 0.00000, 0.00000, 0.00000,36.90799,24.44752,52.88254,Total.SURVEY_LU1_2U14
0.000000,0.000000,0.000000,0.000000,8.380451,7.039583,Total.SURVEY_LU1_2U15
 0.00000, 0.00000, 0.00000, 0.00000,29.84596,36.20117,Total.SURVEY_LU1_2U21
 0.00000, 0.00000, 0.00000,57.82260,79.98408,49.35751,Total.SURVEY_LU1_2U22
   0.000,   0.000,   0.000, 430.431,1033.497,1320.171,Total.SURVEY_LU1_2U31
  0.00000,  0.00000,  0.00000, 37.65951, 76.42904,144.96463,Total.SURVEY_LU1_2U32
 0.00000, 0.00000, 0.00000,18.22114,36.98727,38.14450,Total.SURVEY_LU1_2U33
 0.00000, 0.00000, 0.00000,48.82212,20.58060,31.94525,Total.SURVEY_LU1_2U34
  0.0000,  0.0000,  0.0000,100.9535,141.8752,101.1223,Total.SURVEY_LU1_2U35
  0.00000,  0.00000,  0.00000, 91.07005,869.12373,347.36093,Total.SURVEY_LU1_2U36
   0.0000,   0.0000,   0.0000, 575.3544,1205.2956,1600.5868,Total.SURVEY_LU1_2U37
  3.912483,  0.000000,  4.427882,105.114737,373.482706,564.228447,Total.SURVEY_LU1_2U41
   0.000000,   0.000000,   3.861248, 383.092400,2019.152433,2637.252109,Total.SURVEY_LU1_2U42
  0.0000,  0.0000,  0.0000,267.2971,376.1699,471.7444,Total.SURVEY_LC1_3A11
 0.00000, 0.00000, 0.00000,11.35227,25.98564,30.00854,Total.SURVEY_LC1_3A12
 0.00000, 0.00000, 0.00000, 0.00000, 0.00000,14.64944,Total.SURVEY_LC1_3A13
  0.0000,  0.0000,  0.0000,170.0491,293.8110,252.3457,Total.SURVEY_LC1_3A21
  0.0000,  0.0000,  0.0000,178.2826,600.0829,874.9415,Total.SURVEY_LC1_3A22
 0.000000, 0.000000, 0.000000, 9.570967,58.347476,83.713358,Total.SURVEY_LC1_3A30
   0.0000,   0.0000,   0.0000, 308.8091,2901.9104,3561.3566,Total.SURVEY_LC1_3B11
 0.00000, 0.00000, 0.00000, 0.00000,62.83087,64.44240,Total.SURVEY_LC1_3B12
   0.0000,   0.0000,   0.0000, 100.7858,1052.3854, 801.8814,Total.SURVEY_LC1_3B13
  0.000000,  0.000000,  0.000000,  3.929684, 16.885753,140.127534,Total.SURVEY_LC1_3B14
  0.0000,  0.0000,  0.0000,  0.0000,205.9643,110.0293,Total.SURVEY_LC1_3B15
   0.000,   0.000,   0.000, 455.451,3258.927,5195.503,Total.SURVEY_LC1_3B16
0.000000,0.000000,0.000000,0.000000,0.000000,3.942056,Total.SURVEY_LC1_3B17
  0.0000,  0.0000,  0.0000,  0.0000,  0.0000,102.1135,Total.SURVEY_LC1_3B18
  0.000000,  0.000000,  0.000000,  3.945914,140.093754, 10.220684,Total.SURVEY_LC1_3B19
  0.0000,  0.0000,  0.0000,  0.0000,  0.0000,125.1787,Total.SURVEY_LC1_3B21
0.00000,0.00000,0.00000,0.00000,4.20967,0.00000,Total.SURVEY_LC1_3B22
0.000000,0.000000,0.000000,0.000000,4.444795,3.909073,Total.SURVEY_LC1_3B23
   0.0000,   0.0000,   0.0000, 515.7171,1404.5486,2734.8639,Total.SURVEY_LC1_3B31
  0.00000,  0.00000,  0.00000, 91.53871,836.69681,288.67554,Total.SURVEY_LC1_3B32
  0.0000,  0.0000,  0.0000,  0.0000,199.8240,192.5445,Total.SURVEY_LC1_3B33
0.000000,0.000000,0.000000,0.000000,0.000000,8.995613,Total.SURVEY_LC1_3B36
 0.00000, 0.00000, 0.00000, 0.00000, 0.00000,17.06497,Total.SURVEY_LC1_3B42
  0.000000,  0.000000,  0.000000,  0.000000,  5.364563,131.121940,Total.SURVEY_LC1_3B43
 0.00000, 0.00000, 0.00000, 0.00000,16.45652,23.71098,Total.SURVEY_LC1_3B44
0.000000,0.000000,0.000000,0.000000,4.187336,3.909073,Total.SURVEY_LC1_3B51
  0.00000,  0.00000,  0.00000, 29.68359,411.99046,604.16517,Total.SURVEY_LC1_3B52
0.000000,0.000000,0.000000,0.000000,0.000000,5.976176,Total.SURVEY_LC1_3B53
0.000000,0.000000,0.000000,0.000000,4.789838,6.451549,Total.SURVEY_LC1_3B54
  0.00000,  0.00000,  0.00000, 13.36444,141.36411,  8.95551,Total.SURVEY_LC1_3B55
  0.00000,  0.00000,  0.00000, 18.24337, 94.13905,153.77767,Total.SURVEY_LC1_3B71
 0.00000, 0.00000, 0.00000, 0.00000,38.20894, 8.40396,Total.SURVEY_LC1_3B72
 0.00000, 0.00000, 0.00000,21.44762,53.63956,95.14732,Total.SURVEY_LC1_3B73
 0.00000, 0.00000, 0.00000,13.81721,69.04927,88.98262,Total.SURVEY_LC1_3B74
  0.00000,  0.00000,  0.00000, 39.77898,103.61864,151.88802,Total.SURVEY_LC1_3B75
  0.00000,  0.00000,  0.00000, 30.41979,290.01704,286.14907,Total.SURVEY_LC1_3B82
 0.000000, 0.000000, 0.000000, 3.710834,19.759660,15.578208,Total.SURVEY_LC1_3B83
 0.000000, 0.000000, 0.000000, 0.000000, 3.864249,12.202477,Total.SURVEY_LC1_3B84
 458.3833,3306.5192,6694.9524,   0.0000,   0.0000,   0.0000,Total.SURVEY_LC1_3Bx1
 28.71835,115.74840,369.08323,  0.00000,  0.00000,  0.00000,Total.SURVEY_LC1_3Bx2
  0.000000,  3.952836,340.706641,  0.000000,  0.000000,  0.000000,Total.SURVEY_LC1_3Bxx
    0.000,    0.000,    0.000, 2173.767,10078.538,10636.765,Total.SURVEY_LC1_3C10
 0.00000, 0.00000, 0.00000,16.10862,60.07036,39.46046,Total.SURVEY_LC1_3C21
  0.0000,  0.0000,  0.0000,136.4574,406.6960,387.7957,Total.SURVEY_LC1_3C22
 0.000000, 0.000000, 0.000000, 3.669811,20.175916, 0.000000,Total.SURVEY_LC1_3C23
0.000000,3.088408,4.241827,0.000000,0.000000,0.000000,Total.SURVEY_LC1_3C2x
 0.00000, 0.00000, 0.00000, 0.00000,11.03934, 0.00000,Total.SURVEY_LC1_3C31
  0.00000,  0.00000,  0.00000, 71.64561,645.91832,103.19966,Total.SURVEY_LC1_3C32
  0.000000,  0.000000,  0.000000,  7.582294,509.536567, 50.562433,Total.SURVEY_LC1_3C33
  0.00000,  0.00000,  0.00000, 73.10884,302.20093,520.12226,Total.SURVEY_LC1_3D10
  0.00000,  0.00000,  0.00000, 55.43054,184.53586,428.28957,Total.SURVEY_LC1_3D20
0.000000,0.000000,3.861248,0.000000,0.000000,0.000000,Total.SURVEY_LC1_3Dxx
  0.0000,  0.0000,  0.0000,112.9287,557.4469,886.7283,Total.SURVEY_LC1_3E10
   0.0000,   0.0000,   0.0000, 803.2577,3261.5761,7824.1267,Total.SURVEY_LC1_3E20
   0.0000,   0.0000,   0.0000, 324.4499,1005.4363,1363.7390,Total.SURVEY_LC1_3E30
0.000000,0.000000,0.000000,3.896254,3.913089,8.646157,Total.SURVEY_LC1_3F20
   0.0000,   0.0000,   0.0000, 140.2994,1982.6305,1951.7550,Total.SURVEY_LC1_3F40
  0.00000,  0.00000,  0.00000, 49.13173,897.44441,377.15187,Total.SURVEY_LC1_3G11
0.000000,0.000000,0.000000,0.000000,0.000000,3.934766,Total.SURVEY_LC1_3G12
  0.0000,  0.0000,  0.0000,112.7533,159.8836,213.5912,Total.SURVEY_LC1_3G21
  0.00000,  0.00000,  0.00000, 57.21595,395.08112,591.61483,Total.SURVEY_LC1_3H11
  467.1504, 3359.4172, 7266.2497, 2512.8330,16023.8991,24739.7275,Total.SURVEY_LU1_3U111
  0.00000,  0.00000,  0.00000, 49.22484,395.76787,479.27846,Total.SURVEY_LU1_3U112
 16.03878, 66.80328,134.06469, 46.84875,266.52503,168.77831,Total.SURVEY_LU1_3U113
    0.000000,    3.088408,    4.241827, 1926.422273,10410.303541, 9520.083960,Total.SURVEY_LU1_3U120
  0.000000,  0.000000,  0.000000,  8.120131,166.114481,233.029274,Total.SURVEY_LU1_3U130
 0.00000, 0.00000, 0.00000,36.90799,24.44752,52.88254,Total.SURVEY_LU1_3U140
0.000000,0.000000,0.000000,0.000000,8.380451,7.039583,Total.SURVEY_LU1_3U150
 0.00000, 0.00000, 0.00000, 0.00000,29.84596,36.20117,Total.SURVEY_LU1_3U210
 0.000000, 0.000000, 0.000000,12.590952, 8.254739, 8.030620,Total.SURVEY_LU1_3U221
 0.00000, 0.00000, 0.00000, 0.00000,20.46171, 0.00000,Total.SURVEY_LU1_3U222
 0.000000, 0.000000, 0.000000, 3.990744,11.894956, 0.000000,Total.SURVEY_LU1_3U223
 0.00000, 0.00000, 0.00000, 4.68261, 0.00000,12.80640,Total.SURVEY_LU1_3U224
 0.000000, 0.000000, 0.000000, 3.990744, 8.760468,12.416471,Total.SURVEY_LU1_3U225
 0.00000, 0.00000, 0.00000,28.31811,26.66345,12.09148,Total.SURVEY_LU1_3U226
0.000000,0.000000,0.000000,4.249436,3.948752,4.012540,Total.SURVEY_LU1_3U227
 0.00000, 0.00000, 0.00000,21.86164,74.71608,71.89817,Total.SURVEY_LU1_3U311
  0.0000,  0.0000,  0.0000,267.2928,786.4535,912.9233,Total.SURVEY_LU1_3U312
  0.00000,  0.00000,  0.00000,100.20398, 72.18985,103.12974,Total.SURVEY_LU1_3U313
 0.00000, 0.00000, 0.00000,17.10941,12.64350,12.14374,Total.SURVEY_LU1_3U314
0.000000,0.000000,0.000000,0.000000,0.000000,4.191966,Total.SURVEY_LU1_3U315
 0.00000, 0.00000, 0.00000,15.78247,35.70956,82.10358,Total.SURVEY_LU1_3U317
  0.00000,  0.00000,  0.00000,  0.00000, 30.62884,106.00695,Total.SURVEY_LU1_3U318
 0.000000, 0.000000, 0.000000, 8.180647,21.155141,27.773901,Total.SURVEY_LU1_3U319
  0.00000,  0.00000,  0.00000, 33.64262, 43.41761,102.10935,Total.SURVEY_LU1_3U321
 0.000000, 0.000000, 0.000000, 4.016893,33.011427,42.855282,Total.SURVEY_LU1_3U322
 0.00000, 0.00000, 0.00000,18.22114,36.98727,38.14450,Total.SURVEY_LU1_3U330
 0.00000, 0.00000, 0.00000,44.83137,20.58060,31.94525,Total.SURVEY_LU1_3U341
0.000000,0.000000,0.000000,3.990744,0.000000,0.000000,Total.SURVEY_LU1_3U342
  0.0000,  0.0000,  0.0000,100.9535,141.8752,101.1223,Total.SURVEY_LU1_3U350
  0.00000,  0.00000,  0.00000, 71.45312,813.10555,276.28151,Total.SURVEY_LU1_3U361
 0.00000, 0.00000, 0.00000,19.61693,56.01818,71.07942,Total.SURVEY_LU1_3U362
   0.0000,   0.0000,   0.0000, 575.3544,1205.2956,1600.5868,Total.SURVEY_LU1_3U370
 0.00000, 0.00000, 0.00000,19.03202,44.02046,12.27379,Total.SURVEY_LU1_3U411
0.000000,0.000000,0.000000,4.445951,0.000000,0.000000,Total.SURVEY_LU1_3U412
 0.00000, 0.00000, 0.00000, 0.00000,15.88890, 8.63258,Total.SURVEY_LU1_3U413
 0.00000, 0.00000, 0.00000,45.86371,46.32130,80.75107,Total.SURVEY_LU1_3U414
  3.912483,  0.000000,  4.427882, 35.773054,267.252045,462.571012,Total.SURVEY_LU1_3U415
   0.000000,   0.000000,   3.861248, 383.092400,2019.152433,2637.252109,Total.SURVEY_LU1_3U420
  487.1016, 3429.3089, 7412.8454, 5220.7364,30439.9018,38606.1838,Total.settlement0
   0.000,   0.000,   0.000,1208.162,2741.789,3465.971,Total.settlement1
  487.1016, 3426.2205, 7408.6035, 4179.7722,21329.2809,30739.7372,Total.fao_class_name0
    0.000000,    3.088408,    4.241827, 2004.696044,11138.144115, 9870.006711,Total.fao_class_name1
  0.0000,  0.0000,  0.0000,102.5649,340.6293,571.3058,Total.fao_class_name2
  0.0000,  0.0000,  0.0000,141.8653,373.6368,891.1050,Total.fao_class_name3
  487.1016, 3429.3089, 7412.8454, 5612.6983,30944.8160,39991.1393,Total.lue0
   0.0000,   0.0000,   0.0000, 816.2001,2236.8751,2081.0153,Total.lue1
  487.1016, 3429.3089, 7412.8454, 5847.8562,31900.5008,40430.4330,Total.lud0
   0.0000,   0.0000,   0.0000, 581.0422,1281.1904,1641.7217,Total.lud1
155.3884,432.4353,623.1659,154.5952,439.8177,648.7839,SE.Total.area
 0.00000, 0.00000, 0.00000,22.58889,56.88746,45.76711,SE.Total.SURVEY_LC1_1A
155.3884,432.4353,623.1646,194.5443,548.0086,697.0015,SE.Total.SURVEY_LC1_1B
  0.000000,  0.000000,  1.272775, 36.738213,182.667894,333.545957,SE.Total.SURVEY_LC1_1C
 0.00000, 0.00000, 0.00000,28.98908,27.19792,91.22805,SE.Total.SURVEY_LC1_1D
  0.0000,  0.0000,  0.0000,138.8913,235.4603,401.1440,SE.Total.SURVEY_LC1_1E
  0.00000,  0.00000,  0.00000, 81.16046,394.06119,372.80659,SE.Total.SURVEY_LC1_1F
 0.000000, 0.000000, 0.000000, 0.000000,21.883992, 9.758849,SE.Total.SURVEY_LC1_1G
 0.00000, 0.00000, 0.00000,11.03183,24.98620,40.95072,SE.Total.SURVEY_LC1_1H
155.3884,432.4353,623.1659,164.9947,478.4562,712.6337,SE.Total.SURVEY_LU1_1U1
 0.00000, 0.00000, 0.00000,17.66601,18.88928,10.96387,SE.Total.SURVEY_LU1_1U2
  0.00000,  0.00000,  0.00000, 47.95174, 81.76732,292.44480,SE.Total.SURVEY_LU1_1U3
  0.00000,  0.00000,  0.00000, 49.93137,184.49497,179.61707,SE.Total.SURVEY_LU1_1U4
 0.00000, 0.00000, 0.00000,31.31758,43.57576,58.55884,SE.Total.SURVEY_LC1_2A1
 0.00000, 0.00000, 0.00000,32.49628,60.69922,58.37809,SE.Total.SURVEY_LC1_2A2
 0.000000, 0.000000, 0.000000, 2.619369, 9.860885,11.672583,SE.Total.SURVEY_LC1_2A3
  0.0000,  0.0000,  0.0000,199.5152,606.3948,703.2682,SE.Total.SURVEY_LC1_2B1
  0.0000,  0.0000,  0.0000,  0.0000,  0.0000,100.9269,SE.Total.SURVEY_LC1_2B2
  0.0000,  0.0000,  0.0000,187.6759,463.5541,490.2816,SE.Total.SURVEY_LC1_2B3
  0.000000,  0.000000,  0.000000,  0.000000,  3.181043,101.972631,SE.Total.SURVEY_LC1_2B4
  0.000000,  0.000000,  0.000000,  3.039434,229.548718,190.036014,SE.Total.SURVEY_LC1_2B5
 0.000000, 0.000000, 0.000000, 4.889098,25.748957,44.621686,SE.Total.SURVEY_LC1_2B7
 0.0000, 0.0000, 0.0000, 0.0000,18.5784,42.1304,SE.Total.SURVEY_LC1_2B8
155.3884,432.4353,623.1646,  0.0000,  0.0000,  0.0000,SE.Total.SURVEY_LC1_2Bx
  0.0000,  0.0000,  0.0000,103.2027,459.3718,336.8339,SE.Total.SURVEY_LC1_2C1
  0.000000,  0.000000,  1.272775, 84.244768,236.797359, 46.883335,SE.Total.SURVEY_LC1_2C2
  0.00000,  0.00000,  0.00000, 38.25827,374.85216, 33.12182,SE.Total.SURVEY_LC1_2C3
 0.00000, 0.00000, 0.00000,28.84662,19.55438,77.75484,SE.Total.SURVEY_LC1_2D1
 0.000000, 0.000000, 0.000000, 2.870389,19.079406,47.717106,SE.Total.SURVEY_LC1_2D2
0,0,0,0,0,0,SE.Total.SURVEY_LC1_2Dx
 0.00000, 0.00000, 0.00000,14.72969,52.88036,80.16779,SE.Total.SURVEY_LC1_2E1
  0.00000,  0.00000,  0.00000, 89.08521,159.94253,351.81509,SE.Total.SURVEY_LC1_2E2
  0.0000,  0.0000,  0.0000,114.3438,185.5555,217.8440,SE.Total.SURVEY_LC1_2E3
0,0,0,0,0,0,SE.Total.SURVEY_LC1_2F2
  0.00000,  0.00000,  0.00000, 81.16046,394.06119,372.80659,SE.Total.SURVEY_LC1_2F4
0.000000,0.000000,0.000000,8.226804,6.906796,8.324173,SE.Total.SURVEY_LC1_2G1
 0.000000, 0.000000, 0.000000, 8.226804,22.947362, 9.754156,SE.Total.SURVEY_LC1_2G2
 0.00000, 0.00000, 0.00000,11.03183,24.98620,40.95072,SE.Total.SURVEY_LC1_2H1
155.3884,432.4353,623.1646,156.9779,439.5684,673.4146,SE.Total.SURVEY_LU1_2U11
  0.000000,  0.000000,  1.272775, 54.457938,197.523199,391.011839,SE.Total.SURVEY_LU1_2U12
 0.000000, 0.000000, 0.000000, 0.000000, 3.906374,13.904668,SE.Total.SURVEY_LU1_2U13
0.000000,0.000000,0.000000,8.226804,0.000000,0.000000,SE.Total.SURVEY_LU1_2U14
0,0,0,0,0,0,SE.Total.SURVEY_LU1_2U15
 0.000000, 0.000000, 0.000000, 0.000000, 9.969593,10.963872,SE.Total.SURVEY_LU1_2U21
 0.00000, 0.00000, 0.00000,17.66601,16.04407, 0.00000,SE.Total.SURVEY_LU1_2U22
 0.00000, 0.00000, 0.00000,34.64469,56.41985,62.58697,SE.Total.SURVEY_LU1_2U31
 0.00000, 0.00000, 0.00000,11.40419,23.69166,32.08853,SE.Total.SURVEY_LU1_2U32
 0.000000, 0.000000, 0.000000, 3.000786, 5.204441,20.013633,SE.Total.SURVEY_LU1_2U33
 0.000000, 0.000000, 0.000000,18.615285, 5.683722, 0.000000,SE.Total.SURVEY_LU1_2U34
 0.00000, 0.00000, 0.00000,31.32682, 7.70980,25.26358,SE.Total.SURVEY_LU1_2U35
 0.00000, 0.00000, 0.00000,13.37063,36.80311,45.14682,SE.Total.SURVEY_LU1_2U36
  0.00000,  0.00000,  0.00000, 36.51981, 70.47662,293.93271,SE.Total.SURVEY_LU1_2U37
  0.00000,  0.00000,  0.00000, 16.73618, 51.86990,101.74289,SE.Total.SURVEY_LU1_2U41
  0.00000,  0.00000,  0.00000, 47.84799,177.27654,152.00507,SE.Total.SURVEY_LU1_2U42
 0.00000, 0.00000, 0.00000,31.31758,42.93336,56.08032,SE.Total.SURVEY_LC1_3A11
 0.00000, 0.00000, 0.00000, 0.00000,15.33336,23.51612,SE.Total.SURVEY_LC1_3A12
0.000000,0.000000,0.000000,0.000000,0.000000,3.777451,SE.Total.SURVEY_LC1_3A13
 0.00000, 0.00000, 0.00000,27.95398,42.87978,39.43332,SE.Total.SURVEY_LC1_3A21
 0.00000, 0.00000, 0.00000,21.60777,48.85088,55.75240,SE.Total.SURVEY_LC1_3A22
 0.000000, 0.000000, 0.000000, 2.619369, 9.860885,11.672583,SE.Total.SURVEY_LC1_3A30
  0.0000,  0.0000,  0.0000,138.2042,487.4796,514.4014,SE.Total.SURVEY_LC1_3B11
 0.00000, 0.00000, 0.00000, 0.00000,52.36229,62.41856,SE.Total.SURVEY_LC1_3B12
  0.00000,  0.00000,  0.00000, 81.88094,312.87594,268.51761,SE.Total.SURVEY_LC1_3B13
 0.000000, 0.000000, 0.000000, 0.000000, 2.347384,89.880477,SE.Total.SURVEY_LC1_3B14
  0.0000,  0.0000,  0.0000,  0.0000,140.8714,100.1231,SE.Total.SURVEY_LC1_3B15
  0.0000,  0.0000,  0.0000,166.0955,509.3703,588.9369,SE.Total.SURVEY_LC1_3B16
0,0,0,0,0,0,SE.Total.SURVEY_LC1_3B17
  0.0000,  0.0000,  0.0000,  0.0000,  0.0000,100.1231,SE.Total.SURVEY_LC1_3B18
  0.000000,  0.000000,  0.000000,  0.000000,130.288350,  3.622249,SE.Total.SURVEY_LC1_3B19
  0.0000,  0.0000,  0.0000,  0.0000,  0.0000,100.9269,SE.Total.SURVEY_LC1_3B21
0,0,0,0,0,0,SE.Total.SURVEY_LC1_3B22
0,0,0,0,0,0,SE.Total.SURVEY_LC1_3B23
  0.0000,  0.0000,  0.0000,179.0220,365.4636,456.6384,SE.Total.SURVEY_LC1_3B31
  0.00000,  0.00000,  0.00000, 81.85393,283.91373,173.85396,SE.Total.SURVEY_LC1_3B32
  0.0000,  0.0000,  0.0000,  0.0000,140.4327,106.9135,SE.Total.SURVEY_LC1_3B33
0.0000,0.0000,0.0000,0.0000,0.0000,6.7317,SE.Total.SURVEY_LC1_3B36
0.000000,0.000000,0.000000,0.000000,0.000000,8.985974,SE.Total.SURVEY_LC1_3B42
  0.000000,  0.000000,  0.000000,  0.000000,  2.751963,101.258127,SE.Total.SURVEY_LC1_3B43
0.000000,0.000000,0.000000,0.000000,1.595537,8.028784,SE.Total.SURVEY_LC1_3B44
0,0,0,0,0,0,SE.Total.SURVEY_LC1_3B51
  0.000000,  0.000000,  0.000000,  2.094281,189.595533,189.962513,SE.Total.SURVEY_LC1_3B52
0.000000,0.000000,0.000000,0.000000,0.000000,3.450347,SE.Total.SURVEY_LC1_3B53
0.000000,0.000000,0.000000,0.000000,1.768765,3.832791,SE.Total.SURVEY_LC1_3B54
  0.000000,  0.000000,  0.000000,  2.384185,129.397525,  1.162932,SE.Total.SURVEY_LC1_3B55
 0.000000, 0.000000, 0.000000, 2.754751,15.678072,34.138280,SE.Total.SURVEY_LC1_3B71
0.000000,0.000000,0.000000,0.000000,8.455511,0.000000,SE.Total.SURVEY_LC1_3B72
 0.000000, 0.000000, 0.000000, 1.930816,14.362753,19.049076,SE.Total.SURVEY_LC1_3B73
 0.000000, 0.000000, 0.000000, 2.366369, 5.992788,24.497402,SE.Total.SURVEY_LC1_3B74
 0.000000, 0.000000, 0.000000, 3.847174,11.606877,24.103684,SE.Total.SURVEY_LC1_3B75
 0.00000, 0.00000, 0.00000, 0.00000,18.46673,40.35255,SE.Total.SURVEY_LC1_3B82
0.000000,0.000000,0.000000,0.000000,2.882637,8.235016,SE.Total.SURVEY_LC1_3B83
0.000000,0.000000,0.000000,0.000000,0.000000,9.897516,SE.Total.SURVEY_LC1_3B84
155.3630,432.2083,611.0724,  0.0000,  0.0000,  0.0000,SE.Total.SURVEY_LC1_3Bx1
 3.183966,14.933135,49.579704, 0.000000, 0.000000, 0.000000,SE.Total.SURVEY_LC1_3Bx2
  0.0000,  0.0000,165.7695,  0.0000,  0.0000,  0.0000,SE.Total.SURVEY_LC1_3Bxx
  0.0000,  0.0000,  0.0000,103.2027,459.3718,336.8339,SE.Total.SURVEY_LC1_3C10
 0.00000, 0.00000, 0.00000,13.40318,26.87583,14.23281,SE.Total.SURVEY_LC1_3C21
  0.00000,  0.00000,  0.00000, 83.17172,235.24249, 45.44045,SE.Total.SURVEY_LC1_3C22
0.000000,0.000000,0.000000,0.000000,3.596145,0.000000,SE.Total.SURVEY_LC1_3C23
0.000000,0.000000,1.272775,0.000000,0.000000,0.000000,SE.Total.SURVEY_LC1_3C2x
0.000000,0.000000,0.000000,0.000000,8.697218,0.000000,SE.Total.SURVEY_LC1_3C31
  0.00000,  0.00000,  0.00000, 38.25827,289.64914, 26.26918,SE.Total.SURVEY_LC1_3C32
  0.00000,  0.00000,  0.00000,  0.00000,266.66037, 20.17387,SE.Total.SURVEY_LC1_3C33
 0.00000, 0.00000, 0.00000,28.84662,19.55438,77.75484,SE.Total.SURVEY_LC1_3D10
 0.000000, 0.000000, 0.000000, 2.870389,19.079406,47.717106,SE.Total.SURVEY_LC1_3D20
0,0,0,0,0,0,SE.Total.SURVEY_LC1_3Dxx
 0.00000, 0.00000, 0.00000,14.72969,52.88036,80.16779,SE.Total.SURVEY_LC1_3E10
  0.00000,  0.00000,  0.00000, 89.08521,159.94253,351.81509,SE.Total.SURVEY_LC1_3E20
  0.0000,  0.0000,  0.0000,114.3438,185.5555,217.8440,SE.Total.SURVEY_LC1_3E30
0,0,0,0,0,0,SE.Total.SURVEY_LC1_3F20
  0.00000,  0.00000,  0.00000, 81.16046,394.06119,372.80659,SE.Total.SURVEY_LC1_3F40
0.000000,0.000000,0.000000,8.226804,6.906796,8.324173,SE.Total.SURVEY_LC1_3G11
0,0,0,0,0,0,SE.Total.SURVEY_LC1_3G12
 0.000000, 0.000000, 0.000000, 8.226804,22.947362, 9.754156,SE.Total.SURVEY_LC1_3G21
 0.00000, 0.00000, 0.00000,11.03183,24.98620,40.95072,SE.Total.SURVEY_LC1_3H11
155.3884,432.3830,622.8219,156.9946,442.5603,675.5378,SE.Total.SURVEY_LU1_3U111
  0.000000,  0.000000,  0.000000,  2.085114,107.373756, 87.090852,SE.Total.SURVEY_LU1_3U112
 0.000000, 9.131035,22.930341, 2.366369,25.752792,16.923193,SE.Total.SURVEY_LU1_3U113
  0.000000,  0.000000,  1.272775, 54.457938,197.523199,391.011839,SE.Total.SURVEY_LU1_3U120
 0.000000, 0.000000, 0.000000, 0.000000, 3.906374,13.904668,SE.Total.SURVEY_LU1_3U130
0.000000,0.000000,0.000000,8.226804,0.000000,0.000000,SE.Total.SURVEY_LU1_3U140
0,0,0,0,0,0,SE.Total.SURVEY_LU1_3U150
 0.000000, 0.000000, 0.000000, 0.000000, 9.969593,10.963872,SE.Total.SURVEY_LU1_3U210
0.000000,0.000000,0.000000,2.229429,1.251457,0.000000,SE.Total.SURVEY_LU1_3U221
 0.0000, 0.0000, 0.0000, 0.0000,14.4039, 0.0000,SE.Total.SURVEY_LU1_3U222
0,0,0,0,0,0,SE.Total.SURVEY_LU1_3U223
0,0,0,0,0,0,SE.Total.SURVEY_LU1_3U224
0.000000,0.000000,0.000000,0.000000,1.917546,0.000000,SE.Total.SURVEY_LU1_3U225
 0.00000, 0.00000, 0.00000,17.55311, 6.74034, 0.00000,SE.Total.SURVEY_LU1_3U226
0,0,0,0,0,0,SE.Total.SURVEY_LU1_3U227
 0.000000, 0.000000, 0.000000, 2.229429,16.657892,18.018711,SE.Total.SURVEY_LU1_3U311
 0.00000, 0.00000, 0.00000,33.25579,51.65233,61.50915,SE.Total.SURVEY_LU1_3U312
0.000000,0.000000,0.000000,9.499495,7.145429,6.196330,SE.Total.SURVEY_LU1_3U313
0.000000,0.000000,0.000000,2.229429,1.232303,0.000000,SE.Total.SURVEY_LU1_3U314
0.000000,0.000000,0.000000,0.000000,0.000000,1.088981,SE.Total.SURVEY_LU1_3U315
 0.000000, 0.000000, 0.000000, 0.000000, 6.951282,23.461156,SE.Total.SURVEY_LU1_3U317
 0.00000, 0.00000, 0.00000, 0.00000,16.38515,13.50115,SE.Total.SURVEY_LU1_3U318
0.000000,0.000000,0.000000,1.232113,1.941028,2.783021,SE.Total.SURVEY_LU1_3U319
 0.00000, 0.00000, 0.00000,11.40419, 8.69363,24.78115,SE.Total.SURVEY_LU1_3U321
 0.00000, 0.00000, 0.00000, 0.00000,22.03896,20.38550,SE.Total.SURVEY_LU1_3U322
 0.000000, 0.000000, 0.000000, 3.000786, 5.204441,20.013633,SE.Total.SURVEY_LU1_3U330
 0.000000, 0.000000, 0.000000,18.615285, 5.683722, 0.000000,SE.Total.SURVEY_LU1_3U341
0,0,0,0,0,0,SE.Total.SURVEY_LU1_3U342
 0.00000, 0.00000, 0.00000,31.32682, 7.70980,25.26358,SE.Total.SURVEY_LU1_3U350
 0.00000, 0.00000, 0.00000,13.37063,33.79937,43.40185,SE.Total.SURVEY_LU1_3U361
 0.00000, 0.00000, 0.00000, 0.00000,14.56266,14.19028,SE.Total.SURVEY_LU1_3U362
  0.00000,  0.00000,  0.00000, 36.51981, 70.47662,293.93271,SE.Total.SURVEY_LU1_3U370
 0.00000, 0.00000, 0.00000,11.79046,23.58181, 0.00000,SE.Total.SURVEY_LU1_3U411
0,0,0,0,0,0,SE.Total.SURVEY_LU1_3U412
0.000000,0.000000,0.000000,0.000000,5.543102,0.000000,SE.Total.SURVEY_LU1_3U413
 0.000000, 0.000000, 0.000000,11.877909, 4.447006,27.306798,SE.Total.SURVEY_LU1_3U414
 0.00000, 0.00000, 0.00000, 0.00000,46.82919,98.00997,SE.Total.SURVEY_LU1_3U415
  0.00000,  0.00000,  0.00000, 47.84799,177.27654,152.00507,SE.Total.SURVEY_LU1_3U420
155.3884,432.4353,623.1659,159.8066,445.9350,697.3975,SE.Total.settlement0
  0.00000,  0.00000,  0.00000, 42.25728, 76.31183,290.91218,SE.Total.settlement1
155.3884,432.4353,623.1646,160.1351,437.7025,664.4355,SE.Total.fao_class_name0
  0.000000,  0.000000,  1.272775, 49.777260,115.331276,392.339215,SE.Total.fao_class_name1
 0.00000, 0.00000, 0.00000,33.25659,39.04032,75.66267,SE.Total.fao_class_name2
  0.00000,  0.00000,  0.00000, 14.12927, 37.75648,283.94393,SE.Total.fao_class_name3
155.3884,432.4353,623.1659,161.3416,445.4749,699.2960,SE.Total.lue0
  0.00000,  0.00000,  0.00000, 48.19993, 74.49714,294.93439,SE.Total.lue1
155.3884,432.4353,623.1659,159.2077,444.3462,651.6965,SE.Total.lud0
 0.00000, 0.00000, 0.00000,37.78115,62.82455,63.74276,SE.Total.lud1
  182.5459, 2581.7513, 6191.4627, 6125.8974,32319.6644,40800.5616,CI.l(95%).Total.area
   0.0000,   0.0000,   0.0000, 592.2787,1242.8996,1637.7010,CI.l(95%).Total.SURVEY_LC1_1A
  182.5459, 2578.6629, 6183.3621, 1269.3433,10271.0936,13591.1710,CI.l(95%).Total.SURVEY_LC1_1B
    0.000000,    3.088408,    1.747233, 2337.225384,11373.952036,10564.045142,CI.l(95%).Total.SURVEY_LC1_1C
  0.000000,  0.000000,  3.861248, 71.721834,433.429848,769.608146,CI.l(95%).Total.SURVEY_LC1_1D
   0.0000,   0.0000,   0.0000, 968.4144,4362.9656,9288.3662,CI.l(95%).Total.SURVEY_LC1_1E
   0.00000,   0.00000,   0.00000, -14.87593,1214.19790,1229.71369,CI.l(95%).Total.SURVEY_LC1_1F
   0.0000,   0.0000,   0.0000, 161.8850,1014.4362, 575.5509,CI.l(95%).Total.SURVEY_LC1_1G
  0.00000,  0.00000,  0.00000, 35.59397,346.10907,511.35289,CI.l(95%).Total.SURVEY_LC1_1H
  178.6334, 2581.7513, 6183.1735, 4256.9733,26357.6810,33804.0833,CI.l(95%).Total.SURVEY_LU1_1U1
 0.00000, 0.00000, 0.00000,23.19786,72.80773,64.06989,CI.l(95%).Total.SURVEY_LU1_1U2
   0.000,   0.000,   0.000,1208.528,3223.527,3011.114,CI.l(95%).Total.SURVEY_LU1_1U3
   3.912483,   0.000000,   8.289130, 390.343447,2031.031640,2849.437568,CI.l(95%).Total.SURVEY_LU1_1U4
  0.0000,  0.0000,  0.0000,217.2681,316.7486,401.6292,CI.l(95%).Total.SURVEY_LC1_2A1
   0.0000,   0.0000,   0.0000, 284.6402, 774.9256,1012.8682,CI.l(95%).Total.SURVEY_LC1_2A2
 0.000000, 0.000000, 0.000000, 4.437098,39.020496,60.835517,CI.l(95%).Total.SURVEY_LC1_2A3
   0.0000,   0.0000,   0.0000, 481.8789,6450.4858,8611.2366,CI.l(95%).Total.SURVEY_LC1_2B1
  0.000000,  0.000000,  0.000000,  0.000000,  8.654465,-68.725349,CI.l(95%).Total.SURVEY_LC1_2B2
   0.0000,   0.0000,   0.0000, 239.4177,1532.5200,2264.1453,CI.l(95%).Total.SURVEY_LC1_2B3
  0.00000,  0.00000,  0.00000,  0.00000, 15.58635,-27.96479,CI.l(95%).Total.SURVEY_LC1_2B4
  0.00000,  0.00000,  0.00000, 37.09085,112.42452,256.99374,CI.l(95%).Total.SURVEY_LC1_2B5
  0.00000,  0.00000,  0.00000, 83.70473,308.18843,410.74269,CI.l(95%).Total.SURVEY_LC1_2B7
  0.00000,  0.00000,  0.00000, 34.13062,277.22795,231.35569,CI.l(95%).Total.SURVEY_LC1_2B8
 182.5459,2578.6629,6183.3621,   0.0000,   0.0000,   0.0000,CI.l(95%).Total.SURVEY_LC1_2Bx
   0.000,   0.000,   0.000,1971.494,9178.186,9976.583,CI.l(95%).Total.SURVEY_LC1_2C1
  0.000000,  3.088408,  1.747233, -8.880867, 22.827959,335.366501,CI.l(95%).Total.SURVEY_LC1_2C2
  0.000000,  0.000000,  0.000000,  4.243071,431.797494, 88.844523,CI.l(95%).Total.SURVEY_LC1_2C3
  0.0000,  0.0000,  0.0000, 16.5705,263.8750,367.7256,CI.l(95%).Total.SURVEY_LC1_2D1
  0.00000,  0.00000,  0.00000, 49.80468,147.14091,334.76576,CI.l(95%).Total.SURVEY_LC1_2D2
0.000000,0.000000,3.861248,0.000000,0.000000,0.000000,CI.l(95%).Total.SURVEY_LC1_2Dx
  0.00000,  0.00000,  0.00000, 84.05904,453.80333,729.60235,CI.l(95%).Total.SURVEY_LC1_2E1
   0.0000,   0.0000,   0.0000, 628.6539,2948.0945,7134.5818,CI.l(95%).Total.SURVEY_LC1_2E2
  0.0000,  0.0000,  0.0000,100.3401,641.7542,936.7726,CI.l(95%).Total.SURVEY_LC1_2E3
0.000000,0.000000,0.000000,3.896254,3.913089,8.646157,CI.l(95%).Total.SURVEY_LC1_2F2
   0.00000,   0.00000,   0.00000, -18.77218,1210.28481,1221.06753,CI.l(95%).Total.SURVEY_LC1_2F4
  0.00000,  0.00000,  0.00000, 33.00749,883.90734,364.77156,CI.l(95%).Total.SURVEY_LC1_2G1
  0.00000,  0.00000,  0.00000, 96.62903,114.90761,194.47342,CI.l(95%).Total.SURVEY_LC1_2G2
  0.00000,  0.00000,  0.00000, 35.59397,346.10907,511.35289,CI.l(95%).Total.SURVEY_LC1_2H1
  178.6334, 2578.6629, 6178.9342, 2301.2356,15824.6538,24067.9159,CI.l(95%).Total.SURVEY_LU1_2U11
    0.000000,    3.088408,    1.747233, 1819.686677,10023.165185, 8753.714837,CI.l(95%).Total.SURVEY_LU1_2U12
  0.000000,  0.000000,  0.000000,  8.120131,158.458129,205.776626,CI.l(95%).Total.SURVEY_LU1_2U13
 0.00000, 0.00000, 0.00000,20.78375,24.44752,52.88254,CI.l(95%).Total.SURVEY_LU1_2U14
0.000000,0.000000,0.000000,0.000000,8.380451,7.039583,CI.l(95%).Total.SURVEY_LU1_2U15
 0.00000, 0.00000, 0.00000, 0.00000,10.30592,14.71238,CI.l(95%).Total.SURVEY_LU1_2U21
 0.00000, 0.00000, 0.00000,23.19786,48.53828,49.35751,CI.l(95%).Total.SURVEY_LU1_2U22
   0.0000,   0.0000,   0.0000, 362.5286, 922.9156,1197.5031,CI.l(95%).Total.SURVEY_LU1_2U31
 0.00000, 0.00000, 0.00000,15.30772,29.99423,82.07227,CI.l(95%).Total.SURVEY_LU1_2U32
 0.00000, 0.00000, 0.00000,12.33971,26.78675,-1.08150,CI.l(95%).Total.SURVEY_LU1_2U33
 0.000000, 0.000000, 0.000000,12.336828, 9.440713,31.945252,CI.l(95%).Total.SURVEY_LU1_2U34
  0.00000,  0.00000,  0.00000, 39.55408,126.76429, 51.60663,CI.l(95%).Total.SURVEY_LU1_2U35
  0.00000,  0.00000,  0.00000, 64.86409,796.99097,258.87478,CI.l(95%).Total.SURVEY_LU1_2U36
   0.0000,   0.0000,   0.0000, 503.7769,1067.1639,1024.4893,CI.l(95%).Total.SURVEY_LU1_2U37
  3.912483,  0.000000,  4.427882, 72.312434,271.819579,364.816047,CI.l(95%).Total.SURVEY_LU1_2U41
   0.000000,   0.000000,   3.861248, 289.312068,1671.696799,2339.327647,CI.l(95%).Total.SURVEY_LU1_2U42
  0.0000,  0.0000,  0.0000,205.9158,292.0221,361.8290,CI.l(95%).Total.SURVEY_LC1_3A11
  0.000000,  0.000000,  0.000000, 11.352275, -4.067201,-16.082203,CI.l(95%).Total.SURVEY_LC1_3A12
0.000000,0.000000,0.000000,0.000000,0.000000,7.245772,CI.l(95%).Total.SURVEY_LC1_3A13
  0.0000,  0.0000,  0.0000,115.2604,209.7682,175.0578,CI.l(95%).Total.SURVEY_LC1_3A21
  0.0000,  0.0000,  0.0000,135.9321,504.3370,765.6688,CI.l(95%).Total.SURVEY_LC1_3A22
 0.000000, 0.000000, 0.000000, 4.437098,39.020496,60.835517,CI.l(95%).Total.SURVEY_LC1_3A30
   0.00000,   0.00000,   0.00000,  37.93377,1946.46802,2553.14829,CI.l(95%).Total.SURVEY_LC1_3B11
  0.00000,  0.00000,  0.00000,  0.00000,-39.79733,-57.89573,CI.l(95%).Total.SURVEY_LC1_3B12
  0.00000,  0.00000,  0.00000,-59.69792,439.15984,275.59656,CI.l(95%).Total.SURVEY_LC1_3B13
  0.000000,  0.000000,  0.000000,  3.929684, 12.284965,-36.034963,CI.l(95%).Total.SURVEY_LC1_3B14
  0.00000,  0.00000,  0.00000,  0.00000,-70.13857,-86.20835,CI.l(95%).Total.SURVEY_LC1_3B15
   0.0000,   0.0000,   0.0000, 129.9097,2260.5798,4041.2083,CI.l(95%).Total.SURVEY_LC1_3B16
0.000000,0.000000,0.000000,0.000000,0.000000,3.942056,CI.l(95%).Total.SURVEY_LC1_3B17
  0.00000,  0.00000,  0.00000,  0.00000,  0.00000,-94.12413,CI.l(95%).Total.SURVEY_LC1_3B18
   0.000000,   0.000000,   0.000000,   3.945914,-115.266720,   3.121207,CI.l(95%).Total.SURVEY_LC1_3B19
  0.00000,  0.00000,  0.00000,  0.00000,  0.00000,-72.63442,CI.l(95%).Total.SURVEY_LC1_3B21
0.00000,0.00000,0.00000,0.00000,4.20967,0.00000,CI.l(95%).Total.SURVEY_LC1_3B22
0.000000,0.000000,0.000000,0.000000,4.444795,3.909073,CI.l(95%).Total.SURVEY_LC1_3B23
   0.0000,   0.0000,   0.0000, 164.8403, 688.2531,1839.8691,CI.l(95%).Total.SURVEY_LC1_3B31
  0.00000,  0.00000,  0.00000,-68.89206,280.23612,-52.07195,CI.l(95%).Total.SURVEY_LC1_3B32
  0.00000,  0.00000,  0.00000,  0.00000,-75.41907,-17.00204,CI.l(95%).Total.SURVEY_LC1_3B33
 0.000000, 0.000000, 0.000000, 0.000000, 0.000000,-4.198277,CI.l(95%).Total.SURVEY_LC1_3B36
 0.0000000, 0.0000000, 0.0000000, 0.0000000, 0.0000000,-0.5472138,CI.l(95%).Total.SURVEY_LC1_3B42
  0.00000000,  0.00000000,  0.00000000,  0.00000000, -0.02918488,-67.34034235,CI.l(95%).Total.SURVEY_LC1_3B43
 0.000000, 0.000000, 0.000000, 0.000000,13.329322, 7.974853,CI.l(95%).Total.SURVEY_LC1_3B44
0.000000,0.000000,0.000000,0.000000,4.187336,3.909073,CI.l(95%).Total.SURVEY_LC1_3B51
  0.00000,  0.00000,  0.00000, 25.57888, 40.39004,231.84549,CI.l(95%).Total.SURVEY_LC1_3B52
 0.0000000, 0.0000000, 0.0000000, 0.0000000, 0.0000000,-0.7863795,CI.l(95%).Total.SURVEY_LC1_3B53
 0.000000, 0.000000, 0.000000, 0.000000, 1.323123,-1.060584,CI.l(95%).Total.SURVEY_LC1_3B54
   0.000000,   0.000000,   0.000000,   8.691520,-112.250377,   6.676206,CI.l(95%).Total.SURVEY_LC1_3B55
 0.00000, 0.00000, 0.00000,12.84416,63.41060,86.86787,CI.l(95%).Total.SURVEY_LC1_3B71
 0.00000, 0.00000, 0.00000, 0.00000,21.63644, 8.40396,CI.l(95%).Total.SURVEY_LC1_3B72
 0.00000, 0.00000, 0.00000,17.66329,25.48908,57.81182,CI.l(95%).Total.SURVEY_LC1_3B73
 0.000000, 0.000000, 0.000000, 9.179208,57.303616,40.968592,CI.l(95%).Total.SURVEY_LC1_3B74
  0.00000,  0.00000,  0.00000, 32.23866, 80.86957,104.64567,CI.l(95%).Total.SURVEY_LC1_3B75
  0.00000,  0.00000,  0.00000, 30.41979,253.82291,207.05952,CI.l(95%).Total.SURVEY_LC1_3B82
 0.0000000, 0.0000000, 0.0000000, 3.7108344,14.1097957,-0.5621269,CI.l(95%).Total.SURVEY_LC1_3B83
 0.000000, 0.000000, 0.000000, 0.000000, 3.864249,-7.196298,CI.l(95%).Total.SURVEY_LC1_3B84
 153.8773,2459.4065,5497.2725,   0.0000,   0.0000,   0.0000,CI.l(95%).Total.SURVEY_LC1_3Bx1
 22.47789, 86.47999,271.90879,  0.00000,  0.00000,  0.00000,CI.l(95%).Total.SURVEY_LC1_3Bx2
 0.000000, 3.952836,15.804430, 0.000000, 0.000000, 0.000000,CI.l(95%).Total.SURVEY_LC1_3Bxx
   0.000,   0.000,   0.000,1971.494,9178.186,9976.583,CI.l(95%).Total.SURVEY_LC1_3C10
  0.000000,  0.000000,  0.000000,-10.161135,  7.394712, 11.564666,CI.l(95%).Total.SURVEY_LC1_3C21
  0.00000,  0.00000,  0.00000,-26.55617,-54.37084,298.73404,CI.l(95%).Total.SURVEY_LC1_3C22
 0.000000, 0.000000, 0.000000, 3.669811,13.127601, 0.000000,CI.l(95%).Total.SURVEY_LC1_3C23
0.000000,3.088408,1.747233,0.000000,0.000000,0.000000,CI.l(95%).Total.SURVEY_LC1_3C2x
 0.000000, 0.000000, 0.000000, 0.000000,-6.006894, 0.000000,CI.l(95%).Total.SURVEY_LC1_3C31
 0.000000, 0.000000, 0.000000,-3.339223,78.216435,51.713018,CI.l(95%).Total.SURVEY_LC1_3C32
  0.000000,  0.000000,  0.000000,  7.582294,-13.108158, 11.022369,CI.l(95%).Total.SURVEY_LC1_3C33
  0.0000,  0.0000,  0.0000, 16.5705,263.8750,367.7256,CI.l(95%).Total.SURVEY_LC1_3D10
  0.00000,  0.00000,  0.00000, 49.80468,147.14091,334.76576,CI.l(95%).Total.SURVEY_LC1_3D20
0.000000,0.000000,3.861248,0.000000,0.000000,0.000000,CI.l(95%).Total.SURVEY_LC1_3Dxx
  0.00000,  0.00000,  0.00000, 84.05904,453.80333,729.60235,CI.l(95%).Total.SURVEY_LC1_3E10
   0.0000,   0.0000,   0.0000, 628.6539,2948.0945,7134.5818,CI.l(95%).Total.SURVEY_LC1_3E20
  0.0000,  0.0000,  0.0000,100.3401,641.7542,936.7726,CI.l(95%).Total.SURVEY_LC1_3E30
0.000000,0.000000,0.000000,3.896254,3.913089,8.646157,CI.l(95%).Total.SURVEY_LC1_3F20
   0.00000,   0.00000,   0.00000, -18.77218,1210.28481,1221.06753,CI.l(95%).Total.SURVEY_LC1_3F40
  0.00000,  0.00000,  0.00000, 33.00749,883.90734,360.83679,CI.l(95%).Total.SURVEY_LC1_3G11
0.000000,0.000000,0.000000,0.000000,0.000000,3.934766,CI.l(95%).Total.SURVEY_LC1_3G12
  0.00000,  0.00000,  0.00000, 96.62903,114.90761,194.47342,CI.l(95%).Total.SURVEY_LC1_3G21
  0.00000,  0.00000,  0.00000, 35.59397,346.10907,511.35289,CI.l(95%).Total.SURVEY_LC1_3H11
  162.5947, 2511.9620, 6045.5412, 2205.1293,15156.4970,23415.6978,CI.l(95%).Total.SURVEY_LU1_3U111
  0.00000,  0.00000,  0.00000, 45.13809,185.31917,308.58352,CI.l(95%).Total.SURVEY_LU1_3U112
 16.03878, 48.90678, 89.12204, 42.21075,216.05048,135.60946,CI.l(95%).Total.SURVEY_LU1_3U113
    0.000000,    3.088408,    1.747233, 1819.686677,10023.165185, 8753.714837,CI.l(95%).Total.SURVEY_LU1_3U120
  0.000000,  0.000000,  0.000000,  8.120131,158.458129,205.776626,CI.l(95%).Total.SURVEY_LU1_3U130
 0.00000, 0.00000, 0.00000,20.78375,24.44752,52.88254,CI.l(95%).Total.SURVEY_LU1_3U140
0.000000,0.000000,0.000000,0.000000,8.380451,7.039583,CI.l(95%).Total.SURVEY_LU1_3U150
 0.00000, 0.00000, 0.00000, 0.00000,10.30592,14.71238,CI.l(95%).Total.SURVEY_LU1_3U210
0.000000,0.000000,0.000000,8.221352,5.801929,8.030620,CI.l(95%).Total.SURVEY_LU1_3U221
 0.000000, 0.000000, 0.000000, 0.000000,-7.769411, 0.000000,CI.l(95%).Total.SURVEY_LU1_3U222
 0.000000, 0.000000, 0.000000, 3.990744,11.894956, 0.000000,CI.l(95%).Total.SURVEY_LU1_3U223
 0.00000, 0.00000, 0.00000, 4.68261, 0.00000,12.80640,CI.l(95%).Total.SURVEY_LU1_3U224
 0.000000, 0.000000, 0.000000, 3.990744, 5.002147,12.416471,CI.l(95%).Total.SURVEY_LU1_3U225
 0.000000, 0.000000, 0.000000,-6.085344,13.452628,12.091477,CI.l(95%).Total.SURVEY_LU1_3U226
0.000000,0.000000,0.000000,4.249436,3.948752,4.012540,CI.l(95%).Total.SURVEY_LU1_3U227
 0.00000, 0.00000, 0.00000,17.49204,42.06721,36.58214,CI.l(95%).Total.SURVEY_LU1_3U311
  0.0000,  0.0000,  0.0000,202.1127,685.2168,792.3676,CI.l(95%).Total.SURVEY_LU1_3U312
 0.00000, 0.00000, 0.00000,81.58531,58.18507,90.98516,CI.l(95%).Total.SURVEY_LU1_3U313
 0.00000, 0.00000, 0.00000,12.73981,10.22823,12.14374,CI.l(95%).Total.SURVEY_LU1_3U314
0.000000,0.000000,0.000000,0.000000,0.000000,2.057603,CI.l(95%).Total.SURVEY_LU1_3U315
 0.00000, 0.00000, 0.00000,15.78247,22.08530,36.12056,CI.l(95%).Total.SURVEY_LU1_3U317
 0.000000, 0.000000, 0.000000, 0.000000,-1.485467,79.545181,CI.l(95%).Total.SURVEY_LU1_3U318
 0.000000, 0.000000, 0.000000, 5.765751,17.350796,22.319280,CI.l(95%).Total.SURVEY_LU1_3U319
 0.00000, 0.00000, 0.00000,11.29082,26.37841,53.53920,CI.l(95%).Total.SURVEY_LU1_3U321
  0.000000,  0.000000,  0.000000,  4.016893,-10.184142,  2.900445,CI.l(95%).Total.SURVEY_LU1_3U322
 0.00000, 0.00000, 0.00000,12.33971,26.78675,-1.08150,CI.l(95%).Total.SURVEY_LU1_3U330
 0.000000, 0.000000, 0.000000, 8.346084, 9.440713,31.945252,CI.l(95%).Total.SURVEY_LU1_3U341
0.000000,0.000000,0.000000,3.990744,0.000000,0.000000,CI.l(95%).Total.SURVEY_LU1_3U342
  0.00000,  0.00000,  0.00000, 39.55408,126.76429, 51.60663,CI.l(95%).Total.SURVEY_LU1_3U350
  0.00000,  0.00000,  0.00000, 45.24716,746.86000,191.21544,CI.l(95%).Total.SURVEY_LU1_3U361
 0.00000, 0.00000, 0.00000,19.61693,27.47588,43.26699,CI.l(95%).Total.SURVEY_LU1_3U362
   0.0000,   0.0000,   0.0000, 503.7769,1067.1639,1024.4893,CI.l(95%).Total.SURVEY_LU1_3U370
 0.000000, 0.000000, 0.000000,-4.076847,-2.199044,12.273788,CI.l(95%).Total.SURVEY_LU1_3U411
0.000000,0.000000,0.000000,4.445951,0.000000,0.000000,CI.l(95%).Total.SURVEY_LU1_3U412
0.000000,0.000000,0.000000,0.000000,5.024617,8.632580,CI.l(95%).Total.SURVEY_LU1_3U413
 0.00000, 0.00000, 0.00000,22.58343,37.60533,27.23072,CI.l(95%).Total.SURVEY_LU1_3U414
  3.912483,  0.000000,  4.427882, 35.773054,175.468527,270.475000,CI.l(95%).Total.SURVEY_LU1_3U415
   0.000000,   0.000000,   3.861248, 289.312068,1671.696799,2339.327647,CI.l(95%).Total.SURVEY_LU1_3U420
  182.5459, 2581.7513, 6191.4627, 4907.5213,29565.8853,37239.3099,CI.l(95%).Total.settlement0
   0.000,   0.000,   0.000,1125.339,2592.221,2895.793,CI.l(95%).Total.settlement1
  182.5459, 2578.6629, 6187.2234, 3865.9132,20471.3999,29437.4676,CI.l(95%).Total.fao_class_name0
    0.000000,    3.088408,    1.747233, 1907.134406,10912.098969, 9101.035979,CI.l(95%).Total.fao_class_name1
  0.00000,  0.00000,  0.00000, 37.38321,264.11171,423.00967,CI.l(95%).Total.fao_class_name2
  0.0000,  0.0000,  0.0000,114.1724,299.6354,334.5851,CI.l(95%).Total.fao_class_name3
  182.5459, 2581.7513, 6191.4627, 5296.4746,30071.7012,38620.5443,CI.l(95%).Total.lue0
   0.0000,   0.0000,   0.0000, 721.7299,2090.8634,1502.9545,CI.l(95%).Total.lue1
  182.5459, 2581.7513, 6191.4627, 5535.8148,31029.5982,39153.1312,CI.l(95%).Total.lud0
   0.0000,   0.0000,   0.0000, 506.9925,1158.0565,1516.7882,CI.l(95%).Total.lud1
  791.6573, 4276.8664, 8634.2281, 6731.8993,34043.7179,43343.7477,CI.u(95%).Total.area
   0.0000,   0.0000,   0.0000, 680.8255,1465.8943,1817.1048,CI.u(95%).Total.SURVEY_LC1_1A
  791.6573, 4273.7780, 8626.1225, 2031.9429,12419.2479,16323.3667,CI.u(95%).Total.SURVEY_LC1_1B
    0.000000,    3.088408,    6.736421, 2481.236532,12089.997024,11871.521269,CI.u(95%).Total.SURVEY_LC1_1C
   0.000000,   0.000000,   3.861248, 185.356928, 540.043723,1127.215513,CI.u(95%).Total.SURVEY_LC1_1D
    0.000,    0.000,    0.000, 1512.858, 5285.953,10860.822,CI.u(95%).Total.SURVEY_LC1_1E
   0.0000,   0.0000,   0.0000, 303.2672,2758.8894,2691.0887,CI.u(95%).Total.SURVEY_LC1_1F
   0.0000,   0.0000,   0.0000, 161.8850,1100.2199, 613.8048,CI.u(95%).Total.SURVEY_LC1_1G
  0.00000,  0.00000,  0.00000, 78.83793,444.05317,671.87677,CI.u(95%).Total.SURVEY_LC1_1H
  787.7448, 4276.8664, 8625.9389, 4903.7407,28233.1950,36597.5559,CI.u(95%).Total.SURVEY_LU1_1U1
  0.00000,  0.00000,  0.00000, 92.44734,146.85236,107.04748,CI.u(95%).Total.SURVEY_LU1_1U2
   0.000,   0.000,   0.000,1396.495,3544.049,4157.477,CI.u(95%).Total.SURVEY_LU1_1U3
   3.912483,   0.000000,   8.289130, 586.070827,2754.238638,3553.523543,CI.u(95%).Total.SURVEY_LU1_1U4
  0.0000,  0.0000,  0.0000,340.0307,487.5625,631.1756,CI.u(95%).Total.SURVEY_LC1_2A1
   0.0000,   0.0000,   0.0000, 412.0233,1012.8622,1241.7061,CI.u(95%).Total.SURVEY_LC1_2A2
  0.00000,  0.00000,  0.00000, 14.70484, 77.67446,106.59120,CI.u(95%).Total.SURVEY_LC1_2A3
    0.000,    0.000,    0.000, 1263.964, 8827.510,11367.997,CI.u(95%).Total.SURVEY_LC1_2B1
  0.000000,  0.000000,  0.000000,  0.000000,  8.654465,326.900798,CI.u(95%).Total.SURVEY_LC1_2B2
   0.0000,   0.0000,   0.0000, 975.0938,3349.6187,4186.0138,CI.u(95%).Total.SURVEY_LC1_2B3
  0.00000,  0.00000,  0.00000,  0.00000, 28.05581,371.76058,CI.u(95%).Total.SURVEY_LC1_2B4
   0.00000,   0.00000,   0.00000,  49.00521,1012.23896,1001.92123,CI.u(95%).Total.SURVEY_LC1_2B5
  0.0000,  0.0000,  0.0000,102.8696,409.1225,585.6565,CI.u(95%).Total.SURVEY_LC1_2B7
  0.00000,  0.00000,  0.00000, 34.13062,350.05394,396.50383,CI.u(95%).Total.SURVEY_LC1_2B8
 791.6573,4273.7780,8626.1225,   0.0000,   0.0000,   0.0000,CI.u(95%).Total.SURVEY_LC1_2Bx
    0.000,    0.000,    0.000, 2376.041,10978.890,11296.947,CI.u(95%).Total.SURVEY_LC1_2C1
  0.000000,  3.088408,  6.736421,321.352553,951.056548,519.145798,CI.u(95%).Total.SURVEY_LC1_2C2
   0.0000,   0.0000,   0.0000, 154.2127,1901.1910, 218.6797,CI.u(95%).Total.SURVEY_LC1_2C3
  0.0000,  0.0000,  0.0000,129.6472,340.5268,672.5190,CI.u(95%).Total.SURVEY_LC1_2D1
  0.0000,  0.0000,  0.0000, 61.0564,221.9308,521.8134,CI.u(95%).Total.SURVEY_LC1_2D2
0.000000,0.000000,3.861248,0.000000,0.000000,0.000000,CI.u(95%).Total.SURVEY_LC1_2Dx
   0.0000,   0.0000,   0.0000, 141.7984, 661.0905,1043.8543,CI.u(95%).Total.SURVEY_LC1_2E1
   0.0000,   0.0000,   0.0000, 977.8615,3575.0577,8513.6716,CI.u(95%).Total.SURVEY_LC1_2E2
   0.0000,   0.0000,   0.0000, 548.5597,1369.1184,1790.7053,CI.u(95%).Total.SURVEY_LC1_2E3
0.000000,0.000000,0.000000,3.896254,3.913089,8.646157,CI.u(95%).Total.SURVEY_LC1_2F2
   0.000,   0.000,   0.000, 299.371,2754.976,2682.443,CI.u(95%).Total.SURVEY_LC1_2F4
  0.00000,  0.00000,  0.00000, 65.25597,910.98148,397.40172,CI.u(95%).Total.SURVEY_LC1_2G1
  0.0000,  0.0000,  0.0000,128.8775,204.8596,232.7090,CI.u(95%).Total.SURVEY_LC1_2G2
  0.00000,  0.00000,  0.00000, 78.83793,444.05317,671.87677,CI.u(95%).Total.SURVEY_LC1_2H1
  787.7448, 4273.7780, 8621.6946, 2916.5775,17547.7302,26707.6526,CI.u(95%).Total.SURVEY_LU1_2U11
    0.000000,    3.088408,    6.736421, 2033.157869,10797.441897,10286.453082,CI.u(95%).Total.SURVEY_LU1_2U12
  0.000000,  0.000000,  0.000000,  8.120131,173.770834,260.281922,CI.u(95%).Total.SURVEY_LU1_2U13
 0.00000, 0.00000, 0.00000,53.03223,24.44752,52.88254,CI.u(95%).Total.SURVEY_LU1_2U14
0.000000,0.000000,0.000000,0.000000,8.380451,7.039583,CI.u(95%).Total.SURVEY_LU1_2U15
 0.00000, 0.00000, 0.00000, 0.00000,49.38600,57.68997,CI.u(95%).Total.SURVEY_LU1_2U21
  0.00000,  0.00000,  0.00000, 92.44734,111.42988, 49.35751,CI.u(95%).Total.SURVEY_LU1_2U22
   0.0000,   0.0000,   0.0000, 498.3333,1144.0774,1442.8395,CI.u(95%).Total.SURVEY_LU1_2U31
  0.00000,  0.00000,  0.00000, 60.01131,122.86384,207.85699,CI.u(95%).Total.SURVEY_LU1_2U32
 0.00000, 0.00000, 0.00000,24.10258,47.18779,77.37050,CI.u(95%).Total.SURVEY_LU1_2U33
 0.00000, 0.00000, 0.00000,85.30740,31.72049,31.94525,CI.u(95%).Total.SURVEY_LU1_2U34
  0.0000,  0.0000,  0.0000,162.3530,156.9862,150.6380,CI.u(95%).Total.SURVEY_LU1_2U35
  0.0000,  0.0000,  0.0000,117.2760,941.2565,435.8471,CI.u(95%).Total.SURVEY_LU1_2U36
   0.0000,   0.0000,   0.0000, 646.9319,1343.4272,2176.6843,CI.u(95%).Total.SURVEY_LU1_2U37
  3.912483,  0.000000,  4.427882,137.917041,475.145834,763.640846,CI.u(95%).Total.SURVEY_LU1_2U41
   0.000000,   0.000000,   3.861248, 476.872732,2366.608066,2935.176571,CI.u(95%).Total.SURVEY_LU1_2U42
  0.0000,  0.0000,  0.0000,328.6784,460.3177,581.6598,CI.u(95%).Total.SURVEY_LC1_3A11
 0.00000, 0.00000, 0.00000,11.35227,56.03847,76.09928,CI.u(95%).Total.SURVEY_LC1_3A12
 0.00000, 0.00000, 0.00000, 0.00000, 0.00000,22.05311,CI.u(95%).Total.SURVEY_LC1_3A13
  0.0000,  0.0000,  0.0000,224.8379,377.8538,329.6335,CI.u(95%).Total.SURVEY_LC1_3A21
  0.0000,  0.0000,  0.0000,220.6330,695.8289,984.2142,CI.u(95%).Total.SURVEY_LC1_3A22
  0.00000,  0.00000,  0.00000, 14.70484, 77.67446,106.59120,CI.u(95%).Total.SURVEY_LC1_3A30
   0.0000,   0.0000,   0.0000, 579.6844,3857.3528,4569.5649,CI.u(95%).Total.SURVEY_LC1_3B11
  0.0000,  0.0000,  0.0000,  0.0000,165.4591,186.7805,CI.u(95%).Total.SURVEY_LC1_3B12
   0.0000,   0.0000,   0.0000, 261.2695,1665.6110,1328.1662,CI.u(95%).Total.SURVEY_LC1_3B13
  0.000000,  0.000000,  0.000000,  3.929684, 21.486540,316.290031,CI.u(95%).Total.SURVEY_LC1_3B14
  0.0000,  0.0000,  0.0000,  0.0000,482.0671,306.2669,CI.u(95%).Total.SURVEY_LC1_3B15
   0.0000,   0.0000,   0.0000, 780.9923,4257.2746,6349.7985,CI.u(95%).Total.SURVEY_LC1_3B16
0.000000,0.000000,0.000000,0.000000,0.000000,3.942056,CI.u(95%).Total.SURVEY_LC1_3B17
  0.0000,  0.0000,  0.0000,  0.0000,  0.0000,298.3512,CI.u(95%).Total.SURVEY_LC1_3B18
  0.000000,  0.000000,  0.000000,  3.945914,395.454227, 17.320162,CI.u(95%).Total.SURVEY_LC1_3B19
  0.0000,  0.0000,  0.0000,  0.0000,  0.0000,322.9917,CI.u(95%).Total.SURVEY_LC1_3B21
0.00000,0.00000,0.00000,0.00000,4.20967,0.00000,CI.u(95%).Total.SURVEY_LC1_3B22
0.000000,0.000000,0.000000,0.000000,4.444795,3.909073,CI.u(95%).Total.SURVEY_LC1_3B23
   0.0000,   0.0000,   0.0000, 866.5938,2120.8440,3629.8587,CI.u(95%).Total.SURVEY_LC1_3B31
   0.0000,   0.0000,   0.0000, 251.9695,1393.1575, 629.4230,CI.u(95%).Total.SURVEY_LC1_3B32
  0.0000,  0.0000,  0.0000,  0.0000,475.0670,402.0911,CI.u(95%).Total.SURVEY_LC1_3B33
 0.0000, 0.0000, 0.0000, 0.0000, 0.0000,22.1895,CI.u(95%).Total.SURVEY_LC1_3B36
 0.00000, 0.00000, 0.00000, 0.00000, 0.00000,34.67716,CI.u(95%).Total.SURVEY_LC1_3B42
  0.00000,  0.00000,  0.00000,  0.00000, 10.75831,329.58422,CI.u(95%).Total.SURVEY_LC1_3B43
 0.00000, 0.00000, 0.00000, 0.00000,19.58371,39.44711,CI.u(95%).Total.SURVEY_LC1_3B44
0.000000,0.000000,0.000000,0.000000,4.187336,3.909073,CI.u(95%).Total.SURVEY_LC1_3B51
  0.00000,  0.00000,  0.00000, 33.78831,783.59087,976.48486,CI.u(95%).Total.SURVEY_LC1_3B52
 0.00000, 0.00000, 0.00000, 0.00000, 0.00000,12.73873,CI.u(95%).Total.SURVEY_LC1_3B53
 0.000000, 0.000000, 0.000000, 0.000000, 8.256554,13.963682,CI.u(95%).Total.SURVEY_LC1_3B54
  0.00000,  0.00000,  0.00000, 18.03735,394.97860, 11.23482,CI.u(95%).Total.SURVEY_LC1_3B55
  0.00000,  0.00000,  0.00000, 23.64259,124.86751,220.68747,CI.u(95%).Total.SURVEY_LC1_3B71
 0.00000, 0.00000, 0.00000, 0.00000,54.78144, 8.40396,CI.u(95%).Total.SURVEY_LC1_3B72
  0.00000,  0.00000,  0.00000, 25.23195, 81.79004,132.48283,CI.u(95%).Total.SURVEY_LC1_3B73
  0.00000,  0.00000,  0.00000, 18.45520, 80.79491,136.99664,CI.u(95%).Total.SURVEY_LC1_3B74
  0.0000,  0.0000,  0.0000, 47.3193,126.3677,199.1304,CI.u(95%).Total.SURVEY_LC1_3B75
  0.00000,  0.00000,  0.00000, 30.41979,326.21116,365.23863,CI.u(95%).Total.SURVEY_LC1_3B82
 0.000000, 0.000000, 0.000000, 3.710834,25.409523,31.718543,CI.u(95%).Total.SURVEY_LC1_3B83
 0.000000, 0.000000, 0.000000, 0.000000, 3.864249,31.601253,CI.u(95%).Total.SURVEY_LC1_3B84
 762.8892,4153.6319,7892.6323,   0.0000,   0.0000,   0.0000,CI.u(95%).Total.SURVEY_LC1_3Bx1
 34.9588,145.0168,466.2577,  0.0000,  0.0000,  0.0000,CI.u(95%).Total.SURVEY_LC1_3Bx2
  0.000000,  3.952836,665.608853,  0.000000,  0.000000,  0.000000,CI.u(95%).Total.SURVEY_LC1_3Bxx
    0.000,    0.000,    0.000, 2376.041,10978.890,11296.947,CI.u(95%).Total.SURVEY_LC1_3C10
  0.00000,  0.00000,  0.00000, 42.37838,112.74602, 67.35626,CI.u(95%).Total.SURVEY_LC1_3C21
  0.0000,  0.0000,  0.0000,299.4710,867.7628,476.8573,CI.u(95%).Total.SURVEY_LC1_3C22
 0.000000, 0.000000, 0.000000, 3.669811,27.224230, 0.000000,CI.u(95%).Total.SURVEY_LC1_3C23
0.000000,3.088408,6.736421,0.000000,0.000000,0.000000,CI.u(95%).Total.SURVEY_LC1_3C2x
 0.00000, 0.00000, 0.00000, 0.00000,28.08557, 0.00000,CI.u(95%).Total.SURVEY_LC1_3C31
   0.0000,   0.0000,   0.0000, 146.6304,1213.6202, 154.6863,CI.u(95%).Total.SURVEY_LC1_3C32
   0.000000,   0.000000,   0.000000,   7.582294,1032.181292,  90.102497,CI.u(95%).Total.SURVEY_LC1_3C33
  0.0000,  0.0000,  0.0000,129.6472,340.5268,672.5190,CI.u(95%).Total.SURVEY_LC1_3D10
  0.0000,  0.0000,  0.0000, 61.0564,221.9308,521.8134,CI.u(95%).Total.SURVEY_LC1_3D20
0.000000,0.000000,3.861248,0.000000,0.000000,0.000000,CI.u(95%).Total.SURVEY_LC1_3Dxx
   0.0000,   0.0000,   0.0000, 141.7984, 661.0905,1043.8543,CI.u(95%).Total.SURVEY_LC1_3E10
   0.0000,   0.0000,   0.0000, 977.8615,3575.0577,8513.6716,CI.u(95%).Total.SURVEY_LC1_3E20
   0.0000,   0.0000,   0.0000, 548.5597,1369.1184,1790.7053,CI.u(95%).Total.SURVEY_LC1_3E30
0.000000,0.000000,0.000000,3.896254,3.913089,8.646157,CI.u(95%).Total.SURVEY_LC1_3F20
   0.000,   0.000,   0.000, 299.371,2754.976,2682.443,CI.u(95%).Total.SURVEY_LC1_3F40
  0.00000,  0.00000,  0.00000, 65.25597,910.98148,393.46695,CI.u(95%).Total.SURVEY_LC1_3G11
0.000000,0.000000,0.000000,0.000000,0.000000,3.934766,CI.u(95%).Total.SURVEY_LC1_3G12
  0.0000,  0.0000,  0.0000,128.8775,204.8596,232.7090,CI.u(95%).Total.SURVEY_LC1_3G21
  0.00000,  0.00000,  0.00000, 78.83793,444.05317,671.87677,CI.u(95%).Total.SURVEY_LC1_3H11
  771.706, 4206.872, 8486.958, 2820.537,16891.301,26063.757,CI.u(95%).Total.SURVEY_LU1_3U111
  0.00000,  0.00000,  0.00000, 53.31159,606.21656,649.97339,CI.u(95%).Total.SURVEY_LU1_3U112
 16.03878, 84.69978,179.00733, 51.48675,316.99957,201.94716,CI.u(95%).Total.SURVEY_LU1_3U113
    0.000000,    3.088408,    6.736421, 2033.157869,10797.441897,10286.453082,CI.u(95%).Total.SURVEY_LU1_3U120
  0.000000,  0.000000,  0.000000,  8.120131,173.770834,260.281922,CI.u(95%).Total.SURVEY_LU1_3U130
 0.00000, 0.00000, 0.00000,53.03223,24.44752,52.88254,CI.u(95%).Total.SURVEY_LU1_3U140
0.000000,0.000000,0.000000,0.000000,8.380451,7.039583,CI.u(95%).Total.SURVEY_LU1_3U150
 0.00000, 0.00000, 0.00000, 0.00000,49.38600,57.68997,CI.u(95%).Total.SURVEY_LU1_3U210
 0.00000, 0.00000, 0.00000,16.96055,10.70755, 8.03062,CI.u(95%).Total.SURVEY_LU1_3U221
 0.00000, 0.00000, 0.00000, 0.00000,48.69284, 0.00000,CI.u(95%).Total.SURVEY_LU1_3U222
 0.000000, 0.000000, 0.000000, 3.990744,11.894956, 0.000000,CI.u(95%).Total.SURVEY_LU1_3U223
 0.00000, 0.00000, 0.00000, 4.68261, 0.00000,12.80640,CI.u(95%).Total.SURVEY_LU1_3U224
 0.000000, 0.000000, 0.000000, 3.990744,12.518789,12.416471,CI.u(95%).Total.SURVEY_LU1_3U225
 0.00000, 0.00000, 0.00000,62.72157,39.87428,12.09148,CI.u(95%).Total.SURVEY_LU1_3U226
0.000000,0.000000,0.000000,4.249436,3.948752,4.012540,CI.u(95%).Total.SURVEY_LU1_3U227
  0.00000,  0.00000,  0.00000, 26.23124,107.36495,107.21419,CI.u(95%).Total.SURVEY_LU1_3U311
   0.0000,   0.0000,   0.0000, 332.4730, 887.6902,1033.4790,CI.u(95%).Total.SURVEY_LU1_3U312
  0.00000,  0.00000,  0.00000,118.82264, 86.19464,115.27432,CI.u(95%).Total.SURVEY_LU1_3U313
 0.00000, 0.00000, 0.00000,21.47901,15.05877,12.14374,CI.u(95%).Total.SURVEY_LU1_3U314
0.00000,0.00000,0.00000,0.00000,0.00000,6.32633,CI.u(95%).Total.SURVEY_LU1_3U315
  0.00000,  0.00000,  0.00000, 15.78247, 49.33383,128.08661,CI.u(95%).Total.SURVEY_LU1_3U317
  0.00000,  0.00000,  0.00000,  0.00000, 62.74314,132.46871,CI.u(95%).Total.SURVEY_LU1_3U318
 0.00000, 0.00000, 0.00000,10.59554,24.95949,33.22852,CI.u(95%).Total.SURVEY_LU1_3U319
  0.00000,  0.00000,  0.00000, 55.99442, 60.45681,150.67950,CI.u(95%).Total.SURVEY_LU1_3U321
 0.000000, 0.000000, 0.000000, 4.016893,76.206996,82.810119,CI.u(95%).Total.SURVEY_LU1_3U322
 0.00000, 0.00000, 0.00000,24.10258,47.18779,77.37050,CI.u(95%).Total.SURVEY_LU1_3U330
 0.00000, 0.00000, 0.00000,81.31666,31.72049,31.94525,CI.u(95%).Total.SURVEY_LU1_3U341
0.000000,0.000000,0.000000,3.990744,0.000000,0.000000,CI.u(95%).Total.SURVEY_LU1_3U342
  0.0000,  0.0000,  0.0000,162.3530,156.9862,150.6380,CI.u(95%).Total.SURVEY_LU1_3U350
  0.00000,  0.00000,  0.00000, 97.65907,879.35110,361.34758,CI.u(95%).Total.SURVEY_LU1_3U361
 0.00000, 0.00000, 0.00000,19.61693,84.56048,98.89186,CI.u(95%).Total.SURVEY_LU1_3U362
   0.0000,   0.0000,   0.0000, 646.9319,1343.4272,2176.6843,CI.u(95%).Total.SURVEY_LU1_3U370
 0.00000, 0.00000, 0.00000,42.14090,90.23997,12.27379,CI.u(95%).Total.SURVEY_LU1_3U411
0.000000,0.000000,0.000000,4.445951,0.000000,0.000000,CI.u(95%).Total.SURVEY_LU1_3U412
 0.00000, 0.00000, 0.00000, 0.00000,26.75318, 8.63258,CI.u(95%).Total.SURVEY_LU1_3U413
  0.00000,  0.00000,  0.00000, 69.14398, 55.03727,134.27141,CI.u(95%).Total.SURVEY_LU1_3U414
  3.912483,  0.000000,  4.427882, 35.773054,359.035563,654.667025,CI.u(95%).Total.SURVEY_LU1_3U415
   0.000000,   0.000000,   3.861248, 476.872732,2366.608066,2935.176571,CI.u(95%).Total.SURVEY_LU1_3U420
  791.6573, 4276.8664, 8634.2281, 5533.9515,31313.9183,39973.0577,CI.u(95%).Total.settlement0
   0.000,   0.000,   0.000,1290.985,2891.358,4036.148,CI.u(95%).Total.settlement1
  791.6573, 4273.7780, 8629.9837, 4493.6311,22187.1620,32042.0068,CI.u(95%).Total.fao_class_name0
    0.000000,    3.088408,    6.736421, 2102.257681,11364.189262,10638.977442,CI.u(95%).Total.fao_class_name1
  0.0000,  0.0000,  0.0000,167.7466,417.1470,719.6019,CI.u(95%).Total.fao_class_name2
   0.0000,   0.0000,   0.0000, 169.5581, 447.6381,1447.6249,CI.u(95%).Total.fao_class_name3
  791.6573, 4276.8664, 8634.2281, 5928.9221,31817.9308,41361.7343,CI.u(95%).Total.lue0
   0.0000,   0.0000,   0.0000, 910.6702,2382.8868,2659.0761,CI.u(95%).Total.lue1
  791.6573, 4276.8664, 8634.2281, 6159.8975,32771.4034,41707.7347,CI.u(95%).Total.lud0
   0.0000,   0.0000,   0.0000, 655.0919,1404.3242,1766.6552,CI.u(95%).Total.lud1
0.31900615,0.12609983,0.08406568,0.02404691,0.01325483,0.01542074,CV.Total.area
NA,NA,NA,0.03548632,0.04200206,0.02649475,CV.Total.SURVEY_LC1_1A
0.31900615,0.12621350,0.08415750,0.11785969,0.04830325,0.04659952,CV.Total.SURVEY_LC1_1B
NA,0.00000000,0.30005359,0.01524894,0.01557009,0.02973368,CV.Total.SURVEY_LC1_1C
NA,NA,0.00000000,0.22552681,0.05587808,0.09619033,CV.Total.SURVEY_LC1_1D
NA,NA,NA,0.11195166,0.04880553,0.03981739,CV.Total.SURVEY_LC1_1E
NA,NA,NA,0.5628496,0.1983652,0.1901685,CV.Total.SURVEY_LC1_1F
NA,NA,NA,0.00000000,0.02069745,0.01641031,CV.Total.SURVEY_LC1_1G
NA,NA,NA,0.19281030,0.06324321,0.06921855,CV.Total.SURVEY_LC1_1H
0.32158921,0.12609983,0.08415979,0.03602224,0.01752880,0.02024480,CV.Total.SURVEY_LU1_1U1
NA,NA,NA,0.3055208,0.1719865,0.1281445,CV.Total.SURVEY_LU1_1U2
NA,NA,NA,0.03681483,0.02416443,0.08159059,CV.Total.SURVEY_LU1_1U3
0.00000000,NA,0.00000000,0.10227497,0.07710953,0.05610438,CV.Total.SURVEY_LU1_1U4
NA,NA,NA,0.1123906,0.1083555,0.1133977,CV.Total.SURVEY_LC1_2A1
NA,NA,NA,0.09329120,0.06790428,0.05178635,CV.Total.SURVEY_LC1_2A2
NA,NA,NA,0.2736786,0.1690028,0.1394351,CV.Total.SURVEY_LC1_2A3
NA,NA,NA,0.22856027,0.07938146,0.07039991,CV.Total.SURVEY_LC1_2B1
NA,NA,NA,NA,0.0000000,0.7818473,CV.Total.SURVEY_LC1_2B2
NA,NA,NA,0.3090558,0.1898980,0.1520215,CV.Total.SURVEY_LC1_2B3
NA,NA,NA,NA,0.1457785,0.5932163,CV.Total.SURVEY_LC1_2B4
NA,NA,NA,0.07060565,0.40820872,0.30190445,CV.Total.SURVEY_LC1_2B5
NA,NA,NA,0.05240911,0.07179302,0.08956588,CV.Total.SURVEY_LC1_2B7
NA,NA,NA,0.00000000,0.05923461,0.13420327,CV.Total.SURVEY_LC1_2B8
0.3190062,0.1262135,0.0841575,NA,NA,NA,CV.Total.SURVEY_LC1_2Bx
NA,NA,NA,0.04747645,0.04557921,0.03166695,CV.Total.SURVEY_LC1_2C1
NA,0.0000000,0.3000536,0.5392154,0.4862945,0.1097312,CV.Total.SURVEY_LC1_2C2
NA,NA,NA,0.4828888,0.3213493,0.2154095,CV.Total.SURVEY_LC1_2C3
NA,NA,NA,0.39457090,0.06470656,0.14949339,CV.Total.SURVEY_LC1_2D1
NA,NA,NA,0.05178353,0.10339132,0.11141319,CV.Total.SURVEY_LC1_2D2
NA,NA,  0,NA,NA,NA,CV.Total.SURVEY_LC1_2Dx
NA,NA,NA,0.13043355,0.09486169,0.09040851,CV.Total.SURVEY_LC1_2E1
NA,NA,NA,0.11090490,0.04903842,0.04496541,CV.Total.SURVEY_LC1_2E2
NA,NA,NA,0.3524237,0.1845522,0.1597402,CV.Total.SURVEY_LC1_2E3
NA,NA,NA,  0,  0,  0,CV.Total.SURVEY_LC1_2F2
NA,NA,NA,0.5784805,0.1987567,0.1910110,CV.Total.SURVEY_LC1_2F4
NA,NA,NA,0.167443789,0.007696071,0.021843257,CV.Total.SURVEY_LC1_2G1
NA,NA,NA,0.07296288,0.14352542,0.04566740,CV.Total.SURVEY_LC1_2G2
NA,NA,NA,0.19281030,0.06324321,0.06921855,CV.Total.SURVEY_LC1_2H1
0.32158921,0.12621350,0.08420786,0.06016999,0.02634324,0.02652514,CV.Total.SURVEY_LU1_2U11
NA,0.00000000,0.30005359,0.02826895,0.01897382,0.04107231,CV.Total.SURVEY_LU1_2U12
NA,NA,NA,0.00000000,0.02351616,0.05966919,CV.Total.SURVEY_LU1_2U13
NA,NA,NA,0.2229004,0.0000000,0.0000000,CV.Total.SURVEY_LU1_2U14
NA,NA,NA,NA,  0,  0,CV.Total.SURVEY_LU1_2U15
NA,NA,NA,NA,0.3340349,0.3028596,CV.Total.SURVEY_LU1_2U21
NA,NA,NA,0.3055208,0.2005908,0.0000000,CV.Total.SURVEY_LU1_2U22
NA,NA,NA,0.08048838,0.05459123,0.04740822,CV.Total.SURVEY_LU1_2U31
NA,NA,NA,0.3028236,0.3099825,0.2213542,CV.Total.SURVEY_LU1_2U32
NA,NA,NA,0.1646870,0.1407090,0.5246794,CV.Total.SURVEY_LU1_2U33
NA,NA,NA,0.3812880,0.2761689,0.0000000,CV.Total.SURVEY_LU1_2U34
NA,NA,NA,0.31030933,0.05434212,0.24983184,CV.Total.SURVEY_LU1_2U35
NA,NA,NA,0.14681699,0.04234507,0.12997093,CV.Total.SURVEY_LU1_2U36
NA,NA,NA,0.06347360,0.05847248,0.18364059,CV.Total.SURVEY_LU1_2U37
0.0000000,NA,0.0000000,0.1592182,0.1388817,0.1803222,CV.Total.SURVEY_LU1_2U41
NA,NA,0.00000000,0.12489934,0.08779750,0.05763767,CV.Total.SURVEY_LU1_2U42
NA,NA,NA,0.1171639,0.1141329,0.1188786,CV.Total.SURVEY_LC1_3A11
NA,NA,NA,0.0000000,0.5900707,0.7836475,CV.Total.SURVEY_LC1_3A12
NA,NA,NA,NA,NA,0.2578563,CV.Total.SURVEY_LC1_3A13
NA,NA,NA,0.1643876,0.1459434,0.1562671,CV.Total.SURVEY_LC1_3A21
NA,NA,NA,0.12119956,0.08140688,0.06372129,CV.Total.SURVEY_LC1_3A22
NA,NA,NA,0.2736786,0.1690028,0.1394351,CV.Total.SURVEY_LC1_3A30
NA,NA,NA,0.4475394,0.1679857,0.1444397,CV.Total.SURVEY_LC1_3B11
NA,NA,NA,NA,0.8333847,0.9685946,CV.Total.SURVEY_LC1_3B12
NA,NA,NA,0.8124255,0.2973017,0.3348595,CV.Total.SURVEY_LC1_3B13
NA,NA,NA,0.0000000,0.1390156,0.6414191,CV.Total.SURVEY_LC1_3B14
NA,NA,NA,NA,0.6839603,0.9099675,CV.Total.SURVEY_LC1_3B15
NA,NA,NA,0.3646837,0.1563000,0.1133551,CV.Total.SURVEY_LC1_3B16
NA,NA,NA,NA,NA,  0,CV.Total.SURVEY_LC1_3B17
NA,NA,NA,NA,NA,0.9805077,CV.Total.SURVEY_LC1_3B18
NA,NA,NA,0.0000000,0.9300083,0.3544037,CV.Total.SURVEY_LC1_3B19
NA,NA,NA,NA,NA,0.8062628,CV.Total.SURVEY_LC1_3B21
NA,NA,NA,NA,  0,NA,CV.Total.SURVEY_LC1_3B22
NA,NA,NA,NA,  0,  0,CV.Total.SURVEY_LC1_3B23
NA,NA,NA,0.3471322,0.2602000,0.1669693,CV.Total.SURVEY_LC1_3B31
NA,NA,NA,0.8942003,0.3393269,0.6022469,CV.Total.SURVEY_LC1_3B32
NA,NA,NA,NA,0.7027821,0.5552662,CV.Total.SURVEY_LC1_3B33
NA,NA,NA,NA,NA,0.7483315,CV.Total.SURVEY_LC1_3B36
NA,NA,NA,NA,NA,0.5265742,CV.Total.SURVEY_LC1_3B42
NA,NA,NA,NA,0.5129892,0.7722440,CV.Total.SURVEY_LC1_3B43
NA,NA,NA,NA,0.0969547,0.3386104,CV.Total.SURVEY_LC1_3B44
NA,NA,NA,NA,  0,  0,CV.Total.SURVEY_LC1_3B51
NA,NA,NA,0.07055348,0.46019399,0.31442149,CV.Total.SURVEY_LC1_3B52
NA,NA,NA,NA,NA,0.5773503,CV.Total.SURVEY_LC1_3B53
NA,NA,NA,NA,0.3692745,0.5940885,CV.Total.SURVEY_LC1_3B54
NA,NA,NA,0.1783977,0.9153492,0.1298566,CV.Total.SURVEY_LC1_3B55
NA,NA,NA,0.1510001,0.1665416,0.2219976,CV.Total.SURVEY_LC1_3B71
NA,NA,NA,NA,0.2212966,0.0000000,CV.Total.SURVEY_LC1_3B72
NA,NA,NA,0.0900247,0.2677642,0.2002061,CV.Total.SURVEY_LC1_3B73
NA,NA,NA,0.17126248,0.08679003,0.27530548,CV.Total.SURVEY_LC1_3B74
NA,NA,NA,0.09671375,0.11201534,0.15869378,CV.Total.SURVEY_LC1_3B75
NA,NA,NA,0.00000000,0.06367464,0.14101934,CV.Total.SURVEY_LC1_3B82
NA,NA,NA,0.0000000,0.1458849,0.5286241,CV.Total.SURVEY_LC1_3B83
NA,NA,NA,NA,0.0000000,0.8111071,CV.Total.SURVEY_LC1_3B84
0.3389370,0.1307140,0.0912736,NA,NA,NA,CV.Total.SURVEY_LC1_3Bx1
0.1108687,0.1290137,0.1343320,NA,NA,NA,CV.Total.SURVEY_LC1_3Bx2
NA,0.0000000,0.4865461,NA,NA,NA,CV.Total.SURVEY_LC1_3Bxx
NA,NA,NA,0.04747645,0.04557921,0.03166695,CV.Total.SURVEY_LC1_3C10
NA,NA,NA,0.8320503,0.4474058,0.3606853,CV.Total.SURVEY_LC1_3C21
NA,NA,NA,0.6095068,0.5784235,0.1171763,CV.Total.SURVEY_LC1_3C22
NA,NA,NA,0.0000000,0.1782395,NA,CV.Total.SURVEY_LC1_3C23
NA,0.0000000,0.3000536,NA,NA,NA,CV.Total.SURVEY_LC1_3C2x
NA,NA,NA,NA,0.7878386,NA,CV.Total.SURVEY_LC1_3C31
NA,NA,NA,0.5339932,0.4484300,0.2545471,CV.Total.SURVEY_LC1_3C32
NA,NA,NA,0.0000000,0.5233390,0.3989894,CV.Total.SURVEY_LC1_3C33
NA,NA,NA,0.39457090,0.06470656,0.14949339,CV.Total.SURVEY_LC1_3D10
NA,NA,NA,0.05178353,0.10339132,0.11141319,CV.Total.SURVEY_LC1_3D20
NA,NA,  0,NA,NA,NA,CV.Total.SURVEY_LC1_3Dxx
NA,NA,NA,0.13043355,0.09486169,0.09040851,CV.Total.SURVEY_LC1_3E10
NA,NA,NA,0.11090490,0.04903842,0.04496541,CV.Total.SURVEY_LC1_3E20
NA,NA,NA,0.3524237,0.1845522,0.1597402,CV.Total.SURVEY_LC1_3E30
NA,NA,NA,  0,  0,  0,CV.Total.SURVEY_LC1_3F20
NA,NA,NA,0.5784805,0.1987567,0.1910110,CV.Total.SURVEY_LC1_3F40
NA,NA,NA,0.167443789,0.007696071,0.022071144,CV.Total.SURVEY_LC1_3G11
NA,NA,NA,NA,NA,  0,CV.Total.SURVEY_LC1_3G12
NA,NA,NA,0.07296288,0.14352542,0.04566740,CV.Total.SURVEY_LC1_3G21
NA,NA,NA,0.19281030,0.06324321,0.06921855,CV.Total.SURVEY_LC1_3H11
0.33263041,0.12870775,0.08571435,0.06247712,0.02761876,0.02730579,CV.Total.SURVEY_LU1_3U111
NA,NA,NA,0.04235898,0.27130488,0.18171243,CV.Total.SURVEY_LU1_3U112
0.00000000,0.13668543,0.17103938,0.05051082,0.09662429,0.10026877,CV.Total.SURVEY_LU1_3U113
NA,0.00000000,0.30005359,0.02826895,0.01897382,0.04107231,CV.Total.SURVEY_LU1_3U120
NA,NA,NA,0.00000000,0.02351616,0.05966919,CV.Total.SURVEY_LU1_3U130
NA,NA,NA,0.2229004,0.0000000,0.0000000,CV.Total.SURVEY_LU1_3U140
NA,NA,NA,NA,  0,  0,CV.Total.SURVEY_LU1_3U150
NA,NA,NA,NA,0.3340349,0.3028596,CV.Total.SURVEY_LU1_3U210
NA,NA,NA,0.1770659,0.1516047,0.0000000,CV.Total.SURVEY_LU1_3U221
NA,NA,NA,NA,0.703944,NA,CV.Total.SURVEY_LU1_3U222
NA,NA,NA,  0,  0,NA,CV.Total.SURVEY_LU1_3U223
NA,NA,NA,  0,NA,  0,CV.Total.SURVEY_LU1_3U224
NA,NA,NA,0.0000000,0.2188862,0.0000000,CV.Total.SURVEY_LU1_3U225
NA,NA,NA,0.6198544,0.2527932,0.0000000,CV.Total.SURVEY_LU1_3U226
NA,NA,NA,  0,  0,  0,CV.Total.SURVEY_LU1_3U227
NA,NA,NA,0.1019790,0.2229492,0.2506143,CV.Total.SURVEY_LU1_3U311
NA,NA,NA,0.12441707,0.06567754,0.06737603,CV.Total.SURVEY_LU1_3U312
NA,NA,NA,0.09480157,0.09898107,0.06008287,CV.Total.SURVEY_LU1_3U313
NA,NA,NA,0.13030422,0.09746541,0.00000000,CV.Total.SURVEY_LU1_3U314
NA,NA,NA,NA,NA,0.2597781,CV.Total.SURVEY_LU1_3U315
NA,NA,NA,0.0000000,0.1946616,0.2857507,CV.Total.SURVEY_LU1_3U317
NA,NA,NA,NA,0.5349583,0.1273610,CV.Total.SURVEY_LU1_3U318
NA,NA,NA,0.15061311,0.09175206,0.10020275,CV.Total.SURVEY_LU1_3U319
NA,NA,NA,0.3389804,0.2002328,0.2426922,CV.Total.SURVEY_LU1_3U321
NA,NA,NA,0.0000000,0.6676161,0.4756822,CV.Total.SURVEY_LU1_3U322
NA,NA,NA,0.1646870,0.1407090,0.5246794,CV.Total.SURVEY_LU1_3U330
NA,NA,NA,0.4152290,0.2761689,0.0000000,CV.Total.SURVEY_LU1_3U341
NA,NA,NA,  0,NA,NA,CV.Total.SURVEY_LU1_3U342
NA,NA,NA,0.31030933,0.05434212,0.24983184,CV.Total.SURVEY_LU1_3U350
NA,NA,NA,0.18712451,0.04156824,0.15709287,CV.Total.SURVEY_LU1_3U361
NA,NA,NA,0.0000000,0.2599632,0.1996397,CV.Total.SURVEY_LU1_3U362
NA,NA,NA,0.06347360,0.05847248,0.18364059,CV.Total.SURVEY_LU1_3U370
NA,NA,NA,0.6195062,0.5357012,0.0000000,CV.Total.SURVEY_LU1_3U411
NA,NA,NA,  0,NA,NA,CV.Total.SURVEY_LU1_3U412
NA,NA,NA,NA,0.3488664,0.0000000,CV.Total.SURVEY_LU1_3U413
NA,NA,NA,0.25898275,0.09600349,0.33816022,CV.Total.SURVEY_LU1_3U414
0.0000000,NA,0.0000000,0.0000000,0.1752248,0.2118809,CV.Total.SURVEY_LU1_3U415
NA,NA,0.00000000,0.12489934,0.08779750,0.05763767,CV.Total.SURVEY_LU1_3U420
0.31900615,0.12609983,0.08406568,0.03060996,0.01464969,0.01806440,CV.Total.settlement0
NA,NA,NA,0.03497650,0.02783286,0.08393382,CV.Total.settlement1
0.31900615,0.12621350,0.08411364,0.03831191,0.02052120,0.02161487,CV.Total.fao_class_name0
NA,0.00000000,0.30005359,0.02483033,0.01035462,0.03975065,CV.Total.fao_class_name1
NA,NA,NA,0.3242491,0.1146123,0.1324381,CV.Total.fao_class_name2
NA,NA,NA,0.09959641,0.10105129,0.31864251,CV.Total.fao_class_name3
0.31900615,0.12609983,0.08406568,0.02874582,0.01439579,0.01748627,CV.Total.lue0
NA,NA,NA,0.05905406,0.03330411,0.14172620,CV.Total.lue1
0.31900615,0.12609983,0.08406568,0.02722497,0.01392913,0.01611896,CV.Total.lud0
NA,NA,NA,0.06502307,0.04903607,0.03882678,CV.Total.lud1
