RO1.No,RO2.No,RO3.No,RO4.No,RO1.Yes,RO2.Yes,RO3.Yes,RO4.Yes,variable
No,No,No,No,Yes,Yes,Yes,Yes,flag_two
13302.56,24832.42,13000.61,16650.68,54949.44,47794.58,23270.39,44597.32,Total.area
   0.000,   0.000,   0.000,   0.000,1805.705,1917.000,1487.004,1562.876,Total.SURVEY_LC1_1A
 4486.075,16233.246,11676.696,11330.616, 7219.019,12595.042, 6070.083, 6934.676,Total.SURVEY_LC1_1B
 8816.488, 8593.654, 1319.673, 5316.040,22046.496,11215.557, 6694.264,19741.545,Total.SURVEY_LC1_1C
   0.000000,   0.000000,   0.000000,   4.019692,2517.967389,1526.907061, 615.428987,1921.015451,Total.SURVEY_LC1_1D
    0.000000,    5.519323,    0.000000,    0.000000,20197.123510,13725.177969, 5833.636113,10726.950225,Total.SURVEY_LC1_1E
   0.000000,   0.000000,   4.236936,   0.000000, 699.763428,2158.359920,1796.040300,2695.543666,Total.SURVEY_LC1_1F
   0.0000,   0.0000,   0.0000,   0.0000, 309.7929,2005.2198, 556.3261, 755.8407,Total.SURVEY_LC1_1G
   0.0000,   0.0000,   0.0000,   0.0000, 153.5695,2651.3177, 217.6127, 258.8773,Total.SURVEY_LC1_1H
13290.57,24826.90,12996.37,16636.35,49250.87,39823.27,19977.43,38912.64,Total.SURVEY_LU1_1U1
  0.00000,  0.00000,  0.00000,  0.00000, 65.20080, 57.92420, 87.88543,103.41915,Total.SURVEY_LU1_1U2
   3.857292,   0.000000,   0.000000,   4.232858,2472.053640,2851.770498,1946.674552,2336.229245,Total.SURVEY_LU1_1U3
   8.132858,   5.519323,   4.236936,  10.092397,3161.312519,5061.615686,1258.409028,3245.034821,Total.SURVEY_LU1_1U4
  0.0000,  0.0000,  0.0000,  0.0000,600.0803,548.8250,444.8911,590.4224,Total.SURVEY_LC1_2A1
   0.0000,   0.0000,   0.0000,   0.0000,1090.2960,1318.4460,1006.3268, 919.7293,Total.SURVEY_LC1_2A2
  0.00000,  0.00000,  0.00000,  0.00000,115.32893, 49.72881, 35.78576, 52.72394,Total.SURVEY_LC1_2A3
   0.000,   0.000,   0.000,   0.000,4269.821,7203.027,3536.806,4107.706,Total.SURVEY_LC1_2B1
  0.000000,  0.000000,  0.000000,  0.000000,162.500619,173.098089, 25.482947,  8.564888,Total.SURVEY_LC1_2B2
   0.000,   0.000,   0.000,   0.000,1008.761,3324.160,1738.926,1424.611,Total.SURVEY_LC1_2B3
 0.00000, 0.00000, 0.00000, 0.00000,88.30747,95.20721,94.50140,57.40808,Total.SURVEY_LC1_2B4
   0.0000,   0.0000,   0.0000,   0.0000, 992.6612,1098.7710, 277.7080, 754.2759,Total.SURVEY_LC1_2B5
  0.0000,  0.0000,  0.0000,  0.0000,613.6861,228.4313,305.7493,491.3045,Total.SURVEY_LC1_2B7
  0.00000,  0.00000,  0.00000,  0.00000, 83.28157,472.34720, 90.90902, 90.80518,Total.SURVEY_LC1_2B8
 4486.075,16233.246,11676.696,11330.616,    0.000,    0.000,    0.000,    0.000,Total.SURVEY_LC1_2Bx
    0.00000,   15.14567,    0.00000,    0.00000,15922.25327, 7923.23515, 6601.05566,18990.02101,Total.SURVEY_LC1_2C1
3700.32134,2435.00935,  63.38187, 184.97242,3591.48002,2199.12373,  76.05416, 433.74643,Total.SURVEY_LC1_2C2
5116.1669,6143.4986,1256.2912,5131.0677,2532.7626,1093.1976,  17.1541, 317.7775,Total.SURVEY_LC1_2C3
   0.000000,   0.000000,   0.000000,   4.019692,1327.858498, 826.734115, 289.869800, 948.054568,Total.SURVEY_LC1_2D1
   0.0000,   0.0000,   0.0000,   0.0000,1190.1089, 700.1729, 325.5592, 972.9609,Total.SURVEY_LC1_2D2
   0.000,   0.000,   0.000,   0.000,4223.585,2455.089,1516.188,1944.416,Total.SURVEY_LC1_2E1
    0.000,    0.000,    0.000,    0.000,14671.745, 9979.603, 3383.607, 7121.128,Total.SURVEY_LC1_2E2
   0.000000,   5.519323,   0.000000,   0.000000,1301.793955,1290.486057, 933.841115,1661.406090,Total.SURVEY_LC1_2E3
  0.00000,  0.00000,  0.00000,  0.00000, 75.40715, 58.78136, 56.72969,119.05233,Total.SURVEY_LC1_2F1
 0.00000, 0.00000, 0.00000, 0.00000, 8.91030,12.83432,31.25242,31.79701,Total.SURVEY_LC1_2F2
0.000000,0.000000,0.000000,0.000000,0.000000,0.000000,7.996292,0.000000,Total.SURVEY_LC1_2F3
   0.000000,   0.000000,   4.236936,   0.000000, 615.445974,2086.744241,1700.061894,2544.694330,Total.SURVEY_LC1_2F4
   0.0000,   0.0000,   0.0000,   0.0000, 135.3511,1314.4688, 218.6421, 150.3910,Total.SURVEY_LC1_2G1
  0.0000,  0.0000,  0.0000,  0.0000,174.4418,690.7510,337.6839,605.4497,Total.SURVEY_LC1_2G2
   0.0000,   0.0000,   0.0000,   0.0000, 153.5695,2651.3177, 217.6127, 258.8773,Total.SURVEY_LC1_2H1
 4482.569,16229.161,11676.696,11322.705,26862.413,27470.187,13060.722,19034.015,Total.SURVEY_LU1_2U11
 8808.004, 8597.738, 1319.673, 5303.742,22209.336,11144.123, 6656.246,19555.299,Total.SURVEY_LU1_2U12
   0.0000,   0.0000,   0.0000,   0.0000, 130.1053,1150.4833, 214.2736, 200.9874,Total.SURVEY_LU1_2U13
  0.000000,  0.000000,  0.000000,  9.904207, 41.926424, 58.477349, 42.304557,118.136895,Total.SURVEY_LU1_2U14
0.000000,0.000000,0.000000,0.000000,7.088552,0.000000,3.878834,4.201799,Total.SURVEY_LU1_2U15
 0.00000, 0.00000, 0.00000, 0.00000,23.90336,15.84589,54.78714,82.30945,Total.SURVEY_LU1_2U21
 0.00000, 0.00000, 0.00000, 0.00000,41.29744,42.07831,33.09828,21.10969,Total.SURVEY_LU1_2U22
   0.0000,   0.0000,   0.0000,   0.0000, 952.4253,1512.5199, 867.7796,1063.7792,Total.SURVEY_LU1_2U31
 0.00000, 0.00000, 0.00000, 0.00000,23.90418,42.63906,33.70517,28.97377,Total.SURVEY_LU1_2U32
 0.00000, 0.00000, 0.00000, 0.00000,34.10936,37.38536,26.54319,21.16317,Total.SURVEY_LU1_2U33
 0.00000, 0.00000, 0.00000, 0.00000,21.30699,22.18190,56.30486,13.45016,Total.SURVEY_LU1_2U34
  3.857292,  0.000000,  0.000000,  4.232858,149.230610,139.189590,  8.145189, 40.718181,Total.SURVEY_LU1_2U35
 0.00000, 0.00000, 0.00000, 0.00000,71.23957,61.16531,48.21769,68.80470,Total.SURVEY_LU1_2U36
   0.0000,   0.0000,   0.0000,   0.0000,1219.8376,1036.6893, 905.9789,1099.3400,Total.SURVEY_LU1_2U37
  3.505551,  0.000000,  0.000000,  0.000000,197.705154,161.330943,129.803799,212.708808,Total.SURVEY_LU1_2U41
   4.627307,   5.519323,   4.236936,  10.092397,2963.607365,4900.284743,1128.605229,3032.326013,Total.SURVEY_LU1_2U42
  0.0000,  0.0000,  0.0000,  0.0000,588.1094,528.2198,340.7076,553.1151,Total.SURVEY_LC1_3A11
 0.000000, 0.000000, 0.000000, 0.000000, 3.812044, 4.836060,27.539835, 8.730229,Total.SURVEY_LC1_3A12
 0.000000, 0.000000, 0.000000, 0.000000, 8.158823,15.769234,76.643732,28.577076,Total.SURVEY_LC1_3A13
  0.0000,  0.0000,  0.0000,  0.0000,256.9425,416.2720,467.3506,224.4671,Total.SURVEY_LC1_3A21
  0.0000,  0.0000,  0.0000,  0.0000,833.3535,902.1740,538.9761,695.2623,Total.SURVEY_LC1_3A22
  0.00000,  0.00000,  0.00000,  0.00000,115.32893, 49.72881, 35.78576, 52.72394,Total.SURVEY_LC1_3A30
   0.0000,   0.0000,   0.0000,   0.0000, 915.0186,2346.3164,1264.1962,1420.5438,Total.SURVEY_LC1_3B11
  0.00000,  0.00000,  0.00000,  0.00000, 68.48133,175.60777,116.81116,178.98369,Total.SURVEY_LC1_3B12
  0.0000,  0.0000,  0.0000,  0.0000,136.4934,401.3948,318.1579,249.9499,Total.SURVEY_LC1_3B13
  0.00000,  0.00000,  0.00000,  0.00000, 78.58686, 46.97126, 30.33694,165.28763,Total.SURVEY_LC1_3B14
 0.00000, 0.00000, 0.00000, 0.00000,65.05444,87.53879,73.27411,82.98341,Total.SURVEY_LC1_3B15
   0.000,   0.000,   0.000,   0.000,2939.532,4118.754,1720.086,1952.228,Total.SURVEY_LC1_3B16
 0.000000, 0.000000, 0.000000, 0.000000,66.654087, 0.000000, 9.275348,57.730279,Total.SURVEY_LC1_3B18
 0.000000, 0.000000, 0.000000, 0.000000, 0.000000,26.443789, 4.667871, 0.000000,Total.SURVEY_LC1_3B19
  0.000000,  0.000000,  0.000000,  0.000000,162.500619, 60.577615,  9.904847,  8.564888,Total.SURVEY_LC1_3B21
 0.000000, 0.000000, 0.000000, 0.000000, 0.000000,99.267686, 5.236976, 0.000000,Total.SURVEY_LC1_3B22
 0.00000, 0.00000, 0.00000, 0.00000, 0.00000,13.25279,10.34112, 0.00000,Total.SURVEY_LC1_3B23
   0.0000,   0.0000,   0.0000,   0.0000, 639.5972,2591.4730,1017.3393, 960.1833,Total.SURVEY_LC1_3B31
  0.0000,  0.0000,  0.0000,  0.0000,189.1778,558.1196,677.1915,337.4403,Total.SURVEY_LC1_3B32
  0.00000,  0.00000,  0.00000,  0.00000,176.17426,163.10967, 39.72718,118.21461,Total.SURVEY_LC1_3B33
 0.000000, 0.000000, 0.000000, 0.000000, 0.000000,11.458148, 4.667871, 0.000000,Total.SURVEY_LC1_3B35
0.000000,0.000000,0.000000,0.000000,3.812044,0.000000,0.000000,8.772563,Total.SURVEY_LC1_3B37
 0.00000, 0.00000, 0.00000, 0.00000, 0.00000, 0.00000, 0.00000,37.31267,Total.SURVEY_LC1_3B41
 0.000000, 0.000000, 0.000000, 0.000000, 8.528866,17.840112, 9.010393,11.853250,Total.SURVEY_LC1_3B42
 0.000000, 0.000000, 0.000000, 0.000000,79.778608,73.033382,70.612586, 8.242156,Total.SURVEY_LC1_3B43
0.000000,0.000000,0.000000,0.000000,0.000000,4.333718,4.670125,0.000000,Total.SURVEY_LC1_3B44
 0.00000, 0.00000, 0.00000, 0.00000, 0.00000, 0.00000,10.20829, 0.00000,Total.SURVEY_LC1_3B45
 0.000000, 0.000000, 0.000000, 0.000000,32.919149, 3.638243, 0.000000, 0.000000,Total.SURVEY_LC1_3B51
   0.0000,   0.0000,   0.0000,   0.0000, 854.8411,1023.6227, 235.9039, 472.8585,Total.SURVEY_LC1_3B52
 0.00000, 0.00000, 0.00000, 0.00000,47.95045,26.10847,17.24309,61.83649,Total.SURVEY_LC1_3B53
 0.00000, 0.00000, 0.00000, 0.00000, 4.02025,29.86049,15.44527,22.04525,Total.SURVEY_LC1_3B54
  0.00000,  0.00000,  0.00000,  0.00000, 52.93026, 15.54108,  9.11581,197.53563,Total.SURVEY_LC1_3B55
  0.00000,  0.00000,  0.00000,  0.00000,273.44122, 68.33558,145.91708,140.73813,Total.SURVEY_LC1_3B71
 0.00000, 0.00000, 0.00000, 0.00000,20.85285,31.91438, 3.65817,36.21176,Total.SURVEY_LC1_3B72
 0.000000, 0.000000, 0.000000, 0.000000, 9.869257,39.596300, 0.000000,28.785493,Total.SURVEY_LC1_3B73
 0.00000, 0.00000, 0.00000, 0.00000,49.78156,18.92463,31.35489,34.51039,Total.SURVEY_LC1_3B74
  0.00000,  0.00000,  0.00000,  0.00000,259.74119, 69.66043,124.81911,251.05875,Total.SURVEY_LC1_3B75
  0.00000,  0.00000,  0.00000,  0.00000, 71.01215,460.18967, 86.87141, 82.54873,Total.SURVEY_LC1_3B82
 0.000000, 0.000000, 0.000000, 0.000000, 3.505551,12.157526, 0.000000, 4.028490,Total.SURVEY_LC1_3B83
0.000000,0.000000,0.000000,0.000000,8.763877,0.000000,4.037612,4.227956,Total.SURVEY_LC1_3B84
 3826.796,15066.886,11244.058,10554.053,    0.000,    0.000,    0.000,    0.000,Total.SURVEY_LC1_3Bx1
 659.2795,1166.3599, 432.6379, 776.5636,   0.0000,   0.0000,   0.0000,   0.0000,Total.SURVEY_LC1_3Bx2
    0.000,    0.000,    0.000,    0.000,15922.253, 7923.235, 6601.056,18990.021,Total.SURVEY_LC1_3C10
 0.00000,15.14567, 0.00000, 0.00000, 0.00000, 0.00000, 0.00000, 0.00000,Total.SURVEY_LC1_3C1x
   0.00000,   0.00000,   0.00000,   0.00000,2507.77497,2008.45443,  67.16043, 307.31609,Total.SURVEY_LC1_3C21
  0.00000,  0.00000,  0.00000,  0.00000, 24.23853,175.52363,  0.00000, 49.55152,Total.SURVEY_LC1_3C22
   0.000000,   0.000000,   0.000000,   0.000000,1059.466517,  15.145674,   8.893729,  76.878822,Total.SURVEY_LC1_3C23
3700.32134,2435.00935,  63.38187, 184.97242,   0.00000,   0.00000,   0.00000,   0.00000,Total.SURVEY_LC1_3C2x
   0.000000,   0.000000,   0.000000,   0.000000,1277.656347, 226.267254,   4.517995,  45.054795,Total.SURVEY_LC1_3C31
 0.00000, 0.00000, 0.00000, 0.00000,12.54976, 0.00000, 0.00000,10.46324,Total.SURVEY_LC1_3C32
   0.00000,   0.00000,   0.00000,   0.00000,1242.55648, 866.93038,  12.63611, 262.25952,Total.SURVEY_LC1_3C33
5116.167,6143.499,1256.291,5131.068,   0.000,   0.000,   0.000,   0.000,Total.SURVEY_LC1_3C3x
   0.0000,   0.0000,   0.0000,   0.0000,1327.8585, 826.7341, 289.8698, 948.0546,Total.SURVEY_LC1_3D10
0.000000,0.000000,0.000000,4.019692,0.000000,0.000000,0.000000,0.000000,Total.SURVEY_LC1_3D1x
   0.0000,   0.0000,   0.0000,   0.0000,1190.1089, 700.1729, 325.5592, 972.9609,Total.SURVEY_LC1_3D20
   0.000,   0.000,   0.000,   0.000,4223.585,2455.089,1516.188,1944.416,Total.SURVEY_LC1_3E10
    0.000,    0.000,    0.000,    0.000,14671.745, 9979.603, 3383.607, 7121.128,Total.SURVEY_LC1_3E20
   0.0000,   0.0000,   0.0000,   0.0000,1301.7940,1290.4861, 933.8411,1661.4061,Total.SURVEY_LC1_3E30
0.000000,5.519323,0.000000,0.000000,0.000000,0.000000,0.000000,0.000000,Total.SURVEY_LC1_3E3x
  0.00000,  0.00000,  0.00000,  0.00000, 75.40715, 58.78136, 56.72969,119.05233,Total.SURVEY_LC1_3F10
 0.00000, 0.00000, 0.00000, 0.00000, 8.91030,12.83432,31.25242,31.79701,Total.SURVEY_LC1_3F20
0.000000,0.000000,0.000000,0.000000,0.000000,0.000000,7.996292,0.000000,Total.SURVEY_LC1_3F30
   0.000,   0.000,   0.000,   0.000, 615.446,2086.744,1700.062,2544.694,Total.SURVEY_LC1_3F40
0.000000,0.000000,4.236936,0.000000,0.000000,0.000000,0.000000,0.000000,Total.SURVEY_LC1_3F4x
   0.0000,   0.0000,   0.0000,   0.0000, 135.3511,1309.8740, 218.6421, 150.3910,Total.SURVEY_LC1_3G11
0.000000,0.000000,0.000000,0.000000,0.000000,4.594739,0.000000,0.000000,Total.SURVEY_LC1_3G12
  0.0000,  0.0000,  0.0000,  0.0000,174.4418,690.7510,337.6839,605.4497,Total.SURVEY_LC1_3G21
   0.0000,   0.0000,   0.0000,   0.0000, 153.5695,2647.1666, 217.6127, 258.8773,Total.SURVEY_LC1_3H11
0.000000,0.000000,0.000000,0.000000,0.000000,4.151084,0.000000,0.000000,Total.SURVEY_LC1_3H12
 4266.321,16037.170,11616.019,11130.542,25669.227,26509.003,12372.675,17802.075,Total.SURVEY_LU1_3U111
   0.000000,   0.000000,   5.236976,   0.000000,1123.074532, 823.082001, 659.748033,1175.969988,Total.SURVEY_LU1_3U112
216.24866,191.99125, 55.43935,192.16230, 70.11122,138.10218, 28.29892, 55.97070,Total.SURVEY_LU1_3U113
 8808.004, 8597.738, 1319.673, 5303.742,22209.336,11144.123, 6656.246,19555.299,Total.SURVEY_LU1_3U120
   0.0000,   0.0000,   0.0000,   0.0000, 130.1053,1150.4833, 214.2736, 200.9874,Total.SURVEY_LU1_3U130
  0.000000,  0.000000,  0.000000,  9.904207, 41.926424, 58.477349, 42.304557,118.136895,Total.SURVEY_LU1_3U140
0.000000,0.000000,0.000000,0.000000,7.088552,0.000000,3.878834,4.201799,Total.SURVEY_LU1_3U150
 0.00000, 0.00000, 0.00000, 0.00000,23.90336,15.84589,54.78714,82.30945,Total.SURVEY_LU1_3U210
0.000000,0.000000,0.000000,0.000000,5.381899,5.286658,0.000000,0.000000,Total.SURVEY_LU1_3U221
0.000000,0.000000,0.000000,0.000000,0.000000,0.000000,0.000000,3.968412,Total.SURVEY_LU1_3U222
 0.000000, 0.000000, 0.000000, 0.000000, 7.788891,19.548427, 4.318519, 0.000000,Total.SURVEY_LU1_3U223
 0.000000, 0.000000, 0.000000, 0.000000, 0.000000, 4.217339,18.770391, 4.233641,Total.SURVEY_LU1_3U224
0.000000,0.000000,0.000000,0.000000,0.000000,0.000000,0.000000,8.673999,Total.SURVEY_LU1_3U225
 0.000000, 0.000000, 0.000000, 0.000000,16.237183, 4.836060,10.009373, 4.233641,Total.SURVEY_LU1_3U226
 0.000000, 0.000000, 0.000000, 0.000000,11.889464, 8.189825, 0.000000, 0.000000,Total.SURVEY_LU1_3U227
 0.00000, 0.00000, 0.00000, 0.00000,24.56965,31.16610, 0.00000,26.28609,Total.SURVEY_LU1_3U311
  0.0000,  0.0000,  0.0000,  0.0000,797.9148,875.6445,581.4072,684.0993,Total.SURVEY_LU1_3U312
  0.00000,  0.00000,  0.00000,  0.00000, 55.26067,481.57353,234.31045,312.31504,Total.SURVEY_LU1_3U313
 0.000000, 0.000000, 0.000000, 0.000000, 4.698976,14.995362, 8.276647, 4.337391,Total.SURVEY_LU1_3U314
 0.00000, 0.00000, 0.00000, 0.00000,21.23963,65.44749,32.35718,18.01597,Total.SURVEY_LU1_3U317
 0.000000, 0.000000, 0.000000, 0.000000,36.475239,30.601702,11.428110, 7.261574,Total.SURVEY_LU1_3U318
 0.00000, 0.00000, 0.00000, 0.00000,12.26641,13.09127, 0.00000,11.46392,Total.SURVEY_LU1_3U319
 0.00000, 0.00000, 0.00000, 0.00000,23.90418,42.63906,33.70517,15.48741,Total.SURVEY_LU1_3U321
 0.00000, 0.00000, 0.00000, 0.00000, 0.00000, 0.00000, 0.00000,13.48636,Total.SURVEY_LU1_3U322
 0.00000, 0.00000, 0.00000, 0.00000,34.10936,37.38536,26.54319,21.16317,Total.SURVEY_LU1_3U330
 0.00000, 0.00000, 0.00000, 0.00000,21.30699,22.18190,56.30486,13.45016,Total.SURVEY_LU1_3U341
  3.857292,  0.000000,  0.000000,  4.232858,149.230610,139.189590,  8.145189, 40.718181,Total.SURVEY_LU1_3U350
 0.00000, 0.00000, 0.00000, 0.00000,54.94171,44.80700,30.87312,53.13576,Total.SURVEY_LU1_3U361
 0.00000, 0.00000, 0.00000, 0.00000,16.29786,16.35831,17.34458,15.66893,Total.SURVEY_LU1_3U362
   0.0000,   0.0000,   0.0000,   0.0000,1219.8376,1036.6893, 905.9789,1099.3400,Total.SURVEY_LU1_3U370
 0.00000, 0.00000, 0.00000, 0.00000,65.11921,20.34621,40.13023,29.69819,Total.SURVEY_LU1_3U411
0.000000,0.000000,0.000000,0.000000,0.000000,0.000000,4.189903,0.000000,Total.SURVEY_LU1_3U412
0.000000,0.000000,0.000000,0.000000,0.000000,3.920076,8.012685,0.000000,Total.SURVEY_LU1_3U413
 0.000000, 0.000000, 0.000000, 0.000000,21.399071,12.352966, 9.210340, 8.011959,Total.SURVEY_LU1_3U414
  3.505551,  0.000000,  0.000000,  0.000000,111.186876,124.711689, 68.260641,174.998659,Total.SURVEY_LU1_3U415
   4.627307,   5.519323,   4.236936,  10.092397,2963.607365,4900.284743,1128.605229,3032.326013,Total.SURVEY_LU1_3U420
13298.71,24832.42,13000.61,16646.44,52423.20,45325.57,21366.60,42411.42,Total.settlement0
   3.857292,   0.000000,   0.000000,   4.232858,2526.241621,2469.010578,1903.789442,2185.906831,Total.settlement1
 4862.10,16999.70,11741.58,11494.92,33522.33,37449.69,16807.21,24773.93,Total.fao_class_name0
 8436.005, 7775.509, 1259.021, 5155.754,20113.490, 9793.169, 6086.254,18902.099,Total.fao_class_name1
  4.458404, 57.210855,  0.000000,  0.000000,750.002867,389.506694, 80.468055,454.538255,Total.fao_class_name2
  0.0000,  0.0000,  0.0000,  0.0000,563.6097,162.2135,296.4656,466.7576,Total.fao_class_name3
13298.71,24832.42,13000.61,16646.44,53487.82,46535.35,22251.75,43375.01,Total.lue0
   3.857292,   0.000000,   0.000000,   4.232858,1461.614780,1259.226134,1018.646630,1222.313065,Total.lue1
13302.56,24832.42,13000.61,16640.77,53831.87,46085.64,22212.18,43261.85,Total.lud0
   0.000000,   0.000000,   0.000000,   9.904207,1117.566082,1708.945915,1058.217906,1335.472223,Total.lud1
2389.2055, 505.2527, 744.6436,1629.2308,2303.9673, 496.4815, 701.4838,1632.1116,SE.Total.area
  0.00000,  0.00000,  0.00000,  0.00000,112.27396,104.64056, 49.58077, 79.37924,SE.Total.SURVEY_LC1_1A
229.3965,276.3193,112.1948,282.9320,189.8155,267.4015,118.0908,246.9406,SE.Total.SURVEY_LC1_1B
2378.2223, 423.2642, 736.1596,1604.5260,2303.4248, 433.3584, 791.2574,1611.3757,SE.Total.SURVEY_LC1_1C
  0.00000,  0.00000,  0.00000,  0.00000,125.83061,116.75492, 47.29512, 86.16882,SE.Total.SURVEY_LC1_1D
  0.000000,  2.882372,  0.000000,  0.000000,342.829590,304.635879,595.932493,210.186534,SE.Total.SURVEY_LC1_1E
  0.00000,  0.00000,  0.00000,  0.00000, 75.87278,129.59771, 47.27927,170.85406,SE.Total.SURVEY_LC1_1F
 0.00000, 0.00000, 0.00000, 0.00000, 9.38728,37.02492,10.74472,22.00425,SE.Total.SURVEY_LC1_1G
 0.00000, 0.00000, 0.00000, 0.00000,20.44766,71.99865,20.67127,76.54450,SE.Total.SURVEY_LC1_1H
2389.2055, 505.2445, 744.6436,1629.2149,2308.0620, 501.3922, 705.1872,1634.0011,SE.Total.SURVEY_LU1_1U1
 0.000000, 0.000000, 0.000000, 0.000000, 9.867593, 4.491656,16.480855, 0.000000,SE.Total.SURVEY_LU1_1U2
  0.00000,  0.00000,  0.00000,  0.00000,120.32875, 98.36581, 73.62303, 77.80332,SE.Total.SURVEY_LU1_1U3
  0.000000,  2.882372,  0.000000,  8.261619,122.288177,198.265238, 52.059385,126.048395,SE.Total.SURVEY_LU1_1U4
 0.00000, 0.00000, 0.00000, 0.00000,80.49288,76.00426,75.84374,64.56398,SE.Total.SURVEY_LC1_2A1
  0.00000,  0.00000,  0.00000,  0.00000,117.27670,104.47200, 83.07741, 74.80817,SE.Total.SURVEY_LC1_2A2
 0.000000, 0.000000, 0.000000, 0.000000,34.423501, 3.506182, 4.867209, 2.217703,SE.Total.SURVEY_LC1_2A3
  0.0000,  0.0000,  0.0000,  0.0000,168.1918,216.2092, 84.4760,204.4931,SE.Total.SURVEY_LC1_2B1
 0.000000, 0.000000, 0.000000, 0.000000,39.952808,34.933108, 5.306632, 1.975575,SE.Total.SURVEY_LC1_2B2
  0.00000,  0.00000,  0.00000,  0.00000, 97.73132,160.68231, 58.60192,127.75728,SE.Total.SURVEY_LC1_2B3
 0.000000, 0.000000, 0.000000, 0.000000,26.001319,27.275397, 9.629007,23.503420,SE.Total.SURVEY_LC1_2B4
 0.00000, 0.00000, 0.00000, 0.00000,82.17920,98.81269,25.13554,91.48375,SE.Total.SURVEY_LC1_2B5
 0.00000, 0.00000, 0.00000, 0.00000,55.50986,39.13322,64.02428,69.56557,SE.Total.SURVEY_LC1_2B7
 0.00000, 0.00000, 0.00000, 0.00000,22.03689,85.89497,31.38681,12.85751,SE.Total.SURVEY_LC1_2B8
229.3965,276.3193,112.1948,282.9320,  0.0000,  0.0000,  0.0000,  0.0000,SE.Total.SURVEY_LC1_2Bx
   0.00000,  12.69924,   0.00000,   0.00000,2457.35965, 391.05550, 791.25740,1611.67317,SE.Total.SURVEY_LC1_2C1
1743.55241, 207.23461,   0.00000,  28.30555,1727.38844, 228.43698,   0.00000,  47.93376,SE.Total.SURVEY_LC1_2C2
1923.82979, 414.80733, 736.15964,1604.38681,1585.12618, 186.09132,   0.00000,  44.92392,SE.Total.SURVEY_LC1_2C3
 0.00000, 0.00000, 0.00000, 0.00000,89.48252,96.60516,32.94097,55.88800,SE.Total.SURVEY_LC1_2D1
 0.00000, 0.00000, 0.00000, 0.00000,92.32032,66.03875,33.95903,66.34778,SE.Total.SURVEY_LC1_2D2
  0.00000,  0.00000,  0.00000,  0.00000,234.21965,200.56293,587.53989, 94.68941,SE.Total.SURVEY_LC1_2E1
  0.0000,  0.0000,  0.0000,  0.0000,321.5998,267.5532,128.5914,179.6928,SE.Total.SURVEY_LC1_2E2
  0.000000,  2.882372,  0.000000,  0.000000, 95.499687,104.949680, 63.826029,114.595605,SE.Total.SURVEY_LC1_2E3
 0.000000, 0.000000, 0.000000, 0.000000, 7.322949,30.276090, 2.321348,10.363052,SE.Total.SURVEY_LC1_2F1
0.000000,0.000000,0.000000,0.000000,0.000000,0.000000,3.086951,8.578465,SE.Total.SURVEY_LC1_2F2
0.000000,0.000000,0.000000,0.000000,0.000000,0.000000,5.654232,0.000000,SE.Total.SURVEY_LC1_2F3
  0.00000,  0.00000,  0.00000,  0.00000, 75.51856,126.01161, 46.87751,170.32391,SE.Total.SURVEY_LC1_2F4
 0.000000, 0.000000, 0.000000, 0.000000, 3.858732,23.984763, 3.114964, 0.000000,SE.Total.SURVEY_LC1_2G1
 0.000000, 0.000000, 0.000000, 0.000000, 8.557524,34.928045,10.505175,22.004254,SE.Total.SURVEY_LC1_2G2
 0.00000, 0.00000, 0.00000, 0.00000,20.44766,71.99865,20.67127,76.54450,SE.Total.SURVEY_LC1_2H1
229.3965,276.3193,112.1948,282.9320,334.6029,331.0631,604.7507,298.1698,SE.Total.SURVEY_LU1_2U11
2378.2223, 423.2642, 736.1596,1604.5001,2303.6757, 430.1662, 791.1946,1611.4486,SE.Total.SURVEY_LU1_2U12
 0.000000, 0.000000, 0.000000, 0.000000, 3.858732,17.479147, 2.090269,15.982707,SE.Total.SURVEY_LU1_2U13
 0.000000, 0.000000, 0.000000, 7.828419, 0.000000,16.625734,13.217717, 8.532202,SE.Total.SURVEY_LU1_2U14
0,0,0,0,0,0,0,0,SE.Total.SURVEY_LU1_2U15
0.000000,0.000000,0.000000,0.000000,2.427038,0.000000,8.181244,0.000000,SE.Total.SURVEY_LU1_2U21
 0.000000, 0.000000, 0.000000, 0.000000, 9.564459, 4.491656,14.306846, 0.000000,SE.Total.SURVEY_LU1_2U22
  0.00000,  0.00000,  0.00000,  0.00000,106.89940,100.92624, 73.89833, 61.35098,SE.Total.SURVEY_LU1_2U31
0.000000,0.000000,0.000000,0.000000,0.000000,3.488203,2.321348,2.217703,SE.Total.SURVEY_LU1_2U32
 0.000000, 0.000000, 0.000000, 0.000000, 2.350197,14.746404,15.254802, 0.000000,SE.Total.SURVEY_LU1_2U33
 0.000000, 0.000000, 0.000000, 0.000000, 5.751486, 3.082790,42.071419, 1.626375,SE.Total.SURVEY_LU1_2U34
 0.000000, 0.000000, 0.000000, 0.000000,51.827876,58.229337, 0.000000, 1.722033,SE.Total.SURVEY_LU1_2U35
0.000000,0.000000,0.000000,0.000000,8.258758,1.322165,8.204307,9.076785,SE.Total.SURVEY_LU1_2U36
 0.00000, 0.00000, 0.00000, 0.00000,87.96076,82.70488,90.36258,59.14217,SE.Total.SURVEY_LU1_2U37
 0.00000, 0.00000, 0.00000, 0.00000,36.15626,56.17369,18.34321,41.20366,SE.Total.SURVEY_LU1_2U41
  0.000000,  2.882372,  0.000000,  8.261619,116.884508,190.183531, 49.265889,119.451739,SE.Total.SURVEY_LU1_2U42
 0.00000, 0.00000, 0.00000, 0.00000,80.49288,75.85609,66.77212,63.11631,SE.Total.SURVEY_LC1_3A11
 0.00000, 0.00000, 0.00000, 0.00000, 0.00000, 1.61202,16.94701, 0.00000,SE.Total.SURVEY_LC1_3A12
 0.000000, 0.000000, 0.000000, 0.000000, 0.000000, 4.614321,45.731817,13.595526,SE.Total.SURVEY_LC1_3A13
 0.00000, 0.00000, 0.00000, 0.00000,47.84038,74.69352,75.74863,46.77708,SE.Total.SURVEY_LC1_3A21
  0.00000,  0.00000,  0.00000,  0.00000,112.36448, 90.52822, 72.15369, 60.06544,SE.Total.SURVEY_LC1_3A22
 0.000000, 0.000000, 0.000000, 0.000000,34.423501, 3.506182, 4.867209, 2.217703,SE.Total.SURVEY_LC1_3A30
  0.00000,  0.00000,  0.00000,  0.00000, 87.72451,137.52404, 50.65059,124.56664,SE.Total.SURVEY_LC1_3B11
 0.00000, 0.00000, 0.00000, 0.00000,25.59758,37.36889,10.39862,42.36795,SE.Total.SURVEY_LC1_3B12
 0.00000, 0.00000, 0.00000, 0.00000,37.03642,53.80429,25.01075,52.58423,SE.Total.SURVEY_LC1_3B13
 0.000000, 0.000000, 0.000000, 0.000000,28.278895,18.893990, 5.764963,42.389295,SE.Total.SURVEY_LC1_3B14
 0.00000, 0.00000, 0.00000, 0.00000,35.24916,27.70053,17.90228,27.94737,SE.Total.SURVEY_LC1_3B15
  0.00000,  0.00000,  0.00000,  0.00000,145.58542,172.73607, 67.04726,153.01733,SE.Total.SURVEY_LC1_3B16
 0.000000, 0.000000, 0.000000, 0.000000,24.939000, 0.000000, 2.538634,24.941240,SE.Total.SURVEY_LC1_3B18
 0.000000, 0.000000, 0.000000, 0.000000, 0.000000,15.575849, 2.172877, 0.000000,SE.Total.SURVEY_LC1_3B19
 0.000000, 0.000000, 0.000000, 0.000000,39.952808,15.907571, 3.265112, 1.975575,SE.Total.SURVEY_LC1_3B21
 0.000000, 0.000000, 0.000000, 0.000000, 0.000000,29.117796, 2.437793, 0.000000,SE.Total.SURVEY_LC1_3B22
 0.000000, 0.000000, 0.000000, 0.000000, 0.000000,11.066277, 3.403594, 0.000000,SE.Total.SURVEY_LC1_3B23
  0.00000,  0.00000,  0.00000,  0.00000, 75.09917,144.73512, 47.69355,106.98350,SE.Total.SURVEY_LC1_3B31
 0.00000, 0.00000, 0.00000, 0.00000,40.20812,68.66426,35.04049,62.82759,SE.Total.SURVEY_LC1_3B32
 0.000000, 0.000000, 0.000000, 0.000000,50.843217,35.279850, 6.280377,37.097990,SE.Total.SURVEY_LC1_3B33
0.000000,0.000000,0.000000,0.000000,0.000000,9.521136,2.172877,0.000000,SE.Total.SURVEY_LC1_3B35
0.000000,0.000000,0.000000,0.000000,0.000000,0.000000,0.000000,1.568218,SE.Total.SURVEY_LC1_3B37
 0.00000, 0.00000, 0.00000, 0.00000, 0.00000, 0.00000, 0.00000,23.50342,SE.Total.SURVEY_LC1_3B41
 0.000000, 0.000000, 0.000000, 0.000000, 2.581714,11.203721, 2.375962, 0.000000,SE.Total.SURVEY_LC1_3B42
 0.000000, 0.000000, 0.000000, 0.000000,25.872830,24.876269, 8.440595, 0.000000,SE.Total.SURVEY_LC1_3B43
0.000000,0.000000,0.000000,0.000000,0.000000,0.000000,2.173926,0.000000,SE.Total.SURVEY_LC1_3B44
0.000000,0.000000,0.000000,0.000000,0.000000,0.000000,3.359599,0.000000,SE.Total.SURVEY_LC1_3B45
0.000000,0.000000,0.000000,0.000000,7.346775,0.000000,0.000000,0.000000,SE.Total.SURVEY_LC1_3B51
 0.00000, 0.00000, 0.00000, 0.00000,79.45559,93.33381,24.54526,72.93609,SE.Total.SURVEY_LC1_3B52
 0.000000, 0.000000, 0.000000, 0.000000,17.436779,15.381043, 2.589972,24.357673,SE.Total.SURVEY_LC1_3B53
 0.00000, 0.00000, 0.00000, 0.00000, 0.00000,27.74307, 4.15001,15.88554,SE.Total.SURVEY_LC1_3B54
 0.000000, 0.000000, 0.000000, 0.000000,13.066448, 9.521136, 2.437793,48.814960,SE.Total.SURVEY_LC1_3B55
 0.00000, 0.00000, 0.00000, 0.00000,33.90206,23.40553,48.28375,32.55058,SE.Total.SURVEY_LC1_3B71
 0.000000, 0.000000, 0.000000, 0.000000, 6.597326,14.075012, 0.000000,34.169992,SE.Total.SURVEY_LC1_3B72
 0.000000, 0.000000, 0.000000, 0.000000, 3.761103,14.818616, 0.000000, 6.087434,SE.Total.SURVEY_LC1_3B73
 0.000000, 0.000000, 0.000000, 0.000000,19.389019, 4.078652,21.878699,10.469265,SE.Total.SURVEY_LC1_3B74
 0.00000, 0.00000, 0.00000, 0.00000,41.19552,26.58792,44.86343,55.09414,SE.Total.SURVEY_LC1_3B75
 0.00000, 0.00000, 0.00000, 0.00000,20.96524,85.68585,31.38681,12.78004,SE.Total.SURVEY_LC1_3B82
0.000000,0.000000,0.000000,0.000000,0.000000,5.990058,0.000000,0.000000,SE.Total.SURVEY_LC1_3B83
0.000000,0.000000,0.000000,0.000000,6.788470,0.000000,0.000000,1.409319,SE.Total.SURVEY_LC1_3B84
192.3140,253.5902,101.8470,275.3501,  0.0000,  0.0000,  0.0000,  0.0000,SE.Total.SURVEY_LC1_3Bx1
127.60992,115.20677, 57.00846, 69.31115,  0.00000,  0.00000,  0.00000,  0.00000,SE.Total.SURVEY_LC1_3Bx2
   0.0000,   0.0000,   0.0000,   0.0000,2457.3596, 391.0555, 791.2574,1611.6732,SE.Total.SURVEY_LC1_3C10
 0.00000,12.69924, 0.00000, 0.00000, 0.00000, 0.00000, 0.00000, 0.00000,SE.Total.SURVEY_LC1_3C1x
   0.00000,   0.00000,   0.00000,   0.00000,1467.77003, 217.04513,   0.00000,  39.88151,SE.Total.SURVEY_LC1_3C21
  0.000000,  0.000000,  0.000000,  0.000000,  7.367274,119.479152,  0.000000, 16.031458,SE.Total.SURVEY_LC1_3C22
   0.00000,   0.00000,   0.00000,   0.00000,1015.51457,  12.69924,   0.00000,  22.09958,SE.Total.SURVEY_LC1_3C23
1743.55241, 207.23461,   0.00000,  28.30555,   0.00000,   0.00000,   0.00000,   0.00000,SE.Total.SURVEY_LC1_3C2x
   0.0000,   0.0000,   0.0000,   0.0000,1220.7934, 131.6706,   0.0000,  12.6024,SE.Total.SURVEY_LC1_3C31
0.000000,0.000000,0.000000,0.000000,0.000000,0.000000,0.000000,8.270282,SE.Total.SURVEY_LC1_3C32
   0.00000,   0.00000,   0.00000,   0.00000,1128.12203, 131.95541,   0.00000,  42.45669,SE.Total.SURVEY_LC1_3C33
1923.8298, 414.8073, 736.1596,1604.3868,   0.0000,   0.0000,   0.0000,   0.0000,SE.Total.SURVEY_LC1_3C3x
 0.00000, 0.00000, 0.00000, 0.00000,89.48252,96.60516,32.94097,55.88800,SE.Total.SURVEY_LC1_3D10
0,0,0,0,0,0,0,0,SE.Total.SURVEY_LC1_3D1x
 0.00000, 0.00000, 0.00000, 0.00000,92.32032,66.03875,33.95903,66.34778,SE.Total.SURVEY_LC1_3D20
  0.00000,  0.00000,  0.00000,  0.00000,234.21965,200.56293,587.53989, 94.68941,SE.Total.SURVEY_LC1_3E10
  0.0000,  0.0000,  0.0000,  0.0000,321.5998,267.5532,128.5914,179.6928,SE.Total.SURVEY_LC1_3E20
  0.00000,  0.00000,  0.00000,  0.00000, 95.49969,104.94968, 63.82603,114.59560,SE.Total.SURVEY_LC1_3E30
0.000000,2.882372,0.000000,0.000000,0.000000,0.000000,0.000000,0.000000,SE.Total.SURVEY_LC1_3E3x
 0.000000, 0.000000, 0.000000, 0.000000, 7.322949,30.276090, 2.321348,10.363052,SE.Total.SURVEY_LC1_3F10
0.000000,0.000000,0.000000,0.000000,0.000000,0.000000,3.086951,8.578465,SE.Total.SURVEY_LC1_3F20
0.000000,0.000000,0.000000,0.000000,0.000000,0.000000,5.654232,0.000000,SE.Total.SURVEY_LC1_3F30
  0.00000,  0.00000,  0.00000,  0.00000, 75.51856,126.01161, 46.87751,170.32391,SE.Total.SURVEY_LC1_3F40
0,0,0,0,0,0,0,0,SE.Total.SURVEY_LC1_3F4x
 0.000000, 0.000000, 0.000000, 0.000000, 3.858732,23.984763, 3.114964, 0.000000,SE.Total.SURVEY_LC1_3G11
0,0,0,0,0,0,0,0,SE.Total.SURVEY_LC1_3G12
 0.000000, 0.000000, 0.000000, 0.000000, 8.557524,34.928045,10.505175,22.004254,SE.Total.SURVEY_LC1_3G21
 0.00000, 0.00000, 0.00000, 0.00000,20.44766,71.99865,20.67127,76.54450,SE.Total.SURVEY_LC1_3H11
0,0,0,0,0,0,0,0,SE.Total.SURVEY_LC1_3H12
218.9734,275.9202,112.0389,281.0371,341.2964,339.0172,606.0820,297.4069,SE.Total.SURVEY_LU1_3U111
 0.000000, 0.000000, 2.437793, 0.000000,98.629376,96.516383,57.554140,98.491233,SE.Total.SURVEY_LU1_3U112
73.076089,32.363757, 9.489405,37.940704,25.923176,37.565977,14.587682,18.178349,SE.Total.SURVEY_LU1_3U113
2378.2223, 423.2642, 736.1596,1604.5001,2303.6757, 430.1662, 791.1946,1611.4486,SE.Total.SURVEY_LU1_3U120
 0.000000, 0.000000, 0.000000, 0.000000, 3.858732,17.479147, 2.090269,15.982707,SE.Total.SURVEY_LU1_3U130
 0.000000, 0.000000, 0.000000, 7.828419, 0.000000,16.625734,13.217717, 8.532202,SE.Total.SURVEY_LU1_3U140
0,0,0,0,0,0,0,0,SE.Total.SURVEY_LU1_3U150
0.000000,0.000000,0.000000,0.000000,2.427038,0.000000,8.181244,0.000000,SE.Total.SURVEY_LU1_3U210
0.000000,0.000000,0.000000,0.000000,1.793966,2.364265,0.000000,0.000000,SE.Total.SURVEY_LU1_3U221
0,0,0,0,0,0,0,0,SE.Total.SURVEY_LU1_3U222
0.000000,0.000000,0.000000,0.000000,5.507578,3.487199,0.000000,0.000000,SE.Total.SURVEY_LU1_3U223
 0.00000, 0.00000, 0.00000, 0.00000, 0.00000, 0.00000,12.11126, 0.00000,SE.Total.SURVEY_LU1_3U224
0,0,0,0,0,0,0,0,SE.Total.SURVEY_LU1_3U225
0.000000,0.000000,0.000000,0.000000,8.221251,1.612020,7.615991,0.000000,SE.Total.SURVEY_LU1_3U226
0.000000,0.000000,0.000000,0.000000,0.000000,1.445263,0.000000,0.000000,SE.Total.SURVEY_LU1_3U227
 0.000000, 0.000000, 0.000000, 0.000000, 5.519446,11.683633, 0.000000, 9.977532,SE.Total.SURVEY_LU1_3U311
  0.00000,  0.00000,  0.00000,  0.00000,106.05584, 88.99419, 73.67811, 61.20929,SE.Total.SURVEY_LU1_3U312
 0.000000, 0.000000, 0.000000, 0.000000, 0.000000,34.178339, 1.781267, 0.000000,SE.Total.SURVEY_LU1_3U313
 0.000000, 0.000000, 0.000000, 0.000000, 1.566325,12.771191, 0.000000, 0.000000,SE.Total.SURVEY_LU1_3U314
 0.000000, 0.000000, 0.000000, 0.000000, 6.036225,40.573358, 5.524265, 2.041202,SE.Total.SURVEY_LU1_3U317
 0.00000, 0.00000, 0.00000, 0.00000,11.66980,12.15606, 4.35563, 0.00000,SE.Total.SURVEY_LU1_3U318
0.000000,0.000000,0.000000,0.000000,0.000000,3.152336,0.000000,0.000000,SE.Total.SURVEY_LU1_3U319
0.000000,0.000000,0.000000,0.000000,0.000000,3.488203,2.321348,0.000000,SE.Total.SURVEY_LU1_3U321
0.000000,0.000000,0.000000,0.000000,0.000000,0.000000,0.000000,2.217703,SE.Total.SURVEY_LU1_3U322
 0.000000, 0.000000, 0.000000, 0.000000, 2.350197,14.746404,15.254802, 0.000000,SE.Total.SURVEY_LU1_3U330
 0.000000, 0.000000, 0.000000, 0.000000, 5.751486, 3.082790,42.071419, 1.626375,SE.Total.SURVEY_LU1_3U341
 0.000000, 0.000000, 0.000000, 0.000000,51.827876,58.229337, 0.000000, 1.722033,SE.Total.SURVEY_LU1_3U350
0.000000,0.000000,0.000000,0.000000,8.258758,1.048988,7.804013,9.076785,SE.Total.SURVEY_LU1_3U361
0.0000000,0.0000000,0.0000000,0.0000000,0.0000000,0.8289983,2.5314082,0.0000000,SE.Total.SURVEY_LU1_3U362
 0.00000, 0.00000, 0.00000, 0.00000,87.96076,82.70488,90.36258,59.14217,SE.Total.SURVEY_LU1_3U370
 0.000000, 0.000000, 0.000000, 0.000000,34.691999, 4.654128,13.082689, 1.763077,SE.Total.SURVEY_LU1_3U411
0,0,0,0,0,0,0,0,SE.Total.SURVEY_LU1_3U412
0.000000,0.000000,0.000000,0.000000,0.000000,0.000000,5.245534,0.000000,SE.Total.SURVEY_LU1_3U413
0.0000000,0.0000000,0.0000000,0.0000000,0.0000000,0.4761243,2.4377931,1.4932393,SE.Total.SURVEY_LU1_3U414
 0.00000, 0.00000, 0.00000, 0.00000,10.18530,55.98725,11.52767,41.14808,SE.Total.SURVEY_LU1_3U415
  0.000000,  2.882372,  0.000000,  8.261619,116.884508,190.183531, 49.265889,119.451739,SE.Total.SURVEY_LU1_3U420
2389.2055, 505.2527, 744.6436,1629.2308,2305.9414, 497.6563, 702.8421,1632.5262,SE.Total.settlement0
  0.00000,  0.00000,  0.00000,  0.00000,116.06470, 93.31299, 62.93840, 79.16810,SE.Total.settlement1
 240.0838, 337.4161, 112.3073, 285.6847,1173.7377, 374.7172, 600.7966, 302.9437,SE.Total.fao_class_name0
2377.7066, 425.6247, 736.1475,1604.1266,2406.4203, 425.8317, 792.5738,1611.5334,SE.Total.fao_class_name1
  0.00000, 20.53084,  0.00000,  0.00000, 86.94070,106.53261, 13.89417, 44.90813,SE.Total.fao_class_name2
 0.00000, 0.00000, 0.00000, 0.00000,53.40403,28.57763,63.98551,68.31686,SE.Total.fao_class_name3
2389.2055, 505.2527, 744.6436,1629.2308,2305.1918, 500.2651, 705.9523,1632.3189,SE.Total.lue0
 0.00000, 0.00000, 0.00000, 0.00000,93.64376,82.96355,88.29571,59.87480,SE.Total.lue1
2389.2055, 505.2527, 744.6436,1629.2230,2306.2210, 502.6385, 705.3042,1632.7218,SE.Total.lud0
  0.000000,  0.000000,  0.000000,  7.828419,107.172307,103.396258, 76.700689, 61.918571,SE.Total.lud1
 8619.807,23842.142,11541.131,13457.443,50433.744,46821.495,21895.511,41398.444,CI.l(95%).Total.area
   0.000,   0.000,   0.000,   0.000,1585.652,1711.908,1389.827,1407.295,CI.l(95%).Total.SURVEY_LC1_1A
 4036.466,15691.670,11456.798,10776.080, 6846.987,12070.945, 5838.629, 6450.681,CI.l(95%).Total.SURVEY_LC1_1B
 4155.2581, 7764.0710, -123.1733, 2171.2269,17531.8663,10366.1897, 5143.4279,16583.3067,CI.l(95%).Total.SURVEY_LC1_1C
   0.000000,   0.000000,   0.000000,   4.019692,2271.343935,1298.071625, 522.732248,1752.127668,CI.l(95%).Total.SURVEY_LC1_1D
    0.0000000,   -0.1300232,    0.0000000,    0.0000000,19525.1898605,13128.1026164, 4665.6298899,10314.9921877,CI.l(95%).Total.SURVEY_LC1_1E
   0.000000,   0.000000,   4.236936,   0.000000, 551.055520,1904.353075,1703.374643,2360.675866,CI.l(95%).Total.SURVEY_LC1_1F
   0.0000,   0.0000,   0.0000,   0.0000, 291.3942,1932.6523, 535.2668, 712.7131,CI.l(95%).Total.SURVEY_LC1_1G
   0.0000,   0.0000,   0.0000,   0.0000, 113.4928,2510.2030, 177.0978, 108.8528,CI.l(95%).Total.SURVEY_LC1_1H
 8607.816,23836.639,11536.894,13443.149,44727.151,38840.560,18595.284,35710.057,CI.l(95%).Total.SURVEY_LU1_1U1
  0.00000,  0.00000,  0.00000,  0.00000, 45.86067, 49.12072, 55.58354,103.41915,CI.l(95%).Total.SURVEY_LU1_1U2
   3.857292,   0.000000,   0.000000,   4.232858,2236.213630,2658.977049,1802.376070,2183.737546,CI.l(95%).Total.SURVEY_LU1_1U3
   8.1328581,  -0.1300232,   4.2369363,  -6.1000777,2921.6320956,4673.0229599,1156.3745079,2997.9845055,CI.l(95%).Total.SURVEY_LU1_1U4
  0.0000,  0.0000,  0.0000,  0.0000,442.3171,399.8594,296.2401,463.8793,CI.l(95%).Total.SURVEY_LC1_2A1
   0.0000,   0.0000,   0.0000,   0.0000, 860.4379,1113.6847, 843.4980, 773.1080,CI.l(95%).Total.SURVEY_LC1_2A2
 0.00000, 0.00000, 0.00000, 0.00000,47.86011,42.85682,26.24620,48.37732,CI.l(95%).Total.SURVEY_LC1_2A3
   0.000,   0.000,   0.000,   0.000,3940.171,6779.265,3371.236,3706.907,CI.l(95%).Total.SURVEY_LC1_2B1
  0.000000,  0.000000,  0.000000,  0.000000, 84.194553,104.630456, 15.082139,  4.692833,CI.l(95%).Total.SURVEY_LC1_2B2
   0.0000,   0.0000,   0.0000,   0.0000, 817.2115,3009.2289,1624.0682,1174.2111,CI.l(95%).Total.SURVEY_LC1_2B3
 0.00000, 0.00000, 0.00000, 0.00000,37.34583,41.74842,75.62889,11.34222,CI.l(95%).Total.SURVEY_LC1_2B4
  0.0000,  0.0000,  0.0000,  0.0000,831.5929,905.1017,228.4433,574.9711,CI.l(95%).Total.SURVEY_LC1_2B5
  0.0000,  0.0000,  0.0000,  0.0000,504.8887,151.7316,180.2640,354.9585,CI.l(95%).Total.SURVEY_LC1_2B7
  0.00000,  0.00000,  0.00000,  0.00000, 40.09007,303.99615, 29.39201, 65.60492,CI.l(95%).Total.SURVEY_LC1_2B8
 4036.466,15691.670,11456.798,10776.080,    0.000,    0.000,    0.000,    0.000,CI.l(95%).Total.SURVEY_LC1_2Bx
    0.000000,   -9.744379,    0.000000,    0.000000,11105.916861, 7156.780447, 5050.219649,15831.199646,CI.l(95%).Total.SURVEY_LC1_2C1
 283.02141,2028.83698,  63.38187, 129.49457, 205.86089,1751.39548,  76.05416, 339.79799,CI.l(95%).Total.SURVEY_LC1_2C2
1345.5298,5330.4912,-186.5552,1986.5273,-574.0276, 728.4653,  17.1541, 229.7283,CI.l(95%).Total.SURVEY_LC1_2C3
   0.000000,   0.000000,   0.000000,   4.019692,1152.475989, 637.391484, 225.306691, 838.516105,CI.l(95%).Total.SURVEY_LC1_2D1
   0.0000,   0.0000,   0.0000,   0.0000,1009.1644, 570.7394, 259.0007, 842.9216,CI.l(95%).Total.SURVEY_LC1_2D2
   0.0000,   0.0000,   0.0000,   0.0000,3764.5227,2061.9929, 364.6308,1758.8286,CI.l(95%).Total.SURVEY_LC1_2E1
    0.000,    0.000,    0.000,    0.000,14041.421, 9455.208, 3131.573, 6768.936,CI.l(95%).Total.SURVEY_LC1_2E2
   0.0000000,  -0.1300232,   0.0000000,   0.0000000,1114.6180084,1084.7884637, 808.7443966,1436.8028317,CI.l(95%).Total.SURVEY_LC1_2E3
 0.0000000, 0.0000000, 0.0000000, 0.0000000,61.0544374,-0.5586846,52.1799350,98.7411165,CI.l(95%).Total.SURVEY_LC1_2F1
 0.00000, 0.00000, 0.00000, 0.00000, 8.91030,12.83432,25.20211,14.98353,CI.l(95%).Total.SURVEY_LC1_2F2
 0.0000, 0.0000, 0.0000, 0.0000, 0.0000, 0.0000,-3.0858, 0.0000,CI.l(95%).Total.SURVEY_LC1_2F3
   0.000000,   0.000000,   4.236936,   0.000000, 467.432321,1839.766030,1608.183664,2210.865608,CI.l(95%).Total.SURVEY_LC1_2F4
   0.0000,   0.0000,   0.0000,   0.0000, 127.7881,1267.4595, 212.5369, 150.3910,CI.l(95%).Total.SURVEY_LC1_2G1
  0.0000,  0.0000,  0.0000,  0.0000,157.6693,622.2933,317.0942,562.3221,CI.l(95%).Total.SURVEY_LC1_2G2
   0.0000,   0.0000,   0.0000,   0.0000, 113.4928,2510.2030, 177.0978, 108.8528,CI.l(95%).Total.SURVEY_LC1_2H1
 4032.961,15687.585,11456.798,10768.168,26206.603,26821.315,11875.433,18449.613,CI.l(95%).Total.SURVEY_LU1_2U11
 4146.7735, 7768.1557, -123.1733, 2158.9796,17694.2150,10301.0127, 5105.5333,16396.9178,CI.l(95%).Total.SURVEY_LU1_2U12
   0.0000,   0.0000,   0.0000,   0.0000, 122.5424,1116.2248, 210.1767, 169.6619,CI.l(95%).Total.SURVEY_LU1_2U13
  0.000000,  0.000000,  0.000000, -5.439212, 41.926424, 25.891510, 16.398309,101.414085,CI.l(95%).Total.SURVEY_LU1_2U14
0.000000,0.000000,0.000000,0.000000,7.088552,0.000000,3.878834,4.201799,CI.l(95%).Total.SURVEY_LU1_2U15
 0.00000, 0.00000, 0.00000, 0.00000,19.14645,15.84589,38.75220,82.30945,CI.l(95%).Total.SURVEY_LU1_2U21
 0.00000, 0.00000, 0.00000, 0.00000,22.55144,33.27482, 5.05738,21.10969,CI.l(95%).Total.SURVEY_LU1_2U22
   0.0000,   0.0000,   0.0000,   0.0000, 742.9063,1314.7081, 722.9415, 943.5335,CI.l(95%).Total.SURVEY_LU1_2U31
 0.00000, 0.00000, 0.00000, 0.00000,23.90418,35.80231,29.15541,24.62715,CI.l(95%).Total.SURVEY_LU1_2U32
 0.000000, 0.000000, 0.000000, 0.000000,29.503054, 8.482937,-3.355668,21.163172,CI.l(95%).Total.SURVEY_LU1_2U33
  0.00000,  0.00000,  0.00000,  0.00000, 10.03429, 16.13974,-26.15361, 10.26252,CI.l(95%).Total.SURVEY_LU1_2U34
 3.857292, 0.000000, 0.000000, 4.232858,47.649839,25.062187, 8.145189,37.343058,CI.l(95%).Total.SURVEY_LU1_2U35
 0.00000, 0.00000, 0.00000, 0.00000,55.05270,58.57391,32.13755,51.01453,CI.l(95%).Total.SURVEY_LU1_2U36
   0.0000,   0.0000,   0.0000,   0.0000,1047.4377, 874.5907, 728.8715, 983.4235,CI.l(95%).Total.SURVEY_LU1_2U37
  3.505551,  0.000000,  0.000000,  0.000000,126.840188, 51.232535, 93.851760,131.951113,CI.l(95%).Total.SURVEY_LU1_2U41
   4.6273074,  -0.1300232,   4.2369363,  -6.1000777,2734.5179380,4527.5318712,1032.0458603,2798.2049058,CI.l(95%).Total.SURVEY_LU1_2U42
  0.0000,  0.0000,  0.0000,  0.0000,430.3463,379.5445,209.8366,429.4094,CI.l(95%).Total.SURVEY_LC1_3A11
 0.000000, 0.000000, 0.000000, 0.000000, 3.812044, 1.676559,-5.675703, 8.730229,CI.l(95%).Total.SURVEY_LC1_3A12
  0.000000,  0.000000,  0.000000,  0.000000,  8.158823,  6.725331,-12.988982,  1.930336,CI.l(95%).Total.SURVEY_LC1_3A13
  0.0000,  0.0000,  0.0000,  0.0000,163.1771,269.8754,318.8860,132.7857,CI.l(95%).Total.SURVEY_LC1_3A21
  0.0000,  0.0000,  0.0000,  0.0000,613.1231,724.7419,397.5575,577.5362,CI.l(95%).Total.SURVEY_LC1_3A22
 0.00000, 0.00000, 0.00000, 0.00000,47.86011,42.85682,26.24620,48.37732,CI.l(95%).Total.SURVEY_LC1_3A30
   0.0000,   0.0000,   0.0000,   0.0000, 743.0817,2076.7742,1164.9229,1176.3977,CI.l(95%).Total.SURVEY_LC1_3B11
  0.00000,  0.00000,  0.00000,  0.00000, 18.31099,102.36610, 96.43023, 95.94404,CI.l(95%).Total.SURVEY_LC1_3B12
  0.0000,  0.0000,  0.0000,  0.0000, 63.9034,295.9403,269.1378,146.8867,CI.l(95%).Total.SURVEY_LC1_3B13
 0.000000, 0.000000, 0.000000, 0.000000,23.161241, 9.939719,19.037822,82.206139,CI.l(95%).Total.SURVEY_LC1_3B14
 0.000000, 0.000000, 0.000000, 0.000000,-4.032636,33.246745,38.186279,28.207574,CI.l(95%).Total.SURVEY_LC1_3B15
   0.000,   0.000,   0.000,   0.000,2654.190,3780.198,1588.676,1652.319,CI.l(95%).Total.SURVEY_LC1_3B16
 0.000000, 0.000000, 0.000000, 0.000000,17.774545, 0.000000, 4.299717, 8.846347,CI.l(95%).Total.SURVEY_LC1_3B18
 0.0000000, 0.0000000, 0.0000000, 0.0000000, 0.0000000,-4.0843134, 0.4091108, 0.0000000,CI.l(95%).Total.SURVEY_LC1_3B19
 0.000000, 0.000000, 0.000000, 0.000000,84.194553,29.399349, 3.505345, 4.692833,CI.l(95%).Total.SURVEY_LC1_3B21
 0.0000000, 0.0000000, 0.0000000, 0.0000000, 0.0000000,42.1978536, 0.4589895, 0.0000000,CI.l(95%).Total.SURVEY_LC1_3B22
 0.000000, 0.000000, 0.000000, 0.000000, 0.000000,-8.436716, 3.670202, 0.000000,CI.l(95%).Total.SURVEY_LC1_3B23
   0.0000,   0.0000,   0.0000,   0.0000, 492.4056,2307.7974, 923.8617, 750.4995,CI.l(95%).Total.SURVEY_LC1_3B31
  0.0000,  0.0000,  0.0000,  0.0000,110.3714,423.5401,608.5134,214.3005,CI.l(95%).Total.SURVEY_LC1_3B32
 0.00000, 0.00000, 0.00000, 0.00000,76.52338,93.96244,27.41787,45.50388,CI.l(95%).Total.SURVEY_LC1_3B33
 0.0000000, 0.0000000, 0.0000000, 0.0000000, 0.0000000,-7.2029364, 0.4091108, 0.0000000,CI.l(95%).Total.SURVEY_LC1_3B35
0.000000,0.000000,0.000000,0.000000,3.812044,0.000000,0.000000,5.698911,CI.l(95%).Total.SURVEY_LC1_3B37
 0.000000, 0.000000, 0.000000, 0.000000, 0.000000, 0.000000, 0.000000,-8.753186,CI.l(95%).Total.SURVEY_LC1_3B41
 0.000000, 0.000000, 0.000000, 0.000000, 3.468800,-4.118778, 4.353593,11.853250,CI.l(95%).Total.SURVEY_LC1_3B42
 0.000000, 0.000000, 0.000000, 0.000000,29.068793,24.276792,54.069324, 8.242156,CI.l(95%).Total.SURVEY_LC1_3B43
0.0000000,0.0000000,0.0000000,0.0000000,0.0000000,4.3337176,0.4093084,0.0000000,CI.l(95%).Total.SURVEY_LC1_3B44
0.000000,0.000000,0.000000,0.000000,0.000000,0.000000,3.623603,0.000000,CI.l(95%).Total.SURVEY_LC1_3B45
 0.000000, 0.000000, 0.000000, 0.000000,18.519735, 3.638243, 0.000000, 0.000000,CI.l(95%).Total.SURVEY_LC1_3B51
  0.0000,  0.0000,  0.0000,  0.0000,699.1110,840.6918,187.7960,329.9064,CI.l(95%).Total.SURVEY_LC1_3B52
 0.00000, 0.00000, 0.00000, 0.00000,13.77499,-4.03782,12.16684,14.09633,CI.l(95%).Total.SURVEY_LC1_3B53
  0.000000,  0.000000,  0.000000,  0.000000,  4.020250,-24.514930,  7.311401, -9.089840,CI.l(95%).Total.SURVEY_LC1_3B54
  0.000000,  0.000000,  0.000000,  0.000000, 27.320493, -3.120008,  4.337823,101.860071,CI.l(95%).Total.SURVEY_LC1_3B55
  0.00000,  0.00000,  0.00000,  0.00000,206.99441, 22.46159, 51.28266, 76.94016,CI.l(95%).Total.SURVEY_LC1_3B71
  0.000000,  0.000000,  0.000000,  0.000000,  7.922330,  4.327864,  3.658170,-30.760194,CI.l(95%).Total.SURVEY_LC1_3B72
 0.000000, 0.000000, 0.000000, 0.000000, 2.497631,10.552346, 0.000000,16.854342,CI.l(95%).Total.SURVEY_LC1_3B73
  0.00000,  0.00000,  0.00000,  0.00000, 11.77978, 10.93062,-11.52657, 13.99101,CI.l(95%).Total.SURVEY_LC1_3B74
  0.00000,  0.00000,  0.00000,  0.00000,178.99945, 17.54907, 36.88841,143.07621,CI.l(95%).Total.SURVEY_LC1_3B75
  0.00000,  0.00000,  0.00000,  0.00000, 29.92104,292.24849, 25.35440, 57.50031,CI.l(95%).Total.SURVEY_LC1_3B82
0.0000000,0.0000000,0.0000000,0.0000000,3.5055507,0.4172282,0.0000000,4.0284902,CI.l(95%).Total.SURVEY_LC1_3B83
 0.000000, 0.000000, 0.000000, 0.000000,-4.541279, 0.000000, 4.037612, 1.465742,CI.l(95%).Total.SURVEY_LC1_3B84
 3449.867,14569.858,11044.441,10014.377,    0.000,    0.000,    0.000,    0.000,CI.l(95%).Total.SURVEY_LC1_3Bx1
409.1687,940.5588,320.9034,640.7162,  0.0000,  0.0000,  0.0000,  0.0000,CI.l(95%).Total.SURVEY_LC1_3Bx2
    0.00,    0.00,    0.00,    0.00,11105.92, 7156.78, 5050.22,15831.20,CI.l(95%).Total.SURVEY_LC1_3C10
 0.000000,-9.744379, 0.000000, 0.000000, 0.000000, 0.000000, 0.000000, 0.000000,CI.l(95%).Total.SURVEY_LC1_3C1x
   0.00000,   0.00000,   0.00000,   0.00000,-369.00143,1583.05378,  67.16043, 229.14977,CI.l(95%).Total.SURVEY_LC1_3C21
  0.000000,  0.000000,  0.000000,  0.000000,  9.798937,-58.651205,  0.000000, 18.130439,CI.l(95%).Total.SURVEY_LC1_3C22
   0.000000,   0.000000,   0.000000,   0.000000,-930.905465,  -9.744379,   8.893729,  33.564442,CI.l(95%).Total.SURVEY_LC1_3C23
 283.02141,2028.83698,  63.38187, 129.49457,   0.00000,   0.00000,   0.00000,   0.00000,CI.l(95%).Total.SURVEY_LC1_3C2x
    0.000000,    0.000000,    0.000000,    0.000000,-1115.054836,  -31.802327,    4.517995,   20.354542,CI.l(95%).Total.SURVEY_LC1_3C31
 0.00000, 0.00000, 0.00000, 0.00000,12.54976, 0.00000, 0.00000,-5.74622,CI.l(95%).Total.SURVEY_LC1_3C32
   0.00000,   0.00000,   0.00000,   0.00000,-968.52207, 608.30253,  12.63611, 179.04594,CI.l(95%).Total.SURVEY_LC1_3C33
1345.5298,5330.4912,-186.5552,1986.5273,   0.0000,   0.0000,   0.0000,   0.0000,CI.l(95%).Total.SURVEY_LC1_3C3x
   0.0000,   0.0000,   0.0000,   0.0000,1152.4760, 637.3915, 225.3067, 838.5161,CI.l(95%).Total.SURVEY_LC1_3D10
0.000000,0.000000,0.000000,4.019692,0.000000,0.000000,0.000000,0.000000,CI.l(95%).Total.SURVEY_LC1_3D1x
   0.0000,   0.0000,   0.0000,   0.0000,1009.1644, 570.7394, 259.0007, 842.9216,CI.l(95%).Total.SURVEY_LC1_3D20
   0.0000,   0.0000,   0.0000,   0.0000,3764.5227,2061.9929, 364.6308,1758.8286,CI.l(95%).Total.SURVEY_LC1_3E10
    0.000,    0.000,    0.000,    0.000,14041.421, 9455.208, 3131.573, 6768.936,CI.l(95%).Total.SURVEY_LC1_3E20
   0.0000,   0.0000,   0.0000,   0.0000,1114.6180,1084.7885, 808.7444,1436.8028,CI.l(95%).Total.SURVEY_LC1_3E30
 0.0000000,-0.1300232, 0.0000000, 0.0000000, 0.0000000, 0.0000000, 0.0000000, 0.0000000,CI.l(95%).Total.SURVEY_LC1_3E3x
 0.0000000, 0.0000000, 0.0000000, 0.0000000,61.0544374,-0.5586846,52.1799350,98.7411165,CI.l(95%).Total.SURVEY_LC1_3F10
 0.00000, 0.00000, 0.00000, 0.00000, 8.91030,12.83432,25.20211,14.98353,CI.l(95%).Total.SURVEY_LC1_3F20
 0.0000, 0.0000, 0.0000, 0.0000, 0.0000, 0.0000,-3.0858, 0.0000,CI.l(95%).Total.SURVEY_LC1_3F30
   0.0000,   0.0000,   0.0000,   0.0000, 467.4323,1839.7660,1608.1837,2210.8656,CI.l(95%).Total.SURVEY_LC1_3F40
0.000000,0.000000,4.236936,0.000000,0.000000,0.000000,0.000000,0.000000,CI.l(95%).Total.SURVEY_LC1_3F4x
   0.0000,   0.0000,   0.0000,   0.0000, 127.7881,1262.8648, 212.5369, 150.3910,CI.l(95%).Total.SURVEY_LC1_3G11
0.000000,0.000000,0.000000,0.000000,0.000000,4.594739,0.000000,0.000000,CI.l(95%).Total.SURVEY_LC1_3G12
  0.0000,  0.0000,  0.0000,  0.0000,157.6693,622.2933,317.0942,562.3221,CI.l(95%).Total.SURVEY_LC1_3G21
   0.0000,   0.0000,   0.0000,   0.0000, 113.4928,2506.0519, 177.0978, 108.8528,CI.l(95%).Total.SURVEY_LC1_3H11
0.000000,0.000000,0.000000,0.000000,0.000000,4.151084,0.000000,0.000000,CI.l(95%).Total.SURVEY_LC1_3H12
 3837.141,15496.376,11396.427,10579.720,25000.299,25844.541,11184.776,17219.168,CI.l(95%).Total.SURVEY_LU1_3U111
  0.0000000,  0.0000000,  0.4589895,  0.0000000,929.7645062,633.9133666,546.9439906,982.9307188,CI.l(95%).Total.SURVEY_LU1_3U112
 73.0221614,128.5594471, 36.8404527,117.7998919, 19.3027305, 64.4742167, -0.2924149, 20.3417893,CI.l(95%).Total.SURVEY_LU1_3U113
 4146.7735, 7768.1557, -123.1733, 2158.9796,17694.2150,10301.0127, 5105.5333,16396.9178,CI.l(95%).Total.SURVEY_LU1_3U120
   0.0000,   0.0000,   0.0000,   0.0000, 122.5424,1116.2248, 210.1767, 169.6619,CI.l(95%).Total.SURVEY_LU1_3U130
  0.000000,  0.000000,  0.000000, -5.439212, 41.926424, 25.891510, 16.398309,101.414085,CI.l(95%).Total.SURVEY_LU1_3U140
0.000000,0.000000,0.000000,0.000000,7.088552,0.000000,3.878834,4.201799,CI.l(95%).Total.SURVEY_LU1_3U150
 0.00000, 0.00000, 0.00000, 0.00000,19.14645,15.84589,38.75220,82.30945,CI.l(95%).Total.SURVEY_LU1_3U210
0.000000,0.000000,0.000000,0.000000,1.865790,0.652783,0.000000,0.000000,CI.l(95%).Total.SURVEY_LU1_3U221
0.000000,0.000000,0.000000,0.000000,0.000000,0.000000,0.000000,3.968412,CI.l(95%).Total.SURVEY_LU1_3U222
 0.000000, 0.000000, 0.000000, 0.000000,-3.005763,12.713643, 4.318519, 0.000000,CI.l(95%).Total.SURVEY_LU1_3U223
 0.000000, 0.000000, 0.000000, 0.000000, 0.000000, 4.217339,-4.967235, 4.233641,CI.l(95%).Total.SURVEY_LU1_3U224
0.000000,0.000000,0.000000,0.000000,0.000000,0.000000,0.000000,8.673999,CI.l(95%).Total.SURVEY_LU1_3U225
 0.0000000, 0.0000000, 0.0000000, 0.0000000, 0.1238265, 1.6765590,-4.9176946, 4.2336409,CI.l(95%).Total.SURVEY_LU1_3U226
 0.000000, 0.000000, 0.000000, 0.000000,11.889464, 5.357161, 0.000000, 0.000000,CI.l(95%).Total.SURVEY_LU1_3U227
 0.000000, 0.000000, 0.000000, 0.000000,13.751738, 8.266600, 0.000000, 6.730488,CI.l(95%).Total.SURVEY_LU1_3U311
  0.0000,  0.0000,  0.0000,  0.0000,590.0491,701.2191,437.0007,564.1312,CI.l(95%).Total.SURVEY_LU1_3U312
  0.00000,  0.00000,  0.00000,  0.00000, 55.26067,414.58522,230.81923,312.31504,CI.l(95%).Total.SURVEY_LU1_3U313
  0.000000,  0.000000,  0.000000,  0.000000,  1.629035,-10.035712,  8.276647,  4.337391,CI.l(95%).Total.SURVEY_LU1_3U314
  0.000000,  0.000000,  0.000000,  0.000000,  9.408844,-14.074829, 21.529823, 14.015288,CI.l(95%).Total.SURVEY_LU1_3U317
 0.000000, 0.000000, 0.000000, 0.000000,13.602845, 6.776271, 2.891231, 7.261574,CI.l(95%).Total.SURVEY_LU1_3U318
 0.00000, 0.00000, 0.00000, 0.00000,12.26641, 6.91280, 0.00000,11.46392,CI.l(95%).Total.SURVEY_LU1_3U319
 0.00000, 0.00000, 0.00000, 0.00000,23.90418,35.80231,29.15541,15.48741,CI.l(95%).Total.SURVEY_LU1_3U321
0.000000,0.000000,0.000000,0.000000,0.000000,0.000000,0.000000,9.139741,CI.l(95%).Total.SURVEY_LU1_3U322
 0.000000, 0.000000, 0.000000, 0.000000,29.503054, 8.482937,-3.355668,21.163172,CI.l(95%).Total.SURVEY_LU1_3U330
  0.00000,  0.00000,  0.00000,  0.00000, 10.03429, 16.13974,-26.15361, 10.26252,CI.l(95%).Total.SURVEY_LU1_3U341
 3.857292, 0.000000, 0.000000, 4.232858,47.649839,25.062187, 8.145189,37.343058,CI.l(95%).Total.SURVEY_LU1_3U350
 0.00000, 0.00000, 0.00000, 0.00000,38.75484,42.75102,15.57753,35.34559,CI.l(95%).Total.SURVEY_LU1_3U361
 0.00000, 0.00000, 0.00000, 0.00000,16.29786,14.73350,12.38311,15.66893,CI.l(95%).Total.SURVEY_LU1_3U362
   0.0000,   0.0000,   0.0000,   0.0000,1047.4377, 874.5907, 728.8715, 983.4235,CI.l(95%).Total.SURVEY_LU1_3U370
 0.000000, 0.000000, 0.000000, 0.000000,-2.875861,11.224288,14.488630,26.242624,CI.l(95%).Total.SURVEY_LU1_3U411
0.000000,0.000000,0.000000,0.000000,0.000000,0.000000,4.189903,0.000000,CI.l(95%).Total.SURVEY_LU1_3U412
 0.000000, 0.000000, 0.000000, 0.000000, 0.000000, 3.920076,-2.268372, 0.000000,CI.l(95%).Total.SURVEY_LU1_3U413
 0.000000, 0.000000, 0.000000, 0.000000,21.399071,11.419780, 4.432353, 5.085263,CI.l(95%).Total.SURVEY_LU1_3U414
 3.505551, 0.000000, 0.000000, 0.000000,91.224057,14.978689,45.666831,94.349901,CI.l(95%).Total.SURVEY_LU1_3U415
   4.6273074,  -0.1300232,   4.2369363,  -6.1000777,2734.5179380,4527.5318712,1032.0458603,2798.2049058,CI.l(95%).Total.SURVEY_LU1_3U420
 8615.949,23842.142,11541.131,13453.210,47903.633,44350.182,19989.060,39211.724,CI.l(95%).Total.settlement0
   3.857292,   0.000000,   0.000000,   4.232858,2298.758986,2286.120481,1780.432440,2030.740215,CI.l(95%).Total.settlement1
 4391.544,16338.376,11521.466,10934.990,31221.851,36715.260,15629.667,24180.170,CI.l(95%).Total.fao_class_name0
 3775.7855, 6941.2997, -183.8012, 2011.7238,15396.9928, 8958.5539, 4532.8383,15743.5521,CI.l(95%).Total.fao_class_name1
  4.458404, 16.971145,  0.000000,  0.000000,579.602233,180.706614, 53.235987,366.519946,CI.l(95%).Total.fao_class_name2
  0.0000,  0.0000,  0.0000,  0.0000,458.9397,106.2024,171.0563,332.8590,CI.l(95%).Total.fao_class_name3
 8615.949,23842.142,11541.131,13453.210,48969.729,45554.853,20868.106,40175.724,CI.l(95%).Total.lue0
   3.857292,   0.000000,   0.000000,   4.232858,1278.076379,1096.620563, 845.590214,1104.960605,CI.l(95%).Total.lue1
 8619.807,23842.142,11541.131,13447.554,49311.760,45100.482,20829.805,40061.776,CI.l(95%).Total.lud0
   0.000000,   0.000000,   0.000000,  -5.439212, 907.512221,1506.292972, 907.887317,1214.114054,CI.l(95%).Total.lud1
17985.32,25822.70,14460.08,19843.91,59465.13,48767.67,24645.28,47796.20,CI.u(95%).Total.area
   0.000,   0.000,   0.000,   0.000,2025.758,2122.092,1584.180,1718.456,CI.u(95%).Total.SURVEY_LC1_1A
 4935.684,16774.822,11896.593,11885.153, 7591.050,13119.140, 6301.536, 7418.670,CI.u(95%).Total.SURVEY_LC1_1B
13477.718, 9423.236, 2762.519, 8460.853,26561.125,12064.923, 8245.100,22899.783,CI.u(95%).Total.SURVEY_LC1_1C
   0.000000,   0.000000,   0.000000,   4.019692,2764.590844,1755.742497, 708.125725,2089.903234,CI.u(95%).Total.SURVEY_LC1_1D
    0.00000,   11.16867,    0.00000,    0.00000,20869.05716,14322.25332, 7001.64234,11138.90826,CI.u(95%).Total.SURVEY_LC1_1E
   0.000000,   0.000000,   4.236936,   0.000000, 848.471336,2412.366766,1888.705958,3030.411466,CI.u(95%).Total.SURVEY_LC1_1F
   0.0000,   0.0000,   0.0000,   0.0000, 328.1916,2077.7873, 577.3853, 798.9682,CI.u(95%).Total.SURVEY_LC1_1G
   0.0000,   0.0000,   0.0000,   0.0000, 193.6462,2792.4325, 258.1277, 408.9018,CI.u(95%).Total.SURVEY_LC1_1H
17973.33,25817.16,14455.84,19829.55,53774.59,40805.98,21359.57,42115.22,CI.u(95%).Total.SURVEY_LU1_1U1
  0.00000,  0.00000,  0.00000,  0.00000, 84.54092, 66.72769,120.18731,103.41915,CI.u(95%).Total.SURVEY_LU1_1U2
   3.857292,   0.000000,   0.000000,   4.232858,2707.893651,3044.563946,2090.973035,2488.720944,CI.u(95%).Total.SURVEY_LU1_1U3
   8.132858,  11.168669,   4.236936,  26.284872,3400.992942,5450.208413,1360.443548,3492.085136,CI.u(95%).Total.SURVEY_LU1_1U4
  0.0000,  0.0000,  0.0000,  0.0000,757.8434,697.7906,593.5421,716.9655,CI.u(95%).Total.SURVEY_LC1_2A1
   0.000,   0.000,   0.000,   0.000,1320.154,1523.207,1169.155,1066.351,CI.u(95%).Total.SURVEY_LC1_2A2
  0.00000,  0.00000,  0.00000,  0.00000,182.79775, 56.60080, 45.32531, 57.07056,CI.u(95%).Total.SURVEY_LC1_2A3
   0.000,   0.000,   0.000,   0.000,4599.470,7626.789,3702.376,4508.505,CI.u(95%).Total.SURVEY_LC1_2B1
  0.00000,  0.00000,  0.00000,  0.00000,240.80668,241.56572, 35.88376, 12.43694,CI.u(95%).Total.SURVEY_LC1_2B2
   0.000,   0.000,   0.000,   0.000,1200.311,3639.092,1853.784,1675.010,CI.u(95%).Total.SURVEY_LC1_2B3
  0.0000,  0.0000,  0.0000,  0.0000,139.2691,148.6660,113.3739,103.4739,CI.u(95%).Total.SURVEY_LC1_2B4
   0.0000,   0.0000,   0.0000,   0.0000,1153.7295,1292.4403, 326.9728, 933.5808,CI.u(95%).Total.SURVEY_LC1_2B5
  0.0000,  0.0000,  0.0000,  0.0000,722.4834,305.1310,431.2345,627.6505,CI.u(95%).Total.SURVEY_LC1_2B7
  0.0000,  0.0000,  0.0000,  0.0000,126.4731,640.6982,152.4260,116.0054,CI.u(95%).Total.SURVEY_LC1_2B8
 4935.684,16774.822,11896.593,11885.153,    0.000,    0.000,    0.000,    0.000,CI.u(95%).Total.SURVEY_LC1_2Bx
    0.00000,   40.03573,    0.00000,    0.00000,20738.58968, 8689.68985, 8151.89168,22148.84237,CI.u(95%).Total.SURVEY_LC1_2C1
7117.62128,2841.18172,  63.38187, 240.45028,6977.09914,2646.85199,  76.05416, 527.69488,CI.u(95%).Total.SURVEY_LC1_2C2
8886.8040,6956.5060,2699.1376,8275.6081,5639.5528,1457.9299,  17.1541, 405.8268,CI.u(95%).Total.SURVEY_LC1_2C3
   0.000000,   0.000000,   0.000000,   4.019692,1503.241008,1016.076746, 354.432908,1057.593031,CI.u(95%).Total.SURVEY_LC1_2D1
   0.0000,   0.0000,   0.0000,   0.0000,1371.0534, 829.6065, 392.1177,1103.0002,CI.u(95%).Total.SURVEY_LC1_2D2
   0.000,   0.000,   0.000,   0.000,4682.647,2848.185,2667.745,2130.004,CI.u(95%).Total.SURVEY_LC1_2E1
    0.000,    0.000,    0.000,    0.000,15302.069,10503.998, 3635.642, 7473.319,CI.u(95%).Total.SURVEY_LC1_2E2
   0.00000,  11.16867,   0.00000,   0.00000,1488.96990,1496.18365,1058.93783,1886.00935,CI.u(95%).Total.SURVEY_LC1_2E3
  0.00000,  0.00000,  0.00000,  0.00000, 89.75987,118.12141, 61.27945,139.36353,CI.u(95%).Total.SURVEY_LC1_2F1
 0.00000, 0.00000, 0.00000, 0.00000, 8.91030,12.83432,37.30273,48.61049,CI.u(95%).Total.SURVEY_LC1_2F2
 0.00000, 0.00000, 0.00000, 0.00000, 0.00000, 0.00000,19.07838, 0.00000,CI.u(95%).Total.SURVEY_LC1_2F3
   0.000000,   0.000000,   4.236936,   0.000000, 763.459627,2333.722452,1791.940123,2878.523052,CI.u(95%).Total.SURVEY_LC1_2F4
   0.0000,   0.0000,   0.0000,   0.0000, 142.9141,1361.4781, 224.7474, 150.3910,CI.u(95%).Total.SURVEY_LC1_2G1
  0.0000,  0.0000,  0.0000,  0.0000,191.2142,759.2087,358.2737,648.5772,CI.u(95%).Total.SURVEY_LC1_2G2
   0.0000,   0.0000,   0.0000,   0.0000, 193.6462,2792.4325, 258.1277, 408.9018,CI.u(95%).Total.SURVEY_LC1_2H1
 4932.178,16770.737,11896.593,11877.241,27518.223,28119.059,14246.012,19618.417,CI.u(95%).Total.SURVEY_LU1_2U11
13469.234, 9427.321, 2762.519, 8448.505,26724.458,11987.233, 8206.959,22713.680,CI.u(95%).Total.SURVEY_LU1_2U12
   0.0000,   0.0000,   0.0000,   0.0000, 137.6683,1184.7418, 218.3704, 232.3129,CI.u(95%).Total.SURVEY_LU1_2U13
  0.00000,  0.00000,  0.00000, 25.24763, 41.92642, 91.06319, 68.21081,134.85970,CI.u(95%).Total.SURVEY_LU1_2U14
0.000000,0.000000,0.000000,0.000000,7.088552,0.000000,3.878834,4.201799,CI.u(95%).Total.SURVEY_LU1_2U15
 0.00000, 0.00000, 0.00000, 0.00000,28.66027,15.84589,70.82209,82.30945,CI.u(95%).Total.SURVEY_LU1_2U21
 0.00000, 0.00000, 0.00000, 0.00000,60.04343,50.88179,61.13918,21.10969,CI.u(95%).Total.SURVEY_LU1_2U22
   0.000,   0.000,   0.000,   0.000,1161.944,1710.332,1012.618,1184.025,CI.u(95%).Total.SURVEY_LU1_2U31
 0.00000, 0.00000, 0.00000, 0.00000,23.90418,49.47582,38.25493,33.32039,CI.u(95%).Total.SURVEY_LU1_2U32
 0.00000, 0.00000, 0.00000, 0.00000,38.71566,66.28778,56.44206,21.16317,CI.u(95%).Total.SURVEY_LU1_2U33
  0.00000,  0.00000,  0.00000,  0.00000, 32.57970, 28.22405,138.76333, 16.63779,CI.u(95%).Total.SURVEY_LU1_2U34
  3.857292,  0.000000,  0.000000,  4.232858,250.811381,253.316994,  8.145189, 44.093303,CI.u(95%).Total.SURVEY_LU1_2U35
 0.00000, 0.00000, 0.00000, 0.00000,87.42644,63.75670,64.29784,86.59487,CI.u(95%).Total.SURVEY_LU1_2U36
   0.000,   0.000,   0.000,   0.000,1392.238,1198.788,1083.086,1215.257,CI.u(95%).Total.SURVEY_LU1_2U37
  3.505551,  0.000000,  0.000000,  0.000000,268.570120,271.429352,165.755838,293.466503,CI.u(95%).Total.SURVEY_LU1_2U41
   4.627307,  11.168669,   4.236936,  26.284872,3192.696791,5273.037615,1225.164598,3266.447120,CI.u(95%).Total.SURVEY_LU1_2U42
  0.0000,  0.0000,  0.0000,  0.0000,745.8726,676.8950,471.5785,676.8208,CI.u(95%).Total.SURVEY_LC1_3A11
 0.000000, 0.000000, 0.000000, 0.000000, 3.812044, 7.995562,60.755372, 8.730229,CI.u(95%).Total.SURVEY_LC1_3A12
  0.000000,  0.000000,  0.000000,  0.000000,  8.158823, 24.813138,166.276447, 55.223817,CI.u(95%).Total.SURVEY_LC1_3A13
  0.0000,  0.0000,  0.0000,  0.0000,350.7079,562.6686,615.8152,316.1485,CI.u(95%).Total.SURVEY_LC1_3A21
   0.0000,   0.0000,   0.0000,   0.0000,1053.5838,1079.6060, 680.3948, 812.9884,CI.u(95%).Total.SURVEY_LC1_3A22
  0.00000,  0.00000,  0.00000,  0.00000,182.79775, 56.60080, 45.32531, 57.07056,CI.u(95%).Total.SURVEY_LC1_3A30
   0.000,   0.000,   0.000,   0.000,1086.955,2615.859,1363.470,1664.690,CI.u(95%).Total.SURVEY_LC1_3B11
  0.0000,  0.0000,  0.0000,  0.0000,118.6517,248.8494,137.1921,262.0233,CI.u(95%).Total.SURVEY_LC1_3B12
  0.0000,  0.0000,  0.0000,  0.0000,209.0835,506.8493,367.1781,353.0131,CI.u(95%).Total.SURVEY_LC1_3B13
  0.00000,  0.00000,  0.00000,  0.00000,134.01247, 84.00280, 41.63606,248.36912,CI.u(95%).Total.SURVEY_LC1_3B14
  0.0000,  0.0000,  0.0000,  0.0000,134.1415,141.8308,108.3619,137.7592,CI.u(95%).Total.SURVEY_LC1_3B15
   0.000,   0.000,   0.000,   0.000,3224.874,4457.311,1851.497,2252.136,CI.u(95%).Total.SURVEY_LC1_3B16
  0.00000,  0.00000,  0.00000,  0.00000,115.53363,  0.00000, 14.25098,106.61421,CI.u(95%).Total.SURVEY_LC1_3B18
 0.000000, 0.000000, 0.000000, 0.000000, 0.000000,56.971891, 8.926632, 0.000000,CI.u(95%).Total.SURVEY_LC1_3B19
  0.00000,  0.00000,  0.00000,  0.00000,240.80668, 91.75588, 16.30435, 12.43694,CI.u(95%).Total.SURVEY_LC1_3B21
  0.00000,  0.00000,  0.00000,  0.00000,  0.00000,156.33752, 10.01496,  0.00000,CI.u(95%).Total.SURVEY_LC1_3B22
 0.00000, 0.00000, 0.00000, 0.00000, 0.00000,34.94229,17.01205, 0.00000,CI.u(95%).Total.SURVEY_LC1_3B23
   0.0000,   0.0000,   0.0000,   0.0000, 786.7889,2875.1486,1110.8170,1169.8671,CI.u(95%).Total.SURVEY_LC1_3B31
  0.0000,  0.0000,  0.0000,  0.0000,267.9843,692.6991,745.8696,460.5801,CI.u(95%).Total.SURVEY_LC1_3B32
  0.00000,  0.00000,  0.00000,  0.00000,275.82513,232.25691, 52.03649,190.92533,CI.u(95%).Total.SURVEY_LC1_3B33
 0.000000, 0.000000, 0.000000, 0.000000, 0.000000,30.119233, 8.926632, 0.000000,CI.u(95%).Total.SURVEY_LC1_3B35
 0.000000, 0.000000, 0.000000, 0.000000, 3.812044, 0.000000, 0.000000,11.846215,CI.u(95%).Total.SURVEY_LC1_3B37
 0.00000, 0.00000, 0.00000, 0.00000, 0.00000, 0.00000, 0.00000,83.37853,CI.u(95%).Total.SURVEY_LC1_3B41
 0.00000, 0.00000, 0.00000, 0.00000,13.58893,39.79900,13.66719,11.85325,CI.u(95%).Total.SURVEY_LC1_3B42
  0.000000,  0.000000,  0.000000,  0.000000,130.488422,121.789973, 87.155848,  8.242156,CI.u(95%).Total.SURVEY_LC1_3B43
0.000000,0.000000,0.000000,0.000000,0.000000,4.333718,8.930941,0.000000,CI.u(95%).Total.SURVEY_LC1_3B44
 0.00000, 0.00000, 0.00000, 0.00000, 0.00000, 0.00000,16.79299, 0.00000,CI.u(95%).Total.SURVEY_LC1_3B45
 0.000000, 0.000000, 0.000000, 0.000000,47.318563, 3.638243, 0.000000, 0.000000,CI.u(95%).Total.SURVEY_LC1_3B51
   0.0000,   0.0000,   0.0000,   0.0000,1010.5712,1206.5536, 284.0117, 615.8106,CI.u(95%).Total.SURVEY_LC1_3B52
  0.00000,  0.00000,  0.00000,  0.00000, 82.12591, 56.25476, 22.31934,109.57665,CI.u(95%).Total.SURVEY_LC1_3B53
 0.00000, 0.00000, 0.00000, 0.00000, 4.02025,84.23591,23.57914,53.18034,CI.u(95%).Total.SURVEY_LC1_3B54
  0.00000,  0.00000,  0.00000,  0.00000, 78.54003, 34.20216, 13.89380,293.21120,CI.u(95%).Total.SURVEY_LC1_3B55
  0.0000,  0.0000,  0.0000,  0.0000,339.8880,114.2096,240.5515,204.5361,CI.u(95%).Total.SURVEY_LC1_3B71
  0.00000,  0.00000,  0.00000,  0.00000, 33.78337, 59.50090,  3.65817,103.18371,CI.u(95%).Total.SURVEY_LC1_3B72
 0.00000, 0.00000, 0.00000, 0.00000,17.24088,68.64025, 0.00000,40.71664,CI.u(95%).Total.SURVEY_LC1_3B73
 0.00000, 0.00000, 0.00000, 0.00000,87.78334,26.91865,74.23635,55.02978,CI.u(95%).Total.SURVEY_LC1_3B74
  0.0000,  0.0000,  0.0000,  0.0000,340.4829,121.7718,212.7498,359.0413,CI.u(95%).Total.SURVEY_LC1_3B75
  0.0000,  0.0000,  0.0000,  0.0000,112.1033,628.1309,148.3884,107.5971,CI.u(95%).Total.SURVEY_LC1_3B82
 0.000000, 0.000000, 0.000000, 0.000000, 3.505551,23.897824, 0.000000, 4.028490,CI.u(95%).Total.SURVEY_LC1_3B83
 0.000000, 0.000000, 0.000000, 0.000000,22.069033, 0.000000, 4.037612, 6.990170,CI.u(95%).Total.SURVEY_LC1_3B84
 4203.724,15563.914,11443.674,11093.729,    0.000,    0.000,    0.000,    0.000,CI.u(95%).Total.SURVEY_LC1_3Bx1
 909.3904,1392.1611, 544.3725, 912.4109,   0.0000,   0.0000,   0.0000,   0.0000,CI.u(95%).Total.SURVEY_LC1_3Bx2
    0.000,    0.000,    0.000,    0.000,20738.590, 8689.690, 8151.892,22148.842,CI.u(95%).Total.SURVEY_LC1_3C10
 0.00000,40.03573, 0.00000, 0.00000, 0.00000, 0.00000, 0.00000, 0.00000,CI.u(95%).Total.SURVEY_LC1_3C1x
   0.00000,   0.00000,   0.00000,   0.00000,5384.55137,2433.85508,  67.16043, 385.48242,CI.u(95%).Total.SURVEY_LC1_3C21
  0.00000,  0.00000,  0.00000,  0.00000, 38.67812,409.69847,  0.00000, 80.97260,CI.u(95%).Total.SURVEY_LC1_3C22
   0.000000,   0.000000,   0.000000,   0.000000,3049.838500,  40.035728,   8.893729, 120.193202,CI.u(95%).Total.SURVEY_LC1_3C23
7117.62128,2841.18172,  63.38187, 240.45028,   0.00000,   0.00000,   0.00000,   0.00000,CI.u(95%).Total.SURVEY_LC1_3C2x
   0.000000,   0.000000,   0.000000,   0.000000,3670.367529, 484.336835,   4.517995,  69.755047,CI.u(95%).Total.SURVEY_LC1_3C31
 0.00000, 0.00000, 0.00000, 0.00000,12.54976, 0.00000, 0.00000,26.67269,CI.u(95%).Total.SURVEY_LC1_3C32
   0.00000,   0.00000,   0.00000,   0.00000,3453.63503,1125.55822,  12.63611, 345.47310,CI.u(95%).Total.SURVEY_LC1_3C33
8886.804,6956.506,2699.138,8275.608,   0.000,   0.000,   0.000,   0.000,CI.u(95%).Total.SURVEY_LC1_3C3x
   0.0000,   0.0000,   0.0000,   0.0000,1503.2410,1016.0767, 354.4329,1057.5930,CI.u(95%).Total.SURVEY_LC1_3D10
0.000000,0.000000,0.000000,4.019692,0.000000,0.000000,0.000000,0.000000,CI.u(95%).Total.SURVEY_LC1_3D1x
   0.0000,   0.0000,   0.0000,   0.0000,1371.0534, 829.6065, 392.1177,1103.0002,CI.u(95%).Total.SURVEY_LC1_3D20
   0.000,   0.000,   0.000,   0.000,4682.647,2848.185,2667.745,2130.004,CI.u(95%).Total.SURVEY_LC1_3E10
    0.000,    0.000,    0.000,    0.000,15302.069,10503.998, 3635.642, 7473.319,CI.u(95%).Total.SURVEY_LC1_3E20
   0.000,   0.000,   0.000,   0.000,1488.970,1496.184,1058.938,1886.009,CI.u(95%).Total.SURVEY_LC1_3E30
 0.00000,11.16867, 0.00000, 0.00000, 0.00000, 0.00000, 0.00000, 0.00000,CI.u(95%).Total.SURVEY_LC1_3E3x
  0.00000,  0.00000,  0.00000,  0.00000, 89.75987,118.12141, 61.27945,139.36353,CI.u(95%).Total.SURVEY_LC1_3F10
 0.00000, 0.00000, 0.00000, 0.00000, 8.91030,12.83432,37.30273,48.61049,CI.u(95%).Total.SURVEY_LC1_3F20
 0.00000, 0.00000, 0.00000, 0.00000, 0.00000, 0.00000,19.07838, 0.00000,CI.u(95%).Total.SURVEY_LC1_3F30
   0.0000,   0.0000,   0.0000,   0.0000, 763.4596,2333.7225,1791.9401,2878.5231,CI.u(95%).Total.SURVEY_LC1_3F40
0.000000,0.000000,4.236936,0.000000,0.000000,0.000000,0.000000,0.000000,CI.u(95%).Total.SURVEY_LC1_3F4x
   0.0000,   0.0000,   0.0000,   0.0000, 142.9141,1356.8833, 224.7474, 150.3910,CI.u(95%).Total.SURVEY_LC1_3G11
0.000000,0.000000,0.000000,0.000000,0.000000,4.594739,0.000000,0.000000,CI.u(95%).Total.SURVEY_LC1_3G12
  0.0000,  0.0000,  0.0000,  0.0000,191.2142,759.2087,358.2737,648.5772,CI.u(95%).Total.SURVEY_LC1_3G21
   0.0000,   0.0000,   0.0000,   0.0000, 193.6462,2788.2814, 258.1277, 408.9018,CI.u(95%).Total.SURVEY_LC1_3H11
0.000000,0.000000,0.000000,0.000000,0.000000,4.151084,0.000000,0.000000,CI.u(95%).Total.SURVEY_LC1_3H12
 4695.501,16577.964,11835.612,11681.365,26338.156,27173.464,13560.574,18384.981,CI.u(95%).Total.SURVEY_LU1_3U111
   0.00000,   0.00000,  10.01496,   0.00000,1316.38456,1012.25064, 772.55207,1369.00926,CI.u(95%).Total.SURVEY_LU1_3U112
359.47517,255.42305, 74.03824,266.52472,120.91971,211.73014, 56.89025, 91.59961,CI.u(95%).Total.SURVEY_LU1_3U113
13469.234, 9427.321, 2762.519, 8448.505,26724.458,11987.233, 8206.959,22713.680,CI.u(95%).Total.SURVEY_LU1_3U120
   0.0000,   0.0000,   0.0000,   0.0000, 137.6683,1184.7418, 218.3704, 232.3129,CI.u(95%).Total.SURVEY_LU1_3U130
  0.00000,  0.00000,  0.00000, 25.24763, 41.92642, 91.06319, 68.21081,134.85970,CI.u(95%).Total.SURVEY_LU1_3U140
0.000000,0.000000,0.000000,0.000000,7.088552,0.000000,3.878834,4.201799,CI.u(95%).Total.SURVEY_LU1_3U150
 0.00000, 0.00000, 0.00000, 0.00000,28.66027,15.84589,70.82209,82.30945,CI.u(95%).Total.SURVEY_LU1_3U210
0.000000,0.000000,0.000000,0.000000,8.898008,9.920532,0.000000,0.000000,CI.u(95%).Total.SURVEY_LU1_3U221
0.000000,0.000000,0.000000,0.000000,0.000000,0.000000,0.000000,3.968412,CI.u(95%).Total.SURVEY_LU1_3U222
 0.000000, 0.000000, 0.000000, 0.000000,18.583546,26.383212, 4.318519, 0.000000,CI.u(95%).Total.SURVEY_LU1_3U223
 0.000000, 0.000000, 0.000000, 0.000000, 0.000000, 4.217339,42.508017, 4.233641,CI.u(95%).Total.SURVEY_LU1_3U224
0.000000,0.000000,0.000000,0.000000,0.000000,0.000000,0.000000,8.673999,CI.u(95%).Total.SURVEY_LU1_3U225
 0.000000, 0.000000, 0.000000, 0.000000,32.350540, 7.995562,24.936440, 4.233641,CI.u(95%).Total.SURVEY_LU1_3U226
 0.00000, 0.00000, 0.00000, 0.00000,11.88946,11.02249, 0.00000, 0.00000,CI.u(95%).Total.SURVEY_LU1_3U227
 0.00000, 0.00000, 0.00000, 0.00000,35.38757,54.06560, 0.00000,45.84169,CI.u(95%).Total.SURVEY_LU1_3U311
   0.0000,   0.0000,   0.0000,   0.0000,1005.7804,1050.0699, 725.8136, 804.0673,CI.u(95%).Total.SURVEY_LU1_3U312
  0.00000,  0.00000,  0.00000,  0.00000, 55.26067,548.56185,237.80167,312.31504,CI.u(95%).Total.SURVEY_LU1_3U313
 0.000000, 0.000000, 0.000000, 0.000000, 7.768917,40.026437, 8.276647, 4.337391,CI.u(95%).Total.SURVEY_LU1_3U314
  0.00000,  0.00000,  0.00000,  0.00000, 33.07041,144.96981, 43.18454, 22.01665,CI.u(95%).Total.SURVEY_LU1_3U317
 0.000000, 0.000000, 0.000000, 0.000000,59.347634,54.427133,19.964989, 7.261574,CI.u(95%).Total.SURVEY_LU1_3U318
 0.00000, 0.00000, 0.00000, 0.00000,12.26641,19.26973, 0.00000,11.46392,CI.u(95%).Total.SURVEY_LU1_3U319
 0.00000, 0.00000, 0.00000, 0.00000,23.90418,49.47582,38.25493,15.48741,CI.u(95%).Total.SURVEY_LU1_3U321
 0.00000, 0.00000, 0.00000, 0.00000, 0.00000, 0.00000, 0.00000,17.83298,CI.u(95%).Total.SURVEY_LU1_3U322
 0.00000, 0.00000, 0.00000, 0.00000,38.71566,66.28778,56.44206,21.16317,CI.u(95%).Total.SURVEY_LU1_3U330
  0.00000,  0.00000,  0.00000,  0.00000, 32.57970, 28.22405,138.76333, 16.63779,CI.u(95%).Total.SURVEY_LU1_3U341
  3.857292,  0.000000,  0.000000,  4.232858,250.811381,253.316994,  8.145189, 44.093303,CI.u(95%).Total.SURVEY_LU1_3U350
 0.00000, 0.00000, 0.00000, 0.00000,71.12857,46.86297,46.16870,70.92593,CI.u(95%).Total.SURVEY_LU1_3U361
 0.00000, 0.00000, 0.00000, 0.00000,16.29786,17.98312,22.30604,15.66893,CI.u(95%).Total.SURVEY_LU1_3U362
   0.000,   0.000,   0.000,   0.000,1392.238,1198.788,1083.086,1215.257,CI.u(95%).Total.SURVEY_LU1_3U370
  0.00000,  0.00000,  0.00000,  0.00000,133.11427, 29.46814, 65.77183, 33.15376,CI.u(95%).Total.SURVEY_LU1_3U411
0.000000,0.000000,0.000000,0.000000,0.000000,0.000000,4.189903,0.000000,CI.u(95%).Total.SURVEY_LU1_3U412
 0.000000, 0.000000, 0.000000, 0.000000, 0.000000, 3.920076,18.293743, 0.000000,CI.u(95%).Total.SURVEY_LU1_3U413
 0.00000, 0.00000, 0.00000, 0.00000,21.39907,13.28615,13.98833,10.93865,CI.u(95%).Total.SURVEY_LU1_3U414
  3.505551,  0.000000,  0.000000,  0.000000,131.149694,234.444688, 90.854451,255.647416,CI.u(95%).Total.SURVEY_LU1_3U415
   4.627307,  11.168669,   4.236936,  26.284872,3192.696791,5273.037615,1225.164598,3266.447120,CI.u(95%).Total.SURVEY_LU1_3U420
17981.46,25822.70,14460.08,19839.68,56942.76,46300.96,22744.15,45611.11,CI.u(95%).Total.settlement0
   3.857292,   0.000000,   0.000000,   4.232858,2753.724257,2651.900674,2027.146444,2341.073447,CI.u(95%).Total.settlement1
 5332.656,17661.023,11961.703,12054.854,35822.818,38184.124,17984.746,25367.687,CI.u(95%).Total.fao_class_name0
13096.224, 8609.718, 2701.844, 8299.784,24829.987,10627.783, 7639.670,22060.647,CI.u(95%).Total.fao_class_name1
  4.458404, 97.450565,  0.000000,  0.000000,920.403502,598.306773,107.700124,542.556564,CI.u(95%).Total.fao_class_name2
  0.0000,  0.0000,  0.0000,  0.0000,668.2797,218.2246,421.8749,600.6562,CI.u(95%).Total.fao_class_name3
17981.46,25822.70,14460.08,19839.68,58005.91,47515.86,23635.39,46574.30,CI.u(95%).Total.lue0
   3.857292,   0.000000,   0.000000,   4.232858,1645.153182,1421.831705,1191.703046,1339.665524,CI.u(95%).Total.lue1
17985.32,25822.70,14460.08,19833.99,58351.98,47070.79,23594.55,46461.93,CI.u(95%).Total.lud0
   0.00000,   0.00000,   0.00000,  25.24763,1327.61994,1911.59886,1208.54849,1456.83039,CI.u(95%).Total.lud1
0.17960490,0.02034650,0.05727761,0.09784772,0.04192886,0.01038782,0.03014490,0.03659663,CV.Total.area
NA,NA,NA,NA,0.06217735,0.05458558,0.03334273,0.05079050,CV.Total.SURVEY_LC1_1A
0.051135237,0.017021816,0.009608436,0.024970577,0.026293802,0.021230695,0.019454561,0.035609540,CV.Total.SURVEY_LC1_1B
0.26974712,0.04925312,0.55783486,0.30182730,0.10448031,0.03863904,0.11819931,0.08162359,CV.Total.SURVEY_LC1_1C
NA,NA,NA,0.00000000,0.04997309,0.07646498,0.07684903,0.04485587,CV.Total.SURVEY_LC1_1D
NA,0.52223297,NA,NA,0.01697418,0.02219540,0.10215455,0.01959425,CV.Total.SURVEY_LC1_1E
NA,NA,0.00000000,NA,0.10842632,0.06004453,0.02632417,0.06338390,CV.Total.SURVEY_LC1_1F
NA,NA,NA,NA,0.03030179,0.01846427,0.01931370,0.02911229,CV.Total.SURVEY_LC1_1G
NA,NA,NA,NA,0.13314919,0.02715580,0.09499111,0.29567868,CV.Total.SURVEY_LC1_1H
0.17976693,0.02035069,0.05729628,0.09793102,0.04686337,0.01259043,0.03529920,0.04199152,CV.Total.SURVEY_LU1_1U1
NA,NA,NA,NA,0.15134160,0.07754369,0.18752660,0.00000000,CV.Total.SURVEY_LU1_1U2
0.00000000,NA,NA,0.00000000,0.04867562,0.03449289,0.03781990,0.03330295,CV.Total.SURVEY_LU1_1U3
0.00000000,0.52223297,0.00000000,0.81859825,0.03868272,0.03917035,0.04136921,0.03884346,CV.Total.SURVEY_LU1_1U4
NA,NA,NA,NA,0.1341368,0.1384854,0.1704771,0.1093522,CV.Total.SURVEY_LC1_2A1
NA,NA,NA,NA,0.10756409,0.07923874,0.08255510,0.08133716,CV.Total.SURVEY_LC1_2A2
NA,NA,NA,NA,0.29848106,0.07050604,0.13600966,0.04206254,CV.Total.SURVEY_LC1_2A3
NA,NA,NA,NA,0.03939083,0.03001644,0.02388483,0.04978279,CV.Total.SURVEY_LC1_2B1
NA,NA,NA,NA,0.2458625,0.2018111,0.2082425,0.2306597,CV.Total.SURVEY_LC1_2B2
NA,NA,NA,NA,0.09688249,0.04833771,0.03370007,0.08967872,CV.Total.SURVEY_LC1_2B3
NA,NA,NA,NA,0.2944408,0.2864846,0.1018928,0.4094096,CV.Total.SURVEY_LC1_2B4
NA,NA,NA,NA,0.08278676,0.08993019,0.09051068,0.12128685,CV.Total.SURVEY_LC1_2B5
NA,NA,NA,NA,0.09045319,0.17131282,0.20940126,0.14159358,CV.Total.SURVEY_LC1_2B7
NA,NA,NA,NA,0.2646070,0.1818471,0.3452551,0.1415945,CV.Total.SURVEY_LC1_2B8
0.051135237,0.017021816,0.009608436,0.024970577,NA,NA,NA,NA,CV.Total.SURVEY_LC1_2Bx
NA,0.83847309,NA,NA,0.15433492,0.04935553,0.11986831,0.08486948,CV.Total.SURVEY_LC1_2C1
0.47118946,0.08510629,0.00000000,0.15302578,0.48096841,0.10387637,0.00000000,0.11051102,CV.Total.SURVEY_LC1_2C2
0.37602952,0.06751972,0.58597851,0.31268089,0.62584870,0.17022660,0.00000000,0.14136907,CV.Total.SURVEY_LC1_2C3
NA,NA,NA,0.00000000,0.06738859,0.11685154,0.11364056,0.05895019,CV.Total.SURVEY_LC1_2D1
NA,NA,NA,NA,0.07757300,0.09431776,0.10430985,0.06819163,CV.Total.SURVEY_LC1_2D2
NA,NA,NA,NA,0.05545518,0.08169273,0.38751129,0.04869811,CV.Total.SURVEY_LC1_2E1
NA,NA,NA,NA,0.02191967,0.02681001,0.03800425,0.02523376,CV.Total.SURVEY_LC1_2E2
NA,0.52223297,NA,NA,0.07336006,0.08132570,0.06834785,0.06897507,CV.Total.SURVEY_LC1_2E3
NA,NA,NA,NA,0.09711212,0.51506276,0.04091946,0.08704620,CV.Total.SURVEY_LC1_2F1
NA,NA,NA,NA,0.00000000,0.00000000,0.09877478,0.26978841,CV.Total.SURVEY_LC1_2F2
NA,NA,NA,NA,NA,NA,0.7071068,NA,CV.Total.SURVEY_LC1_2F3
NA,NA,0.00000000,NA,0.12270542,0.06038670,0.02757400,0.06693295,CV.Total.SURVEY_LC1_2F4
NA,NA,NA,NA,0.02850905,0.01824673,0.01424686,0.00000000,CV.Total.SURVEY_LC1_2G1
NA,NA,NA,NA,0.04905661,0.05056532,0.03110949,0.03634366,CV.Total.SURVEY_LC1_2G2
NA,NA,NA,NA,0.13314919,0.02715580,0.09499111,0.29567868,CV.Total.SURVEY_LC1_2H1
0.051175227,0.017026100,0.009608436,0.024988025,0.012456175,0.012051725,0.046303005,0.015665104,CV.Total.SURVEY_LU1_2U11
0.27000697,0.04922972,0.55783486,0.30252228,0.10372555,0.03860028,0.11886498,0.08240470,CV.Total.SURVEY_LU1_2U12
NA,NA,NA,NA,0.029658518,0.015192874,0.009755139,0.079520935,CV.Total.SURVEY_LU1_2U13
NA,NA,NA,0.79041347,0.00000000,0.28431066,0.31244191,0.07222301,CV.Total.SURVEY_LU1_2U14
NA,NA,NA,NA,  0,NA,  0,  0,CV.Total.SURVEY_LU1_2U15
NA,NA,NA,NA,0.1015355,0.0000000,0.1493278,0.0000000,CV.Total.SURVEY_LU1_2U21
NA,NA,NA,NA,0.2315993,0.1067452,0.4322534,0.0000000,CV.Total.SURVEY_LU1_2U22
NA,NA,NA,NA,0.11223914,0.06672721,0.08515795,0.05767266,CV.Total.SURVEY_LU1_2U31
NA,NA,NA,NA,0.00000000,0.08180768,0.06887217,0.07654174,CV.Total.SURVEY_LU1_2U32
NA,NA,NA,NA,0.06890183,0.39444330,0.57471613,0.00000000,CV.Total.SURVEY_LU1_2U33
NA,NA,NA,NA,0.2699342,0.1389777,0.7472076,0.1209187,CV.Total.SURVEY_LU1_2U34
0.0000000,NA,NA,0.0000000,0.3473006,0.4183455,0.0000000,0.0422915,CV.Total.SURVEY_LU1_2U35
NA,NA,NA,NA,0.11592936,0.02161625,0.17015138,0.13192101,CV.Total.SURVEY_LU1_2U36
NA,NA,NA,NA,0.07210858,0.07977789,0.09974027,0.05379788,CV.Total.SURVEY_LU1_2U37
0.0000000,NA,NA,NA,0.1828797,0.3481892,0.1413149,0.1937092,CV.Total.SURVEY_LU1_2U41
0.00000000,0.52223297,0.00000000,0.81859825,0.03943994,0.03881071,0.04365201,0.03939278,CV.Total.SURVEY_LU1_2U42
NA,NA,NA,NA,0.1368672,0.1436071,0.1959807,0.1141106,CV.Total.SURVEY_LC1_3A11
NA,NA,NA,NA,0.0000000,0.3333333,0.6153637,0.0000000,CV.Total.SURVEY_LC1_3A12
NA,NA,NA,NA,0.0000000,0.2926154,0.5966805,0.4757494,CV.Total.SURVEY_LC1_3A13
NA,NA,NA,NA,0.1861910,0.1794344,0.1620809,0.2083918,CV.Total.SURVEY_LC1_3A21
NA,NA,NA,NA,0.13483412,0.10034452,0.13387176,0.08639249,CV.Total.SURVEY_LC1_3A22
NA,NA,NA,NA,0.29848106,0.07050604,0.13600966,0.04206254,CV.Total.SURVEY_LC1_3A30
NA,NA,NA,NA,0.09587184,0.05861274,0.04006545,0.08768940,CV.Total.SURVEY_LC1_3B11
NA,NA,NA,NA,0.3737892,0.2127975,0.0890208,0.2367140,CV.Total.SURVEY_LC1_3B12
NA,NA,NA,NA,0.2713421,0.1340433,0.0786111,0.2103791,CV.Total.SURVEY_LC1_3B13
NA,NA,NA,NA,0.3598426,0.4022458,0.1900311,0.2564578,CV.Total.SURVEY_LC1_3B14
NA,NA,NA,NA,0.5418409,0.3164372,0.2443194,0.3367826,CV.Total.SURVEY_LC1_3B15
NA,NA,NA,NA,0.04952674,0.04193891,0.03897901,0.07838089,CV.Total.SURVEY_LC1_3B16
NA,NA,NA,NA,0.3741556,NA,0.2736969,0.4320305,CV.Total.SURVEY_LC1_3B18
NA,NA,NA,NA,NA,0.5890173,0.4654963,NA,CV.Total.SURVEY_LC1_3B19
NA,NA,NA,NA,0.2458625,0.2625982,0.3296479,0.2306597,CV.Total.SURVEY_LC1_3B21
NA,NA,NA,NA,NA,0.2933260,0.4654963,NA,CV.Total.SURVEY_LC1_3B22
NA,NA,NA,NA,NA,0.8350150,0.3291319,NA,CV.Total.SURVEY_LC1_3B23
NA,NA,NA,NA,0.11741635,0.05585052,0.04688067,0.11141988,CV.Total.SURVEY_LC1_3B31
NA,NA,NA,NA,0.21254138,0.12302787,0.05174384,0.18618875,CV.Total.SURVEY_LC1_3B32
NA,NA,NA,NA,0.2885962,0.2162953,0.1580877,0.3138190,CV.Total.SURVEY_LC1_3B33
NA,NA,NA,NA,NA,0.8309490,0.4654963,NA,CV.Total.SURVEY_LC1_3B35
NA,NA,NA,NA,0.000000,NA,NA,0.178764,CV.Total.SURVEY_LC1_3B37
NA,NA,NA,NA,NA,NA,NA,0.6299045,CV.Total.SURVEY_LC1_3B41
NA,NA,NA,NA,0.3027030,0.6280073,0.2636913,0.0000000,CV.Total.SURVEY_LC1_3B42
NA,NA,NA,NA,0.3243079,0.3406150,0.1195339,0.0000000,CV.Total.SURVEY_LC1_3B43
NA,NA,NA,NA,NA,0.0000000,0.4654963,NA,CV.Total.SURVEY_LC1_3B44
NA,NA,NA,NA,NA,NA,0.3291048,NA,CV.Total.SURVEY_LC1_3B45
NA,NA,NA,NA,0.2231763,0.0000000,NA,NA,CV.Total.SURVEY_LC1_3B51
NA,NA,NA,NA,0.09294779,0.09117989,0.10404774,0.15424505,CV.Total.SURVEY_LC1_3B52
NA,NA,NA,NA,0.3636416,0.5891208,0.1502035,0.3939045,CV.Total.SURVEY_LC1_3B53
NA,NA,NA,NA,0.0000000,0.9290896,0.2686913,0.7205880,CV.Total.SURVEY_LC1_3B54
NA,NA,NA,NA,0.2468616,0.6126433,0.2674247,0.2471198,CV.Total.SURVEY_LC1_3B55
NA,NA,NA,NA,0.1239830,0.3425086,0.3308986,0.2312847,CV.Total.SURVEY_LC1_3B71
NA,NA,NA,NA,0.3163753,0.4410241,0.0000000,0.9436159,CV.Total.SURVEY_LC1_3B72
NA,NA,NA,NA,0.3810928,0.3742424,NA,0.2114758,CV.Total.SURVEY_LC1_3B73
NA,NA,NA,NA,0.3894820,0.2155208,0.6977763,0.3033656,CV.Total.SURVEY_LC1_3B74
NA,NA,NA,NA,0.1586022,0.3816789,0.3594276,0.2194472,CV.Total.SURVEY_LC1_3B75
NA,NA,NA,NA,0.2952345,0.1861968,0.3613019,0.1548181,CV.Total.SURVEY_LC1_3B82
NA,NA,NA,NA,0.0000000,0.4927037,NA,0.0000000,CV.Total.SURVEY_LC1_3B83
NA,NA,NA,NA,0.7745967,NA,0.0000000,0.3333333,CV.Total.SURVEY_LC1_3B84
0.050254588,0.016830964,0.009057848,0.026089515,NA,NA,NA,NA,CV.Total.SURVEY_LC1_3Bx1
0.19355966,0.09877462,0.13176945,0.08925367,NA,NA,NA,NA,CV.Total.SURVEY_LC1_3Bx2
NA,NA,NA,NA,0.15433492,0.04935553,0.11986831,0.08486948,CV.Total.SURVEY_LC1_3C10
NA,0.8384731,NA,NA,NA,NA,NA,NA,CV.Total.SURVEY_LC1_3C1x
NA,NA,NA,NA,0.5852878,0.1080657,0.0000000,0.1297736,CV.Total.SURVEY_LC1_3C21
NA,NA,NA,NA,0.3039489,0.6807012,NA,0.3235311,CV.Total.SURVEY_LC1_3C22
NA,NA,NA,NA,0.9585150,0.8384731,0.0000000,0.2874599,CV.Total.SURVEY_LC1_3C23
0.47118946,0.08510629,0.00000000,0.15302578,NA,NA,NA,NA,CV.Total.SURVEY_LC1_3C2x
NA,NA,NA,NA,0.9554944,0.5819250,0.0000000,0.2797128,CV.Total.SURVEY_LC1_3C31
NA,NA,NA,NA,0.0000000,NA,NA,0.7904135,CV.Total.SURVEY_LC1_3C32
NA,NA,NA,NA,0.9079040,0.1522099,0.0000000,0.1618881,CV.Total.SURVEY_LC1_3C33
0.37602952,0.06751972,0.58597851,0.31268089,NA,NA,NA,NA,CV.Total.SURVEY_LC1_3C3x
NA,NA,NA,NA,0.06738859,0.11685154,0.11364056,0.05895019,CV.Total.SURVEY_LC1_3D10
NA,NA,NA,  0,NA,NA,NA,NA,CV.Total.SURVEY_LC1_3D1x
NA,NA,NA,NA,0.07757300,0.09431776,0.10430985,0.06819163,CV.Total.SURVEY_LC1_3D20
NA,NA,NA,NA,0.05545518,0.08169273,0.38751129,0.04869811,CV.Total.SURVEY_LC1_3E10
NA,NA,NA,NA,0.02191967,0.02681001,0.03800425,0.02523376,CV.Total.SURVEY_LC1_3E20
NA,NA,NA,NA,0.07336006,0.08132570,0.06834785,0.06897507,CV.Total.SURVEY_LC1_3E30
NA,0.522233,NA,NA,NA,NA,NA,NA,CV.Total.SURVEY_LC1_3E3x
NA,NA,NA,NA,0.09711212,0.51506276,0.04091946,0.08704620,CV.Total.SURVEY_LC1_3F10
NA,NA,NA,NA,0.00000000,0.00000000,0.09877478,0.26978841,CV.Total.SURVEY_LC1_3F20
NA,NA,NA,NA,NA,NA,0.7071068,NA,CV.Total.SURVEY_LC1_3F30
NA,NA,NA,NA,0.12270542,0.06038670,0.02757400,0.06693295,CV.Total.SURVEY_LC1_3F40
NA,NA,  0,NA,NA,NA,NA,NA,CV.Total.SURVEY_LC1_3F4x
NA,NA,NA,NA,0.02850905,0.01831074,0.01424686,0.00000000,CV.Total.SURVEY_LC1_3G11
NA,NA,NA,NA,NA,  0,NA,NA,CV.Total.SURVEY_LC1_3G12
NA,NA,NA,NA,0.04905661,0.05056532,0.03110949,0.03634366,CV.Total.SURVEY_LC1_3G21
NA,NA,NA,NA,0.13314919,0.02719838,0.09499111,0.29567868,CV.Total.SURVEY_LC1_3H11
NA,NA,NA,NA,NA,  0,NA,NA,CV.Total.SURVEY_LC1_3H12
0.051326056,0.017205041,0.009645205,0.025249185,0.013295934,0.012788757,0.048985528,0.016706307,CV.Total.SURVEY_LU1_3U111
NA,NA,0.46549632,NA,0.08782086,0.11726217,0.08723655,0.08375319,CV.Total.SURVEY_LU1_3U112
0.3379262,0.1685689,0.1711673,0.1974409,0.3697436,0.2720158,0.5154855,0.3247833,CV.Total.SURVEY_LU1_3U113
0.27000697,0.04922972,0.55783486,0.30252228,0.10372555,0.03860028,0.11886498,0.08240470,CV.Total.SURVEY_LU1_3U120
NA,NA,NA,NA,0.029658518,0.015192874,0.009755139,0.079520935,CV.Total.SURVEY_LU1_3U130
NA,NA,NA,0.79041347,0.00000000,0.28431066,0.31244191,0.07222301,CV.Total.SURVEY_LU1_3U140
NA,NA,NA,NA,  0,NA,  0,  0,CV.Total.SURVEY_LU1_3U150
NA,NA,NA,NA,0.1015355,0.0000000,0.1493278,0.0000000,CV.Total.SURVEY_LU1_3U210
NA,NA,NA,NA,0.3333333,0.4472136,NA,NA,CV.Total.SURVEY_LU1_3U221
NA,NA,NA,NA,NA,NA,NA,  0,CV.Total.SURVEY_LU1_3U222
NA,NA,NA,NA,0.7071068,0.1783877,0.0000000,NA,CV.Total.SURVEY_LU1_3U223
NA,NA,NA,NA,NA,0.000000,0.645232,0.000000,CV.Total.SURVEY_LU1_3U224
NA,NA,NA,NA,NA,NA,NA,  0,CV.Total.SURVEY_LU1_3U225
NA,NA,NA,NA,0.5063225,0.3333333,0.7608859,0.0000000,CV.Total.SURVEY_LU1_3U226
NA,NA,NA,NA,0.0000000,0.1764706,NA,NA,CV.Total.SURVEY_LU1_3U227
NA,NA,NA,NA,0.2246448,0.3748827,NA,0.3795746,CV.Total.SURVEY_LU1_3U311
NA,NA,NA,NA,0.13291625,0.10163279,0.12672377,0.08947429,CV.Total.SURVEY_LU1_3U312
NA,NA,NA,NA,0.000000000,0.070972213,0.007602166,0.000000000,CV.Total.SURVEY_LU1_3U313
NA,NA,NA,NA,0.3333333,0.8516761,0.0000000,0.0000000,CV.Total.SURVEY_LU1_3U314
NA,NA,NA,NA,0.2841964,0.6199376,0.1707276,0.1132996,CV.Total.SURVEY_LU1_3U317
NA,NA,NA,NA,0.3199377,0.3972346,0.3811330,0.0000000,CV.Total.SURVEY_LU1_3U318
NA,NA,NA,NA,0.0000000,0.2407969,NA,0.0000000,CV.Total.SURVEY_LU1_3U319
NA,NA,NA,NA,0.00000000,0.08180768,0.06887217,0.00000000,CV.Total.SURVEY_LU1_3U321
NA,NA,NA,NA,NA,NA,NA,0.1644404,CV.Total.SURVEY_LU1_3U322
NA,NA,NA,NA,0.06890183,0.39444330,0.57471613,0.00000000,CV.Total.SURVEY_LU1_3U330
NA,NA,NA,NA,0.2699342,0.1389777,0.7472076,0.1209187,CV.Total.SURVEY_LU1_3U341
0.0000000,NA,NA,0.0000000,0.3473006,0.4183455,0.0000000,0.0422915,CV.Total.SURVEY_LU1_3U350
NA,NA,NA,NA,0.15031856,0.02341125,0.25277698,0.17082252,CV.Total.SURVEY_LU1_3U361
NA,NA,NA,NA,0.0000000,0.0506775,0.1459481,0.0000000,CV.Total.SURVEY_LU1_3U362
NA,NA,NA,NA,0.07210858,0.07977789,0.09974027,0.05379788,CV.Total.SURVEY_LU1_3U370
NA,NA,NA,NA,0.53274602,0.22874667,0.32600583,0.05936646,CV.Total.SURVEY_LU1_3U411
NA,NA,NA,NA,NA,NA,  0,NA,CV.Total.SURVEY_LU1_3U412
NA,NA,NA,NA,NA,0.0000000,0.6546537,NA,CV.Total.SURVEY_LU1_3U413
NA,NA,NA,NA,0.00000000,0.03854332,0.26468004,0.18637632,CV.Total.SURVEY_LU1_3U414
0.00000000,NA,NA,NA,0.09160522,0.44893348,0.16887720,0.23513370,CV.Total.SURVEY_LU1_3U415
0.00000000,0.52223297,0.00000000,0.81859825,0.03943994,0.03881071,0.04365201,0.03939278,CV.Total.SURVEY_LU1_3U420
0.17965699,0.02034650,0.05727761,0.09787261,0.04398704,0.01097959,0.03289442,0.03849261,CV.Total.settlement0
0.00000000,NA,NA,0.00000000,0.04594363,0.03779368,0.03305954,0.03621751,CV.Total.settlement1
0.049378623,0.019848355,0.009564923,0.024853122,0.035013602,0.010005882,0.035746370,0.012228327,CV.Total.fao_class_name0
0.28185221,0.05473915,0.58469817,0.31113325,0.11964211,0.04348253,0.13022357,0.08525684,CV.Total.fao_class_name1
0.00000000,0.35886269,NA,NA,0.11592049,0.27350649,0.17266688,0.09879944,CV.Total.fao_class_name2
NA,NA,NA,NA,0.09475356,0.17617296,0.21582775,0.14636475,CV.Total.fao_class_name3
0.17965699,0.02034650,0.05727761,0.09787261,0.04309751,0.01075022,0.03172570,0.03763270,CV.Total.lue0
0.00000000,NA,NA,0.00000000,0.06406870,0.06588455,0.08667943,0.04898484,CV.Total.lue1
0.17960490,0.02034650,0.05727761,0.09790549,0.04284118,0.01090662,0.03175304,0.03774045,CV.Total.lud0
NA,NA,NA,0.79041347,0.09589796,0.06050294,0.07248100,0.04636455,CV.Total.lud1
