SE1.No,SE2.No,SE3.No,SE1.Yes,SE2.Yes,SE3.Yes,variable
No,No,No,Yes,Yes,Yes,flag_two
  2516.242,  2336.007, 26967.918, 47790.758, 82344.903,285464.082,Total.area
   0.000,   0.000,   0.000,1670.231,3230.440,3374.316,Total.SURVEY_LC1_1A
 799.6812, 963.9112, 473.4622,3985.5952,8992.0996,1417.5348,Total.SURVEY_LC1_1B
  1684.829,  1347.372, 26434.095, 27951.089, 46241.001,172700.515,Total.SURVEY_LC1_1C
    0.000000,    4.132987,   60.360768, 1003.637053, 1738.297877,32203.963687,Total.SURVEY_LC1_1D
   27.58244,   16.52324,    0.00000, 5944.62140,11448.83972, 8314.48881,Total.SURVEY_LC1_1E
    4.149324,    0.000000,    0.000000, 1118.187940,  917.663240,17237.170031,Total.SURVEY_LC1_1F
    0.000000,    4.067057,    0.000000, 5208.731912, 8344.838105,26167.442032,Total.SURVEY_LC1_1G
    0.000,    0.000,    0.000,  908.665, 1431.724,24048.652,Total.SURVEY_LC1_1H
  2370.280,  2229.236, 19857.924, 36145.627, 61812.478,161342.438,Total.SURVEY_LU1_1U1
   0.00000,   0.00000,   0.00000,  43.38196, 181.03722,1604.82484,Total.SURVEY_LU1_1U2
   36.92550,   19.46028,  962.72515, 7273.70479,13468.68820,30342.71156,Total.SURVEY_LU1_1U3
  109.03567,   87.31023, 6147.26825, 4328.04461, 6882.70000,92174.10825,Total.SURVEY_LU1_1U4
  0.0000,  0.0000,  0.0000,458.2361,734.1087,414.9209,Total.SURVEY_LC1_2A1
   0.000,   0.000,   0.000,1068.639,2285.091,2499.177,Total.SURVEY_LC1_2A2
  0.0000,  0.0000,  0.0000,143.3557,211.2398,460.2180,Total.SURVEY_LC1_2A3
   0.0000,   0.0000,   0.0000,2551.4096,5100.2594, 553.3139,Total.SURVEY_LC1_2B1
  0.00000,  0.00000,  0.00000, 17.15355,470.54646, 27.28100,Total.SURVEY_LC1_2B2
  0.00000,  0.00000,  0.00000,307.02781,757.26067, 25.87987,Total.SURVEY_LC1_2B3
  0.000000,  0.000000,  0.000000,176.747074,320.389452,  8.645815,Total.SURVEY_LC1_2B4
   0.0000,   0.0000,   0.0000, 882.0462,2243.9031, 794.2151,Total.SURVEY_LC1_2B5
 0.000000, 0.000000, 0.000000,24.762158,79.157246, 8.199002,Total.SURVEY_LC1_2B7
 0.00000, 0.00000, 0.00000,26.44875,20.58325, 0.00000,Total.SURVEY_LC1_2B8
799.6812,963.9112,473.4622,  0.0000,  0.0000,  0.0000,Total.SURVEY_LC1_2Bx
    0.000,    0.000,    0.000, 4192.169, 8351.042,12473.745,Total.SURVEY_LC1_2C1
   755.2161,   418.7498, 12386.0113, 15977.0896, 23734.8018,103783.4881,Total.SURVEY_LC1_2C2
  925.4135,  900.9580,13805.8428, 7781.8301,14155.1574,56443.2815,Total.SURVEY_LC1_2C3
  4.199141, 27.664231,242.240603,  0.000000,  0.000000,  0.000000,Total.SURVEY_LC1_2Cx
   0.0000,   0.0000,   0.0000, 633.4200, 836.7751,6526.9129,Total.SURVEY_LC1_2D1
    0.000000,    4.132987,    5.754071,  370.217075,  901.522753,25677.050812,Total.SURVEY_LC1_2D2
 0.0000, 0.0000,54.6067, 0.0000, 0.0000, 0.0000,Total.SURVEY_LC1_2Dx
  11.400908,   4.140385,   0.000000, 934.315747,2519.185290, 970.507661,Total.SURVEY_LC1_2E1
   4.149324,  12.382851,   0.000000,3874.116647,7532.327613,4883.804293,Total.SURVEY_LC1_2E2
   0.000,   0.000,   0.000,1136.189,1397.327,2460.177,Total.SURVEY_LC1_2E3
12.03221, 0.00000, 0.00000, 0.00000, 0.00000, 0.00000,Total.SURVEY_LC1_2Ex
   0.00000,   0.00000,   0.00000,  76.76467, 213.62127,6716.83946,Total.SURVEY_LC1_2F1
  0.00000,  0.00000,  0.00000, 31.14503, 44.92341,179.99347,Total.SURVEY_LC1_2F2
   4.149324,   0.000000,   0.000000, 161.655327, 108.721915,9157.352032,Total.SURVEY_LC1_2F3
   0.0000,   0.0000,   0.0000, 848.6229, 550.3967,1182.9851,Total.SURVEY_LC1_2F4
    0.000,    0.000,    0.000, 5109.900, 8148.029,23587.122,Total.SURVEY_LC1_2G1
   0.000000,   4.067057,   0.000000,  82.339517, 172.077046,1951.386404,Total.SURVEY_LC1_2G2
 0.000000, 0.000000, 0.000000,16.492465,24.731837, 8.027643,Total.SURVEY_LC1_2G4
  0.0000,  0.0000,  0.0000,  0.0000,  0.0000,620.9063,Total.SURVEY_LC1_2G5
    0.0000,    0.0000,    0.0000,  904.4659, 1423.5851,24044.6794,Total.SURVEY_LC1_2H1
0.000000,0.000000,0.000000,4.199141,8.138386,3.972573,Total.SURVEY_LC1_2H2
  819.3807,  980.3611,  473.4622, 8094.4828,17115.3350, 4736.9342,Total.SURVEY_LU1_2U11
  1550.900,  1248.875, 19384.462, 27130.135, 44548.452,156207.481,Total.SURVEY_LU1_2U12
  0.00000,  0.00000,  0.00000,845.25071, 53.80559,137.57140,Total.SURVEY_LU1_2U13
  0.00000,  0.00000,  0.00000, 75.75816, 94.88483,192.22435,Total.SURVEY_LU1_2U14
 0.0000, 0.0000, 0.0000, 0.0000, 0.0000,68.2269,Total.SURVEY_LU1_2U15
   0.00000,   0.00000,   0.00000,  23.10458,  26.15958,1541.28459,Total.SURVEY_LU1_2U21
  0.00000,  0.00000,  0.00000, 20.27739,154.87764, 63.54025,Total.SURVEY_LU1_2U22
  12.03221,   0.00000,   0.00000,2323.24682,5866.45316,6662.09986,Total.SURVEY_LU1_2U31
 0.000000, 0.000000, 0.000000,45.645780,26.895747, 8.018729,Total.SURVEY_LU1_2U32
 0.000000, 0.000000, 0.000000,45.595014,63.962802, 4.280899,Total.SURVEY_LU1_2U33
  0.0000,  0.0000,  0.0000,101.9280,120.5441,108.6355,Total.SURVEY_LU1_2U34
  20.69415,  15.38233, 704.87926, 253.56606, 567.02995,5718.45468,Total.SURVEY_LU1_2U35
    0.0000,    0.0000,  257.8459, 2840.9187, 4883.7018,16252.6626,Total.SURVEY_LU1_2U36
   4.199141,   4.077953,   0.000000,1662.804485,1940.100567,1588.559195,Total.SURVEY_LU1_2U37
  0.00000,  0.00000,  0.00000, 21.08615, 42.13097,126.63372,Total.SURVEY_LU1_2U41
  109.03567,   87.31023, 6147.26825, 4306.95846, 6840.56903,92047.47453,Total.SURVEY_LU1_2U42
  0.0000,  0.0000,  0.0000,400.9299,701.9987,394.5502,Total.SURVEY_LC1_3A11
 0.00000, 0.00000, 0.00000,57.30623,20.10938,20.37064,Total.SURVEY_LC1_3A12
 0.00000, 0.00000, 0.00000, 0.00000,12.00071, 0.00000,Total.SURVEY_LC1_3A13
  0.0000,  0.0000,  0.0000,340.2215,761.0984,386.0142,Total.SURVEY_LC1_3A21
   0.0000,   0.0000,   0.0000, 728.4178,1523.9928,2113.1631,Total.SURVEY_LC1_3A22
  0.0000,  0.0000,  0.0000,143.3557,211.2398,460.2180,Total.SURVEY_LC1_3A30
   0.0000,   0.0000,   0.0000,1694.5441,2188.5303, 160.9154,Total.SURVEY_LC1_3B11
 0.000000, 0.000000, 0.000000, 8.508493,93.600164,12.004774,Total.SURVEY_LC1_3B12
   0.000,   0.000,   0.000, 383.243,1591.282, 215.196,Total.SURVEY_LC1_3B13
  0.0000,  0.0000,  0.0000,155.9900,116.3274, 11.4528,Total.SURVEY_LC1_3B14
  0.0000,  0.0000,  0.0000,269.9295,716.1133,149.9056,Total.SURVEY_LC1_3B15
  0.000000,  0.000000,  0.000000,  4.076046,263.094052,  3.839372,Total.SURVEY_LC1_3B16
  0.00000,  0.00000,  0.00000, 35.11859,131.31180,  0.00000,Total.SURVEY_LC1_3B18
  0.00000,  0.00000,  0.00000, 17.15355,160.53347, 27.28100,Total.SURVEY_LC1_3B21
  0.0000,  0.0000,  0.0000,  0.0000,262.6335,  0.0000,Total.SURVEY_LC1_3B22
 0.0000, 0.0000, 0.0000, 0.0000,47.3795, 0.0000,Total.SURVEY_LC1_3B23
  0.00000,  0.00000,  0.00000,268.75881,745.54369, 25.87987,Total.SURVEY_LC1_3B32
 0.00000, 0.00000, 0.00000,38.26901,11.71698, 0.00000,Total.SURVEY_LC1_3B35
  0.000000,  0.000000,  0.000000,176.747074,256.817478,  8.645815,Total.SURVEY_LC1_3B41
 0.00000, 0.00000, 0.00000, 0.00000,37.71343, 0.00000,Total.SURVEY_LC1_3B43
0.000000,0.000000,0.000000,0.000000,3.940046,0.000000,Total.SURVEY_LC1_3B44
 0.0000, 0.0000, 0.0000, 0.0000,21.9185, 0.0000,Total.SURVEY_LC1_3B45
  0.00000,  0.00000,  0.00000,196.83971,141.49001, 40.70176,Total.SURVEY_LC1_3B51
 0.00000, 0.00000, 0.00000,21.11545,14.53409, 0.00000,Total.SURVEY_LC1_3B52
  0.00000,  0.00000,  0.00000, 76.56621,270.07271,292.98709,Total.SURVEY_LC1_3B53
 0.000000, 0.000000, 0.000000,25.685069,20.820220, 3.848526,Total.SURVEY_LC1_3B54
   0.0000,   0.0000,   0.0000, 561.8398,1796.9860, 456.6778,Total.SURVEY_LC1_3B55
 0.00000, 0.00000, 0.00000,20.61239,75.02368, 0.00000,Total.SURVEY_LC1_3B71
0.000000,0.000000,0.000000,4.149773,0.000000,0.000000,Total.SURVEY_LC1_3B73
0.000000,0.000000,0.000000,0.000000,4.133563,8.199002,Total.SURVEY_LC1_3B75
 0.00000, 0.00000, 0.00000,26.44875,20.58325, 0.00000,Total.SURVEY_LC1_3B84
795.7193,963.9112,468.2837,  0.0000,  0.0000,  0.0000,Total.SURVEY_LC1_3Bx1
0.000000,0.000000,5.178507,0.000000,0.000000,0.000000,Total.SURVEY_LC1_3Bx2
3.961899,0.000000,0.000000,0.000000,0.000000,0.000000,Total.SURVEY_LC1_3Bxx
    0.000,    0.000,    0.000, 4192.169, 8351.042,12473.745,Total.SURVEY_LC1_3C10
    0.000,    0.000,    0.000, 6069.394,12587.537,32358.100,Total.SURVEY_LC1_3C21
    0.000,    0.000,    0.000, 7901.862, 8882.267,63906.309,Total.SURVEY_LC1_3C22
   0.000,   0.000,   0.000,2005.834,2264.997,7519.079,Total.SURVEY_LC1_3C23
  755.2161,  418.7498,12386.0113,    0.0000,    0.0000,    0.0000,Total.SURVEY_LC1_3C2x
    0.000,    0.000,    0.000, 4337.835, 9020.321,25187.231,Total.SURVEY_LC1_3C31
    0.000,    0.000,    0.000, 2172.484, 3273.697,21916.084,Total.SURVEY_LC1_3C32
   0.000,   0.000,   0.000,1271.511,1861.140,9339.966,Total.SURVEY_LC1_3C33
  925.4135,  900.9580,13805.8428,    0.0000,    0.0000,    0.0000,Total.SURVEY_LC1_3C3x
  4.199141, 27.664231,242.240603,  0.000000,  0.000000,  0.000000,Total.SURVEY_LC1_3Cxx
   0.0000,   0.0000,   0.0000, 633.4200, 836.7751,6526.9129,Total.SURVEY_LC1_3D10
    0.0000,    0.0000,    0.0000,  370.2171,  901.5228,25677.0508,Total.SURVEY_LC1_3D20
0.000000,4.132987,5.754071,0.000000,0.000000,0.000000,Total.SURVEY_LC1_3D2x
 0.0000, 0.0000,54.6067, 0.0000, 0.0000, 0.0000,Total.SURVEY_LC1_3Dxx
   0.0000,   0.0000,   0.0000, 934.3157,2519.1853, 970.5077,Total.SURVEY_LC1_3E10
11.400908, 4.140385, 0.000000, 0.000000, 0.000000, 0.000000,Total.SURVEY_LC1_3E1x
   0.000,   0.000,   0.000,3874.117,7532.328,4883.804,Total.SURVEY_LC1_3E20
 4.149324,12.382851, 0.000000, 0.000000, 0.000000, 0.000000,Total.SURVEY_LC1_3E2x
   0.000,   0.000,   0.000,1136.189,1397.327,2460.177,Total.SURVEY_LC1_3E30
12.03221, 0.00000, 0.00000, 0.00000, 0.00000, 0.00000,Total.SURVEY_LC1_3Exx
   0.00000,   0.00000,   0.00000,  76.76467, 213.62127,6716.83946,Total.SURVEY_LC1_3F10
  0.00000,  0.00000,  0.00000, 31.14503, 44.92341,179.99347,Total.SURVEY_LC1_3F20
   0.0000,   0.0000,   0.0000, 161.6553, 108.7219,9157.3520,Total.SURVEY_LC1_3F30
4.149324,0.000000,0.000000,0.000000,0.000000,0.000000,Total.SURVEY_LC1_3F3x
   0.0000,   0.0000,   0.0000, 848.6229, 550.3967,1182.9851,Total.SURVEY_LC1_3F40
    0.000,    0.000,    0.000, 5105.768, 8148.029,23587.122,Total.SURVEY_LC1_3G11
0.000000,0.000000,0.000000,4.132242,0.000000,0.000000,Total.SURVEY_LC1_3G12
   0.00000,   0.00000,   0.00000,  82.33952, 172.07705,1951.38640,Total.SURVEY_LC1_3G21
0.000000,4.067057,0.000000,0.000000,0.000000,0.000000,Total.SURVEY_LC1_3G2x
 0.000000, 0.000000, 0.000000,16.492465,24.731837, 8.027643,Total.SURVEY_LC1_3G40
  0.0000,  0.0000,  0.0000,  0.0000,  0.0000,620.9063,Total.SURVEY_LC1_3G50
   0.0000,   0.0000,   0.0000, 606.4157, 522.8947,3718.2443,Total.SURVEY_LC1_3H11
    0.0000,    0.0000,    0.0000,  298.0502,  900.6904,20326.4350,Total.SURVEY_LC1_3H12
0.000000,0.000000,0.000000,4.199141,8.138386,3.972573,Total.SURVEY_LC1_3H21
  819.3807,  976.3007,  473.4622, 7877.2175,16897.0954, 4652.7945,Total.SURVEY_LU1_3U111
  0.00000,  0.00000,  0.00000,200.82737,171.46160, 71.55068,Total.SURVEY_LU1_3U112
 0.000000, 4.060433, 0.000000,16.437891,46.778056,12.589088,Total.SURVEY_LU1_3U113
  1550.900,  1248.875, 19384.462, 27130.135, 44548.452,156207.481,Total.SURVEY_LU1_3U120
  0.00000,  0.00000,  0.00000,845.25071, 53.80559,137.57140,Total.SURVEY_LU1_3U130
  0.00000,  0.00000,  0.00000, 75.75816, 94.88483,192.22435,Total.SURVEY_LU1_3U140
 0.0000, 0.0000, 0.0000, 0.0000, 0.0000,68.2269,Total.SURVEY_LU1_3U150
   0.00000,   0.00000,   0.00000,  23.10458,  26.15958,1541.28459,Total.SURVEY_LU1_3U210
 0.000000, 0.000000, 0.000000, 0.000000,12.126236, 4.008304,Total.SURVEY_LU1_3U221
 0.000000, 0.000000, 0.000000, 8.115310, 4.189859,11.913821,Total.SURVEY_LU1_3U223
 0.000000, 0.000000, 0.000000, 0.000000,11.785124, 7.887252,Total.SURVEY_LU1_3U224
 0.00000, 0.00000, 0.00000, 0.00000,16.18667, 0.00000,Total.SURVEY_LU1_3U225
 0.000000, 0.000000, 0.000000, 4.046766,61.518886, 3.962499,Total.SURVEY_LU1_3U226
 0.00000, 0.00000, 0.00000, 8.11531,49.07087,35.76837,Total.SURVEY_LU1_3U227
 0.00000, 0.00000, 0.00000,99.61277,28.83852,88.15890,Total.SURVEY_LU1_3U311
  12.03221,   0.00000,   0.00000, 920.77450,1979.96731,3189.68400,Total.SURVEY_LU1_3U312
   0.000,   0.000,   0.000,1080.748,3489.431,2489.171,Total.SURVEY_LU1_3U313
 0.00000, 0.00000, 0.00000,26.79539,53.08067,36.30460,Total.SURVEY_LU1_3U314
0.000000,0.000000,0.000000,0.000000,3.936718,0.000000,Total.SURVEY_LU1_3U315
 0.000000, 0.000000, 0.000000,16.179890, 4.105935, 0.000000,Total.SURVEY_LU1_3U316
 0.00000, 0.00000, 0.00000,16.37173,91.53236,37.78720,Total.SURVEY_LU1_3U317
  0.0000,  0.0000,  0.0000,162.7644,215.5608,820.9938,Total.SURVEY_LU1_3U319
 0.000000, 0.000000, 0.000000,25.104740, 8.315891, 0.000000,Total.SURVEY_LU1_3U321
 0.000000, 0.000000, 0.000000,20.541040,18.579856, 8.018729,Total.SURVEY_LU1_3U322
 0.000000, 0.000000, 0.000000,45.595014,63.962802, 4.280899,Total.SURVEY_LU1_3U330
  0.00000,  0.00000,  0.00000, 58.31959,108.41790,100.58038,Total.SURVEY_LU1_3U341
 0.000000, 0.000000, 0.000000,43.608379,12.126236, 8.055162,Total.SURVEY_LU1_3U342
  20.69415,  15.38233, 704.87926, 253.56606, 567.02995,5718.45468,Total.SURVEY_LU1_3U350
    0.0000,    0.0000,  257.8459, 2671.5733, 4562.4170,16051.2976,Total.SURVEY_LU1_3U361
  0.0000,  0.0000,  0.0000,169.3453,321.2849,201.3651,Total.SURVEY_LU1_3U362
   4.199141,   4.077953,   0.000000,1662.804485,1940.100567,1588.559195,Total.SURVEY_LU1_3U370
 0.00000, 0.00000, 0.00000, 0.00000,14.24787,22.15937,Total.SURVEY_LU1_3U411
 0.000000, 0.000000, 0.000000, 4.150282, 8.241090,12.391935,Total.SURVEY_LU1_3U413
 0.00000, 0.00000, 0.00000, 0.00000, 3.95724,11.50015,Total.SURVEY_LU1_3U414
 0.00000, 0.00000, 0.00000,16.93587,15.68478,80.58226,Total.SURVEY_LU1_3U415
  109.03567,   87.31023, 6147.26825, 4306.95846, 6840.56903,92047.47453,Total.SURVEY_LU1_3U420
  2479.316,  2316.546, 26263.038, 44117.668, 76450.522,271839.976,Total.settlement0
   36.92550,   19.46028,  704.87926, 3673.09073, 5894.38075,13624.10625,Total.settlement1
   835.6121,  1029.6897,  1023.9111, 18616.6308, 33964.1577,102332.3714,Total.fao_class_name0
  1680.630,  1302.239, 25686.161, 27701.035, 44877.346,175044.543,Total.fao_class_name1
   0.0000,   0.0000,   0.0000, 751.4309,1334.9862,6170.3463,Total.fao_class_name2
   0.000000,   4.077953, 257.845883, 721.661932,2168.413366,1916.821655,Total.fao_class_name3
  2491.348,  2316.546, 26005.192, 42931.541, 74833.527,261795.770,Total.lue0
   24.89329,   19.46028,  962.72515, 4859.21717, 7511.37649,23668.31206,Total.lue1
  2504.209,  2336.007, 26967.918, 45257.131, 76111.669,276992.634,Total.lud0
  12.03221,   0.00000,   0.00000,2533.62774,6233.23375,8471.44869,Total.lud1
 142.6156, 188.0717,1046.4093, 143.5721, 188.0096,1068.5267,SE.Total.area
  0.00000,  0.00000,  0.00000, 82.11803,178.66185,159.09477,SE.Total.SURVEY_LC1_1A
 87.83916, 81.44356, 18.01454,135.93548,154.90563, 25.41442,SE.Total.SURVEY_LC1_1B
 111.5926, 169.5226,1045.4162, 196.7621, 434.4949,1256.1942,SE.Total.SURVEY_LC1_1C
  0.00000,  0.00000, 47.43734, 97.13262,165.06212,683.38862,SE.Total.SURVEY_LC1_1D
 13.49438,  0.00000,  0.00000,166.24303,360.24681,365.84096,SE.Total.SURVEY_LC1_1E
  0.00000,  0.00000,  0.00000, 94.24743, 93.81315,498.75061,SE.Total.SURVEY_LC1_1F
  0.00000,  0.00000,  0.00000, 14.45646, 26.46450,271.72786,SE.Total.SURVEY_LC1_1G
  0.00000,  0.00000,  0.00000, 60.56595, 31.82976,353.49512,SE.Total.SURVEY_LC1_1H
 140.4072, 187.3555, 918.7668, 224.8728, 456.6641,1391.5587,SE.Total.SURVEY_LU1_1U1
 0.00000, 0.00000, 0.00000, 6.46373,45.90415,34.17943,SE.Total.SURVEY_LU1_1U2
 13.97077,  7.61652,181.94246,126.36715,354.37145,525.84209,SE.Total.SURVEY_LU1_1U3
  22.54921,  16.46605, 518.34600, 151.66002, 277.43938,1100.30735,SE.Total.SURVEY_LU1_1U4
  0.00000,  0.00000,  0.00000, 78.67427,101.86219, 94.07063,SE.Total.SURVEY_LC1_2A1
  0.0000,  0.0000,  0.0000,102.3039,193.4444,177.8136,SE.Total.SURVEY_LC1_2A2
 0.00000, 0.00000, 0.00000,25.48601,25.01214,42.60897,SE.Total.SURVEY_LC1_2A3
  0.00000,  0.00000,  0.00000,131.75491,159.41245, 20.01578,SE.Total.SURVEY_LC1_2B1
 0.000000, 0.000000, 0.000000,15.042731,57.372315, 4.283625,SE.Total.SURVEY_LC1_2B2
 0.000000, 0.000000, 0.000000,57.114750,76.113508, 5.929902,SE.Total.SURVEY_LC1_2B3
 0.00000, 0.00000, 0.00000,43.33542,50.89094, 1.97072,SE.Total.SURVEY_LC1_2B4
  0.00000,  0.00000,  0.00000, 86.72058,116.74291, 19.07953,SE.Total.SURVEY_LC1_2B5
 0.00000, 0.00000, 0.00000, 0.00000,31.96668, 0.00000,SE.Total.SURVEY_LC1_2B7
 0.00000, 0.00000, 0.00000,15.80156, 0.00000, 0.00000,SE.Total.SURVEY_LC1_2B8
87.83916,81.44356,18.01454, 0.00000, 0.00000, 0.00000,SE.Total.SURVEY_LC1_2Bx
  0.0000,  0.0000,  0.0000,233.3327,486.4644,704.5116,SE.Total.SURVEY_LC1_2C1
  83.97502,  37.95313, 764.80773, 303.62007, 664.61331,1616.37513,SE.Total.SURVEY_LC1_2C2
  75.64401, 164.75826, 751.91334, 245.67645, 633.91220,1439.07919,SE.Total.SURVEY_LC1_2C3
  0.00000, 19.24396,104.64456,  0.00000,  0.00000,  0.00000,SE.Total.SURVEY_LC1_2Cx
  0.00000,  0.00000,  0.00000, 88.34214, 96.23373,413.23550,SE.Total.SURVEY_LC1_2D1
  0.00000,  0.00000,  2.93303, 41.01455,134.19817,558.16629,SE.Total.SURVEY_LC1_2D2
 0.00000, 0.00000,47.34657, 0.00000, 0.00000, 0.00000,SE.Total.SURVEY_LC1_2Dx
  9.213325,  0.000000,  0.000000, 88.721586,282.027981,159.214711,SE.Total.SURVEY_LC1_2E1
  0.0000,  0.0000,  0.0000,138.6353,189.8518,169.4850,SE.Total.SURVEY_LC1_2E2
  0.00000,  0.00000,  0.00000, 87.87805,164.35427,287.85862,SE.Total.SURVEY_LC1_2E3
9.859658,0.000000,0.000000,0.000000,0.000000,0.000000,SE.Total.SURVEY_LC1_2Ex
  0.000000,  0.000000,  0.000000,  2.813684,  7.006640,486.084131,SE.Total.SURVEY_LC1_2F1
 0.000000, 0.000000, 0.000000, 3.364190, 5.109221,30.361759,SE.Total.SURVEY_LC1_2F2
  0.00000,  0.00000,  0.00000, 28.48890, 11.97826,361.06273,SE.Total.SURVEY_LC1_2F3
  0.00000,  0.00000,  0.00000, 89.78607, 92.64737,193.41697,SE.Total.SURVEY_LC1_2F4
  0.00000,  0.00000,  0.00000, 17.42158, 28.82823,180.87438,SE.Total.SURVEY_LC1_2G1
  0.00000,  0.00000,  0.00000, 10.12151, 16.63509,143.23061,SE.Total.SURVEY_LC1_2G2
0,0,0,0,0,0,SE.Total.SURVEY_LC1_2G4
  0.0000,  0.0000,  0.0000,  0.0000,  0.0000,244.0746,SE.Total.SURVEY_LC1_2G5
  0.00000,  0.00000,  0.00000, 60.56595, 31.82976,353.49512,SE.Total.SURVEY_LC1_2H1
0,0,0,0,0,0,SE.Total.SURVEY_LC1_2H2
 88.32102, 81.44356, 18.01454,145.26004,182.99341, 79.42971,SE.Total.SURVEY_LU1_2U11
 109.1493, 168.7277, 918.5902, 203.4151, 445.7916,1390.0573,SE.Total.SURVEY_LU1_2U12
 0.00000, 0.00000, 0.00000,30.95574,10.34439,11.03084,SE.Total.SURVEY_LU1_2U13
 0.000000, 0.000000, 0.000000, 0.000000, 4.418964,17.424604,SE.Total.SURVEY_LU1_2U14
 0.00000, 0.00000, 0.00000, 0.00000, 0.00000,54.65375,SE.Total.SURVEY_LU1_2U15
 0.000000, 0.000000, 0.000000, 6.463730, 5.961991,33.038896,SE.Total.SURVEY_LU1_2U21
 0.000000, 0.000000, 0.000000, 0.000000,45.515335, 8.755839,SE.Total.SURVEY_LU1_2U22
  9.859658,  0.000000,  0.000000,118.413606,182.014411,266.825903,SE.Total.SURVEY_LU1_2U31
 0.000000, 0.000000, 0.000000,18.880996, 3.568438, 0.000000,SE.Total.SURVEY_LU1_2U32
 0.00000, 0.00000, 0.00000,20.74214,21.34885, 0.00000,SE.Total.SURVEY_LU1_2U33
 0.00000, 0.00000, 0.00000,37.84248,38.86442,28.56796,SE.Total.SURVEY_LU1_2U34
  9.903347,  7.616520,140.604021, 39.850357,128.096791,303.668273,SE.Total.SURVEY_LU1_2U35
  0.00000,  0.00000,115.76365, 71.74171,282.37749,347.08445,SE.Total.SURVEY_LU1_2U36
  0.0000,  0.0000,  0.0000,133.6392,151.3210,157.8395,SE.Total.SURVEY_LU1_2U37
 0.000000, 0.000000, 0.000000,10.413075, 3.568438,18.222628,SE.Total.SURVEY_LU1_2U41
  22.54921,  16.46605, 518.34600, 151.33205, 277.41851,1100.38857,SE.Total.SURVEY_LU1_2U42
  0.00000,  0.00000,  0.00000, 76.20044,101.29114, 94.06033,SE.Total.SURVEY_LC1_3A11
 0.000000, 0.000000, 0.000000,37.824609, 5.445655, 1.392067,SE.Total.SURVEY_LC1_3A12
0.000000,0.000000,0.000000,0.000000,9.772878,0.000000,SE.Total.SURVEY_LC1_3A13
  0.00000,  0.00000,  0.00000, 66.76865,122.80840, 69.27329,SE.Total.SURVEY_LC1_3A21
  0.00000,  0.00000,  0.00000, 98.83277,164.87516,168.67088,SE.Total.SURVEY_LC1_3A22
 0.00000, 0.00000, 0.00000,25.48601,25.01214,42.60897,SE.Total.SURVEY_LC1_3A30
  0.00000,  0.00000,  0.00000,119.15591,119.08143, 14.23063,SE.Total.SURVEY_LC1_3B11
 0.000000, 0.000000, 0.000000, 6.176879,27.504586, 0.000000,SE.Total.SURVEY_LC1_3B12
  0.000000,  0.000000,  0.000000, 61.469699,106.605140,  9.449679,SE.Total.SURVEY_LC1_3B13
 0.000000, 0.000000, 0.000000,36.879468,28.067469, 4.546014,SE.Total.SURVEY_LC1_3B14
 0.00000, 0.00000, 0.00000,52.20767,88.52511,12.08648,SE.Total.SURVEY_LC1_3B15
 0.00000, 0.00000, 0.00000, 0.00000,41.94709, 0.00000,SE.Total.SURVEY_LC1_3B16
 0.00000, 0.00000, 0.00000,21.74216,33.54797, 0.00000,SE.Total.SURVEY_LC1_3B18
 0.000000, 0.000000, 0.000000,15.042731,35.541371, 4.283625,SE.Total.SURVEY_LC1_3B21
 0.00000, 0.00000, 0.00000, 0.00000,43.72539, 0.00000,SE.Total.SURVEY_LC1_3B22
 0.00000, 0.00000, 0.00000, 0.00000,16.00928, 0.00000,SE.Total.SURVEY_LC1_3B23
 0.000000, 0.000000, 0.000000,53.402242,75.633122, 5.929902,SE.Total.SURVEY_LC1_3B32
 0.000000, 0.000000, 0.000000,21.234056, 9.541824, 0.000000,SE.Total.SURVEY_LC1_3B35
 0.00000, 0.00000, 0.00000,43.33542,46.94214, 1.97072,SE.Total.SURVEY_LC1_3B41
 0.0000, 0.0000, 0.0000, 0.0000,15.6599, 0.0000,SE.Total.SURVEY_LC1_3B43
0,0,0,0,0,0,SE.Total.SURVEY_LC1_3B44
 0.00000, 0.00000, 0.00000, 0.00000,12.43999, 0.00000,SE.Total.SURVEY_LC1_3B45
 0.000000, 0.000000, 0.000000,47.085389,30.994567, 1.748975,SE.Total.SURVEY_LC1_3B51
 0.000000, 0.000000, 0.000000,15.042731, 8.129308, 0.000000,SE.Total.SURVEY_LC1_3B52
 0.00000, 0.00000, 0.00000,26.59708,44.25439,12.73279,SE.Total.SURVEY_LC1_3B53
 0.00000, 0.00000, 0.00000,16.26789,11.75285, 0.00000,SE.Total.SURVEY_LC1_3B54
  0.00000,  0.00000,  0.00000, 67.92054,106.04761, 15.09793,SE.Total.SURVEY_LC1_3B55
 0.00000, 0.00000, 0.00000, 0.00000,31.96668, 0.00000,SE.Total.SURVEY_LC1_3B71
0,0,0,0,0,0,SE.Total.SURVEY_LC1_3B73
0,0,0,0,0,0,SE.Total.SURVEY_LC1_3B75
 0.00000, 0.00000, 0.00000,15.80156, 0.00000, 0.00000,SE.Total.SURVEY_LC1_3B84
87.83916,81.44356,17.91262, 0.00000, 0.00000, 0.00000,SE.Total.SURVEY_LC1_3Bx1
0.000000,0.000000,2.155984,0.000000,0.000000,0.000000,SE.Total.SURVEY_LC1_3Bx2
0,0,0,0,0,0,SE.Total.SURVEY_LC1_3Bxx
  0.0000,  0.0000,  0.0000,233.3327,486.4644,704.5116,SE.Total.SURVEY_LC1_3C10
   0.0000,   0.0000,   0.0000, 249.1899, 595.1955,1195.2406,SE.Total.SURVEY_LC1_3C21
   0.0000,   0.0000,   0.0000, 230.1347, 446.5636,1498.8919,SE.Total.SURVEY_LC1_3C22
  0.0000,  0.0000,  0.0000,155.2938,290.6729,632.1595,SE.Total.SURVEY_LC1_3C23
 83.97502, 37.95313,764.80773,  0.00000,  0.00000,  0.00000,SE.Total.SURVEY_LC1_3C2x
   0.0000,   0.0000,   0.0000, 208.3015, 553.6009,1066.7831,SE.Total.SURVEY_LC1_3C31
  0.0000,  0.0000,  0.0000,142.6707,344.6759,969.0711,SE.Total.SURVEY_LC1_3C32
  0.0000,  0.0000,  0.0000,107.2408,256.3833,678.4424,SE.Total.SURVEY_LC1_3C33
 75.64401,164.75826,751.91334,  0.00000,  0.00000,  0.00000,SE.Total.SURVEY_LC1_3C3x
  0.00000, 19.24396,104.64456,  0.00000,  0.00000,  0.00000,SE.Total.SURVEY_LC1_3Cxx
  0.00000,  0.00000,  0.00000, 88.34214, 96.23373,413.23550,SE.Total.SURVEY_LC1_3D10
  0.00000,  0.00000,  0.00000, 41.01455,134.19817,558.16629,SE.Total.SURVEY_LC1_3D20
0.00000,0.00000,2.93303,0.00000,0.00000,0.00000,SE.Total.SURVEY_LC1_3D2x
 0.00000, 0.00000,47.34657, 0.00000, 0.00000, 0.00000,SE.Total.SURVEY_LC1_3Dxx
  0.00000,  0.00000,  0.00000, 88.72159,282.02798,159.21471,SE.Total.SURVEY_LC1_3E10
9.213325,0.000000,0.000000,0.000000,0.000000,0.000000,SE.Total.SURVEY_LC1_3E1x
  0.0000,  0.0000,  0.0000,138.6353,189.8518,169.4850,SE.Total.SURVEY_LC1_3E20
0,0,0,0,0,0,SE.Total.SURVEY_LC1_3E2x
  0.00000,  0.00000,  0.00000, 87.87805,164.35427,287.85862,SE.Total.SURVEY_LC1_3E30
9.859658,0.000000,0.000000,0.000000,0.000000,0.000000,SE.Total.SURVEY_LC1_3Exx
  0.000000,  0.000000,  0.000000,  2.813684,  7.006640,486.084131,SE.Total.SURVEY_LC1_3F10
 0.000000, 0.000000, 0.000000, 3.364190, 5.109221,30.361759,SE.Total.SURVEY_LC1_3F20
  0.00000,  0.00000,  0.00000, 28.48890, 11.97826,361.06273,SE.Total.SURVEY_LC1_3F30
0,0,0,0,0,0,SE.Total.SURVEY_LC1_3F3x
  0.00000,  0.00000,  0.00000, 89.78607, 92.64737,193.41697,SE.Total.SURVEY_LC1_3F40
  0.00000,  0.00000,  0.00000, 17.42158, 28.82823,180.87438,SE.Total.SURVEY_LC1_3G11
0,0,0,0,0,0,SE.Total.SURVEY_LC1_3G12
  0.00000,  0.00000,  0.00000, 10.12151, 16.63509,143.23061,SE.Total.SURVEY_LC1_3G21
0,0,0,0,0,0,SE.Total.SURVEY_LC1_3G2x
0,0,0,0,0,0,SE.Total.SURVEY_LC1_3G40
  0.0000,  0.0000,  0.0000,  0.0000,  0.0000,244.0746,SE.Total.SURVEY_LC1_3G50
  0.00000,  0.00000,  0.00000, 41.31622, 53.00422,175.79259,SE.Total.SURVEY_LC1_3H11
  0.00000,  0.00000,  0.00000, 53.13813, 51.27065,345.02860,SE.Total.SURVEY_LC1_3H12
0,0,0,0,0,0,SE.Total.SURVEY_LC1_3H21
 88.32102, 81.44356, 18.01454,148.33390,183.28501, 79.46944,SE.Total.SURVEY_LU1_3U111
 0.000000, 0.000000, 0.000000,36.746656,26.766616, 6.647805,SE.Total.SURVEY_LU1_3U112
 0.000000, 0.000000, 0.000000, 0.000000,30.506047, 1.388267,SE.Total.SURVEY_LU1_3U113
 109.1493, 168.7277, 918.5902, 203.4151, 445.7916,1390.0573,SE.Total.SURVEY_LU1_3U120
 0.00000, 0.00000, 0.00000,30.95574,10.34439,11.03084,SE.Total.SURVEY_LU1_3U130
 0.000000, 0.000000, 0.000000, 0.000000, 4.418964,17.424604,SE.Total.SURVEY_LU1_3U140
 0.00000, 0.00000, 0.00000, 0.00000, 0.00000,54.65375,SE.Total.SURVEY_LU1_3U150
 0.000000, 0.000000, 0.000000, 6.463730, 5.961991,33.038896,SE.Total.SURVEY_LU1_3U210
0.00000,0.00000,0.00000,0.00000,9.90103,0.00000,SE.Total.SURVEY_LU1_3U221
0,0,0,0,0,0,SE.Total.SURVEY_LU1_3U223
0.000000,0.000000,0.000000,0.000000,5.293117,0.000000,SE.Total.SURVEY_LU1_3U224
0.00000,0.00000,0.00000,0.00000,9.90103,0.00000,SE.Total.SURVEY_LU1_3U225
 0.00000, 0.00000, 0.00000, 0.00000,35.85874, 0.00000,SE.Total.SURVEY_LU1_3U226
 0.000000, 0.000000, 0.000000, 0.000000,31.394878, 8.755839,SE.Total.SURVEY_LU1_3U227
 0.00000, 0.00000, 0.00000,38.20970, 6.10890,21.07432,SE.Total.SURVEY_LU1_3U311
  9.859658,  0.000000,  0.000000,105.280081,173.628455,228.574131,SE.Total.SURVEY_LU1_3U312
 0.00000, 0.00000, 0.00000,34.38065,50.47112,71.47266,SE.Total.SURVEY_LU1_3U313
0.000000,0.000000,0.000000,3.544903,6.589203,0.000000,SE.Total.SURVEY_LU1_3U314
0,0,0,0,0,0,SE.Total.SURVEY_LU1_3U315
0.000000,0.000000,0.000000,9.859658,0.000000,0.000000,SE.Total.SURVEY_LU1_3U316
 0.000000, 0.000000, 0.000000, 0.000000,25.154578, 5.858095,SE.Total.SURVEY_LU1_3U317
  0.00000,  0.00000,  0.00000, 27.31488, 18.86411,117.41363,SE.Total.SURVEY_LU1_3U319
 0.000, 0.000, 0.000,18.881, 0.000, 0.000,SE.Total.SURVEY_LU1_3U321
0.000000,0.000000,0.000000,0.000000,3.568438,0.000000,SE.Total.SURVEY_LU1_3U322
 0.00000, 0.00000, 0.00000,20.74214,21.34885, 0.00000,SE.Total.SURVEY_LU1_3U330
 0.00000, 0.00000, 0.00000, 5.94919,38.61136,28.56796,SE.Total.SURVEY_LU1_3U341
 0.00000, 0.00000, 0.00000,37.37192, 9.90103, 0.00000,SE.Total.SURVEY_LU1_3U342
  9.903347,  7.616520,140.604021, 39.850357,128.096791,303.668273,SE.Total.SURVEY_LU1_3U350
  0.00000,  0.00000,115.76365, 65.64116,268.18703,345.53002,SE.Total.SURVEY_LU1_3U361
 0.00000, 0.00000, 0.00000,29.49500,94.59405,33.98517,SE.Total.SURVEY_LU1_3U362
  0.0000,  0.0000,  0.0000,133.6392,151.3210,157.8395,SE.Total.SURVEY_LU1_3U370
0.000000,0.000000,0.000000,0.000000,3.568438,6.917033,SE.Total.SURVEY_LU1_3U411
0.000000,0.000000,0.000000,0.000000,0.000000,1.544398,SE.Total.SURVEY_LU1_3U413
0,0,0,0,0,0,SE.Total.SURVEY_LU1_3U414
 0.00000, 0.00000, 0.00000,10.41307, 0.00000,17.25734,SE.Total.SURVEY_LU1_3U415
  22.54921,  16.46605, 518.34600, 151.33205, 277.41851,1100.38857,SE.Total.SURVEY_LU1_3U420
 142.0103, 187.9415,1039.2950, 177.4580, 299.8939,1128.1560,SE.Total.settlement0
 13.97077,  7.61652,140.60402,107.60894,238.09863,412.09187,SE.Total.settlement1
 88.86965, 83.91239,154.91667,178.00075,292.21951,657.75235,SE.Total.fao_class_name0
 111.5926, 168.6678,1032.4933, 200.2466, 465.4545,1234.9118,SE.Total.fao_class_name1
  0.00000,  0.00000,  0.00000, 80.96609,247.99045,408.02141,SE.Total.fao_class_name2
  0.00000,  0.00000,115.76365, 77.76699,288.49610,309.72935,SE.Total.fao_class_name3
 142.3121, 187.9415,1034.2724, 203.6338, 381.1555,1152.2449,SE.Total.lue0
  9.903347,  7.616520,181.942462,146.926922,338.560967,483.257354,SE.Total.lue1
 142.3149, 188.0717,1046.4093, 187.6452, 261.3911,1095.1343,SE.Total.lud0
  9.859658,  0.000000,  0.000000,121.445520,182.591765,269.076169,SE.Total.lud1
  2236.720,  1967.393, 24916.993, 47509.362, 81976.411,283369.808,CI.l(95%).Total.area
   0.000,   0.000,   0.000,1509.283,2880.269,3062.496,CI.l(95%).Total.SURVEY_LC1_1A
 627.5196, 804.2848, 438.1544,3719.1666,8688.4901,1367.7234,CI.l(95%).Total.SURVEY_LC1_1B
  1466.111,  1015.114, 24385.117, 27565.442, 45389.407,170238.420,CI.l(95%).Total.SURVEY_LC1_1C
    0.000000,    4.132987,  -32.614701,  813.260606, 1414.782069,30864.546611,CI.l(95%).Total.SURVEY_LC1_1D
    1.133945,   16.523235,    0.000000, 5618.791057,10742.768949, 7597.453698,CI.l(95%).Total.SURVEY_LC1_1E
    4.149324,    0.000000,    0.000000,  933.466365,  733.792836,16259.636794,CI.l(95%).Total.SURVEY_LC1_1F
    0.000000,    4.067057,    0.000000, 5180.397767, 8292.968634,25634.865215,CI.l(95%).Total.SURVEY_LC1_1G
    0.000,    0.000,    0.000,  789.958, 1369.338,23355.814,CI.l(95%).Total.SURVEY_LC1_1H
  2095.087,  1862.026, 18057.174, 35704.884, 60917.432,158615.033,CI.l(95%).Total.SURVEY_LU1_1U1
   0.00000,   0.00000,   0.00000,  30.71329,  91.06673,1537.83439,CI.l(95%).Total.SURVEY_LU1_1U2
    9.543283,    4.532177,  606.124475, 7026.029728,12774.132918,29312.079996,CI.l(95%).Total.SURVEY_LU1_1U3
   64.84003,   55.03737, 5131.32876, 4030.79644, 6338.92880,90017.54547,CI.l(95%).Total.SURVEY_LU1_1U4
  0.0000,  0.0000,  0.0000,304.0374,534.4625,230.5458,CI.l(95%).Total.SURVEY_LC1_2A1
   0.0000,   0.0000,   0.0000, 868.1273,1905.9472,2150.6690,CI.l(95%).Total.SURVEY_LC1_2A2
  0.00000,  0.00000,  0.00000, 93.40401,162.21688,376.70591,CI.l(95%).Total.SURVEY_LC1_2A3
   0.0000,   0.0000,   0.0000,2293.1748,4787.8168, 514.0837,CI.l(95%).Total.SURVEY_LC1_2B1
  0.00000,  0.00000,  0.00000,-12.32966,358.09879, 18.88525,CI.l(95%).Total.SURVEY_LC1_2B2
  0.00000,  0.00000,  0.00000,195.08496,608.08093, 14.25748,CI.l(95%).Total.SURVEY_LC1_2B3
  0.000000,  0.000000,  0.000000, 91.811215,220.645035,  4.783275,CI.l(95%).Total.SURVEY_LC1_2B4
   0.0000,   0.0000,   0.0000, 712.0770,2015.0912, 756.8199,CI.l(95%).Total.SURVEY_LC1_2B5
 0.000000, 0.000000, 0.000000,24.762158,16.503712, 8.199002,CI.l(95%).Total.SURVEY_LC1_2B7
 0.000000, 0.000000, 0.000000,-4.521745,20.583251, 0.000000,CI.l(95%).Total.SURVEY_LC1_2B8
627.5196,804.2848,438.1544,  0.0000,  0.0000,  0.0000,CI.l(95%).Total.SURVEY_LC1_2Bx
    0.000,    0.000,    0.000, 3734.845, 7397.589,11092.928,CI.l(95%).Total.SURVEY_LC1_2C1
   590.6281,   344.3630, 10887.0157, 15382.0052, 22432.1836,100615.4511,CI.l(95%).Total.SURVEY_LC1_2C2
  777.1539,  578.0377,12332.1197, 7300.3132,12912.7123,53622.7381,CI.l(95%).Total.SURVEY_LC1_2C3
  4.199141,-10.053245, 37.141025,  0.000000,  0.000000,  0.000000,CI.l(95%).Total.SURVEY_LC1_2Cx
   0.0000,   0.0000,   0.0000, 460.2726, 648.1605,5716.9862,CI.l(95%).Total.SURVEY_LC1_2D1
    0.000000000,    4.132987435,    0.005436674,  289.830037369,  638.499164435,24583.064989335,CI.l(95%).Total.SURVEY_LC1_2D2
  0.00000,  0.00000,-38.19088,  0.00000,  0.00000,  0.00000,CI.l(95%).Total.SURVEY_LC1_2Dx
  -6.656877,   4.140385,   0.000000, 760.424633,1966.420605, 658.452561,CI.l(95%).Total.SURVEY_LC1_2E1
   4.149324,  12.382851,   0.000000,3602.396409,7160.224860,4551.619849,CI.l(95%).Total.SURVEY_LC1_2E2
   0.0000,   0.0000,   0.0000, 963.9512,1075.1984,1895.9843,CI.l(95%).Total.SURVEY_LC1_2E3
-7.292369, 0.000000, 0.000000, 0.000000, 0.000000, 0.000000,CI.l(95%).Total.SURVEY_LC1_2Ex
   0.00000,   0.00000,   0.00000,  71.24995, 199.88850,5764.13207,CI.l(95%).Total.SURVEY_LC1_2F1
  0.00000,  0.00000,  0.00000, 24.55134, 34.90952,120.48552,CI.l(95%).Total.SURVEY_LC1_2F2
   4.149324,   0.000000,   0.000000, 105.818107,  85.244949,8449.682079,CI.l(95%).Total.SURVEY_LC1_2F3
  0.0000,  0.0000,  0.0000,672.6454,368.8111,803.8948,CI.l(95%).Total.SURVEY_LC1_2F4
    0.000,    0.000,    0.000, 5075.754, 8091.527,23232.614,CI.l(95%).Total.SURVEY_LC1_2G1
   0.000000,   4.067057,   0.000000,  62.501721, 139.472876,1670.659558,CI.l(95%).Total.SURVEY_LC1_2G2
 0.000000, 0.000000, 0.000000,16.492465,24.731837, 8.027643,CI.l(95%).Total.SURVEY_LC1_2G4
  0.0000,  0.0000,  0.0000,  0.0000,  0.0000,142.5289,CI.l(95%).Total.SURVEY_LC1_2G5
    0.0000,    0.0000,    0.0000,  785.7588, 1361.1999,23351.8417,CI.l(95%).Total.SURVEY_LC1_2H1
0.000000,0.000000,0.000000,4.199141,8.138386,3.972573,CI.l(95%).Total.SURVEY_LC1_2H2
  646.2747,  820.7347,  438.1544, 7809.7784,16756.6745, 4581.2548,CI.l(95%).Total.SURVEY_LU1_2U11
  1336.9710,   918.1746, 17584.0583, 26731.4491, 43674.7168,153483.0185,CI.l(95%).Total.SURVEY_LU1_2U12
  0.00000,  0.00000,  0.00000,784.57857, 33.53096,115.95135,CI.l(95%).Total.SURVEY_LU1_2U13
  0.00000,  0.00000,  0.00000, 75.75816, 86.22382,158.07276,CI.l(95%).Total.SURVEY_LU1_2U14
  0.00000,  0.00000,  0.00000,  0.00000,  0.00000,-38.89249,CI.l(95%).Total.SURVEY_LU1_2U15
   0.00000,   0.00000,   0.00000,  10.43590,  14.47429,1476.52955,CI.l(95%).Total.SURVEY_LU1_2U21
 0.00000, 0.00000, 0.00000,20.27739,65.66922,46.37912,CI.l(95%).Total.SURVEY_LU1_2U22
  -7.292369,   0.000000,   0.000000,2091.160415,5509.711473,6139.130702,CI.l(95%).Total.SURVEY_LU1_2U31
 0.000000, 0.000000, 0.000000, 8.639707,19.901736, 8.018729,CI.l(95%).Total.SURVEY_LU1_2U32
 0.000000, 0.000000, 0.000000, 4.941169,22.119821, 4.280899,CI.l(95%).Total.SURVEY_LU1_2U33
 0.00000, 0.00000, 0.00000,27.75806,44.37127,52.64337,CI.l(95%).Total.SURVEY_LU1_2U34
   1.2839474,   0.4542236, 429.3004460, 175.4607937, 315.9648483,5123.2757983,CI.l(95%).Total.SURVEY_LU1_2U35
    0.00000,    0.00000,   30.95329, 2700.30750, 4330.25212,15572.38964,CI.l(95%).Total.SURVEY_LU1_2U36
   4.199141,   4.077953,   0.000000,1400.876419,1643.516763,1279.199539,CI.l(95%).Total.SURVEY_LU1_2U37
 0.0000000, 0.0000000, 0.0000000, 0.6768959,35.1369631,90.9180229,CI.l(95%).Total.SURVEY_LU1_2U41
   64.84003,   55.03737, 5131.32876, 4010.35309, 6296.83873,89890.75256,CI.l(95%).Total.SURVEY_LU1_2U42
  0.0000,  0.0000,  0.0000,251.5798,503.4717,210.1954,CI.l(95%).Total.SURVEY_LC1_3A11
  0.000000,  0.000000,  0.000000,-16.828646,  9.436091, 17.642239,CI.l(95%).Total.SURVEY_LC1_3A12
 0.000000, 0.000000, 0.000000, 0.000000,-7.153783, 0.000000,CI.l(95%).Total.SURVEY_LC1_3A13
  0.0000,  0.0000,  0.0000,209.3573,520.3984,250.2410,CI.l(95%).Total.SURVEY_LC1_3A21
   0.0000,   0.0000,   0.0000, 534.7092,1200.8434,1782.5742,CI.l(95%).Total.SURVEY_LC1_3A22
  0.00000,  0.00000,  0.00000, 93.40401,162.21688,376.70591,CI.l(95%).Total.SURVEY_LC1_3A30
   0.0000,   0.0000,   0.0000,1461.0028,1955.1350, 133.0239,CI.l(95%).Total.SURVEY_LC1_3B11
 0.000000, 0.000000, 0.000000,-3.597967,39.692167,12.004774,CI.l(95%).Total.SURVEY_LC1_3B12
   0.0000,   0.0000,   0.0000, 262.7646,1382.3402, 196.6749,CI.l(95%).Total.SURVEY_LC1_3B13
 0.000000, 0.000000, 0.000000,83.707588,61.316127, 2.542776,CI.l(95%).Total.SURVEY_LC1_3B14
  0.0000,  0.0000,  0.0000,167.6043,542.6072,126.2165,CI.l(95%).Total.SURVEY_LC1_3B15
  0.000000,  0.000000,  0.000000,  4.076046,180.879272,  3.839372,CI.l(95%).Total.SURVEY_LC1_3B16
 0.000000, 0.000000, 0.000000,-7.495261,65.558996, 0.000000,CI.l(95%).Total.SURVEY_LC1_3B18
  0.00000,  0.00000,  0.00000,-12.32966, 90.87367, 18.88525,CI.l(95%).Total.SURVEY_LC1_3B21
  0.0000,  0.0000,  0.0000,  0.0000,176.9333,  0.0000,CI.l(95%).Total.SURVEY_LC1_3B22
 0.00000, 0.00000, 0.00000, 0.00000,16.00189, 0.00000,CI.l(95%).Total.SURVEY_LC1_3B23
  0.00000,  0.00000,  0.00000,164.09233,597.30549, 14.25748,CI.l(95%).Total.SURVEY_LC1_3B32
 0.000000, 0.000000, 0.000000,-3.348978,-6.984651, 0.000000,CI.l(95%).Total.SURVEY_LC1_3B35
  0.000000,  0.000000,  0.000000, 91.811215,164.812580,  4.783275,CI.l(95%).Total.SURVEY_LC1_3B41
0.000000,0.000000,0.000000,0.000000,7.020588,0.000000,CI.l(95%).Total.SURVEY_LC1_3B43
0.000000,0.000000,0.000000,0.000000,3.940046,0.000000,CI.l(95%).Total.SURVEY_LC1_3B44
 0.000000, 0.000000, 0.000000, 0.000000,-2.463437, 0.000000,CI.l(95%).Total.SURVEY_LC1_3B45
  0.00000,  0.00000,  0.00000,104.55404, 80.74178, 37.27383,CI.l(95%).Total.SURVEY_LC1_3B51
 0.000000, 0.000000, 0.000000,-8.367759,-1.399066, 0.000000,CI.l(95%).Total.SURVEY_LC1_3B52
  0.00000,  0.00000,  0.00000, 24.43689,183.33570,268.03127,CI.l(95%).Total.SURVEY_LC1_3B53
 0.000000, 0.000000, 0.000000,-6.199416,-2.214939, 3.848526,CI.l(95%).Total.SURVEY_LC1_3B54
   0.0000,   0.0000,   0.0000, 428.7180,1589.1365, 427.0864,CI.l(95%).Total.SURVEY_LC1_3B55
 0.00000, 0.00000, 0.00000,20.61239,12.37015, 0.00000,CI.l(95%).Total.SURVEY_LC1_3B71
0.000000,0.000000,0.000000,4.149773,0.000000,0.000000,CI.l(95%).Total.SURVEY_LC1_3B73
0.000000,0.000000,0.000000,0.000000,4.133563,8.199002,CI.l(95%).Total.SURVEY_LC1_3B75
 0.000000, 0.000000, 0.000000,-4.521745,20.583251, 0.000000,CI.l(95%).Total.SURVEY_LC1_3B84
623.5577,804.2848,433.1756,  0.0000,  0.0000,  0.0000,CI.l(95%).Total.SURVEY_LC1_3Bx1
0.0000000,0.0000000,0.9528552,0.0000000,0.0000000,0.0000000,CI.l(95%).Total.SURVEY_LC1_3Bx2
3.961899,0.000000,0.000000,0.000000,0.000000,0.000000,CI.l(95%).Total.SURVEY_LC1_3Bxx
    0.000,    0.000,    0.000, 3734.845, 7397.589,11092.928,CI.l(95%).Total.SURVEY_LC1_3C10
    0.000,    0.000,    0.000, 5580.991,11420.976,30015.471,CI.l(95%).Total.SURVEY_LC1_3C21
    0.000,    0.000,    0.000, 7450.806, 8007.019,60968.535,CI.l(95%).Total.SURVEY_LC1_3C22
   0.000,   0.000,   0.000,1701.463,1695.289,6280.069,CI.l(95%).Total.SURVEY_LC1_3C23
  590.6281,  344.3630,10887.0157,    0.0000,    0.0000,    0.0000,CI.l(95%).Total.SURVEY_LC1_3C2x
    0.000,    0.000,    0.000, 3929.571, 7935.283,23096.375,CI.l(95%).Total.SURVEY_LC1_3C31
    0.000,    0.000,    0.000, 1892.855, 2598.144,20016.740,CI.l(95%).Total.SURVEY_LC1_3C32
   0.000,   0.000,   0.000,1061.323,1358.638,8010.243,CI.l(95%).Total.SURVEY_LC1_3C33
  777.1539,  578.0377,12332.1197,    0.0000,    0.0000,    0.0000,CI.l(95%).Total.SURVEY_LC1_3C3x
  4.199141,-10.053245, 37.141025,  0.000000,  0.000000,  0.000000,CI.l(95%).Total.SURVEY_LC1_3Cxx
   0.0000,   0.0000,   0.0000, 460.2726, 648.1605,5716.9862,CI.l(95%).Total.SURVEY_LC1_3D10
    0.0000,    0.0000,    0.0000,  289.8300,  638.4992,24583.0650,CI.l(95%).Total.SURVEY_LC1_3D20
0.000000000,4.132987435,0.005436674,0.000000000,0.000000000,0.000000000,CI.l(95%).Total.SURVEY_LC1_3D2x
  0.00000,  0.00000,-38.19088,  0.00000,  0.00000,  0.00000,CI.l(95%).Total.SURVEY_LC1_3Dxx
   0.0000,   0.0000,   0.0000, 760.4246,1966.4206, 658.4526,CI.l(95%).Total.SURVEY_LC1_3E10
-6.656877, 4.140385, 0.000000, 0.000000, 0.000000, 0.000000,CI.l(95%).Total.SURVEY_LC1_3E1x
   0.000,   0.000,   0.000,3602.396,7160.225,4551.620,CI.l(95%).Total.SURVEY_LC1_3E20
 4.149324,12.382851, 0.000000, 0.000000, 0.000000, 0.000000,CI.l(95%).Total.SURVEY_LC1_3E2x
   0.0000,   0.0000,   0.0000, 963.9512,1075.1984,1895.9843,CI.l(95%).Total.SURVEY_LC1_3E30
-7.292369, 0.000000, 0.000000, 0.000000, 0.000000, 0.000000,CI.l(95%).Total.SURVEY_LC1_3Exx
   0.00000,   0.00000,   0.00000,  71.24995, 199.88850,5764.13207,CI.l(95%).Total.SURVEY_LC1_3F10
  0.00000,  0.00000,  0.00000, 24.55134, 34.90952,120.48552,CI.l(95%).Total.SURVEY_LC1_3F20
   0.00000,   0.00000,   0.00000, 105.81811,  85.24495,8449.68208,CI.l(95%).Total.SURVEY_LC1_3F30
4.149324,0.000000,0.000000,0.000000,0.000000,0.000000,CI.l(95%).Total.SURVEY_LC1_3F3x
  0.0000,  0.0000,  0.0000,672.6454,368.8111,803.8948,CI.l(95%).Total.SURVEY_LC1_3F40
    0.000,    0.000,    0.000, 5071.622, 8091.527,23232.614,CI.l(95%).Total.SURVEY_LC1_3G11
0.000000,0.000000,0.000000,4.132242,0.000000,0.000000,CI.l(95%).Total.SURVEY_LC1_3G12
   0.00000,   0.00000,   0.00000,  62.50172, 139.47288,1670.65956,CI.l(95%).Total.SURVEY_LC1_3G21
0.000000,4.067057,0.000000,0.000000,0.000000,0.000000,CI.l(95%).Total.SURVEY_LC1_3G2x
 0.000000, 0.000000, 0.000000,16.492465,24.731837, 8.027643,CI.l(95%).Total.SURVEY_LC1_3G40
  0.0000,  0.0000,  0.0000,  0.0000,  0.0000,142.5289,CI.l(95%).Total.SURVEY_LC1_3G50
   0.0000,   0.0000,   0.0000, 525.4374, 419.0084,3373.6972,CI.l(95%).Total.SURVEY_LC1_3H11
    0.0000,    0.0000,    0.0000,  193.9014,  800.2018,19650.1914,CI.l(95%).Total.SURVEY_LC1_3H12
0.000000,0.000000,0.000000,4.199141,8.138386,3.972573,CI.l(95%).Total.SURVEY_LC1_3H21
  646.2747,  816.6743,  438.1544, 7586.4884,16537.8633, 4497.0372,CI.l(95%).Total.SURVEY_LU1_3U111
  0.00000,  0.00000,  0.00000,128.80525,118.99999, 58.52122,CI.l(95%).Total.SURVEY_LU1_3U112
  0.000000,  4.060433,  0.000000, 16.437891,-13.012698,  9.868134,CI.l(95%).Total.SURVEY_LU1_3U113
  1336.9710,   918.1746, 17584.0583, 26731.4491, 43674.7168,153483.0185,CI.l(95%).Total.SURVEY_LU1_3U120
  0.00000,  0.00000,  0.00000,784.57857, 33.53096,115.95135,CI.l(95%).Total.SURVEY_LU1_3U130
  0.00000,  0.00000,  0.00000, 75.75816, 86.22382,158.07276,CI.l(95%).Total.SURVEY_LU1_3U140
  0.00000,  0.00000,  0.00000,  0.00000,  0.00000,-38.89249,CI.l(95%).Total.SURVEY_LU1_3U150
   0.00000,   0.00000,   0.00000,  10.43590,  14.47429,1476.52955,CI.l(95%).Total.SURVEY_LU1_3U210
 0.000000, 0.000000, 0.000000, 0.000000,-7.279427, 4.008304,CI.l(95%).Total.SURVEY_LU1_3U221
 0.000000, 0.000000, 0.000000, 8.115310, 4.189859,11.913821,CI.l(95%).Total.SURVEY_LU1_3U223
0.000000,0.000000,0.000000,0.000000,1.410804,7.887252,CI.l(95%).Total.SURVEY_LU1_3U224
 0.000000, 0.000000, 0.000000, 0.000000,-3.218994, 0.000000,CI.l(95%).Total.SURVEY_LU1_3U225
 0.000000, 0.000000, 0.000000, 4.046766,-8.762948, 3.962499,CI.l(95%).Total.SURVEY_LU1_3U226
  0.00000,  0.00000,  0.00000,  8.11531,-12.46196, 18.60724,CI.l(95%).Total.SURVEY_LU1_3U227
 0.00000, 0.00000, 0.00000,24.72314,16.86530,46.85400,CI.l(95%).Total.SURVEY_LU1_3U311
  -7.292369,   0.000000,   0.000000, 714.429335,1639.661792,2741.686933,CI.l(95%).Total.SURVEY_LU1_3U312
   0.000,   0.000,   0.000,1013.363,3390.509,2349.088,CI.l(95%).Total.SURVEY_LU1_3U313
 0.00000, 0.00000, 0.00000,19.84751,40.16607,36.30460,CI.l(95%).Total.SURVEY_LU1_3U314
0.000000,0.000000,0.000000,0.000000,3.936718,0.000000,CI.l(95%).Total.SURVEY_LU1_3U315
 0.000000, 0.000000, 0.000000,-3.144685, 4.105935, 0.000000,CI.l(95%).Total.SURVEY_LU1_3U316
 0.00000, 0.00000, 0.00000,16.37173,42.23029,26.30555,CI.l(95%).Total.SURVEY_LU1_3U317
  0.0000,  0.0000,  0.0000,109.2282,178.5879,590.8673,CI.l(95%).Total.SURVEY_LU1_3U319
  0.000000,  0.000000,  0.000000,-11.901333,  8.315891,  0.000000,CI.l(95%).Total.SURVEY_LU1_3U321
 0.000000, 0.000000, 0.000000,20.541040,11.585846, 8.018729,CI.l(95%).Total.SURVEY_LU1_3U322
 0.000000, 0.000000, 0.000000, 4.941169,22.119821, 4.280899,CI.l(95%).Total.SURVEY_LU1_3U330
 0.00000, 0.00000, 0.00000,46.65939,32.74103,44.58821,CI.l(95%).Total.SURVEY_LU1_3U341
  0.000000,  0.000000,  0.000000,-29.639241, -7.279427,  8.055162,CI.l(95%).Total.SURVEY_LU1_3U342
   1.2839474,   0.4542236, 429.3004460, 175.4607937, 315.9648483,5123.2757983,CI.l(95%).Total.SURVEY_LU1_3U350
    0.00000,    0.00000,   30.95329, 2542.91903, 4036.78007,15374.07117,CI.l(95%).Total.SURVEY_LU1_3U361
  0.0000,  0.0000,  0.0000,111.5362,135.8839,134.7554,CI.l(95%).Total.SURVEY_LU1_3U362
   4.199141,   4.077953,   0.000000,1400.876419,1643.516763,1279.199539,CI.l(95%).Total.SURVEY_LU1_3U370
0.000000,0.000000,0.000000,0.000000,7.253857,8.602234,CI.l(95%).Total.SURVEY_LU1_3U411
0.000000,0.000000,0.000000,4.150282,8.241090,9.364970,CI.l(95%).Total.SURVEY_LU1_3U413
 0.00000, 0.00000, 0.00000, 0.00000, 3.95724,11.50015,CI.l(95%).Total.SURVEY_LU1_3U414
 0.000000, 0.000000, 0.000000,-3.473386,15.684776,46.758492,CI.l(95%).Total.SURVEY_LU1_3U415
   64.84003,   55.03737, 5131.32876, 4010.35309, 6296.83873,89890.75256,CI.l(95%).Total.SURVEY_LU1_3U420
  2200.981,  1948.188, 24226.058, 43769.856, 75862.741,269628.831,CI.l(95%).Total.settlement0
    9.543283,    4.532177,  429.300446, 3462.181084, 5427.716019,12816.421026,CI.l(95%).Total.settlement1
   661.4307,   865.2244,   720.2800, 18267.7557, 33391.4180,101043.2005,CI.l(95%).Total.fao_class_name0
  1461.912,   971.656, 23662.511, 27308.559, 43965.072,172624.160,CI.l(95%).Total.fao_class_name1
   0.0000,   0.0000,   0.0000, 592.7402, 848.9339,5370.6390,CI.l(95%).Total.fao_class_name2
   0.000000,   4.077953,  30.953290, 569.241425,1602.971408,1309.763278,CI.l(95%).Total.fao_class_name3
  2212.422,  1948.188, 23978.056, 42532.426, 74086.476,259537.412,CI.l(95%).Total.lue0
    5.483089,    4.532177,  606.124475, 4571.245699, 6847.809184,22721.145055,CI.l(95%).Total.lue1
  2225.277,  1967.393, 24916.993, 44889.353, 75599.352,274846.210,CI.l(95%).Total.lud0
  -7.292369,   0.000000,   0.000000,2295.598892,5875.360471,7944.069086,CI.l(95%).Total.lud1
  2795.763,  2704.620, 29018.842, 48072.155, 82713.395,287558.356,CI.u(95%).Total.area
   0.000,   0.000,   0.000,1831.179,3580.611,3686.136,CI.u(95%).Total.SURVEY_LC1_1A
 971.8427,1123.5377, 508.7700,4252.0239,9295.7090,1467.3461,CI.u(95%).Total.SURVEY_LC1_1B
  1903.546,  1679.630, 28483.073, 28336.735, 47092.596,175162.610,CI.u(95%).Total.SURVEY_LC1_1C
    0.000000,    4.132987,  153.336238, 1194.013499, 2061.813685,33543.380763,CI.u(95%).Total.SURVEY_LC1_1D
   54.03093,   16.52324,    0.00000, 6270.45175,12154.91049, 9031.52391,CI.u(95%).Total.SURVEY_LC1_1E
    4.149324,    0.000000,    0.000000, 1302.909515, 1101.533643,18214.703269,CI.u(95%).Total.SURVEY_LC1_1F
    0.000000,    4.067057,    0.000000, 5237.066058, 8396.707575,26700.018848,CI.u(95%).Total.SURVEY_LC1_1G
    0.000,    0.000,    0.000, 1027.372, 1494.109,24741.490,CI.u(95%).Total.SURVEY_LC1_1H
  2645.473,  2596.446, 21658.674, 36586.370, 62707.523,164069.843,CI.u(95%).Total.SURVEY_LU1_1U1
   0.00000,   0.00000,   0.00000,  56.05064, 271.00770,1671.81529,CI.u(95%).Total.SURVEY_LU1_1U2
   64.30771,   34.38839, 1319.32582, 7521.37985,14163.24348,31373.34311,CI.u(95%).Total.SURVEY_LU1_1U3
  153.2313,  119.5831, 7163.2077, 4625.2928, 7426.4712,94330.6710,CI.u(95%).Total.SURVEY_LU1_1U4
  0.0000,  0.0000,  0.0000,612.4348,933.7550,599.2959,CI.u(95%).Total.SURVEY_LC1_2A1
   0.000,   0.000,   0.000,1269.151,2664.235,2847.685,CI.u(95%).Total.SURVEY_LC1_2A2
  0.0000,  0.0000,  0.0000,193.3074,260.2627,543.7300,CI.u(95%).Total.SURVEY_LC1_2A3
   0.0000,   0.0000,   0.0000,2809.6445,5412.7021, 592.5441,CI.u(95%).Total.SURVEY_LC1_2B1
  0.00000,  0.00000,  0.00000, 46.63677,582.99413, 35.67675,CI.u(95%).Total.SURVEY_LC1_2B2
  0.00000,  0.00000,  0.00000,418.97067,906.44040, 37.50227,CI.u(95%).Total.SURVEY_LC1_2B3
  0.00000,  0.00000,  0.00000,261.68293,420.13387, 12.50836,CI.u(95%).Total.SURVEY_LC1_2B4
   0.0000,   0.0000,   0.0000,1052.0154,2472.7150, 831.6103,CI.u(95%).Total.SURVEY_LC1_2B5
  0.000000,  0.000000,  0.000000, 24.762158,141.810780,  8.199002,CI.u(95%).Total.SURVEY_LC1_2B7
 0.00000, 0.00000, 0.00000,57.41925,20.58325, 0.00000,CI.u(95%).Total.SURVEY_LC1_2B8
 971.8427,1123.5377, 508.7700,   0.0000,   0.0000,   0.0000,CI.u(95%).Total.SURVEY_LC1_2Bx
    0.000,    0.000,    0.000, 4649.493, 9304.495,13854.563,CI.u(95%).Total.SURVEY_LC1_2C1
   919.8041,   493.1365, 13885.0069, 16572.1740, 25037.4199,106951.5252,CI.u(95%).Total.SURVEY_LC1_2C2
 1073.673, 1223.878,15279.566, 8263.347,15397.603,59263.825,CI.u(95%).Total.SURVEY_LC1_2C3
  4.199141, 65.381707,447.340181,  0.000000,  0.000000,  0.000000,CI.u(95%).Total.SURVEY_LC1_2Cx
   0.0000,   0.0000,   0.0000, 806.5674,1025.3898,7336.8396,CI.u(95%).Total.SURVEY_LC1_2D1
    0.000000,    4.132987,   11.502705,  450.604113, 1164.546341,26771.036635,CI.u(95%).Total.SURVEY_LC1_2D2
  0.0000,  0.0000,147.4043,  0.0000,  0.0000,  0.0000,CI.u(95%).Total.SURVEY_LC1_2Dx
  29.458694,   4.140385,   0.000000,1108.206861,3071.949974,1282.562761,CI.u(95%).Total.SURVEY_LC1_2E1
   4.149324,  12.382851,   0.000000,4145.836884,7904.430365,5215.988737,CI.u(95%).Total.SURVEY_LC1_2E2
   0.000,   0.000,   0.000,1308.427,1719.455,3024.369,CI.u(95%).Total.SURVEY_LC1_2E3
31.35678, 0.00000, 0.00000, 0.00000, 0.00000, 0.00000,CI.u(95%).Total.SURVEY_LC1_2Ex
   0.00000,   0.00000,   0.00000,  82.27938, 227.35403,7669.54685,CI.u(95%).Total.SURVEY_LC1_2F1
  0.00000,  0.00000,  0.00000, 37.73872, 54.93729,239.50142,CI.u(95%).Total.SURVEY_LC1_2F2
   4.149324,   0.000000,   0.000000, 217.492548, 132.198881,9865.021985,CI.u(95%).Total.SURVEY_LC1_2F3
   0.0000,   0.0000,   0.0000,1024.6004, 731.9822,1562.0754,CI.u(95%).Total.SURVEY_LC1_2F4
    0.000,    0.000,    0.000, 5144.046, 8204.532,23941.629,CI.u(95%).Total.SURVEY_LC1_2G1
   0.000000,   4.067057,   0.000000, 102.177313, 204.681216,2232.113250,CI.u(95%).Total.SURVEY_LC1_2G2
 0.000000, 0.000000, 0.000000,16.492465,24.731837, 8.027643,CI.u(95%).Total.SURVEY_LC1_2G4
   0.000,   0.000,   0.000,   0.000,   0.000,1099.284,CI.u(95%).Total.SURVEY_LC1_2G5
    0.000,    0.000,    0.000, 1023.173, 1485.970,24737.517,CI.u(95%).Total.SURVEY_LC1_2H1
0.000000,0.000000,0.000000,4.199141,8.138386,3.972573,CI.u(95%).Total.SURVEY_LC1_2H2
  992.4867, 1139.9876,  508.7700, 8379.1873,17473.9955, 4892.6136,CI.u(95%).Total.SURVEY_LU1_2U11
  1764.828,  1579.575, 21184.866, 27528.822, 45422.188,158931.943,CI.u(95%).Total.SURVEY_LU1_2U12
  0.00000,  0.00000,  0.00000,905.92284, 74.08022,159.19145,CI.u(95%).Total.SURVEY_LU1_2U13
  0.00000,  0.00000,  0.00000, 75.75816,103.54584,226.37595,CI.u(95%).Total.SURVEY_LU1_2U14
  0.0000,  0.0000,  0.0000,  0.0000,  0.0000,175.3463,CI.u(95%).Total.SURVEY_LU1_2U15
   0.00000,   0.00000,   0.00000,  35.77326,  37.84487,1606.03964,CI.u(95%).Total.SURVEY_LU1_2U21
  0.00000,  0.00000,  0.00000, 20.27739,244.08606, 80.70138,CI.u(95%).Total.SURVEY_LU1_2U22
  31.35678,   0.00000,   0.00000,2555.33322,6223.19485,7185.06902,CI.u(95%).Total.SURVEY_LU1_2U31
 0.000000, 0.000000, 0.000000,82.651853,33.889757, 8.018729,CI.u(95%).Total.SURVEY_LU1_2U32
  0.000000,  0.000000,  0.000000, 86.248859,105.805782,  4.280899,CI.u(95%).Total.SURVEY_LU1_2U33
  0.0000,  0.0000,  0.0000,176.0979,196.7170,164.6277,CI.u(95%).Total.SURVEY_LU1_2U34
  40.10435,  30.31043, 980.45808, 331.67132, 818.09504,6313.63356,CI.u(95%).Total.SURVEY_LU1_2U35
    0.0000,    0.0000,  484.7385, 2981.5298, 5437.1515,16932.9357,CI.u(95%).Total.SURVEY_LU1_2U36
   4.199141,   4.077953,   0.000000,1924.732550,2236.684371,1897.918851,CI.u(95%).Total.SURVEY_LU1_2U37
  0.00000,  0.00000,  0.00000, 41.49540, 49.12498,162.34941,CI.u(95%).Total.SURVEY_LU1_2U41
  153.2313,  119.5831, 7163.2077, 4603.5638, 7384.2993,94204.1965,CI.u(95%).Total.SURVEY_LU1_2U42
  0.0000,  0.0000,  0.0000,550.2800,900.5257,578.9051,CI.u(95%).Total.SURVEY_LC1_3A11
  0.00000,  0.00000,  0.00000,131.44110, 30.78267, 23.09904,CI.u(95%).Total.SURVEY_LC1_3A12
 0.00000, 0.00000, 0.00000, 0.00000,31.15519, 0.00000,CI.u(95%).Total.SURVEY_LC1_3A13
   0.0000,   0.0000,   0.0000, 471.0856,1001.7984, 521.7873,CI.u(95%).Total.SURVEY_LC1_3A21
   0.0000,   0.0000,   0.0000, 922.1265,1847.1422,2443.7519,CI.u(95%).Total.SURVEY_LC1_3A22
  0.0000,  0.0000,  0.0000,193.3074,260.2627,543.7300,CI.u(95%).Total.SURVEY_LC1_3A30
   0.000,   0.000,   0.000,1928.085,2421.926, 188.807,CI.u(95%).Total.SURVEY_LC1_3B11
  0.00000,  0.00000,  0.00000, 20.61495,147.50816, 12.00477,CI.u(95%).Total.SURVEY_LC1_3B12
   0.0000,   0.0000,   0.0000, 503.7214,1800.2247, 233.7170,CI.u(95%).Total.SURVEY_LC1_3B13
  0.00000,  0.00000,  0.00000,228.27245,171.33859, 20.36283,CI.u(95%).Total.SURVEY_LC1_3B14
  0.0000,  0.0000,  0.0000,372.2546,889.6193,173.5946,CI.u(95%).Total.SURVEY_LC1_3B15
  0.000000,  0.000000,  0.000000,  4.076046,345.308831,  3.839372,CI.u(95%).Total.SURVEY_LC1_3B16
  0.00000,  0.00000,  0.00000, 77.73244,197.06461,  0.00000,CI.u(95%).Total.SURVEY_LC1_3B18
  0.00000,  0.00000,  0.00000, 46.63677,230.19328, 35.67675,CI.u(95%).Total.SURVEY_LC1_3B21
  0.0000,  0.0000,  0.0000,  0.0000,348.3337,  0.0000,CI.u(95%).Total.SURVEY_LC1_3B22
 0.0000, 0.0000, 0.0000, 0.0000,78.7571, 0.0000,CI.u(95%).Total.SURVEY_LC1_3B23
  0.00000,  0.00000,  0.00000,373.42528,893.78188, 37.50227,CI.u(95%).Total.SURVEY_LC1_3B32
 0.00000, 0.00000, 0.00000,79.88699,30.41861, 0.00000,CI.u(95%).Total.SURVEY_LC1_3B35
  0.00000,  0.00000,  0.00000,261.68293,348.82238, 12.50836,CI.u(95%).Total.SURVEY_LC1_3B41
 0.00000, 0.00000, 0.00000, 0.00000,68.40627, 0.00000,CI.u(95%).Total.SURVEY_LC1_3B43
0.000000,0.000000,0.000000,0.000000,3.940046,0.000000,CI.u(95%).Total.SURVEY_LC1_3B44
 0.00000, 0.00000, 0.00000, 0.00000,46.30043, 0.00000,CI.u(95%).Total.SURVEY_LC1_3B45
  0.00000,  0.00000,  0.00000,289.12537,202.23825, 44.12969,CI.u(95%).Total.SURVEY_LC1_3B51
 0.00000, 0.00000, 0.00000,50.59866,30.46724, 0.00000,CI.u(95%).Total.SURVEY_LC1_3B52
  0.0000,  0.0000,  0.0000,128.6955,356.8097,317.9429,CI.u(95%).Total.SURVEY_LC1_3B53
 0.000000, 0.000000, 0.000000,57.569554,43.855378, 3.848526,CI.u(95%).Total.SURVEY_LC1_3B54
   0.0000,   0.0000,   0.0000, 694.9616,2004.8355, 486.2691,CI.u(95%).Total.SURVEY_LC1_3B55
  0.00000,  0.00000,  0.00000, 20.61239,137.67722,  0.00000,CI.u(95%).Total.SURVEY_LC1_3B71
0.000000,0.000000,0.000000,4.149773,0.000000,0.000000,CI.u(95%).Total.SURVEY_LC1_3B73
0.000000,0.000000,0.000000,0.000000,4.133563,8.199002,CI.u(95%).Total.SURVEY_LC1_3B75
 0.00000, 0.00000, 0.00000,57.41925,20.58325, 0.00000,CI.u(95%).Total.SURVEY_LC1_3B84
 967.8808,1123.5377, 503.3918,   0.0000,   0.0000,   0.0000,CI.u(95%).Total.SURVEY_LC1_3Bx1
0.000000,0.000000,9.404158,0.000000,0.000000,0.000000,CI.u(95%).Total.SURVEY_LC1_3Bx2
3.961899,0.000000,0.000000,0.000000,0.000000,0.000000,CI.u(95%).Total.SURVEY_LC1_3Bxx
    0.000,    0.000,    0.000, 4649.493, 9304.495,13854.563,CI.u(95%).Total.SURVEY_LC1_3C10
    0.000,    0.000,    0.000, 6557.797,13754.099,34700.728,CI.u(95%).Total.SURVEY_LC1_3C21
    0.000,    0.000,    0.000, 8352.918, 9757.516,66844.083,CI.u(95%).Total.SURVEY_LC1_3C22
   0.000,   0.000,   0.000,2310.204,2834.705,8758.089,CI.u(95%).Total.SURVEY_LC1_3C23
  919.8041,  493.1365,13885.0069,    0.0000,    0.0000,    0.0000,CI.u(95%).Total.SURVEY_LC1_3C2x
    0.000,    0.000,    0.000, 4746.098,10105.358,27278.088,CI.u(95%).Total.SURVEY_LC1_3C31
    0.000,    0.000,    0.000, 2452.114, 3949.249,23815.429,CI.u(95%).Total.SURVEY_LC1_3C32
    0.000,    0.000,    0.000, 1481.699, 2363.642,10669.689,CI.u(95%).Total.SURVEY_LC1_3C33
 1073.673, 1223.878,15279.566,    0.000,    0.000,    0.000,CI.u(95%).Total.SURVEY_LC1_3C3x
  4.199141, 65.381707,447.340181,  0.000000,  0.000000,  0.000000,CI.u(95%).Total.SURVEY_LC1_3Cxx
   0.0000,   0.0000,   0.0000, 806.5674,1025.3898,7336.8396,CI.u(95%).Total.SURVEY_LC1_3D10
    0.0000,    0.0000,    0.0000,  450.6041, 1164.5463,26771.0366,CI.u(95%).Total.SURVEY_LC1_3D20
 0.000000, 4.132987,11.502705, 0.000000, 0.000000, 0.000000,CI.u(95%).Total.SURVEY_LC1_3D2x
  0.0000,  0.0000,147.4043,  0.0000,  0.0000,  0.0000,CI.u(95%).Total.SURVEY_LC1_3Dxx
   0.000,   0.000,   0.000,1108.207,3071.950,1282.563,CI.u(95%).Total.SURVEY_LC1_3E10
29.458694, 4.140385, 0.000000, 0.000000, 0.000000, 0.000000,CI.u(95%).Total.SURVEY_LC1_3E1x
   0.000,   0.000,   0.000,4145.837,7904.430,5215.989,CI.u(95%).Total.SURVEY_LC1_3E20
 4.149324,12.382851, 0.000000, 0.000000, 0.000000, 0.000000,CI.u(95%).Total.SURVEY_LC1_3E2x
   0.000,   0.000,   0.000,1308.427,1719.455,3024.369,CI.u(95%).Total.SURVEY_LC1_3E30
31.35678, 0.00000, 0.00000, 0.00000, 0.00000, 0.00000,CI.u(95%).Total.SURVEY_LC1_3Exx
   0.00000,   0.00000,   0.00000,  82.27938, 227.35403,7669.54685,CI.u(95%).Total.SURVEY_LC1_3F10
  0.00000,  0.00000,  0.00000, 37.73872, 54.93729,239.50142,CI.u(95%).Total.SURVEY_LC1_3F20
   0.0000,   0.0000,   0.0000, 217.4925, 132.1989,9865.0220,CI.u(95%).Total.SURVEY_LC1_3F30
4.149324,0.000000,0.000000,0.000000,0.000000,0.000000,CI.u(95%).Total.SURVEY_LC1_3F3x
   0.0000,   0.0000,   0.0000,1024.6004, 731.9822,1562.0754,CI.u(95%).Total.SURVEY_LC1_3F40
    0.000,    0.000,    0.000, 5139.913, 8204.532,23941.629,CI.u(95%).Total.SURVEY_LC1_3G11
0.000000,0.000000,0.000000,4.132242,0.000000,0.000000,CI.u(95%).Total.SURVEY_LC1_3G12
   0.0000,   0.0000,   0.0000, 102.1773, 204.6812,2232.1133,CI.u(95%).Total.SURVEY_LC1_3G21
0.000000,4.067057,0.000000,0.000000,0.000000,0.000000,CI.u(95%).Total.SURVEY_LC1_3G2x
 0.000000, 0.000000, 0.000000,16.492465,24.731837, 8.027643,CI.u(95%).Total.SURVEY_LC1_3G40
   0.000,   0.000,   0.000,   0.000,   0.000,1099.284,CI.u(95%).Total.SURVEY_LC1_3G50
   0.0000,   0.0000,   0.0000, 687.3939, 626.7811,4062.7915,CI.u(95%).Total.SURVEY_LC1_3H11
    0.0000,    0.0000,    0.0000,  402.1991, 1001.1790,21002.6787,CI.u(95%).Total.SURVEY_LC1_3H12
0.000000,0.000000,0.000000,4.199141,8.138386,3.972573,CI.u(95%).Total.SURVEY_LC1_3H21
  992.4867, 1135.9272,  508.7700, 8167.9467,17256.3274, 4808.5517,CI.u(95%).Total.SURVEY_LU1_3U111
  0.00000,  0.00000,  0.00000,272.84950,223.92320, 84.58014,CI.u(95%).Total.SURVEY_LU1_3U112
  0.000000,  4.060433,  0.000000, 16.437891,106.568809, 15.310041,CI.u(95%).Total.SURVEY_LU1_3U113
  1764.828,  1579.575, 21184.866, 27528.822, 45422.188,158931.943,CI.u(95%).Total.SURVEY_LU1_3U120
  0.00000,  0.00000,  0.00000,905.92284, 74.08022,159.19145,CI.u(95%).Total.SURVEY_LU1_3U130
  0.00000,  0.00000,  0.00000, 75.75816,103.54584,226.37595,CI.u(95%).Total.SURVEY_LU1_3U140
  0.0000,  0.0000,  0.0000,  0.0000,  0.0000,175.3463,CI.u(95%).Total.SURVEY_LU1_3U150
   0.00000,   0.00000,   0.00000,  35.77326,  37.84487,1606.03964,CI.u(95%).Total.SURVEY_LU1_3U210
 0.000000, 0.000000, 0.000000, 0.000000,31.531899, 4.008304,CI.u(95%).Total.SURVEY_LU1_3U221
 0.000000, 0.000000, 0.000000, 8.115310, 4.189859,11.913821,CI.u(95%).Total.SURVEY_LU1_3U223
 0.000000, 0.000000, 0.000000, 0.000000,22.159444, 7.887252,CI.u(95%).Total.SURVEY_LU1_3U224
 0.00000, 0.00000, 0.00000, 0.00000,35.59233, 0.00000,CI.u(95%).Total.SURVEY_LU1_3U225
  0.000000,  0.000000,  0.000000,  4.046766,131.800719,  3.962499,CI.u(95%).Total.SURVEY_LU1_3U226
  0.00000,  0.00000,  0.00000,  8.11531,110.60370, 52.92950,CI.u(95%).Total.SURVEY_LU1_3U227
  0.00000,  0.00000,  0.00000,174.50240, 40.81175,129.46380,CI.u(95%).Total.SURVEY_LU1_3U311
  31.35678,   0.00000,   0.00000,1127.11967,2320.27283,3637.68106,CI.u(95%).Total.SURVEY_LU1_3U312
   0.000,   0.000,   0.000,1148.133,3588.352,2629.255,CI.u(95%).Total.SURVEY_LU1_3U313
 0.00000, 0.00000, 0.00000,33.74327,65.99527,36.30460,CI.u(95%).Total.SURVEY_LU1_3U314
0.000000,0.000000,0.000000,0.000000,3.936718,0.000000,CI.u(95%).Total.SURVEY_LU1_3U315
 0.000000, 0.000000, 0.000000,35.504465, 4.105935, 0.000000,CI.u(95%).Total.SURVEY_LU1_3U316
  0.00000,  0.00000,  0.00000, 16.37173,140.83443, 49.26886,CI.u(95%).Total.SURVEY_LU1_3U317
   0.0000,   0.0000,   0.0000, 216.3006, 252.5338,1051.1203,CI.u(95%).Total.SURVEY_LU1_3U319
 0.000000, 0.000000, 0.000000,62.110812, 8.315891, 0.000000,CI.u(95%).Total.SURVEY_LU1_3U321
 0.000000, 0.000000, 0.000000,20.541040,25.573867, 8.018729,CI.u(95%).Total.SURVEY_LU1_3U322
  0.000000,  0.000000,  0.000000, 86.248859,105.805782,  4.280899,CI.u(95%).Total.SURVEY_LU1_3U330
  0.00000,  0.00000,  0.00000, 69.97978,184.09478,156.57256,CI.u(95%).Total.SURVEY_LU1_3U341
  0.000000,  0.000000,  0.000000,116.856000, 31.531899,  8.055162,CI.u(95%).Total.SURVEY_LU1_3U342
  40.10435,  30.31043, 980.45808, 331.67132, 818.09504,6313.63356,CI.u(95%).Total.SURVEY_LU1_3U350
    0.0000,    0.0000,  484.7385, 2800.2277, 5088.0539,16728.5240,CI.u(95%).Total.SURVEY_LU1_3U361
  0.0000,  0.0000,  0.0000,227.1544,506.6858,267.9748,CI.u(95%).Total.SURVEY_LU1_3U362
   4.199141,   4.077953,   0.000000,1924.732550,2236.684371,1897.918851,CI.u(95%).Total.SURVEY_LU1_3U370
 0.00000, 0.00000, 0.00000, 0.00000,21.24188,35.71650,CI.u(95%).Total.SURVEY_LU1_3U411
 0.000000, 0.000000, 0.000000, 4.150282, 8.241090,15.418900,CI.u(95%).Total.SURVEY_LU1_3U413
 0.00000, 0.00000, 0.00000, 0.00000, 3.95724,11.50015,CI.u(95%).Total.SURVEY_LU1_3U414
  0.00000,  0.00000,  0.00000, 37.34512, 15.68478,114.40603,CI.u(95%).Total.SURVEY_LU1_3U415
  153.2313,  119.5831, 7163.2077, 4603.5638, 7384.2993,94204.1965,CI.u(95%).Total.SURVEY_LU1_3U420
  2757.651,  2684.905, 28300.019, 44465.479, 77038.304,274051.121,CI.u(95%).Total.settlement0
   64.30771,   34.38839,  980.45808, 3884.00038, 6361.04548,14431.79146,CI.u(95%).Total.settlement1
  1009.793,  1194.155,  1327.542, 18965.506, 34536.897,103621.542,CI.u(95%).Total.fao_class_name0
  1899.347,  1632.822, 27709.810, 28093.511, 45789.620,177464.926,CI.u(95%).Total.fao_class_name1
   0.0000,   0.0000,   0.0000, 910.1215,1821.0386,6970.0536,CI.u(95%).Total.fao_class_name2
   0.000000,   4.077953, 484.738475, 874.082440,2733.855325,2523.880033,CI.u(95%).Total.fao_class_name3
  2770.275,  2684.905, 28032.329, 43330.656, 75580.578,264054.129,CI.u(95%).Total.lue0
   44.30350,   34.38839, 1319.32582, 5147.18865, 8174.94379,24615.47907,CI.u(95%).Total.lue1
  2783.141,  2704.620, 29018.842, 45624.908, 76623.986,279139.057,CI.u(95%).Total.lud0
  31.35678,   0.00000,   0.00000,2771.65658,6591.10704,8998.82829,CI.u(95%).Total.lud1
0.056678031,0.080509937,0.038802007,0.003004181,0.002283197,0.003743121,CV.Total.area
NA,NA,NA,0.04916567,0.05530574,0.04714875,CV.Total.SURVEY_LC1_1A
0.10984272,0.08449280,0.03804852,0.03410669,0.01722686,0.01792860,CV.Total.SURVEY_LC1_1B
0.066233824,0.125817249,0.039548024,0.007039515,0.009396313,0.007273830,CV.Total.SURVEY_LC1_1C
NA,0.00000000,0.78589682,0.09678063,0.09495618,0.02122064,CV.Total.SURVEY_LC1_1D
0.48923802,0.00000000,NA,0.02796528,0.03146579,0.04400042,CV.Total.SURVEY_LC1_1E
0.00000000,NA,NA,0.08428586,0.10223048,0.02893460,CV.Total.SURVEY_LC1_1F
NA,0.000000000,NA,0.002775428,0.003171362,0.010384196,CV.Total.SURVEY_LC1_1G
NA,NA,NA,0.06665377,0.02223178,0.01469917,CV.Total.SURVEY_LC1_1H
0.059236526,0.084044734,0.046267010,0.006221301,0.007387895,0.008624877,CV.Total.SURVEY_LU1_1U1
NA,NA,NA,0.14899580,0.25356196,0.02129792,CV.Total.SURVEY_LU1_1U2
0.37835034,0.39138797,0.18898692,0.01737315,0.02631076,0.01733010,CV.Total.SURVEY_LU1_1U3
0.20680579,0.18859245,0.08432136,0.03504123,0.04030967,0.01193727,CV.Total.SURVEY_LU1_1U4
NA,NA,NA,0.1716894,0.1387563,0.2267194,CV.Total.SURVEY_LC1_2A1
NA,NA,NA,0.09573286,0.08465499,0.07114885,CV.Total.SURVEY_LC1_2A2
NA,NA,NA,0.17778169,0.11840639,0.09258433,CV.Total.SURVEY_LC1_2A3
NA,NA,NA,0.05164004,0.03125575,0.03617436,CV.Total.SURVEY_LC1_2B1
NA,NA,NA,0.8769455,0.1219270,0.1570186,CV.Total.SURVEY_LC1_2B2
NA,NA,NA,0.1860247,0.1005116,0.2291318,CV.Total.SURVEY_LC1_2B3
NA,NA,NA,0.2451832,0.1588409,0.2279392,CV.Total.SURVEY_LC1_2B4
NA,NA,NA,0.09831750,0.05202672,0.02402313,CV.Total.SURVEY_LC1_2B5
NA,NA,NA,0.0000000,0.4038376,0.0000000,CV.Total.SURVEY_LC1_2B7
NA,NA,NA,0.5974408,0.0000000,NA,CV.Total.SURVEY_LC1_2B8
0.10984272,0.08449280,0.03804852,NA,NA,NA,CV.Total.SURVEY_LC1_2Bx
NA,NA,NA,0.05565917,0.05825194,0.05647956,CV.Total.SURVEY_LC1_2C1
0.11119337,0.09063440,0.06174770,0.01900347,0.02800164,0.01557449,CV.Total.SURVEY_LC1_2C2
0.08174077,0.18287008,0.05446342,0.03157052,0.04478313,0.02549602,CV.Total.SURVEY_LC1_2C3
0.0000000,0.6956262,0.4319861,NA,NA,NA,CV.Total.SURVEY_LC1_2Cx
NA,NA,NA,0.13946851,0.11500549,0.06331255,CV.Total.SURVEY_LC1_2D1
NA,0.00000000,0.50973139,0.11078513,0.14885722,0.02173794,CV.Total.SURVEY_LC1_2D2
NA,NA,0.867047,NA,NA,NA,CV.Total.SURVEY_LC1_2Dx
0.80812204,0.00000000,NA,0.09495889,0.11195206,0.16405302,CV.Total.SURVEY_LC1_2E1
0.00000000,0.00000000,NA,0.03578501,0.02520494,0.03470347,CV.Total.SURVEY_LC1_2E2
NA,NA,NA,0.07734457,0.11762049,0.11700729,CV.Total.SURVEY_LC1_2E3
0.8194389,NA,NA,NA,NA,NA,CV.Total.SURVEY_LC1_2Ex
NA,NA,NA,0.03665337,0.03279936,0.07236798,CV.Total.SURVEY_LC1_2F1
NA,NA,NA,0.1080169,0.1137318,0.1686826,CV.Total.SURVEY_LC1_2F2
0.00000000,NA,NA,0.17623237,0.11017341,0.03942873,CV.Total.SURVEY_LC1_2F3
NA,NA,NA,0.1058021,0.1683284,0.1634991,CV.Total.SURVEY_LC1_2F4
NA,NA,NA,0.003409378,0.003538062,0.007668353,CV.Total.SURVEY_LC1_2G1
NA,0.00000000,NA,0.12292409,0.09667231,0.07339941,CV.Total.SURVEY_LC1_2G2
NA,NA,NA,  0,  0,  0,CV.Total.SURVEY_LC1_2G4
NA,NA,NA,NA,NA,0.3930941,CV.Total.SURVEY_LC1_2G5
NA,NA,NA,0.06696322,0.02235887,0.01470159,CV.Total.SURVEY_LC1_2H1
NA,NA,NA,  0,  0,  0,CV.Total.SURVEY_LC1_2H2
0.10778997,0.08307506,0.03804852,0.01794556,0.01069178,0.01676817,CV.Total.SURVEY_LU1_2U11
0.070378062,0.135103794,0.047387965,0.007497754,0.010006894,0.008898789,CV.Total.SURVEY_LU1_2U12
NA,NA,NA,0.03662314,0.19225490,0.08018266,CV.Total.SURVEY_LU1_2U13
NA,NA,NA,0.00000000,0.04657187,0.09064722,CV.Total.SURVEY_LU1_2U14
NA,NA,NA,NA,NA,0.8010587,CV.Total.SURVEY_LU1_2U15
NA,NA,NA,0.27975973,0.22790856,0.02143595,CV.Total.SURVEY_LU1_2U21
NA,NA,NA,0.0000000,0.2938793,0.1377999,CV.Total.SURVEY_LU1_2U22
0.81943892,NA,NA,0.05096902,0.03102631,0.04005132,CV.Total.SURVEY_LU1_2U31
NA,NA,NA,0.4136417,0.1326767,0.0000000,CV.Total.SURVEY_LU1_2U32
NA,NA,NA,0.4549212,0.3337698,0.0000000,CV.Total.SURVEY_LU1_2U33
NA,NA,NA,0.3712669,0.3224082,0.2629707,CV.Total.SURVEY_LU1_2U34
0.47855779,0.49514740,0.19947249,0.15715967,0.22590834,0.05310321,CV.Total.SURVEY_LU1_2U35
NA,NA,0.44896452,0.02525300,0.05782038,0.02135554,CV.Total.SURVEY_LU1_2U36
0.00000000,0.00000000,NA,0.08036978,0.07799650,0.09936014,CV.Total.SURVEY_LU1_2U37
NA,NA,NA,0.49383486,0.08469869,0.14390028,CV.Total.SURVEY_LU1_2U41
0.20680579,0.18859245,0.08432136,0.03513664,0.04055489,0.01195458,CV.Total.SURVEY_LU1_2U42
NA,NA,NA,0.1900593,0.1442897,0.2383989,CV.Total.SURVEY_LC1_3A11
NA,NA,NA,0.66004363,0.27080175,0.06833691,CV.Total.SURVEY_LC1_3A12
NA,NA,NA,NA,0.8143586,NA,CV.Total.SURVEY_LC1_3A13
NA,NA,NA,0.1962505,0.1613568,0.1794579,CV.Total.SURVEY_LC1_3A21
NA,NA,NA,0.13568143,0.10818631,0.07981915,CV.Total.SURVEY_LC1_3A22
NA,NA,NA,0.17778169,0.11840639,0.09258433,CV.Total.SURVEY_LC1_3A30
NA,NA,NA,0.07031739,0.05441160,0.08843545,CV.Total.SURVEY_LC1_3B11
NA,NA,NA,0.7259663,0.2938519,0.0000000,CV.Total.SURVEY_LC1_3B12
NA,NA,NA,0.16039355,0.06699322,0.04391197,CV.Total.SURVEY_LC1_3B13
NA,NA,NA,0.2364220,0.2412800,0.3969347,CV.Total.SURVEY_LC1_3B14
NA,NA,NA,0.19341225,0.12361886,0.08062726,CV.Total.SURVEY_LC1_3B15
NA,NA,NA,0.0000000,0.1594376,0.0000000,CV.Total.SURVEY_LC1_3B16
NA,NA,NA,0.6191069,0.2554833,NA,CV.Total.SURVEY_LC1_3B18
NA,NA,NA,0.8769455,0.2213954,0.1570186,CV.Total.SURVEY_LC1_3B21
NA,NA,NA,NA,0.1664883,NA,CV.Total.SURVEY_LC1_3B22
NA,NA,NA,NA,0.3378946,NA,CV.Total.SURVEY_LC1_3B23
NA,NA,NA,0.1986995,0.1014469,0.2291318,CV.Total.SURVEY_LC1_3B32
NA,NA,NA,0.5548630,0.8143586,NA,CV.Total.SURVEY_LC1_3B35
NA,NA,NA,0.2451832,0.1827840,0.2279392,CV.Total.SURVEY_LC1_3B41
NA,NA,NA,NA,0.4152341,NA,CV.Total.SURVEY_LC1_3B43
NA,NA,NA,NA,  0,NA,CV.Total.SURVEY_LC1_3B44
NA,NA,NA,NA,0.5675568,NA,CV.Total.SURVEY_LC1_3B45
NA,NA,NA,0.2392068,0.2190583,0.0429705,CV.Total.SURVEY_LC1_3B51
NA,NA,NA,0.7124039,0.5593271,NA,CV.Total.SURVEY_LC1_3B52
NA,NA,NA,0.34737362,0.16386102,0.04345855,CV.Total.SURVEY_LC1_3B53
NA,NA,NA,0.6333599,0.5644920,0.0000000,CV.Total.SURVEY_LC1_3B54
NA,NA,NA,0.12088953,0.05901415,0.03306035,CV.Total.SURVEY_LC1_3B55
NA,NA,NA,0.0000000,0.4260878,NA,CV.Total.SURVEY_LC1_3B71
NA,NA,NA,  0,NA,NA,CV.Total.SURVEY_LC1_3B73
NA,NA,NA,NA,  0,  0,CV.Total.SURVEY_LC1_3B75
NA,NA,NA,0.5974408,0.0000000,NA,CV.Total.SURVEY_LC1_3B84
0.11038963,0.08449280,0.03825164,NA,NA,NA,CV.Total.SURVEY_LC1_3Bx1
NA,NA,0.4163332,NA,NA,NA,CV.Total.SURVEY_LC1_3Bx2
  0,NA,NA,NA,NA,NA,CV.Total.SURVEY_LC1_3Bxx
NA,NA,NA,0.05565917,0.05825194,0.05647956,CV.Total.SURVEY_LC1_3C10
NA,NA,NA,0.04105681,0.04728451,0.03693791,CV.Total.SURVEY_LC1_3C21
NA,NA,NA,0.02912412,0.05027585,0.02345452,CV.Total.SURVEY_LC1_3C22
NA,NA,NA,0.07742109,0.12833255,0.08407406,CV.Total.SURVEY_LC1_3C23
0.1111934,0.0906344,0.0617477,NA,NA,NA,CV.Total.SURVEY_LC1_3C2x
NA,NA,NA,0.04801969,0.06137264,0.04235412,CV.Total.SURVEY_LC1_3C31
NA,NA,NA,0.06567167,0.10528645,0.04421735,CV.Total.SURVEY_LC1_3C32
NA,NA,NA,0.08434121,0.13775604,0.07263864,CV.Total.SURVEY_LC1_3C33
0.08174077,0.18287008,0.05446342,NA,NA,NA,CV.Total.SURVEY_LC1_3C3x
0.0000000,0.6956262,0.4319861,NA,NA,NA,CV.Total.SURVEY_LC1_3Cxx
NA,NA,NA,0.13946851,0.11500549,0.06331255,CV.Total.SURVEY_LC1_3D10
NA,NA,NA,0.11078513,0.14885722,0.02173794,CV.Total.SURVEY_LC1_3D20
NA,0.0000000,0.5097314,NA,NA,NA,CV.Total.SURVEY_LC1_3D2x
NA,NA,0.867047,NA,NA,NA,CV.Total.SURVEY_LC1_3Dxx
NA,NA,NA,0.09495889,0.11195206,0.16405302,CV.Total.SURVEY_LC1_3E10
0.808122,0.000000,NA,NA,NA,NA,CV.Total.SURVEY_LC1_3E1x
NA,NA,NA,0.03578501,0.02520494,0.03470347,CV.Total.SURVEY_LC1_3E20
  0,  0,NA,NA,NA,NA,CV.Total.SURVEY_LC1_3E2x
NA,NA,NA,0.07734457,0.11762049,0.11700729,CV.Total.SURVEY_LC1_3E30
0.8194389,NA,NA,NA,NA,NA,CV.Total.SURVEY_LC1_3Exx
NA,NA,NA,0.03665337,0.03279936,0.07236798,CV.Total.SURVEY_LC1_3F10
NA,NA,NA,0.1080169,0.1137318,0.1686826,CV.Total.SURVEY_LC1_3F20
NA,NA,NA,0.17623237,0.11017341,0.03942873,CV.Total.SURVEY_LC1_3F30
  0,NA,NA,NA,NA,NA,CV.Total.SURVEY_LC1_3F3x
NA,NA,NA,0.1058021,0.1683284,0.1634991,CV.Total.SURVEY_LC1_3F40
NA,NA,NA,0.003412137,0.003538062,0.007668353,CV.Total.SURVEY_LC1_3G11
NA,NA,NA,  0,NA,NA,CV.Total.SURVEY_LC1_3G12
NA,NA,NA,0.12292409,0.09667231,0.07339941,CV.Total.SURVEY_LC1_3G21
NA,  0,NA,NA,NA,NA,CV.Total.SURVEY_LC1_3G2x
NA,NA,NA,  0,  0,  0,CV.Total.SURVEY_LC1_3G40
NA,NA,NA,NA,NA,0.3930941,CV.Total.SURVEY_LC1_3G50
NA,NA,NA,0.06813184,0.10136691,0.04727839,CV.Total.SURVEY_LC1_3H11
NA,NA,NA,0.17828581,0.05692372,0.01697438,CV.Total.SURVEY_LC1_3H12
NA,NA,NA,  0,  0,  0,CV.Total.SURVEY_LC1_3H21
0.10778997,0.08342057,0.03804852,0.01883075,0.01084713,0.01707994,CV.Total.SURVEY_LU1_3U111
NA,NA,NA,0.18297633,0.15610852,0.09291044,CV.Total.SURVEY_LU1_3U112
NA,0.0000000,NA,0.0000000,0.6521444,0.1102754,CV.Total.SURVEY_LU1_3U113
0.070378062,0.135103794,0.047387965,0.007497754,0.010006894,0.008898789,CV.Total.SURVEY_LU1_3U120
NA,NA,NA,0.03662314,0.19225490,0.08018266,CV.Total.SURVEY_LU1_3U130
NA,NA,NA,0.00000000,0.04657187,0.09064722,CV.Total.SURVEY_LU1_3U140
NA,NA,NA,NA,NA,0.8010587,CV.Total.SURVEY_LU1_3U150
NA,NA,NA,0.27975973,0.22790856,0.02143595,CV.Total.SURVEY_LU1_3U210
NA,NA,NA,NA,0.8164966,0.0000000,CV.Total.SURVEY_LU1_3U221
NA,NA,NA,  0,  0,  0,CV.Total.SURVEY_LU1_3U223
NA,NA,NA,NA,0.4491355,0.0000000,CV.Total.SURVEY_LU1_3U224
NA,NA,NA,NA,0.6116781,NA,CV.Total.SURVEY_LU1_3U225
NA,NA,NA,0.0000000,0.5828899,0.0000000,CV.Total.SURVEY_LU1_3U226
NA,NA,NA,0.0000000,0.6397865,0.2447928,CV.Total.SURVEY_LU1_3U227
NA,NA,NA,0.3835823,0.2118312,0.2390492,CV.Total.SURVEY_LU1_3U311
0.81943892,NA,NA,0.11433861,0.08769259,0.07166043,CV.Total.SURVEY_LU1_3U312
NA,NA,NA,0.03181190,0.01446400,0.02871343,CV.Total.SURVEY_LU1_3U313
NA,NA,NA,0.1322953,0.1241356,0.0000000,CV.Total.SURVEY_LU1_3U314
NA,NA,NA,NA,  0,NA,CV.Total.SURVEY_LU1_3U315
NA,NA,NA,0.6093773,0.0000000,NA,CV.Total.SURVEY_LU1_3U316
NA,NA,NA,0.0000000,0.2748162,0.1550285,CV.Total.SURVEY_LU1_3U317
NA,NA,NA,0.16781854,0.08751178,0.14301402,CV.Total.SURVEY_LU1_3U319
NA,NA,NA,0.7520889,0.0000000,NA,CV.Total.SURVEY_LU1_3U321
NA,NA,NA,0.0000000,0.1920595,0.0000000,CV.Total.SURVEY_LU1_3U322
NA,NA,NA,0.4549212,0.3337698,0.0000000,CV.Total.SURVEY_LU1_3U330
NA,NA,NA,0.1020102,0.3561346,0.2840312,CV.Total.SURVEY_LU1_3U341
NA,NA,NA,0.8569895,0.8164966,0.0000000,CV.Total.SURVEY_LU1_3U342
0.47855779,0.49514740,0.19947249,0.15715967,0.22590834,0.05310321,CV.Total.SURVEY_LU1_3U350
NA,NA,0.44896452,0.02457023,0.05878179,0.02152661,CV.Total.SURVEY_LU1_3U361
NA,NA,NA,0.1741707,0.2944242,0.1687739,CV.Total.SURVEY_LU1_3U362
0.00000000,0.00000000,NA,0.08036978,0.07799650,0.09936014,CV.Total.SURVEY_LU1_3U370
NA,NA,NA,NA,0.2504542,0.3121494,CV.Total.SURVEY_LU1_3U411
NA,NA,NA,0.0000000,0.0000000,0.1246293,CV.Total.SURVEY_LU1_3U413
NA,NA,NA,NA,  0,  0,CV.Total.SURVEY_LU1_3U414
NA,NA,NA,0.6148534,0.0000000,0.2141581,CV.Total.SURVEY_LU1_3U415
0.20680579,0.18859245,0.08432136,0.03513664,0.04055489,0.01195458,CV.Total.SURVEY_LU1_3U420
0.057278031,0.081130051,0.039572535,0.004022379,0.003922719,0.004150074,CV.Total.settlement0
0.37835034,0.39138797,0.19947249,0.02929656,0.04039417,0.03024726,CV.Total.settlement1
0.106352766,0.081492888,0.151298941,0.009561384,0.008603761,0.006427608,CV.Total.fao_class_name0
0.066399312,0.129521432,0.040196483,0.007228850,0.010371703,0.007054843,CV.Total.fao_class_name1
NA,NA,NA,0.10774922,0.18576255,0.06612618,CV.Total.fao_class_name2
NA,0.0000000,0.4489645,0.1077610,0.1330448,0.1615849,CV.Total.fao_class_name3
0.057122529,0.081130051,0.039771766,0.004743221,0.005093379,0.004401312,CV.Total.lue0
0.39783195,0.39138797,0.18898692,0.03023675,0.04507309,0.02041791,CV.Total.lue1
0.056830258,0.080509937,0.038802007,0.004146202,0.003434310,0.003953658,CV.Total.lud0
0.81943892,NA,NA,0.04793345,0.02929326,0.03176271,CV.Total.lud1
