No,Yes,variable
 1860.126,82021.874,Total.area
   0.000,3943.962,Total.SURVEY_LC1_1A
  518.7648,12595.6470,Total.SURVEY_LC1_1B
 1330.122,35057.135,Total.SURVEY_LC1_1C
   3.618054,4468.008919,Total.SURVEY_LC1_1D
    7.62134,19882.59191,Total.SURVEY_LC1_1E
   0.000,4523.626,Total.SURVEY_LC1_1F
   0.000,1280.427,Total.SURVEY_LC1_1G
  0.0000,270.4761,Total.SURVEY_LC1_1H
 1643.357,61951.593,Total.SURVEY_LU1_1U1
  0.0000,234.0006,Total.SURVEY_LU1_1U2
  18.25829,6135.83073,Total.SURVEY_LU1_1U3
  198.5112,13700.4490,Total.SURVEY_LU1_1U4
   0.0,1223.9,Total.SURVEY_LC1_2A1
   0.000,2490.368,Total.SURVEY_LC1_2A2
  0.0000,229.6931,Total.SURVEY_LC1_2A3
   0.000,7863.006,Total.SURVEY_LC1_2B1
  0.0000,568.7672,Total.SURVEY_LC1_2B2
   0.000,1739.105,Total.SURVEY_LC1_2B3
  0.0000,276.9085,Total.SURVEY_LC1_2B4
   0.000,1078.155,Total.SURVEY_LC1_2B5
  0.0000,602.9558,Total.SURVEY_LC1_2B7
  0.0000,466.7496,Total.SURVEY_LC1_2B8
518.7648,  0.0000,Total.SURVEY_LC1_2Bx
  30.48326,6482.78212,Total.SURVEY_LC1_2C1
  611.0479,19785.6097,Total.SURVEY_LC1_2C2
  51.44186,8788.74359,Total.SURVEY_LC1_2C3
637.1491,  0.0000,Total.SURVEY_LC1_2Cx
  3.618054,975.587193,Total.SURVEY_LC1_2D1
   0.000,3492.422,Total.SURVEY_LC1_2D2
   0.000,1117.196,Total.SURVEY_LC1_2E1
    3.83415,18191.09482,Total.SURVEY_LC1_2E2
  0.0000,574.3009,Total.SURVEY_LC1_2E3
3.78719,0.00000,Total.SURVEY_LC1_2Ex
   0.000,4131.354,Total.SURVEY_LC1_2F1
 0.00000,28.54498,Total.SURVEY_LC1_2F2
  0.0000,363.7272,Total.SURVEY_LC1_2F4
  0.0000,595.9673,Total.SURVEY_LC1_2G1
  0.0000,401.7942,Total.SURVEY_LC1_2G2
  0.0000,282.6655,Total.SURVEY_LC1_2G5
  0.0000,266.6817,Total.SURVEY_LC1_2H1
0.000000,3.794442,Total.SURVEY_LC1_2H2
  508.1458,27492.4786,Total.SURVEY_LU1_2U11
 1135.211,34299.635,Total.SURVEY_LU1_2U12
 0.00000,42.63446,Total.SURVEY_LU1_2U13
  0.0000,112.9302,Total.SURVEY_LU1_2U14
0.000000,3.914656,Total.SURVEY_LU1_2U15
 0.000,29.628,Total.SURVEY_LU1_2U21
  0.0000,204.3726,Total.SURVEY_LU1_2U22
   0.000,2411.099,Total.SURVEY_LU1_2U31
 0.00000,83.52786,Total.SURVEY_LU1_2U32
 0.00000,81.29057,Total.SURVEY_LU1_2U33
  0.0000,230.7796,Total.SURVEY_LU1_2U34
 14.45314,265.02084,Total.SURVEY_LU1_2U35
  0.0000,753.9006,Total.SURVEY_LU1_2U36
   3.805148,2310.212101,Total.SURVEY_LU1_2U37
 0.00000,62.29655,Total.SURVEY_LU1_2U41
  198.5112,13638.1524,Total.SURVEY_LU1_2U42
   0.000,1153.082,Total.SURVEY_LC1_3A11
 0.00000,54.92813,Total.SURVEY_LC1_3A12
 0.00000,15.89001,Total.SURVEY_LC1_3A13
  0.000,665.138,Total.SURVEY_LC1_3A21
   0.00,1825.23,Total.SURVEY_LC1_3A22
  0.0000,229.6931,Total.SURVEY_LC1_3A30
   0.000,2066.831,Total.SURVEY_LC1_3B11
  0.0000,427.8861,Total.SURVEY_LC1_3B12
   0.000,1011.124,Total.SURVEY_LC1_3B13
  0.0000,455.8119,Total.SURVEY_LC1_3B14
  0.0000,218.4122,Total.SURVEY_LC1_3B15
   0.000,2975.484,Total.SURVEY_LC1_3B16
  0.0000,644.3861,Total.SURVEY_LC1_3B18
 0.00000,63.07033,Total.SURVEY_LC1_3B19
  0.0000,210.4947,Total.SURVEY_LC1_3B21
  0.0000,253.8044,Total.SURVEY_LC1_3B22
  0.0000,104.4682,Total.SURVEY_LC1_3B23
  0.0000,174.3638,Total.SURVEY_LC1_3B31
  0.0000,279.0699,Total.SURVEY_LC1_3B32
  0.0000,872.6737,Total.SURVEY_LC1_3B33
  0.0000,372.1247,Total.SURVEY_LC1_3B35
 0.00000,40.87286,Total.SURVEY_LC1_3B37
  0.0000,163.5587,Total.SURVEY_LC1_3B41
  0.0000,106.4692,Total.SURVEY_LC1_3B43
0.000000,6.880559,Total.SURVEY_LC1_3B45
  0.0000,100.3471,Total.SURVEY_LC1_3B51
  0.0000,152.7153,Total.SURVEY_LC1_3B52
  0.0000,241.8025,Total.SURVEY_LC1_3B53
 0.00000,36.43627,Total.SURVEY_LC1_3B54
  0.000,546.854,Total.SURVEY_LC1_3B55
  0.0000,348.7632,Total.SURVEY_LC1_3B71
  0.000,106.018,Total.SURVEY_LC1_3B72
 0.00000,60.50928,Total.SURVEY_LC1_3B73
 0.00000,22.80308,Total.SURVEY_LC1_3B74
 0.00000,64.86227,Total.SURVEY_LC1_3B75
  0.0000,453.9889,Total.SURVEY_LC1_3B82
0.000000,8.986072,Total.SURVEY_LC1_3B83
0.000000,3.774585,Total.SURVEY_LC1_3B84
459.153,  0.000,Total.SURVEY_LC1_3Bx1
59.6118, 0.0000,Total.SURVEY_LC1_3Bx2
   0.000,6482.782,Total.SURVEY_LC1_3C10
30.48326, 0.00000,Total.SURVEY_LC1_3C1x
    0.00,15221.48,Total.SURVEY_LC1_3C21
  0.0000,840.6386,Total.SURVEY_LC1_3C22
   0.000,3723.486,Total.SURVEY_LC1_3C23
611.0479,  0.0000,Total.SURVEY_LC1_3C2x
   0.000,6815.159,Total.SURVEY_LC1_3C31
  0.0000,741.5694,Total.SURVEY_LC1_3C32
   0.000,1232.015,Total.SURVEY_LC1_3C33
51.44186, 0.00000,Total.SURVEY_LC1_3C3x
637.1491,  0.0000,Total.SURVEY_LC1_3Cxx
  0.0000,975.5872,Total.SURVEY_LC1_3D10
3.618054,0.000000,Total.SURVEY_LC1_3D1x
   0.000,3492.422,Total.SURVEY_LC1_3D20
   0.000,1117.196,Total.SURVEY_LC1_3E10
    0.00,18191.09,Total.SURVEY_LC1_3E20
3.83415,0.00000,Total.SURVEY_LC1_3E2x
  0.0000,574.3009,Total.SURVEY_LC1_3E30
3.78719,0.00000,Total.SURVEY_LC1_3Exx
   0.000,4131.354,Total.SURVEY_LC1_3F10
 0.00000,28.54498,Total.SURVEY_LC1_3F20
  0.0000,363.7272,Total.SURVEY_LC1_3F40
  0.0000,595.9673,Total.SURVEY_LC1_3G11
  0.0000,401.7942,Total.SURVEY_LC1_3G21
  0.0000,282.6655,Total.SURVEY_LC1_3G50
  0.0000,238.9771,Total.SURVEY_LC1_3H11
 0.00000,27.70463,Total.SURVEY_LC1_3H12
0.000000,3.794442,Total.SURVEY_LC1_3H21
  468.0157,27131.5100,Total.SURVEY_LU1_3U111
 0.00000,88.67641,Total.SURVEY_LU1_3U112
 40.13014,272.29219,Total.SURVEY_LU1_3U113
 1135.211,34299.635,Total.SURVEY_LU1_3U120
 0.00000,42.63446,Total.SURVEY_LU1_3U130
  0.0000,112.9302,Total.SURVEY_LU1_3U140
0.000000,3.914656,Total.SURVEY_LU1_3U150
 0.000,29.628,Total.SURVEY_LU1_3U210
 0.0000,64.6692,Total.SURVEY_LU1_3U221
 0.00000,52.96393,Total.SURVEY_LU1_3U223
 0.00000,11.10985,Total.SURVEY_LU1_3U224
 0.00000,12.14517,Total.SURVEY_LU1_3U225
 0.00000,32.05677,Total.SURVEY_LU1_3U226
 0.00000,31.42765,Total.SURVEY_LU1_3U227
 0.00000,79.33429,Total.SURVEY_LU1_3U311
   0.000,1911.563,Total.SURVEY_LU1_3U312
 0.00000,91.82752,Total.SURVEY_LU1_3U313
 0.00000,30.72385,Total.SURVEY_LU1_3U314
 0.00000,10.81352,Total.SURVEY_LU1_3U315
0.000000,5.812967,Total.SURVEY_LU1_3U316
 0.0000,91.9199,Total.SURVEY_LU1_3U317
 0.00000,29.72756,Total.SURVEY_LU1_3U318
  0.0000,159.3761,Total.SURVEY_LU1_3U319
 0.0000,24.1587,Total.SURVEY_LU1_3U321
 0.00000,59.36916,Total.SURVEY_LU1_3U322
 0.00000,81.29057,Total.SURVEY_LU1_3U330
  0.0000,216.3745,Total.SURVEY_LU1_3U341
 0.00000,14.40509,Total.SURVEY_LU1_3U342
 14.45314,265.02084,Total.SURVEY_LU1_3U350
  0.0000,484.9126,Total.SURVEY_LU1_3U361
  0.000,268.988,Total.SURVEY_LU1_3U362
   3.805148,2310.212101,Total.SURVEY_LU1_3U370
0.000000,3.795628,Total.SURVEY_LU1_3U412
 0.00000,17.05796,Total.SURVEY_LU1_3U414
 0.00000,41.44296,Total.SURVEY_LU1_3U415
  198.5112,13638.1524,Total.SURVEY_LU1_3U420
 1841.868,75753.258,Total.settlement0
  18.25829,6268.61583,Total.settlement1
0.002005354,0.688497837,Total.settl_pc
 1173.021,45370.613,Total.fao_class_name0
  655.1231,34712.1721,Total.fao_class_name1
  0.0000,844.5282,Total.fao_class_name2
  31.98224,1094.55998,Total.fao_class_name3
 1841.868,78461.961,Total.lue0
  18.25829,3559.91306,Total.lue1
 1860.126,79099.025,Total.lud0
   0.000,2922.848,Total.lud1
235.6222,253.2067,SE.Total.area
 0.00000,96.27252,SE.Total.SURVEY_LC1_1A
33.64100,85.51962,SE.Total.SURVEY_LC1_1B
233.2083,345.5112,SE.Total.SURVEY_LC1_1C
  0.0000,171.6088,SE.Total.SURVEY_LC1_1D
  0.000,291.365,SE.Total.SURVEY_LC1_1E
  0.0000,195.0757,SE.Total.SURVEY_LC1_1F
 0.00000,17.66837,SE.Total.SURVEY_LC1_1G
 0.00000,14.26139,SE.Total.SURVEY_LC1_1H
228.5155,328.8625,SE.Total.SURVEY_LU1_1U1
 0.00000,43.61078,SE.Total.SURVEY_LU1_1U2
  8.094039,163.014911,SE.Total.SURVEY_LU1_1U3
 61.20639,238.78721,SE.Total.SURVEY_LU1_1U4
 0.00000,83.23079,SE.Total.SURVEY_LC1_2A1
  0.000,100.512,SE.Total.SURVEY_LC1_2A2
 0.00000,59.66055,SE.Total.SURVEY_LC1_2A3
  0.0000,105.2273,SE.Total.SURVEY_LC1_2B1
 0.00000,48.05088,SE.Total.SURVEY_LC1_2B2
 0.00000,66.09355,SE.Total.SURVEY_LC1_2B3
 0.00000,30.29215,SE.Total.SURVEY_LC1_2B4
 0.00000,45.86813,SE.Total.SURVEY_LC1_2B5
 0.00000,34.42446,SE.Total.SURVEY_LC1_2B7
 0.00000,15.98343,SE.Total.SURVEY_LC1_2B8
33.641, 0.000,SE.Total.SURVEY_LC1_2Bx
 18.37875,500.21989,SE.Total.SURVEY_LC1_2C1
102.7652,628.6027,SE.Total.SURVEY_LC1_2C2
 36.19255,591.67761,SE.Total.SURVEY_LC1_2C3
205.8651,  0.0000,SE.Total.SURVEY_LC1_2Cx
  0.0000,116.4687,SE.Total.SURVEY_LC1_2D1
  0.000,149.966,SE.Total.SURVEY_LC1_2D2
 0.00000,81.23324,SE.Total.SURVEY_LC1_2E1
  0.0000,279.2931,SE.Total.SURVEY_LC1_2E2
 0.00000,81.08622,SE.Total.SURVEY_LC1_2E3
0,0,SE.Total.SURVEY_LC1_2Ex
  0.0000,192.9481,SE.Total.SURVEY_LC1_2F1
0,0,SE.Total.SURVEY_LC1_2F2
 0.00000,28.73255,SE.Total.SURVEY_LC1_2F4
 0.00000,32.76319,SE.Total.SURVEY_LC1_2G1
 0.00000,28.59393,SE.Total.SURVEY_LC1_2G2
0.000000,1.610566,SE.Total.SURVEY_LC1_2G5
 0.00000,14.26139,SE.Total.SURVEY_LC1_2H1
0,0,SE.Total.SURVEY_LC1_2H2
 32.69983,187.69023,SE.Total.SURVEY_LU1_2U11
226.1638,316.2063,SE.Total.SURVEY_LU1_2U12
0,0,SE.Total.SURVEY_LU1_2U13
0.000000,2.030343,SE.Total.SURVEY_LU1_2U14
0,0,SE.Total.SURVEY_LU1_2U15
0,0,SE.Total.SURVEY_LU1_2U21
 0.00000,43.61078,SE.Total.SURVEY_LU1_2U22
 0.00000,95.44995,SE.Total.SURVEY_LU1_2U31
 0.00000,20.08328,SE.Total.SURVEY_LU1_2U32
 0.00000,12.47772,SE.Total.SURVEY_LU1_2U33
 0.00000,25.26933,SE.Total.SURVEY_LU1_2U34
 8.094039,55.482038,SE.Total.SURVEY_LU1_2U35
  0.0000,128.0639,SE.Total.SURVEY_LU1_2U36
  0.0000,102.7651,SE.Total.SURVEY_LU1_2U37
 0.00000,11.74765,SE.Total.SURVEY_LU1_2U41
 61.20639,238.49941,SE.Total.SURVEY_LU1_2U42
 0.0000,82.7252,SE.Total.SURVEY_LC1_3A11
 0.00000,11.19504,SE.Total.SURVEY_LC1_3A12
0.0000000,0.8761124,SE.Total.SURVEY_LC1_3A13
 0.00000,61.85812,SE.Total.SURVEY_LC1_3A21
 0.00000,94.46349,SE.Total.SURVEY_LC1_3A22
 0.00000,59.66055,SE.Total.SURVEY_LC1_3A30
 0.00000,76.90117,SE.Total.SURVEY_LC1_3B11
 0.0000,43.8397,SE.Total.SURVEY_LC1_3B12
 0.00000,56.34144,SE.Total.SURVEY_LC1_3B13
 0.00000,36.98667,SE.Total.SURVEY_LC1_3B14
 0.00000,28.66288,SE.Total.SURVEY_LC1_3B15
 0.00000,81.61277,SE.Total.SURVEY_LC1_3B16
 0.00000,47.37458,SE.Total.SURVEY_LC1_3B18
 0.00000,11.79786,SE.Total.SURVEY_LC1_3B19
 0.0000,30.0025,SE.Total.SURVEY_LC1_3B21
 0.00000,33.82039,SE.Total.SURVEY_LC1_3B22
 0.00000,19.00504,SE.Total.SURVEY_LC1_3B23
 0.00000,23.05979,SE.Total.SURVEY_LC1_3B31
 0.00000,30.09262,SE.Total.SURVEY_LC1_3B32
 0.00000,44.44007,SE.Total.SURVEY_LC1_3B33
 0.00000,34.36127,SE.Total.SURVEY_LC1_3B35
 0.00000,12.88381,SE.Total.SURVEY_LC1_3B37
 0.00000,23.22315,SE.Total.SURVEY_LC1_3B41
 0.00000,19.24078,SE.Total.SURVEY_LC1_3B43
0.000000,4.453951,SE.Total.SURVEY_LC1_3B45
 0.00000,15.50712,SE.Total.SURVEY_LC1_3B51
 0.00000,23.32883,SE.Total.SURVEY_LC1_3B52
 0.00000,19.98862,SE.Total.SURVEY_LC1_3B53
 0.00000,11.19895,SE.Total.SURVEY_LC1_3B54
 0.00000,29.45205,SE.Total.SURVEY_LC1_3B55
 0.00000,31.67419,SE.Total.SURVEY_LC1_3B71
 0.00000,10.70038,SE.Total.SURVEY_LC1_3B72
0.000000,8.312985,SE.Total.SURVEY_LC1_3B73
0.000000,4.681423,SE.Total.SURVEY_LC1_3B74
0.000000,8.323577,SE.Total.SURVEY_LC1_3B75
 0.00000,15.82217,SE.Total.SURVEY_LC1_3B82
0.000000,2.481871,SE.Total.SURVEY_LC1_3B83
0,0,SE.Total.SURVEY_LC1_3B84
32.7565, 0.0000,SE.Total.SURVEY_LC1_3Bx1
7.663447,0.000000,SE.Total.SURVEY_LC1_3Bx2
  0.0000,500.2199,SE.Total.SURVEY_LC1_3C10
18.37875, 0.00000,SE.Total.SURVEY_LC1_3C1x
  0.0000,610.9194,SE.Total.SURVEY_LC1_3C21
  0.0000,164.6564,SE.Total.SURVEY_LC1_3C22
  0.0000,297.4578,SE.Total.SURVEY_LC1_3C23
102.7652,  0.0000,SE.Total.SURVEY_LC1_3C2x
  0.0000,544.7686,SE.Total.SURVEY_LC1_3C31
  0.0000,182.9454,SE.Total.SURVEY_LC1_3C32
  0.0000,251.8826,SE.Total.SURVEY_LC1_3C33
36.19255, 0.00000,SE.Total.SURVEY_LC1_3C3x
205.8651,  0.0000,SE.Total.SURVEY_LC1_3Cxx
  0.0000,116.4687,SE.Total.SURVEY_LC1_3D10
0,0,SE.Total.SURVEY_LC1_3D1x
  0.000,149.966,SE.Total.SURVEY_LC1_3D20
 0.00000,81.23324,SE.Total.SURVEY_LC1_3E10
  0.0000,279.2931,SE.Total.SURVEY_LC1_3E20
0,0,SE.Total.SURVEY_LC1_3E2x
 0.00000,81.08622,SE.Total.SURVEY_LC1_3E30
0,0,SE.Total.SURVEY_LC1_3Exx
  0.0000,192.9481,SE.Total.SURVEY_LC1_3F10
0,0,SE.Total.SURVEY_LC1_3F20
 0.00000,28.73255,SE.Total.SURVEY_LC1_3F40
 0.00000,32.76319,SE.Total.SURVEY_LC1_3G11
 0.00000,28.59393,SE.Total.SURVEY_LC1_3G21
0.000000,1.610566,SE.Total.SURVEY_LC1_3G50
 0.00000,14.26139,SE.Total.SURVEY_LC1_3H11
0,0,SE.Total.SURVEY_LC1_3H12
0,0,SE.Total.SURVEY_LC1_3H21
 32.66886,188.07367,SE.Total.SURVEY_LU1_3U111
 0.00000,12.21378,SE.Total.SURVEY_LU1_3U112
 1.422916,22.456445,SE.Total.SURVEY_LU1_3U113
226.1638,316.2063,SE.Total.SURVEY_LU1_3U120
0,0,SE.Total.SURVEY_LU1_3U130
0.000000,2.030343,SE.Total.SURVEY_LU1_3U140
0,0,SE.Total.SURVEY_LU1_3U150
0,0,SE.Total.SURVEY_LU1_3U210
 0.00000,40.81109,SE.Total.SURVEY_LU1_3U221
 0.00000,11.82729,SE.Total.SURVEY_LU1_3U223
0,0,SE.Total.SURVEY_LU1_3U224
0,0,SE.Total.SURVEY_LU1_3U225
0.000000,7.126693,SE.Total.SURVEY_LU1_3U226
0.000000,6.848121,SE.Total.SURVEY_LU1_3U227
0.000000,6.756302,SE.Total.SURVEY_LU1_3U311
 0.00000,78.86764,SE.Total.SURVEY_LU1_3U312
 0.00000,19.76329,SE.Total.SURVEY_LU1_3U313
0,0,SE.Total.SURVEY_LU1_3U314
0.000000,4.030162,SE.Total.SURVEY_LU1_3U315
0.000000,3.356118,SE.Total.SURVEY_LU1_3U316
 0.00000,20.54866,SE.Total.SURVEY_LU1_3U317
0,0,SE.Total.SURVEY_LU1_3U318
 0.00000,47.63247,SE.Total.SURVEY_LU1_3U319
0.000000,9.807987,SE.Total.SURVEY_LU1_3U321
 0.00000,17.52545,SE.Total.SURVEY_LU1_3U322
 0.00000,12.47772,SE.Total.SURVEY_LU1_3U330
 0.00000,25.03839,SE.Total.SURVEY_LU1_3U341
0.000000,4.072344,SE.Total.SURVEY_LU1_3U342
 8.094039,55.482038,SE.Total.SURVEY_LU1_3U350
  0.0000,116.0227,SE.Total.SURVEY_LU1_3U361
 0.00000,54.84596,SE.Total.SURVEY_LU1_3U362
  0.0000,102.7651,SE.Total.SURVEY_LU1_3U370
0,0,SE.Total.SURVEY_LU1_3U412
 0.00000,11.22762,SE.Total.SURVEY_LU1_3U414
0.000000,3.456563,SE.Total.SURVEY_LU1_3U415
 61.20639,238.49941,SE.Total.SURVEY_LU1_3U420
235.4897,278.8053,SE.Total.settlement0
  8.094039,119.288924,SE.Total.settlement1
0.0008889886,0.0131018024,SE.Total.settl_pc
208.6162,232.2900,SE.Total.fao_class_name0
109.5689,340.3561,SE.Total.fao_class_name1
  0.0000,116.4068,SE.Total.fao_class_name2
 14.2689,110.2209,SE.Total.fao_class_name3
235.4897,296.3805,SE.Total.lue0
  8.094039,163.169434,SE.Total.lue1
235.6222,271.9710,SE.Total.lud0
  0.0000,100.5459,SE.Total.lud1
 1398.315,81525.598,CI.l(95%).Total.area
   0.000,3755.271,CI.l(95%).Total.SURVEY_LC1_1A
  452.8297,12428.0316,CI.l(95%).Total.SURVEY_LC1_1B
  873.0423,34379.9459,CI.l(95%).Total.SURVEY_LC1_1C
   3.618054,4131.661858,CI.l(95%).Total.SURVEY_LC1_1D
    7.62134,19311.52696,CI.l(95%).Total.SURVEY_LC1_1E
   0.000,4141.284,CI.l(95%).Total.SURVEY_LC1_1F
   0.000,1245.798,CI.l(95%).Total.SURVEY_LC1_1G
  0.0000,242.5243,CI.l(95%).Total.SURVEY_LC1_1H
 1195.475,61307.035,CI.l(95%).Total.SURVEY_LU1_1U1
  0.000,148.525,CI.l(95%).Total.SURVEY_LU1_1U2
   2.394263,5816.327375,CI.l(95%).Total.SURVEY_LU1_1U3
   78.54885,13232.43463,CI.l(95%).Total.SURVEY_LU1_1U4
   0.000,1060.771,CI.l(95%).Total.SURVEY_LC1_2A1
   0.000,2293.368,CI.l(95%).Total.SURVEY_LC1_2A2
  0.0000,112.7606,CI.l(95%).Total.SURVEY_LC1_2A3
   0.000,7656.764,CI.l(95%).Total.SURVEY_LC1_2B1
  0.0000,474.5892,CI.l(95%).Total.SURVEY_LC1_2B2
   0.000,1609.564,CI.l(95%).Total.SURVEY_LC1_2B3
  0.0000,217.5369,CI.l(95%).Total.SURVEY_LC1_2B4
  0.0000,988.2553,CI.l(95%).Total.SURVEY_LC1_2B5
  0.0000,535.4851,CI.l(95%).Total.SURVEY_LC1_2B7
  0.0000,435.4227,CI.l(95%).Total.SURVEY_LC1_2B8
452.8297,  0.0000,CI.l(95%).Total.SURVEY_LC1_2Bx
  -5.538423,5502.369141,CI.l(95%).Total.SURVEY_LC1_2C1
  409.6319,18553.5711,CI.l(95%).Total.SURVEY_LC1_2C2
 -19.49424,7629.07678,CI.l(95%).Total.SURVEY_LC1_2C3
233.6609,  0.0000,CI.l(95%).Total.SURVEY_LC1_2Cx
  3.618054,747.312824,CI.l(95%).Total.SURVEY_LC1_2D1
   0.000,3198.494,CI.l(95%).Total.SURVEY_LC1_2D2
  0.000,957.982,CI.l(95%).Total.SURVEY_LC1_2E1
    3.83415,17643.69048,CI.l(95%).Total.SURVEY_LC1_2E2
  0.0000,415.3748,CI.l(95%).Total.SURVEY_LC1_2E3
3.78719,0.00000,CI.l(95%).Total.SURVEY_LC1_2Ex
   0.000,3753.182,CI.l(95%).Total.SURVEY_LC1_2F1
 0.00000,28.54498,CI.l(95%).Total.SURVEY_LC1_2F2
  0.0000,307.4124,CI.l(95%).Total.SURVEY_LC1_2F4
  0.0000,531.7527,CI.l(95%).Total.SURVEY_LC1_2G1
  0.0000,345.7511,CI.l(95%).Total.SURVEY_LC1_2G2
  0.0000,279.5088,CI.l(95%).Total.SURVEY_LC1_2G5
  0.0000,238.7299,CI.l(95%).Total.SURVEY_LC1_2H1
0.000000,3.794442,CI.l(95%).Total.SURVEY_LC1_2H2
  444.0554,27124.6125,CI.l(95%).Total.SURVEY_LU1_2U11
  691.9382,33679.8825,CI.l(95%).Total.SURVEY_LU1_2U12
 0.00000,42.63446,CI.l(95%).Total.SURVEY_LU1_2U13
  0.0000,108.9508,CI.l(95%).Total.SURVEY_LU1_2U14
0.000000,3.914656,CI.l(95%).Total.SURVEY_LU1_2U15
 0.000,29.628,CI.l(95%).Total.SURVEY_LU1_2U21
  0.000,118.897,CI.l(95%).Total.SURVEY_LU1_2U22
   0.000,2224.021,CI.l(95%).Total.SURVEY_LU1_2U31
 0.00000,44.16535,CI.l(95%).Total.SURVEY_LU1_2U32
 0.00000,56.83468,CI.l(95%).Total.SURVEY_LU1_2U33
  0.0000,181.2526,CI.l(95%).Total.SURVEY_LU1_2U34
 -1.410886,156.278040,CI.l(95%).Total.SURVEY_LU1_2U35
  0.0000,502.8998,CI.l(95%).Total.SURVEY_LU1_2U36
   3.805148,2108.796170,CI.l(95%).Total.SURVEY_LU1_2U37
 0.00000,39.27158,CI.l(95%).Total.SURVEY_LU1_2U41
   78.54885,13170.70215,CI.l(95%).Total.SURVEY_LU1_2U42
  0.0000,990.9435,CI.l(95%).Total.SURVEY_LC1_3A11
 0.00000,32.98625,CI.l(95%).Total.SURVEY_LC1_3A12
 0.00000,14.17287,CI.l(95%).Total.SURVEY_LC1_3A13
  0.0000,543.8983,CI.l(95%).Total.SURVEY_LC1_3A21
   0.000,1640.085,CI.l(95%).Total.SURVEY_LC1_3A22
  0.0000,112.7606,CI.l(95%).Total.SURVEY_LC1_3A30
   0.000,1916.107,CI.l(95%).Total.SURVEY_LC1_3B11
  0.0000,341.9619,CI.l(95%).Total.SURVEY_LC1_3B12
  0.0000,900.6966,CI.l(95%).Total.SURVEY_LC1_3B13
  0.0000,383.3193,CI.l(95%).Total.SURVEY_LC1_3B14
  0.0000,162.2339,CI.l(95%).Total.SURVEY_LC1_3B15
   0.000,2815.526,CI.l(95%).Total.SURVEY_LC1_3B16
  0.0000,551.5337,CI.l(95%).Total.SURVEY_LC1_3B18
 0.00000,39.94694,CI.l(95%).Total.SURVEY_LC1_3B19
  0.0000,151.6908,CI.l(95%).Total.SURVEY_LC1_3B21
  0.0000,187.5177,CI.l(95%).Total.SURVEY_LC1_3B22
 0.00000,67.21897,CI.l(95%).Total.SURVEY_LC1_3B23
  0.0000,129.1674,CI.l(95%).Total.SURVEY_LC1_3B31
  0.0000,220.0895,CI.l(95%).Total.SURVEY_LC1_3B32
  0.0000,785.5727,CI.l(95%).Total.SURVEY_LC1_3B33
  0.0000,304.7778,CI.l(95%).Total.SURVEY_LC1_3B35
 0.00000,15.62106,CI.l(95%).Total.SURVEY_LC1_3B37
  0.0000,118.0421,CI.l(95%).Total.SURVEY_LC1_3B41
 0.00000,68.75799,CI.l(95%).Total.SURVEY_LC1_3B43
 0.000000,-1.849024,CI.l(95%).Total.SURVEY_LC1_3B45
 0.00000,69.95374,CI.l(95%).Total.SURVEY_LC1_3B51
  0.0000,106.9916,CI.l(95%).Total.SURVEY_LC1_3B52
  0.0000,202.6255,CI.l(95%).Total.SURVEY_LC1_3B53
 0.00000,14.48674,CI.l(95%).Total.SURVEY_LC1_3B54
  0.000,489.129,CI.l(95%).Total.SURVEY_LC1_3B55
  0.0000,286.6829,CI.l(95%).Total.SURVEY_LC1_3B71
 0.00000,85.04563,CI.l(95%).Total.SURVEY_LC1_3B72
 0.00000,44.21613,CI.l(95%).Total.SURVEY_LC1_3B73
 0.00000,13.62766,CI.l(95%).Total.SURVEY_LC1_3B74
 0.00000,48.54836,CI.l(95%).Total.SURVEY_LC1_3B75
  0.0000,422.9781,CI.l(95%).Total.SURVEY_LC1_3B82
0.000000,4.121694,CI.l(95%).Total.SURVEY_LC1_3B83
0.000000,3.774585,CI.l(95%).Total.SURVEY_LC1_3B84
394.9515,  0.0000,CI.l(95%).Total.SURVEY_LC1_3Bx1
44.59173, 0.00000,CI.l(95%).Total.SURVEY_LC1_3Bx2
   0.000,5502.369,CI.l(95%).Total.SURVEY_LC1_3C10
-5.538423, 0.000000,CI.l(95%).Total.SURVEY_LC1_3C1x
    0.0,14024.1,CI.l(95%).Total.SURVEY_LC1_3C21
  0.000,517.918,CI.l(95%).Total.SURVEY_LC1_3C22
   0.00,3140.48,CI.l(95%).Total.SURVEY_LC1_3C23
409.6319,  0.0000,CI.l(95%).Total.SURVEY_LC1_3C2x
   0.000,5747.432,CI.l(95%).Total.SURVEY_LC1_3C31
  0.0000,383.0029,CI.l(95%).Total.SURVEY_LC1_3C32
  0.0000,738.3341,CI.l(95%).Total.SURVEY_LC1_3C33
-19.49424,  0.00000,CI.l(95%).Total.SURVEY_LC1_3C3x
233.6609,  0.0000,CI.l(95%).Total.SURVEY_LC1_3Cxx
  0.0000,747.3128,CI.l(95%).Total.SURVEY_LC1_3D10
3.618054,0.000000,CI.l(95%).Total.SURVEY_LC1_3D1x
   0.000,3198.494,CI.l(95%).Total.SURVEY_LC1_3D20
  0.000,957.982,CI.l(95%).Total.SURVEY_LC1_3E10
    0.00,17643.69,CI.l(95%).Total.SURVEY_LC1_3E20
3.83415,0.00000,CI.l(95%).Total.SURVEY_LC1_3E2x
  0.0000,415.3748,CI.l(95%).Total.SURVEY_LC1_3E30
3.78719,0.00000,CI.l(95%).Total.SURVEY_LC1_3Exx
   0.000,3753.182,CI.l(95%).Total.SURVEY_LC1_3F10
 0.00000,28.54498,CI.l(95%).Total.SURVEY_LC1_3F20
  0.0000,307.4124,CI.l(95%).Total.SURVEY_LC1_3F40
  0.0000,531.7527,CI.l(95%).Total.SURVEY_LC1_3G11
  0.0000,345.7511,CI.l(95%).Total.SURVEY_LC1_3G21
  0.0000,279.5088,CI.l(95%).Total.SURVEY_LC1_3G50
  0.0000,211.0252,CI.l(95%).Total.SURVEY_LC1_3H11
 0.00000,27.70463,CI.l(95%).Total.SURVEY_LC1_3H12
0.000000,3.794442,CI.l(95%).Total.SURVEY_LC1_3H21
  403.9859,26762.8923,CI.l(95%).Total.SURVEY_LU1_3U111
 0.00000,64.73783,CI.l(95%).Total.SURVEY_LU1_3U112
 37.34128,228.27837,CI.l(95%).Total.SURVEY_LU1_3U113
  691.9382,33679.8825,CI.l(95%).Total.SURVEY_LU1_3U120
 0.00000,42.63446,CI.l(95%).Total.SURVEY_LU1_3U130
  0.0000,108.9508,CI.l(95%).Total.SURVEY_LU1_3U140
0.000000,3.914656,CI.l(95%).Total.SURVEY_LU1_3U150
 0.000,29.628,CI.l(95%).Total.SURVEY_LU1_3U210
  0.00000,-15.31906,CI.l(95%).Total.SURVEY_LU1_3U221
 0.00000,29.78287,CI.l(95%).Total.SURVEY_LU1_3U223
 0.00000,11.10985,CI.l(95%).Total.SURVEY_LU1_3U224
 0.00000,12.14517,CI.l(95%).Total.SURVEY_LU1_3U225
 0.00000,18.08871,CI.l(95%).Total.SURVEY_LU1_3U226
 0.00000,18.00558,CI.l(95%).Total.SURVEY_LU1_3U227
 0.00000,66.09218,CI.l(95%).Total.SURVEY_LU1_3U311
   0.000,1756.986,CI.l(95%).Total.SURVEY_LU1_3U312
 0.00000,53.09218,CI.l(95%).Total.SURVEY_LU1_3U313
 0.00000,30.72385,CI.l(95%).Total.SURVEY_LU1_3U314
0.000000,2.914553,CI.l(95%).Total.SURVEY_LU1_3U315
 0.0000000,-0.7649035,CI.l(95%).Total.SURVEY_LU1_3U316
 0.00000,51.64526,CI.l(95%).Total.SURVEY_LU1_3U317
 0.00000,29.72756,CI.l(95%).Total.SURVEY_LU1_3U318
 0.00000,66.01822,CI.l(95%).Total.SURVEY_LU1_3U319
0.000000,4.935399,CI.l(95%).Total.SURVEY_LU1_3U321
 0.0000,25.0199,CI.l(95%).Total.SURVEY_LU1_3U322
 0.00000,56.83468,CI.l(95%).Total.SURVEY_LU1_3U330
  0.0000,167.3001,CI.l(95%).Total.SURVEY_LU1_3U341
0.000000,6.423447,CI.l(95%).Total.SURVEY_LU1_3U342
 -1.410886,156.278040,CI.l(95%).Total.SURVEY_LU1_3U350
  0.0000,257.5122,CI.l(95%).Total.SURVEY_LU1_3U361
  0.0000,161.4919,CI.l(95%).Total.SURVEY_LU1_3U362
   3.805148,2108.796170,CI.l(95%).Total.SURVEY_LU1_3U370
0.000000,3.795628,CI.l(95%).Total.SURVEY_LU1_3U412
 0.000000,-4.947763,CI.l(95%).Total.SURVEY_LU1_3U414
 0.00000,34.66822,CI.l(95%).Total.SURVEY_LU1_3U415
   78.54885,13170.70215,CI.l(95%).Total.SURVEY_LU1_3U420
 1380.317,75206.809,CI.l(95%).Total.settlement0
   2.394263,6034.813838,CI.l(95%).Total.settlement1
0.0002629679,0.6628187766,CI.l(95%).Total.settl_pc
  764.1408,44915.3332,CI.l(95%).Total.fao_class_name0
  440.3719,34045.0865,CI.l(95%).Total.fao_class_name1
  0.000,616.375,CI.l(95%).Total.fao_class_name2
  4.0157,878.5311,CI.l(95%).Total.fao_class_name3
 1380.317,77881.065,CI.l(95%).Total.lue0
   2.394263,3240.106845,CI.l(95%).Total.lue1
 1398.315,78565.972,CI.l(95%).Total.lud0
   0.000,2725.782,CI.l(95%).Total.lud1
 2321.937,82518.150,CI.u(95%).Total.area
   0.000,4132.652,CI.u(95%).Total.SURVEY_LC1_1A
  584.70,12763.26,CI.u(95%).Total.SURVEY_LC1_1B
 1787.202,35734.325,CI.u(95%).Total.SURVEY_LC1_1C
   3.618054,4804.355980,CI.u(95%).Total.SURVEY_LC1_1D
    7.62134,20453.65685,CI.u(95%).Total.SURVEY_LC1_1E
   0.000,4905.967,CI.u(95%).Total.SURVEY_LC1_1F
   0.000,1315.056,CI.u(95%).Total.SURVEY_LC1_1G
  0.0000,298.4279,CI.u(95%).Total.SURVEY_LC1_1H
 2091.239,62596.152,CI.u(95%).Total.SURVEY_LU1_1U1
  0.0000,319.4761,CI.u(95%).Total.SURVEY_LU1_1U2
  34.12231,6455.33408,CI.u(95%).Total.SURVEY_LU1_1U3
  318.4735,14168.4633,CI.u(95%).Total.SURVEY_LU1_1U4
   0.000,1387.029,CI.u(95%).Total.SURVEY_LC1_2A1
   0.000,2687.368,CI.u(95%).Total.SURVEY_LC1_2A2
  0.0000,346.6256,CI.u(95%).Total.SURVEY_LC1_2A3
   0.000,8069.247,CI.u(95%).Total.SURVEY_LC1_2B1
  0.0000,662.9452,CI.u(95%).Total.SURVEY_LC1_2B2
   0.000,1868.646,CI.u(95%).Total.SURVEY_LC1_2B3
  0.00,336.28,CI.u(95%).Total.SURVEY_LC1_2B4
   0.000,1168.055,CI.u(95%).Total.SURVEY_LC1_2B5
  0.0000,670.4265,CI.u(95%).Total.SURVEY_LC1_2B7
  0.0000,498.0765,CI.u(95%).Total.SURVEY_LC1_2B8
584.7,  0.0,CI.u(95%).Total.SURVEY_LC1_2Bx
  66.50495,7463.19509,CI.u(95%).Total.SURVEY_LC1_2C1
  812.4639,21017.6484,CI.u(95%).Total.SURVEY_LC1_2C2
 122.378,9948.410,CI.u(95%).Total.SURVEY_LC1_2C3
1040.637,   0.000,CI.u(95%).Total.SURVEY_LC1_2Cx
   3.618054,1203.861562,CI.u(95%).Total.SURVEY_LC1_2D1
   0.00,3786.35,CI.u(95%).Total.SURVEY_LC1_2D2
   0.00,1276.41,CI.u(95%).Total.SURVEY_LC1_2E1
    3.83415,18738.49916,CI.u(95%).Total.SURVEY_LC1_2E2
  0.000,733.227,CI.u(95%).Total.SURVEY_LC1_2E3
3.78719,0.00000,CI.u(95%).Total.SURVEY_LC1_2Ex
   0.000,4509.525,CI.u(95%).Total.SURVEY_LC1_2F1
 0.00000,28.54498,CI.u(95%).Total.SURVEY_LC1_2F2
  0.0000,420.0419,CI.u(95%).Total.SURVEY_LC1_2F4
  0.000,660.182,CI.u(95%).Total.SURVEY_LC1_2G1
  0.0000,457.8372,CI.u(95%).Total.SURVEY_LC1_2G2
  0.0000,285.8221,CI.u(95%).Total.SURVEY_LC1_2G5
  0.0000,294.6335,CI.u(95%).Total.SURVEY_LC1_2H1
0.000000,3.794442,CI.u(95%).Total.SURVEY_LC1_2H2
  572.2363,27860.3447,CI.u(95%).Total.SURVEY_LU1_2U11
 1578.484,34919.388,CI.u(95%).Total.SURVEY_LU1_2U12
 0.00000,42.63446,CI.u(95%).Total.SURVEY_LU1_2U13
  0.0000,116.9096,CI.u(95%).Total.SURVEY_LU1_2U14
0.000000,3.914656,CI.u(95%).Total.SURVEY_LU1_2U15
 0.000,29.628,CI.u(95%).Total.SURVEY_LU1_2U21
  0.0000,289.8481,CI.u(95%).Total.SURVEY_LU1_2U22
   0.000,2598.178,CI.u(95%).Total.SURVEY_LU1_2U31
  0.0000,122.8904,CI.u(95%).Total.SURVEY_LU1_2U32
  0.0000,105.7465,CI.u(95%).Total.SURVEY_LU1_2U33
  0.0000,280.3065,CI.u(95%).Total.SURVEY_LU1_2U34
 30.31716,373.76363,CI.u(95%).Total.SURVEY_LU1_2U35
   0.000,1004.901,CI.u(95%).Total.SURVEY_LU1_2U36
   3.805148,2511.628032,CI.u(95%).Total.SURVEY_LU1_2U37
 0.00000,85.32152,CI.u(95%).Total.SURVEY_LU1_2U41
  318.4735,14105.6027,CI.u(95%).Total.SURVEY_LU1_2U42
   0.00,1315.22,CI.u(95%).Total.SURVEY_LC1_3A11
 0.00000,76.87001,CI.u(95%).Total.SURVEY_LC1_3A12
 0.00000,17.60716,CI.u(95%).Total.SURVEY_LC1_3A13
  0.0000,786.3777,CI.u(95%).Total.SURVEY_LC1_3A21
   0.000,2010.375,CI.u(95%).Total.SURVEY_LC1_3A22
  0.0000,346.6256,CI.u(95%).Total.SURVEY_LC1_3A30
   0.000,2217.554,CI.u(95%).Total.SURVEY_LC1_3B11
  0.0000,513.8104,CI.u(95%).Total.SURVEY_LC1_3B12
   0.000,1121.551,CI.u(95%).Total.SURVEY_LC1_3B13
  0.0000,528.3044,CI.u(95%).Total.SURVEY_LC1_3B14
  0.0000,274.5904,CI.u(95%).Total.SURVEY_LC1_3B15
   0.000,3135.443,CI.u(95%).Total.SURVEY_LC1_3B16
  0.0000,737.2386,CI.u(95%).Total.SURVEY_LC1_3B18
 0.00000,86.19371,CI.u(95%).Total.SURVEY_LC1_3B19
  0.0000,269.2985,CI.u(95%).Total.SURVEY_LC1_3B21
  0.0000,320.0911,CI.u(95%).Total.SURVEY_LC1_3B22
  0.0000,141.7174,CI.u(95%).Total.SURVEY_LC1_3B23
  0.0000,219.5602,CI.u(95%).Total.SURVEY_LC1_3B31
  0.0000,338.0504,CI.u(95%).Total.SURVEY_LC1_3B32
  0.0000,959.7746,CI.u(95%).Total.SURVEY_LC1_3B33
  0.0000,439.4715,CI.u(95%).Total.SURVEY_LC1_3B35
 0.00000,66.12467,CI.u(95%).Total.SURVEY_LC1_3B37
  0.0000,209.0752,CI.u(95%).Total.SURVEY_LC1_3B41
  0.0000,144.1805,CI.u(95%).Total.SURVEY_LC1_3B43
 0.00000,15.61014,CI.u(95%).Total.SURVEY_LC1_3B45
  0.0000,130.7405,CI.u(95%).Total.SURVEY_LC1_3B51
  0.000,198.439,CI.u(95%).Total.SURVEY_LC1_3B52
  0.0000,280.9794,CI.u(95%).Total.SURVEY_LC1_3B53
 0.0000,58.3858,CI.u(95%).Total.SURVEY_LC1_3B54
  0.000,604.579,CI.u(95%).Total.SURVEY_LC1_3B55
  0.0000,410.8435,CI.u(95%).Total.SURVEY_LC1_3B71
  0.0000,126.9904,CI.u(95%).Total.SURVEY_LC1_3B72
 0.00000,76.80243,CI.u(95%).Total.SURVEY_LC1_3B73
 0.0000,31.9785,CI.u(95%).Total.SURVEY_LC1_3B74
 0.00000,81.17619,CI.u(95%).Total.SURVEY_LC1_3B75
  0.0000,484.9998,CI.u(95%).Total.SURVEY_LC1_3B82
 0.00000,13.85045,CI.u(95%).Total.SURVEY_LC1_3B83
0.000000,3.774585,CI.u(95%).Total.SURVEY_LC1_3B84
523.3546,  0.0000,CI.u(95%).Total.SURVEY_LC1_3Bx1
74.63188, 0.00000,CI.u(95%).Total.SURVEY_LC1_3Bx2
   0.000,7463.195,CI.u(95%).Total.SURVEY_LC1_3C10
66.50495, 0.00000,CI.u(95%).Total.SURVEY_LC1_3C1x
    0.00,16418.86,CI.u(95%).Total.SURVEY_LC1_3C21
   0.000,1163.359,CI.u(95%).Total.SURVEY_LC1_3C22
   0.000,4306.493,CI.u(95%).Total.SURVEY_LC1_3C23
812.4639,  0.0000,CI.u(95%).Total.SURVEY_LC1_3C2x
   0.000,7882.886,CI.u(95%).Total.SURVEY_LC1_3C31
   0.000,1100.136,CI.u(95%).Total.SURVEY_LC1_3C32
   0.000,1725.696,CI.u(95%).Total.SURVEY_LC1_3C33
122.378,  0.000,CI.u(95%).Total.SURVEY_LC1_3C3x
1040.637,   0.000,CI.u(95%).Total.SURVEY_LC1_3Cxx
   0.000,1203.862,CI.u(95%).Total.SURVEY_LC1_3D10
3.618054,0.000000,CI.u(95%).Total.SURVEY_LC1_3D1x
   0.00,3786.35,CI.u(95%).Total.SURVEY_LC1_3D20
   0.00,1276.41,CI.u(95%).Total.SURVEY_LC1_3E10
    0.0,18738.5,CI.u(95%).Total.SURVEY_LC1_3E20
3.83415,0.00000,CI.u(95%).Total.SURVEY_LC1_3E2x
  0.000,733.227,CI.u(95%).Total.SURVEY_LC1_3E30
3.78719,0.00000,CI.u(95%).Total.SURVEY_LC1_3Exx
   0.000,4509.525,CI.u(95%).Total.SURVEY_LC1_3F10
 0.00000,28.54498,CI.u(95%).Total.SURVEY_LC1_3F20
  0.0000,420.0419,CI.u(95%).Total.SURVEY_LC1_3F40
  0.000,660.182,CI.u(95%).Total.SURVEY_LC1_3G11
  0.0000,457.8372,CI.u(95%).Total.SURVEY_LC1_3G21
  0.0000,285.8221,CI.u(95%).Total.SURVEY_LC1_3G50
  0.0000,266.9289,CI.u(95%).Total.SURVEY_LC1_3H11
 0.00000,27.70463,CI.u(95%).Total.SURVEY_LC1_3H12
0.000000,3.794442,CI.u(95%).Total.SURVEY_LC1_3H21
  532.0455,27500.1276,CI.u(95%).Total.SURVEY_LU1_3U111
  0.000,112.615,CI.u(95%).Total.SURVEY_LU1_3U112
 42.919,316.306,CI.u(95%).Total.SURVEY_LU1_3U113
 1578.484,34919.388,CI.u(95%).Total.SURVEY_LU1_3U120
 0.00000,42.63446,CI.u(95%).Total.SURVEY_LU1_3U130
  0.0000,116.9096,CI.u(95%).Total.SURVEY_LU1_3U140
0.000000,3.914656,CI.u(95%).Total.SURVEY_LU1_3U150
 0.000,29.628,CI.u(95%).Total.SURVEY_LU1_3U210
  0.0000,144.6575,CI.u(95%).Total.SURVEY_LU1_3U221
 0.000,76.145,CI.u(95%).Total.SURVEY_LU1_3U223
 0.00000,11.10985,CI.u(95%).Total.SURVEY_LU1_3U224
 0.00000,12.14517,CI.u(95%).Total.SURVEY_LU1_3U225
 0.00000,46.02483,CI.u(95%).Total.SURVEY_LU1_3U226
 0.00000,44.84972,CI.u(95%).Total.SURVEY_LU1_3U227
 0.00000,92.57639,CI.u(95%).Total.SURVEY_LU1_3U311
   0.000,2066.141,CI.u(95%).Total.SURVEY_LU1_3U312
  0.0000,130.5629,CI.u(95%).Total.SURVEY_LU1_3U313
 0.00000,30.72385,CI.u(95%).Total.SURVEY_LU1_3U314
 0.0000,18.7125,CI.u(95%).Total.SURVEY_LU1_3U315
 0.00000,12.39084,CI.u(95%).Total.SURVEY_LU1_3U316
  0.0000,132.1945,CI.u(95%).Total.SURVEY_LU1_3U317
 0.00000,29.72756,CI.u(95%).Total.SURVEY_LU1_3U318
  0.0000,252.7341,CI.u(95%).Total.SURVEY_LU1_3U319
 0.000,43.382,CI.u(95%).Total.SURVEY_LU1_3U321
 0.00000,93.71841,CI.u(95%).Total.SURVEY_LU1_3U322
  0.0000,105.7465,CI.u(95%).Total.SURVEY_LU1_3U330
  0.0000,265.4488,CI.u(95%).Total.SURVEY_LU1_3U341
 0.00000,22.38674,CI.u(95%).Total.SURVEY_LU1_3U342
 30.31716,373.76363,CI.u(95%).Total.SURVEY_LU1_3U350
  0.0000,712.3129,CI.u(95%).Total.SURVEY_LU1_3U361
  0.0000,376.4841,CI.u(95%).Total.SURVEY_LU1_3U362
   3.805148,2511.628032,CI.u(95%).Total.SURVEY_LU1_3U370
0.000000,3.795628,CI.u(95%).Total.SURVEY_LU1_3U412
 0.00000,39.06369,CI.u(95%).Total.SURVEY_LU1_3U414
 0.0000,48.2177,CI.u(95%).Total.SURVEY_LU1_3U415
  318.4735,14105.6027,CI.u(95%).Total.SURVEY_LU1_3U420
 2303.419,76299.706,CI.u(95%).Total.settlement0
  34.12231,6502.41783,CI.u(95%).Total.settlement1
0.003747739,0.714176898,CI.u(95%).Total.settl_pc
 1581.901,45825.893,CI.u(95%).Total.fao_class_name0
  869.8742,35379.2578,CI.u(95%).Total.fao_class_name1
   0.000,1072.681,CI.u(95%).Total.fao_class_name2
  59.94878,1310.58890,CI.u(95%).Total.fao_class_name3
 2303.419,79042.856,CI.u(95%).Total.lue0
  34.12231,3879.71927,CI.u(95%).Total.lue1
 2321.937,79632.079,CI.u(95%).Total.lud0
   0.000,3119.915,CI.u(95%).Total.lud1
0.126670000,0.003087063,CV.Total.area
NA,0.02441011,CV.Total.SURVEY_LC1_1A
0.064848264,0.006789617,CV.Total.SURVEY_LC1_1B
0.175328479,0.009855661,CV.Total.SURVEY_LC1_1C
0.00000000,0.03840834,CV.Total.SURVEY_LC1_1D
0.00000000,0.01465428,CV.Total.SURVEY_LC1_1E
NA,0.04312376,CV.Total.SURVEY_LC1_1F
NA,0.01379881,CV.Total.SURVEY_LC1_1G
NA,0.05272697,CV.Total.SURVEY_LC1_1H
0.139054091,0.005308378,CV.Total.SURVEY_LU1_1U1
NA,0.1863704,CV.Total.SURVEY_LU1_1U2
0.4433077,0.0265677,CV.Total.SURVEY_LU1_1U3
0.30832718,0.01742915,CV.Total.SURVEY_LU1_1U4
NA,0.06800456,CV.Total.SURVEY_LC1_2A1
NA,0.04036031,CV.Total.SURVEY_LC1_2A2
NA,0.2597403,CV.Total.SURVEY_LC1_2A3
NA,0.01338258,CV.Total.SURVEY_LC1_2B1
NA,0.0844825,CV.Total.SURVEY_LC1_2B2
NA,0.03800435,CV.Total.SURVEY_LC1_2B3
NA,0.1093941,CV.Total.SURVEY_LC1_2B4
NA,0.04254317,CV.Total.SURVEY_LC1_2B5
NA,0.05709284,CV.Total.SURVEY_LC1_2B7
NA,0.03424412,CV.Total.SURVEY_LC1_2B8
0.06484826,NA,CV.Total.SURVEY_LC1_2Bx
0.6029128,0.0771613,CV.Total.SURVEY_LC1_2C1
0.1681786,0.0317707,CV.Total.SURVEY_LC1_2C2
0.70356229,0.06732221,CV.Total.SURVEY_LC1_2C3
0.3231035,NA,CV.Total.SURVEY_LC1_2Cx
0.0000000,0.1193831,CV.Total.SURVEY_LC1_2D1
NA,0.0429404,CV.Total.SURVEY_LC1_2D2
NA,0.07271171,CV.Total.SURVEY_LC1_2E1
0.00000000,0.01535328,CV.Total.SURVEY_LC1_2E2
NA,0.1411912,CV.Total.SURVEY_LC1_2E3
  0,NA,CV.Total.SURVEY_LC1_2Ex
NA,0.04670337,CV.Total.SURVEY_LC1_2F1
NA,  0,CV.Total.SURVEY_LC1_2F2
NA,0.07899479,CV.Total.SURVEY_LC1_2F4
NA,0.05497481,CV.Total.SURVEY_LC1_2G1
NA,0.07116561,CV.Total.SURVEY_LC1_2G2
NA,0.005697782,CV.Total.SURVEY_LC1_2G5
NA,0.05347719,CV.Total.SURVEY_LC1_2H1
NA,  0,CV.Total.SURVEY_LC1_2H2
0.064351271,0.006826966,CV.Total.SURVEY_LU1_2U11
0.19922619,0.00921894,CV.Total.SURVEY_LU1_2U12
NA,  0,CV.Total.SURVEY_LU1_2U13
NA,0.01797875,CV.Total.SURVEY_LU1_2U14
NA,  0,CV.Total.SURVEY_LU1_2U15
NA,  0,CV.Total.SURVEY_LU1_2U21
NA,0.2133886,CV.Total.SURVEY_LU1_2U22
NA,0.03958773,CV.Total.SURVEY_LU1_2U31
NA,0.2404381,CV.Total.SURVEY_LU1_2U32
NA,0.1534953,CV.Total.SURVEY_LU1_2U33
NA,0.1094955,CV.Total.SURVEY_LU1_2U34
0.5600194,0.2093497,CV.Total.SURVEY_LU1_2U35
NA,0.1698685,CV.Total.SURVEY_LU1_2U36
0.00000000,0.04448298,CV.Total.SURVEY_LU1_2U37
NA,0.1885762,CV.Total.SURVEY_LU1_2U41
0.30832718,0.01748766,CV.Total.SURVEY_LU1_2U42
NA,0.0717427,CV.Total.SURVEY_LC1_3A11
NA,0.2038126,CV.Total.SURVEY_LC1_3A12
NA,0.05513604,CV.Total.SURVEY_LC1_3A13
NA,0.09300043,CV.Total.SURVEY_LC1_3A21
NA,0.05175428,CV.Total.SURVEY_LC1_3A22
NA,0.2597403,CV.Total.SURVEY_LC1_3A30
NA,0.03720729,CV.Total.SURVEY_LC1_3B11
NA,0.1024565,CV.Total.SURVEY_LC1_3B12
NA,0.0557216,CV.Total.SURVEY_LC1_3B13
NA,0.08114459,CV.Total.SURVEY_LC1_3B14
NA,0.131233,CV.Total.SURVEY_LC1_3B15
NA,0.0274284,CV.Total.SURVEY_LC1_3B16
NA,0.07351893,CV.Total.SURVEY_LC1_3B18
NA,0.1870588,CV.Total.SURVEY_LC1_3B19
NA,0.1425333,CV.Total.SURVEY_LC1_3B21
NA,0.1332537,CV.Total.SURVEY_LC1_3B22
NA,0.1819218,CV.Total.SURVEY_LC1_3B23
NA,0.132251,CV.Total.SURVEY_LC1_3B31
NA,0.1078318,CV.Total.SURVEY_LC1_3B32
NA,0.05092405,CV.Total.SURVEY_LC1_3B33
NA,0.09233806,CV.Total.SURVEY_LC1_3B35
NA,0.3152167,CV.Total.SURVEY_LC1_3B37
NA,0.1419867,CV.Total.SURVEY_LC1_3B41
NA,0.1807168,CV.Total.SURVEY_LC1_3B43
NA,0.647324,CV.Total.SURVEY_LC1_3B45
NA,0.1545347,CV.Total.SURVEY_LC1_3B51
NA,0.1527603,CV.Total.SURVEY_LC1_3B52
NA,0.08266506,CV.Total.SURVEY_LC1_3B53
NA,0.3073571,CV.Total.SURVEY_LC1_3B54
NA,0.05385725,CV.Total.SURVEY_LC1_3B55
NA,0.09081861,CV.Total.SURVEY_LC1_3B71
NA,0.1009299,CV.Total.SURVEY_LC1_3B72
NA,0.1373836,CV.Total.SURVEY_LC1_3B73
NA,0.2052978,CV.Total.SURVEY_LC1_3B74
NA,0.1283269,CV.Total.SURVEY_LC1_3B75
NA,0.03485144,CV.Total.SURVEY_LC1_3B82
NA,0.2761909,CV.Total.SURVEY_LC1_3B83
NA,  0,CV.Total.SURVEY_LC1_3B84
0.07134114,NA,CV.Total.SURVEY_LC1_3Bx1
0.1285559,NA,CV.Total.SURVEY_LC1_3Bx2
NA,0.0771613,CV.Total.SURVEY_LC1_3C10
0.6029128,NA,CV.Total.SURVEY_LC1_3C1x
NA,0.04013534,CV.Total.SURVEY_LC1_3C21
NA,0.1958706,CV.Total.SURVEY_LC1_3C22
NA,0.0798869,CV.Total.SURVEY_LC1_3C23
0.1681786,NA,CV.Total.SURVEY_LC1_3C2x
NA,0.07993483,CV.Total.SURVEY_LC1_3C31
NA,0.2467004,CV.Total.SURVEY_LC1_3C32
NA,0.2044477,CV.Total.SURVEY_LC1_3C33
0.7035623,NA,CV.Total.SURVEY_LC1_3C3x
0.3231035,NA,CV.Total.SURVEY_LC1_3Cxx
NA,0.1193831,CV.Total.SURVEY_LC1_3D10
  0,NA,CV.Total.SURVEY_LC1_3D1x
NA,0.0429404,CV.Total.SURVEY_LC1_3D20
NA,0.07271171,CV.Total.SURVEY_LC1_3E10
NA,0.01535328,CV.Total.SURVEY_LC1_3E20
  0,NA,CV.Total.SURVEY_LC1_3E2x
NA,0.1411912,CV.Total.SURVEY_LC1_3E30
  0,NA,CV.Total.SURVEY_LC1_3Exx
NA,0.04670337,CV.Total.SURVEY_LC1_3F10
NA,  0,CV.Total.SURVEY_LC1_3F20
NA,0.07899479,CV.Total.SURVEY_LC1_3F40
NA,0.05497481,CV.Total.SURVEY_LC1_3G11
NA,0.07116561,CV.Total.SURVEY_LC1_3G21
NA,0.005697782,CV.Total.SURVEY_LC1_3G50
NA,0.05967681,CV.Total.SURVEY_LC1_3H11
NA,  0,CV.Total.SURVEY_LC1_3H12
NA,  0,CV.Total.SURVEY_LC1_3H21
0.069802909,0.006931928,CV.Total.SURVEY_LU1_3U111
NA,0.1377343,CV.Total.SURVEY_LU1_3U112
0.03545753,0.08247186,CV.Total.SURVEY_LU1_3U113
0.19922619,0.00921894,CV.Total.SURVEY_LU1_3U120
NA,  0,CV.Total.SURVEY_LU1_3U130
NA,0.01797875,CV.Total.SURVEY_LU1_3U140
NA,  0,CV.Total.SURVEY_LU1_3U150
NA,  0,CV.Total.SURVEY_LU1_3U210
NA,0.6310746,CV.Total.SURVEY_LU1_3U221
NA,0.2233084,CV.Total.SURVEY_LU1_3U223
NA,  0,CV.Total.SURVEY_LU1_3U224
NA,  0,CV.Total.SURVEY_LU1_3U225
NA,0.2223147,CV.Total.SURVEY_LU1_3U226
NA,0.2179012,CV.Total.SURVEY_LU1_3U227
NA,0.08516245,CV.Total.SURVEY_LU1_3U311
NA,0.04125819,CV.Total.SURVEY_LU1_3U312
NA,0.2152219,CV.Total.SURVEY_LU1_3U313
NA,  0,CV.Total.SURVEY_LU1_3U314
NA,0.3726964,CV.Total.SURVEY_LU1_3U315
NA,0.5773503,CV.Total.SURVEY_LU1_3U316
NA,0.2235497,CV.Total.SURVEY_LU1_3U317
NA,  0,CV.Total.SURVEY_LU1_3U318
NA,0.2988683,CV.Total.SURVEY_LU1_3U319
NA,0.4059816,CV.Total.SURVEY_LU1_3U321
NA,0.2951946,CV.Total.SURVEY_LU1_3U322
NA,0.1534953,CV.Total.SURVEY_LU1_3U330
NA,0.1157178,CV.Total.SURVEY_LU1_3U341
NA,0.2827016,CV.Total.SURVEY_LU1_3U342
0.5600194,0.2093497,CV.Total.SURVEY_LU1_3U350
NA,0.2392652,CV.Total.SURVEY_LU1_3U361
NA,0.2038975,CV.Total.SURVEY_LU1_3U362
0.00000000,0.04448298,CV.Total.SURVEY_LU1_3U370
NA,  0,CV.Total.SURVEY_LU1_3U412
NA,0.6582039,CV.Total.SURVEY_LU1_3U414
NA,0.08340532,CV.Total.SURVEY_LU1_3U415
0.30832718,0.01748766,CV.Total.SURVEY_LU1_3U420
0.127853714,0.003680439,CV.Total.settlement0
0.44330767,0.01902955,CV.Total.settlement1
0.44330767,0.01902955,CV.Total.settl_pc
0.177845228,0.005119834,CV.Total.fao_class_name0
0.167249380,0.009805093,CV.Total.fao_class_name1
NA,0.1378365,CV.Total.fao_class_name2
0.4461509,0.1006988,CV.Total.fao_class_name3
0.127853714,0.003777378,CV.Total.lue0
0.44330767,0.04583523,CV.Total.lue1
0.126670000,0.003438362,CV.Total.lud0
NA,0.03439999,CV.Total.lud1
