No,Yes,variable
 1757.309,28909.691,Total.area
  31.88805,3676.06891,Total.SURVEY_LC1_1A
 674.9502,7080.4034,Total.SURVEY_LC1_1B
 918.7441,7130.4160,Total.SURVEY_LC1_1C
 31.85195,266.61239,Total.SURVEY_LC1_1D
  87.86522,8911.18846,Total.SURVEY_LC1_1E
   0.000,1292.342,Total.SURVEY_LC1_1F
  0.0000,460.5847,Total.SURVEY_LC1_1G
12.00989,92.07462,Total.SURVEY_LC1_1H
 1537.777,21080.331,Total.SURVEY_LU1_1U1
  4.026784,170.127508,Total.SURVEY_LU1_1U2
 191.5641,6569.1390,Total.SURVEY_LU1_1U3
  23.94112,1090.09344,Total.SURVEY_LU1_1U4
   3.748584,1587.973100,Total.SURVEY_LC1_2A1
  16.10665,2023.93493,Total.SURVEY_LC1_2A2
 4.026784,64.160879,Total.SURVEY_LC1_2A3
8.006032,0.000000,Total.SURVEY_LC1_2Ax
   0.000,3375.982,Total.SURVEY_LC1_2B1
   0.000,1270.171,Total.SURVEY_LC1_2B2
  0.0000,657.5111,Total.SURVEY_LC1_2B3
  0.0000,199.3094,Total.SURVEY_LC1_2B4
   0.000,1266.867,Total.SURVEY_LC1_2B5
  0.0000,270.5599,Total.SURVEY_LC1_2B7
 0.00000,40.00256,Total.SURVEY_LC1_2B8
674.9502,  0.0000,Total.SURVEY_LC1_2Bx
  68.09275,5074.02973,Total.SURVEY_LC1_2C1
 622.7124,1191.7158,Total.SURVEY_LC1_2C2
132.2118,864.6705,Total.SURVEY_LC1_2C3
95.72719, 0.00000,Total.SURVEY_LC1_2Cx
 11.90942,123.01985,Total.SURVEY_LC1_2D1
  0.0000,143.5925,Total.SURVEY_LC1_2D2
19.94253, 0.00000,Total.SURVEY_LC1_2Dx
  3.937751,765.345695,Total.SURVEY_LC1_2E1
  30.45755,7364.63721,Total.SURVEY_LC1_2E2
  3.998295,781.205554,Total.SURVEY_LC1_2E3
49.47162, 0.00000,Total.SURVEY_LC1_2Ex
0.000000,7.980423,Total.SURVEY_LC1_2F1
 0.00000,16.03466,Total.SURVEY_LC1_2F2
   0.000,1268.327,Total.SURVEY_LC1_2F4
  0.0000,192.2928,Total.SURVEY_LC1_2G1
  0.0000,264.3555,Total.SURVEY_LC1_2G2
0.00000,3.93638,Total.SURVEY_LC1_2G3
 0.00000,92.07462,Total.SURVEY_LC1_2H1
12.00989, 0.00000,Total.SURVEY_LC1_2Hx
  703.0342,14955.4080,Total.SURVEY_LU1_2U11
 830.7643,6029.2157,Total.SURVEY_LU1_2U12
 0.00000,20.05323,Total.SURVEY_LU1_2U13
 3.978886,71.613902,Total.SURVEY_LU1_2U14
0.000000,4.039787,Total.SURVEY_LU1_2U15
 4.026784,27.935095,Total.SURVEY_LU1_2U21
  0.0000,142.1924,Total.SURVEY_LU1_2U22
   0.0,1942.8,Total.SURVEY_LU1_2U31
 4.032834,53.156646,Total.SURVEY_LU1_2U32
 0.00000,74.74737,Total.SURVEY_LU1_2U33
  3.93638,204.49871,Total.SURVEY_LU1_2U34
 75.57098,255.09894,Total.SURVEY_LU1_2U35
  8.033613,489.259161,Total.SURVEY_LU1_2U36
  99.99032,3549.57775,Total.SURVEY_LU1_2U37
 0.00000,66.27882,Total.SURVEY_LU1_2U41
  23.94112,1023.81462,Total.SURVEY_LU1_2U42
   0.000,1480.407,Total.SURVEY_LC1_3A11
 0.0000,63.3649,Total.SURVEY_LC1_3A12
 0.00000,44.20081,Total.SURVEY_LC1_3A13
3.748584,0.000000,Total.SURVEY_LC1_3A1x
  0.0000,820.4968,Total.SURVEY_LC1_3A21
   0.000,1203.438,Total.SURVEY_LC1_3A22
16.10665, 0.00000,Total.SURVEY_LC1_3A2x
 0.00000,64.16088,Total.SURVEY_LC1_3A30
4.026784,0.000000,Total.SURVEY_LC1_3A3x
8.006032,0.000000,Total.SURVEY_LC1_3Axx
   0.000,1314.711,Total.SURVEY_LC1_3B11
 0.00000,51.84477,Total.SURVEY_LC1_3B12
  0.0000,343.9039,Total.SURVEY_LC1_3B13
 0.0000,16.0312,Total.SURVEY_LC1_3B14
 0.00000,83.76821,Total.SURVEY_LC1_3B15
   0.000,1525.754,Total.SURVEY_LC1_3B16
 0.00000,31.95721,Total.SURVEY_LC1_3B18
0.000000,8.012325,Total.SURVEY_LC1_3B19
  0.0000,747.3106,Total.SURVEY_LC1_3B21
  0.0000,403.3379,Total.SURVEY_LC1_3B22
  0.0000,119.5221,Total.SURVEY_LC1_3B23
 0.00000,99.86738,Total.SURVEY_LC1_3B32
0.000000,4.028051,Total.SURVEY_LC1_3B33
  0.0000,458.0099,Total.SURVEY_LC1_3B35
 0.00000,95.60577,Total.SURVEY_LC1_3B37
 0.00000,23.95734,Total.SURVEY_LC1_3B41
  0.0000,123.3246,Total.SURVEY_LC1_3B43
 0.00000,40.11031,Total.SURVEY_LC1_3B44
 0.00000,11.91723,Total.SURVEY_LC1_3B45
 0.00000,47.85791,Total.SURVEY_LC1_3B51
 0.00000,40.06407,Total.SURVEY_LC1_3B52
 0.00000,95.68967,Total.SURVEY_LC1_3B53
0.000000,3.937327,Total.SURVEY_LC1_3B54
   0.000,1079.318,Total.SURVEY_LC1_3B55
 0.00000,91.68498,Total.SURVEY_LC1_3B71
  0.0000,115.2899,Total.SURVEY_LC1_3B72
 0.00000,43.63139,Total.SURVEY_LC1_3B73
 0.00000,16.02218,Total.SURVEY_LC1_3B74
0.000000,3.931528,Total.SURVEY_LC1_3B75
0.000000,4.009882,Total.SURVEY_LC1_3B82
 0.00000,32.00538,Total.SURVEY_LC1_3B83
0.000000,3.987307,Total.SURVEY_LC1_3B84
607.2461,  0.0000,Total.SURVEY_LC1_3Bx1
39.80811, 0.00000,Total.SURVEY_LC1_3Bx2
27.89603, 0.00000,Total.SURVEY_LC1_3Bxx
   0.00,5074.03,Total.SURVEY_LC1_3C10
68.09275, 0.00000,Total.SURVEY_LC1_3C1x
  0.0000,784.3225,Total.SURVEY_LC1_3C21
  0.0000,157.4007,Total.SURVEY_LC1_3C22
  0.0000,249.9926,Total.SURVEY_LC1_3C23
622.7124,  0.0000,Total.SURVEY_LC1_3C2x
  0.000,191.372,Total.SURVEY_LC1_3C31
  0.0000,453.0213,Total.SURVEY_LC1_3C32
  0.0000,220.2771,Total.SURVEY_LC1_3C33
132.2118,  0.0000,Total.SURVEY_LC1_3C3x
95.72719, 0.00000,Total.SURVEY_LC1_3Cxx
  0.0000,123.0199,Total.SURVEY_LC1_3D10
11.90942, 0.00000,Total.SURVEY_LC1_3D1x
  0.0000,143.5925,Total.SURVEY_LC1_3D20
19.94253, 0.00000,Total.SURVEY_LC1_3Dxx
  0.0000,765.3457,Total.SURVEY_LC1_3E10
3.937751,0.000000,Total.SURVEY_LC1_3E1x
   0.000,7364.637,Total.SURVEY_LC1_3E20
30.45755, 0.00000,Total.SURVEY_LC1_3E2x
  0.0000,781.2056,Total.SURVEY_LC1_3E30
3.998295,0.000000,Total.SURVEY_LC1_3E3x
49.47162, 0.00000,Total.SURVEY_LC1_3Exx
0.000000,7.980423,Total.SURVEY_LC1_3F10
 0.00000,16.03466,Total.SURVEY_LC1_3F20
   0.000,1268.327,Total.SURVEY_LC1_3F40
  0.000,188.313,Total.SURVEY_LC1_3G11
0.000000,3.979852,Total.SURVEY_LC1_3G12
  0.0000,240.3889,Total.SURVEY_LC1_3G21
 0.00000,23.96664,Total.SURVEY_LC1_3G22
0.00000,3.93638,Total.SURVEY_LC1_3G30
 0.00000,47.99233,Total.SURVEY_LC1_3H11
 0.00000,44.08229,Total.SURVEY_LC1_3H12
12.00989, 0.00000,Total.SURVEY_LC1_3Hxx
  687.0808,14688.0325,Total.SURVEY_LU1_3U111
  0.0000,195.5217,Total.SURVEY_LU1_3U112
15.95339,71.85376,Total.SURVEY_LU1_3U113
 830.7643,6029.2157,Total.SURVEY_LU1_3U120
 0.00000,20.05323,Total.SURVEY_LU1_3U130
 3.978886,71.613902,Total.SURVEY_LU1_3U140
0.000000,4.039787,Total.SURVEY_LU1_3U150
 4.026784,27.935095,Total.SURVEY_LU1_3U210
 0.00000,13.16301,Total.SURVEY_LU1_3U221
0.000000,3.971597,Total.SURVEY_LU1_3U222
 0.0000,16.1012,Total.SURVEY_LU1_3U223
 0.00000,13.15527,Total.SURVEY_LU1_3U224
 0.00000,36.21338,Total.SURVEY_LU1_3U225
 0.00000,27.89003,Total.SURVEY_LU1_3U226
 0.00000,17.87471,Total.SURVEY_LU1_3U227
 0.00000,13.82322,Total.SURVEY_LU1_3U228
 0.00000,53.80947,Total.SURVEY_LU1_3U311
   0.000,1420.278,Total.SURVEY_LU1_3U312
  0.0000,167.5028,Total.SURVEY_LU1_3U313
 0.00000,47.99768,Total.SURVEY_LU1_3U314
0.000000,3.985489,Total.SURVEY_LU1_3U316
  0.0000,211.0933,Total.SURVEY_LU1_3U317
 0.00000,38.13385,Total.SURVEY_LU1_3U319
 0.00000,27.91531,Total.SURVEY_LU1_3U321
 4.032834,25.241339,Total.SURVEY_LU1_3U322
 0.00000,74.74737,Total.SURVEY_LU1_3U330
  3.93638,188.47765,Total.SURVEY_LU1_3U341
 0.00000,16.02106,Total.SURVEY_LU1_3U342
 75.57098,255.09894,Total.SURVEY_LU1_3U350
  8.033613,297.053110,Total.SURVEY_LU1_3U361
  0.0000,192.2061,Total.SURVEY_LU1_3U362
  99.99032,3549.57775,Total.SURVEY_LU1_3U370
 0.00000,20.37227,Total.SURVEY_LU1_3U411
0.000000,3.748584,Total.SURVEY_LU1_3U412
 0.00000,22.12431,Total.SURVEY_LU1_3U414
 0.00000,20.03366,Total.SURVEY_LU1_3U415
  23.94112,1023.81462,Total.SURVEY_LU1_3U420
 1569.752,22363.297,Total.settlement0
 187.5573,6546.3934,Total.settlement1
0.01597212,0.55748166,Total.settl_pc
  946.2917,21811.0109,Total.fao_class_name0
 778.847,6282.644,Total.fao_class_name1
 0.00000,60.21881,Total.fao_class_name2
 32.17081,755.81643,Total.fao_class_name3
 1569.778,24411.256,Total.lue0
 187.5313,4498.4345,Total.lue1
 1745.271,26597.245,Total.lud0
  12.0385,2312.4459,Total.lud1
9.069906,9.065684,SE.Total.area
 0.00000,24.05818,SE.Total.SURVEY_LC1_1A
0.000000,6.733237,SE.Total.SURVEY_LC1_1B
 7.547527,18.810727,SE.Total.SURVEY_LC1_1C
0.000000,4.983775,SE.Total.SURVEY_LC1_1D
 5.029715,24.834607,SE.Total.SURVEY_LC1_1E
0.000000,8.841125,SE.Total.SURVEY_LC1_1F
0.00000,7.25873,SE.Total.SURVEY_LC1_1G
0,0,SE.Total.SURVEY_LC1_1H
 7.547527,25.558848,SE.Total.SURVEY_LU1_1U1
 0.00000,14.02604,SE.Total.SURVEY_LU1_1U2
 5.029715,28.798430,SE.Total.SURVEY_LU1_1U3
 0.00000,11.59692,SE.Total.SURVEY_LU1_1U4
 0.00000,46.67842,SE.Total.SURVEY_LC1_2A1
 0.00000,46.44213,SE.Total.SURVEY_LC1_2A2
0,0,SE.Total.SURVEY_LC1_2A3
0,0,SE.Total.SURVEY_LC1_2Ax
0.000000,1.738086,SE.Total.SURVEY_LC1_2B1
0.000000,3.127997,SE.Total.SURVEY_LC1_2B2
0,0,SE.Total.SURVEY_LC1_2B3
0,0,SE.Total.SURVEY_LC1_2B4
0.000000,5.725415,SE.Total.SURVEY_LC1_2B5
0,0,SE.Total.SURVEY_LC1_2B7
0,0,SE.Total.SURVEY_LC1_2B8
0,0,SE.Total.SURVEY_LC1_2Bx
 0.00000,27.23196,SE.Total.SURVEY_LC1_2C1
 6.00840,19.55985,SE.Total.SURVEY_LC1_2C2
 4.773908,27.034219,SE.Total.SURVEY_LC1_2C3
0,0,SE.Total.SURVEY_LC1_2Cx
0.000000,4.983775,SE.Total.SURVEY_LC1_2D1
0,0,SE.Total.SURVEY_LC1_2D2
0,0,SE.Total.SURVEY_LC1_2Dx
 0.00000,15.49862,SE.Total.SURVEY_LC1_2E1
 3.994507,22.670243,SE.Total.SURVEY_LC1_2E2
 0.00000,11.95928,SE.Total.SURVEY_LC1_2E3
3.056459,0.000000,SE.Total.SURVEY_LC1_2Ex
0,0,SE.Total.SURVEY_LC1_2F1
0,0,SE.Total.SURVEY_LC1_2F2
0.000000,8.841125,SE.Total.SURVEY_LC1_2F4
0.000000,6.772745,SE.Total.SURVEY_LC1_2G1
0.00000,2.61134,SE.Total.SURVEY_LC1_2G2
0,0,SE.Total.SURVEY_LC1_2G3
0,0,SE.Total.SURVEY_LC1_2H1
0,0,SE.Total.SURVEY_LC1_2Hx
 0.00000,19.81862,SE.Total.SURVEY_LU1_2U11
 7.547527,18.312637,SE.Total.SURVEY_LU1_2U12
0,0,SE.Total.SURVEY_LU1_2U13
0,0,SE.Total.SURVEY_LU1_2U14
0,0,SE.Total.SURVEY_LU1_2U15
0,0,SE.Total.SURVEY_LU1_2U21
 0.00000,14.02604,SE.Total.SURVEY_LU1_2U22
 0.00000,43.88874,SE.Total.SURVEY_LU1_2U31
0.00000,2.61134,SE.Total.SURVEY_LU1_2U32
0.000000,8.557214,SE.Total.SURVEY_LU1_2U33
 0.00000,23.85215,SE.Total.SURVEY_LU1_2U34
 0.00000,10.52086,SE.Total.SURVEY_LU1_2U35
 0.00000,13.80881,SE.Total.SURVEY_LU1_2U36
 5.029715,51.002709,SE.Total.SURVEY_LU1_2U37
0.000000,8.101495,SE.Total.SURVEY_LU1_2U41
0.000000,8.297849,SE.Total.SURVEY_LU1_2U42
 0.00000,47.21583,SE.Total.SURVEY_LC1_3A11
 0.00000,15.38451,SE.Total.SURVEY_LC1_3A12
0,0,SE.Total.SURVEY_LC1_3A13
0,0,SE.Total.SURVEY_LC1_3A1x
 0.00000,33.03505,SE.Total.SURVEY_LC1_3A21
 0.00000,41.83503,SE.Total.SURVEY_LC1_3A22
0,0,SE.Total.SURVEY_LC1_3A2x
0,0,SE.Total.SURVEY_LC1_3A30
0,0,SE.Total.SURVEY_LC1_3A3x
0,0,SE.Total.SURVEY_LC1_3Axx
0.000000,1.738086,SE.Total.SURVEY_LC1_3B11
0,0,SE.Total.SURVEY_LC1_3B12
0,0,SE.Total.SURVEY_LC1_3B13
0,0,SE.Total.SURVEY_LC1_3B14
0,0,SE.Total.SURVEY_LC1_3B15
0,0,SE.Total.SURVEY_LC1_3B16
0,0,SE.Total.SURVEY_LC1_3B18
0,0,SE.Total.SURVEY_LC1_3B19
0.000000,2.612304,SE.Total.SURVEY_LC1_3B21
0.000000,1.720533,SE.Total.SURVEY_LC1_3B22
0,0,SE.Total.SURVEY_LC1_3B23
0,0,SE.Total.SURVEY_LC1_3B32
0,0,SE.Total.SURVEY_LC1_3B33
0,0,SE.Total.SURVEY_LC1_3B35
0,0,SE.Total.SURVEY_LC1_3B37
0,0,SE.Total.SURVEY_LC1_3B41
0,0,SE.Total.SURVEY_LC1_3B43
0,0,SE.Total.SURVEY_LC1_3B44
0,0,SE.Total.SURVEY_LC1_3B45
0,0,SE.Total.SURVEY_LC1_3B51
0,0,SE.Total.SURVEY_LC1_3B52
0,0,SE.Total.SURVEY_LC1_3B53
0,0,SE.Total.SURVEY_LC1_3B54
0.000000,5.725415,SE.Total.SURVEY_LC1_3B55
0,0,SE.Total.SURVEY_LC1_3B71
0,0,SE.Total.SURVEY_LC1_3B72
0,0,SE.Total.SURVEY_LC1_3B73
0,0,SE.Total.SURVEY_LC1_3B74
0,0,SE.Total.SURVEY_LC1_3B75
0,0,SE.Total.SURVEY_LC1_3B82
0,0,SE.Total.SURVEY_LC1_3B83
0,0,SE.Total.SURVEY_LC1_3B84
0,0,SE.Total.SURVEY_LC1_3Bx1
0,0,SE.Total.SURVEY_LC1_3Bx2
0,0,SE.Total.SURVEY_LC1_3Bxx
 0.00000,27.23196,SE.Total.SURVEY_LC1_3C10
0,0,SE.Total.SURVEY_LC1_3C1x
0.000000,9.987766,SE.Total.SURVEY_LC1_3C21
 0.00000,16.81762,SE.Total.SURVEY_LC1_3C22
0,0,SE.Total.SURVEY_LC1_3C23
6.0084,0.0000,SE.Total.SURVEY_LC1_3C2x
0.000000,4.032027,SE.Total.SURVEY_LC1_3C31
 0.00000,25.15701,SE.Total.SURVEY_LC1_3C32
 0.00000,12.74867,SE.Total.SURVEY_LC1_3C33
4.773908,0.000000,SE.Total.SURVEY_LC1_3C3x
0,0,SE.Total.SURVEY_LC1_3Cxx
0.000000,4.983775,SE.Total.SURVEY_LC1_3D10
0,0,SE.Total.SURVEY_LC1_3D1x
0,0,SE.Total.SURVEY_LC1_3D20
0,0,SE.Total.SURVEY_LC1_3Dxx
 0.00000,15.49862,SE.Total.SURVEY_LC1_3E10
0,0,SE.Total.SURVEY_LC1_3E1x
 0.00000,22.67024,SE.Total.SURVEY_LC1_3E20
3.994507,0.000000,SE.Total.SURVEY_LC1_3E2x
 0.00000,11.95928,SE.Total.SURVEY_LC1_3E30
0,0,SE.Total.SURVEY_LC1_3E3x
3.056459,0.000000,SE.Total.SURVEY_LC1_3Exx
0,0,SE.Total.SURVEY_LC1_3F10
0,0,SE.Total.SURVEY_LC1_3F20
0.000000,8.841125,SE.Total.SURVEY_LC1_3F40
0.000000,6.772745,SE.Total.SURVEY_LC1_3G11
0,0,SE.Total.SURVEY_LC1_3G12
0.00000,2.61134,SE.Total.SURVEY_LC1_3G21
0,0,SE.Total.SURVEY_LC1_3G22
0,0,SE.Total.SURVEY_LC1_3G30
0,0,SE.Total.SURVEY_LC1_3H11
0,0,SE.Total.SURVEY_LC1_3H12
0,0,SE.Total.SURVEY_LC1_3Hxx
 0.00000,19.81862,SE.Total.SURVEY_LU1_3U111
0,0,SE.Total.SURVEY_LU1_3U112
0,0,SE.Total.SURVEY_LU1_3U113
 7.547527,18.312637,SE.Total.SURVEY_LU1_3U120
0,0,SE.Total.SURVEY_LU1_3U130
0,0,SE.Total.SURVEY_LU1_3U140
0,0,SE.Total.SURVEY_LU1_3U150
0,0,SE.Total.SURVEY_LU1_3U210
0.000000,6.781173,SE.Total.SURVEY_LU1_3U221
0,0,SE.Total.SURVEY_LU1_3U222
0,0,SE.Total.SURVEY_LU1_3U223
0.000000,6.781173,SE.Total.SURVEY_LU1_3U224
0,0,SE.Total.SURVEY_LU1_3U225
0,0,SE.Total.SURVEY_LU1_3U226
0.00000,7.52711,SE.Total.SURVEY_LU1_3U227
0.00000,7.52711,SE.Total.SURVEY_LU1_3U228
0.000000,3.178699,SE.Total.SURVEY_LU1_3U311
 0.00000,42.74238,SE.Total.SURVEY_LU1_3U312
0,0,SE.Total.SURVEY_LU1_3U313
0,0,SE.Total.SURVEY_LU1_3U314
0,0,SE.Total.SURVEY_LU1_3U316
 0.00000,11.34127,SE.Total.SURVEY_LU1_3U317
0.000000,7.756847,SE.Total.SURVEY_LU1_3U319
0,0,SE.Total.SURVEY_LU1_3U321
0.00000,2.61134,SE.Total.SURVEY_LU1_3U322
0.000000,8.557214,SE.Total.SURVEY_LU1_3U330
 0.00000,23.85215,SE.Total.SURVEY_LU1_3U341
0,0,SE.Total.SURVEY_LU1_3U342
 0.00000,10.52086,SE.Total.SURVEY_LU1_3U350
0.000000,7.738654,SE.Total.SURVEY_LU1_3U361
 0.00000,11.62809,SE.Total.SURVEY_LU1_3U362
 5.029715,51.002709,SE.Total.SURVEY_LU1_3U370
0.000000,1.454041,SE.Total.SURVEY_LU1_3U411
0,0,SE.Total.SURVEY_LU1_3U412
0.000000,7.969943,SE.Total.SURVEY_LU1_3U414
0,0,SE.Total.SURVEY_LU1_3U415
0.000000,8.297849,SE.Total.SURVEY_LU1_3U420
 7.547527,22.051458,SE.Total.settlement0
 5.029715,20.874016,SE.Total.settlement1
0.0004283234,0.0017776018,SE.Total.settl_pc
 5.029715,15.081217,SE.Total.fao_class_name0
 7.547527,17.543978,SE.Total.fao_class_name1
0.000000,1.431019,SE.Total.fao_class_name2
 0.00000,11.85149,SE.Total.fao_class_name3
 7.547527,50.391788,SE.Total.lue0
 5.029715,49.798758,SE.Total.lue1
 9.069906,45.869015,SE.Total.lud0
 0.00000,45.11298,SE.Total.lud1
 1739.533,28891.922,CI.l(95%).Total.area
  31.88805,3628.91575,CI.l(95%).Total.SURVEY_LC1_1A
 674.9502,7067.2065,CI.l(95%).Total.SURVEY_LC1_1B
 903.9512,7093.5476,CI.l(95%).Total.SURVEY_LC1_1C
 31.85195,256.84437,CI.l(95%).Total.SURVEY_LC1_1D
  78.00716,8862.51352,CI.l(95%).Total.SURVEY_LC1_1E
   0.000,1275.014,CI.l(95%).Total.SURVEY_LC1_1F
  0.0000,446.3579,CI.l(95%).Total.SURVEY_LC1_1G
12.00989,92.07462,CI.l(95%).Total.SURVEY_LC1_1H
 1522.985,21030.236,CI.l(95%).Total.SURVEY_LU1_1U1
  4.026784,142.636968,CI.l(95%).Total.SURVEY_LU1_1U2
 181.7061,6512.6951,CI.l(95%).Total.SURVEY_LU1_1U3
  23.94112,1067.36390,CI.l(95%).Total.SURVEY_LU1_1U4
   3.748584,1496.485086,CI.l(95%).Total.SURVEY_LC1_2A1
  16.10665,1932.91002,CI.l(95%).Total.SURVEY_LC1_2A2
 4.026784,64.160879,CI.l(95%).Total.SURVEY_LC1_2A3
8.006032,0.000000,CI.l(95%).Total.SURVEY_LC1_2Ax
   0.000,3372.576,CI.l(95%).Total.SURVEY_LC1_2B1
   0.00,1264.04,CI.l(95%).Total.SURVEY_LC1_2B2
  0.0000,657.5111,CI.l(95%).Total.SURVEY_LC1_2B3
  0.0000,199.3094,CI.l(95%).Total.SURVEY_LC1_2B4
   0.000,1255.646,CI.l(95%).Total.SURVEY_LC1_2B5
  0.0000,270.5599,CI.l(95%).Total.SURVEY_LC1_2B7
 0.00000,40.00256,CI.l(95%).Total.SURVEY_LC1_2B8
674.9502,  0.0000,CI.l(95%).Total.SURVEY_LC1_2Bx
  68.09275,5020.65607,CI.l(95%).Total.SURVEY_LC1_2C1
 610.9361,1153.3792,CI.l(95%).Total.SURVEY_LC1_2C2
122.8551,811.6844,CI.l(95%).Total.SURVEY_LC1_2C3
95.72719, 0.00000,CI.l(95%).Total.SURVEY_LC1_2Cx
 11.90942,113.25183,CI.l(95%).Total.SURVEY_LC1_2D1
  0.0000,143.5925,CI.l(95%).Total.SURVEY_LC1_2D2
19.94253, 0.00000,CI.l(95%).Total.SURVEY_LC1_2Dx
  3.937751,734.968967,CI.l(95%).Total.SURVEY_LC1_2E1
  22.62846,7320.20435,CI.l(95%).Total.SURVEY_LC1_2E2
  3.998295,757.765797,CI.l(95%).Total.SURVEY_LC1_2E3
43.48107, 0.00000,CI.l(95%).Total.SURVEY_LC1_2Ex
0.000000,7.980423,CI.l(95%).Total.SURVEY_LC1_2F1
 0.00000,16.03466,CI.l(95%).Total.SURVEY_LC1_2F2
   0.000,1250.999,CI.l(95%).Total.SURVEY_LC1_2F4
  0.0000,179.0185,CI.l(95%).Total.SURVEY_LC1_2G1
  0.0000,259.2374,CI.l(95%).Total.SURVEY_LC1_2G2
0.00000,3.93638,CI.l(95%).Total.SURVEY_LC1_2G3
 0.00000,92.07462,CI.l(95%).Total.SURVEY_LC1_2H1
12.00989, 0.00000,CI.l(95%).Total.SURVEY_LC1_2Hx
  703.0342,14916.5643,CI.l(95%).Total.SURVEY_LU1_2U11
 815.9714,5993.3235,CI.l(95%).Total.SURVEY_LU1_2U12
 0.00000,20.05323,CI.l(95%).Total.SURVEY_LU1_2U13
 3.978886,71.613902,CI.l(95%).Total.SURVEY_LU1_2U14
0.000000,4.039787,CI.l(95%).Total.SURVEY_LU1_2U15
 4.026784,27.935095,CI.l(95%).Total.SURVEY_LU1_2U21
  0.0000,114.7019,CI.l(95%).Total.SURVEY_LU1_2U22
   0.00,1856.78,CI.l(95%).Total.SURVEY_LU1_2U31
 4.032834,48.038514,CI.l(95%).Total.SURVEY_LU1_2U32
 0.00000,57.97554,CI.l(95%).Total.SURVEY_LU1_2U33
  3.93638,157.74934,CI.l(95%).Total.SURVEY_LU1_2U34
 75.57098,234.47842,CI.l(95%).Total.SURVEY_LU1_2U35
  8.033613,462.194398,CI.l(95%).Total.SURVEY_LU1_2U36
  90.13226,3449.61427,CI.l(95%).Total.SURVEY_LU1_2U37
 0.00000,50.40018,CI.l(95%).Total.SURVEY_LU1_2U41
  23.94112,1007.55113,CI.l(95%).Total.SURVEY_LU1_2U42
   0.000,1387.866,CI.l(95%).Total.SURVEY_LC1_3A11
 0.0000,33.2118,CI.l(95%).Total.SURVEY_LC1_3A12
 0.00000,44.20081,CI.l(95%).Total.SURVEY_LC1_3A13
3.748584,0.000000,CI.l(95%).Total.SURVEY_LC1_3A1x
  0.0000,755.7493,CI.l(95%).Total.SURVEY_LC1_3A21
   0.000,1121.443,CI.l(95%).Total.SURVEY_LC1_3A22
16.10665, 0.00000,CI.l(95%).Total.SURVEY_LC1_3A2x
 0.00000,64.16088,CI.l(95%).Total.SURVEY_LC1_3A30
4.026784,0.000000,CI.l(95%).Total.SURVEY_LC1_3A3x
8.006032,0.000000,CI.l(95%).Total.SURVEY_LC1_3Axx
   0.000,1311.304,CI.l(95%).Total.SURVEY_LC1_3B11
 0.00000,51.84477,CI.l(95%).Total.SURVEY_LC1_3B12
  0.0000,343.9039,CI.l(95%).Total.SURVEY_LC1_3B13
 0.0000,16.0312,CI.l(95%).Total.SURVEY_LC1_3B14
 0.00000,83.76821,CI.l(95%).Total.SURVEY_LC1_3B15
   0.000,1525.754,CI.l(95%).Total.SURVEY_LC1_3B16
 0.00000,31.95721,CI.l(95%).Total.SURVEY_LC1_3B18
0.000000,8.012325,CI.l(95%).Total.SURVEY_LC1_3B19
  0.0000,742.1905,CI.l(95%).Total.SURVEY_LC1_3B21
  0.0000,399.9657,CI.l(95%).Total.SURVEY_LC1_3B22
  0.0000,119.5221,CI.l(95%).Total.SURVEY_LC1_3B23
 0.00000,99.86738,CI.l(95%).Total.SURVEY_LC1_3B32
0.000000,4.028051,CI.l(95%).Total.SURVEY_LC1_3B33
  0.0000,458.0099,CI.l(95%).Total.SURVEY_LC1_3B35
 0.00000,95.60577,CI.l(95%).Total.SURVEY_LC1_3B37
 0.00000,23.95734,CI.l(95%).Total.SURVEY_LC1_3B41
  0.0000,123.3246,CI.l(95%).Total.SURVEY_LC1_3B43
 0.00000,40.11031,CI.l(95%).Total.SURVEY_LC1_3B44
 0.00000,11.91723,CI.l(95%).Total.SURVEY_LC1_3B45
 0.00000,47.85791,CI.l(95%).Total.SURVEY_LC1_3B51
 0.00000,40.06407,CI.l(95%).Total.SURVEY_LC1_3B52
 0.00000,95.68967,CI.l(95%).Total.SURVEY_LC1_3B53
0.000000,3.937327,CI.l(95%).Total.SURVEY_LC1_3B54
   0.000,1068.097,CI.l(95%).Total.SURVEY_LC1_3B55
 0.00000,91.68498,CI.l(95%).Total.SURVEY_LC1_3B71
  0.0000,115.2899,CI.l(95%).Total.SURVEY_LC1_3B72
 0.00000,43.63139,CI.l(95%).Total.SURVEY_LC1_3B73
 0.00000,16.02218,CI.l(95%).Total.SURVEY_LC1_3B74
0.000000,3.931528,CI.l(95%).Total.SURVEY_LC1_3B75
0.000000,4.009882,CI.l(95%).Total.SURVEY_LC1_3B82
 0.00000,32.00538,CI.l(95%).Total.SURVEY_LC1_3B83
0.000000,3.987307,CI.l(95%).Total.SURVEY_LC1_3B84
607.2461,  0.0000,CI.l(95%).Total.SURVEY_LC1_3Bx1
39.80811, 0.00000,CI.l(95%).Total.SURVEY_LC1_3Bx2
27.89603, 0.00000,CI.l(95%).Total.SURVEY_LC1_3Bxx
   0.000,5020.656,CI.l(95%).Total.SURVEY_LC1_3C10
68.09275, 0.00000,CI.l(95%).Total.SURVEY_LC1_3C1x
  0.0000,764.7469,CI.l(95%).Total.SURVEY_LC1_3C21
  0.0000,124.4387,CI.l(95%).Total.SURVEY_LC1_3C22
  0.0000,249.9926,CI.l(95%).Total.SURVEY_LC1_3C23
610.9361,  0.0000,CI.l(95%).Total.SURVEY_LC1_3C2x
  0.0000,183.4694,CI.l(95%).Total.SURVEY_LC1_3C31
  0.0000,403.7145,CI.l(95%).Total.SURVEY_LC1_3C32
  0.0000,195.2902,CI.l(95%).Total.SURVEY_LC1_3C33
122.8551,  0.0000,CI.l(95%).Total.SURVEY_LC1_3C3x
95.72719, 0.00000,CI.l(95%).Total.SURVEY_LC1_3Cxx
  0.0000,113.2518,CI.l(95%).Total.SURVEY_LC1_3D10
11.90942, 0.00000,CI.l(95%).Total.SURVEY_LC1_3D1x
  0.0000,143.5925,CI.l(95%).Total.SURVEY_LC1_3D20
19.94253, 0.00000,CI.l(95%).Total.SURVEY_LC1_3Dxx
  0.000,734.969,CI.l(95%).Total.SURVEY_LC1_3E10
3.937751,0.000000,CI.l(95%).Total.SURVEY_LC1_3E1x
   0.000,7320.204,CI.l(95%).Total.SURVEY_LC1_3E20
22.62846, 0.00000,CI.l(95%).Total.SURVEY_LC1_3E2x
  0.0000,757.7658,CI.l(95%).Total.SURVEY_LC1_3E30
3.998295,0.000000,CI.l(95%).Total.SURVEY_LC1_3E3x
43.48107, 0.00000,CI.l(95%).Total.SURVEY_LC1_3Exx
0.000000,7.980423,CI.l(95%).Total.SURVEY_LC1_3F10
 0.00000,16.03466,CI.l(95%).Total.SURVEY_LC1_3F20
   0.000,1250.999,CI.l(95%).Total.SURVEY_LC1_3F40
  0.0000,175.0386,CI.l(95%).Total.SURVEY_LC1_3G11
0.000000,3.979852,CI.l(95%).Total.SURVEY_LC1_3G12
  0.0000,235.2708,CI.l(95%).Total.SURVEY_LC1_3G21
 0.00000,23.96664,CI.l(95%).Total.SURVEY_LC1_3G22
0.00000,3.93638,CI.l(95%).Total.SURVEY_LC1_3G30
 0.00000,47.99233,CI.l(95%).Total.SURVEY_LC1_3H11
 0.00000,44.08229,CI.l(95%).Total.SURVEY_LC1_3H12
12.00989, 0.00000,CI.l(95%).Total.SURVEY_LC1_3Hxx
  687.0808,14649.1888,CI.l(95%).Total.SURVEY_LU1_3U111
  0.0000,195.5217,CI.l(95%).Total.SURVEY_LU1_3U112
15.95339,71.85376,CI.l(95%).Total.SURVEY_LU1_3U113
 815.9714,5993.3235,CI.l(95%).Total.SURVEY_LU1_3U120
 0.00000,20.05323,CI.l(95%).Total.SURVEY_LU1_3U130
 3.978886,71.613902,CI.l(95%).Total.SURVEY_LU1_3U140
0.000000,4.039787,CI.l(95%).Total.SURVEY_LU1_3U150
 4.026784,27.935095,CI.l(95%).Total.SURVEY_LU1_3U210
 0.0000000,-0.1278459,CI.l(95%).Total.SURVEY_LU1_3U221
0.000000,3.971597,CI.l(95%).Total.SURVEY_LU1_3U222
 0.0000,16.1012,CI.l(95%).Total.SURVEY_LU1_3U223
 0.0000000,-0.1355859,CI.l(95%).Total.SURVEY_LU1_3U224
 0.00000,36.21338,CI.l(95%).Total.SURVEY_LU1_3U225
 0.00000,27.89003,CI.l(95%).Total.SURVEY_LU1_3U226
0.000000,3.121849,CI.l(95%).Total.SURVEY_LU1_3U227
 0.0000000,-0.9296461,CI.l(95%).Total.SURVEY_LU1_3U228
 0.00000,47.57933,CI.l(95%).Total.SURVEY_LU1_3U311
   0.000,1336.504,CI.l(95%).Total.SURVEY_LU1_3U312
  0.0000,167.5028,CI.l(95%).Total.SURVEY_LU1_3U313
 0.00000,47.99768,CI.l(95%).Total.SURVEY_LU1_3U314
0.000000,3.985489,CI.l(95%).Total.SURVEY_LU1_3U316
  0.0000,188.8648,CI.l(95%).Total.SURVEY_LU1_3U317
 0.00000,22.93071,CI.l(95%).Total.SURVEY_LU1_3U319
 0.00000,27.91531,CI.l(95%).Total.SURVEY_LU1_3U321
 4.032834,20.123207,CI.l(95%).Total.SURVEY_LU1_3U322
 0.00000,57.97554,CI.l(95%).Total.SURVEY_LU1_3U330
  3.93638,141.72828,CI.l(95%).Total.SURVEY_LU1_3U341
 0.00000,16.02106,CI.l(95%).Total.SURVEY_LU1_3U342
 75.57098,234.47842,CI.l(95%).Total.SURVEY_LU1_3U350
  8.033613,281.885628,CI.l(95%).Total.SURVEY_LU1_3U361
  0.0000,169.4154,CI.l(95%).Total.SURVEY_LU1_3U362
  90.13226,3449.61427,CI.l(95%).Total.SURVEY_LU1_3U370
 0.0000,17.5224,CI.l(95%).Total.SURVEY_LU1_3U411
0.000000,3.748584,CI.l(95%).Total.SURVEY_LU1_3U412
0.000000,6.503511,CI.l(95%).Total.SURVEY_LU1_3U414
 0.00000,20.03366,CI.l(95%).Total.SURVEY_LU1_3U415
  23.94112,1007.55113,CI.l(95%).Total.SURVEY_LU1_3U420
 1554.959,22320.077,CI.l(95%).Total.settlement0
 177.6992,6505.4810,CI.l(95%).Total.settlement1
0.01513262,0.55399762,CI.l(95%).Total.settl_pc
  936.4336,21781.4523,CI.l(95%).Total.fao_class_name0
 764.0541,6248.2588,CI.l(95%).Total.fao_class_name1
 0.00000,57.41407,CI.l(95%).Total.fao_class_name2
 32.17081,732.58793,CI.l(95%).Total.fao_class_name3
 1554.985,24312.490,CI.l(95%).Total.lue0
 177.6732,4400.8308,CI.l(95%).Total.lue1
 1727.494,26507.343,CI.l(95%).Total.lud0
  12.0385,2224.0261,CI.l(95%).Total.lud1
 1775.086,28927.459,CI.u(95%).Total.area
  31.88805,3723.22207,CI.u(95%).Total.SURVEY_LC1_1A
 674.9502,7093.6003,CI.u(95%).Total.SURVEY_LC1_1B
 933.537,7167.284,CI.u(95%).Total.SURVEY_LC1_1C
 31.85195,276.38041,CI.u(95%).Total.SURVEY_LC1_1D
  97.72328,8959.86339,CI.u(95%).Total.SURVEY_LC1_1E
   0.00,1309.67,CI.u(95%).Total.SURVEY_LC1_1F
  0.0000,474.8116,CI.u(95%).Total.SURVEY_LC1_1G
12.00989,92.07462,CI.u(95%).Total.SURVEY_LC1_1H
 1552.57,21130.43,CI.u(95%).Total.SURVEY_LU1_1U1
  4.026784,197.618049,CI.u(95%).Total.SURVEY_LU1_1U2
 201.4222,6625.5829,CI.u(95%).Total.SURVEY_LU1_1U3
  23.94112,1112.82298,CI.u(95%).Total.SURVEY_LU1_1U4
   3.748584,1679.461114,CI.u(95%).Total.SURVEY_LC1_2A1
  16.10665,2114.95984,CI.u(95%).Total.SURVEY_LC1_2A2
 4.026784,64.160879,CI.u(95%).Total.SURVEY_LC1_2A3
8.006032,0.000000,CI.u(95%).Total.SURVEY_LC1_2Ax
   0.000,3379.389,CI.u(95%).Total.SURVEY_LC1_2B1
   0.000,1276.301,CI.u(95%).Total.SURVEY_LC1_2B2
  0.0000,657.5111,CI.u(95%).Total.SURVEY_LC1_2B3
  0.0000,199.3094,CI.u(95%).Total.SURVEY_LC1_2B4
   0.000,1278.089,CI.u(95%).Total.SURVEY_LC1_2B5
  0.0000,270.5599,CI.u(95%).Total.SURVEY_LC1_2B7
 0.00000,40.00256,CI.u(95%).Total.SURVEY_LC1_2B8
674.9502,  0.0000,CI.u(95%).Total.SURVEY_LC1_2Bx
  68.09275,5127.40339,CI.u(95%).Total.SURVEY_LC1_2C1
 634.4886,1230.0524,CI.u(95%).Total.SURVEY_LC1_2C2
141.5685,917.6565,CI.u(95%).Total.SURVEY_LC1_2C3
95.72719, 0.00000,CI.u(95%).Total.SURVEY_LC1_2Cx
 11.90942,132.78787,CI.u(95%).Total.SURVEY_LC1_2D1
  0.0000,143.5925,CI.u(95%).Total.SURVEY_LC1_2D2
19.94253, 0.00000,CI.u(95%).Total.SURVEY_LC1_2Dx
  3.937751,795.722423,CI.u(95%).Total.SURVEY_LC1_2E1
  38.28664,7409.07007,CI.u(95%).Total.SURVEY_LC1_2E2
  3.998295,804.645312,CI.u(95%).Total.SURVEY_LC1_2E3
55.46217, 0.00000,CI.u(95%).Total.SURVEY_LC1_2Ex
0.000000,7.980423,CI.u(95%).Total.SURVEY_LC1_2F1
 0.00000,16.03466,CI.u(95%).Total.SURVEY_LC1_2F2
   0.000,1285.655,CI.u(95%).Total.SURVEY_LC1_2F4
  0.0000,205.5671,CI.u(95%).Total.SURVEY_LC1_2G1
  0.0000,269.4737,CI.u(95%).Total.SURVEY_LC1_2G2
0.00000,3.93638,CI.u(95%).Total.SURVEY_LC1_2G3
 0.00000,92.07462,CI.u(95%).Total.SURVEY_LC1_2H1
12.00989, 0.00000,CI.u(95%).Total.SURVEY_LC1_2Hx
  703.0342,14994.2518,CI.u(95%).Total.SURVEY_LU1_2U11
 845.5572,6065.1078,CI.u(95%).Total.SURVEY_LU1_2U12
 0.00000,20.05323,CI.u(95%).Total.SURVEY_LU1_2U13
 3.978886,71.613902,CI.u(95%).Total.SURVEY_LU1_2U14
0.000000,4.039787,CI.u(95%).Total.SURVEY_LU1_2U15
 4.026784,27.935095,CI.u(95%).Total.SURVEY_LU1_2U21
  0.000,169.683,CI.u(95%).Total.SURVEY_LU1_2U22
   0.000,2028.821,CI.u(95%).Total.SURVEY_LU1_2U31
 4.032834,58.274778,CI.u(95%).Total.SURVEY_LU1_2U32
 0.0000,91.5192,CI.u(95%).Total.SURVEY_LU1_2U33
  3.93638,251.24807,CI.u(95%).Total.SURVEY_LU1_2U34
 75.57098,275.71945,CI.u(95%).Total.SURVEY_LU1_2U35
  8.033613,516.323923,CI.u(95%).Total.SURVEY_LU1_2U36
 109.8484,3649.5412,CI.u(95%).Total.SURVEY_LU1_2U37
 0.00000,82.15746,CI.u(95%).Total.SURVEY_LU1_2U41
  23.94112,1040.07810,CI.u(95%).Total.SURVEY_LU1_2U42
   0.000,1572.949,CI.u(95%).Total.SURVEY_LC1_3A11
 0.00000,93.51799,CI.u(95%).Total.SURVEY_LC1_3A12
 0.00000,44.20081,CI.u(95%).Total.SURVEY_LC1_3A13
3.748584,0.000000,CI.u(95%).Total.SURVEY_LC1_3A1x
  0.0000,885.2443,CI.u(95%).Total.SURVEY_LC1_3A21
   0.000,1285.433,CI.u(95%).Total.SURVEY_LC1_3A22
16.10665, 0.00000,CI.u(95%).Total.SURVEY_LC1_3A2x
 0.00000,64.16088,CI.u(95%).Total.SURVEY_LC1_3A30
4.026784,0.000000,CI.u(95%).Total.SURVEY_LC1_3A3x
8.006032,0.000000,CI.u(95%).Total.SURVEY_LC1_3Axx
   0.000,1318.117,CI.u(95%).Total.SURVEY_LC1_3B11
 0.00000,51.84477,CI.u(95%).Total.SURVEY_LC1_3B12
  0.0000,343.9039,CI.u(95%).Total.SURVEY_LC1_3B13
 0.0000,16.0312,CI.u(95%).Total.SURVEY_LC1_3B14
 0.00000,83.76821,CI.u(95%).Total.SURVEY_LC1_3B15
   0.000,1525.754,CI.u(95%).Total.SURVEY_LC1_3B16
 0.00000,31.95721,CI.u(95%).Total.SURVEY_LC1_3B18
0.000000,8.012325,CI.u(95%).Total.SURVEY_LC1_3B19
  0.0000,752.4306,CI.u(95%).Total.SURVEY_LC1_3B21
  0.0000,406.7101,CI.u(95%).Total.SURVEY_LC1_3B22
  0.0000,119.5221,CI.u(95%).Total.SURVEY_LC1_3B23
 0.00000,99.86738,CI.u(95%).Total.SURVEY_LC1_3B32
0.000000,4.028051,CI.u(95%).Total.SURVEY_LC1_3B33
  0.0000,458.0099,CI.u(95%).Total.SURVEY_LC1_3B35
 0.00000,95.60577,CI.u(95%).Total.SURVEY_LC1_3B37
 0.00000,23.95734,CI.u(95%).Total.SURVEY_LC1_3B41
  0.0000,123.3246,CI.u(95%).Total.SURVEY_LC1_3B43
 0.00000,40.11031,CI.u(95%).Total.SURVEY_LC1_3B44
 0.00000,11.91723,CI.u(95%).Total.SURVEY_LC1_3B45
 0.00000,47.85791,CI.u(95%).Total.SURVEY_LC1_3B51
 0.00000,40.06407,CI.u(95%).Total.SURVEY_LC1_3B52
 0.00000,95.68967,CI.u(95%).Total.SURVEY_LC1_3B53
0.000000,3.937327,CI.u(95%).Total.SURVEY_LC1_3B54
   0.00,1090.54,CI.u(95%).Total.SURVEY_LC1_3B55
 0.00000,91.68498,CI.u(95%).Total.SURVEY_LC1_3B71
  0.0000,115.2899,CI.u(95%).Total.SURVEY_LC1_3B72
 0.00000,43.63139,CI.u(95%).Total.SURVEY_LC1_3B73
 0.00000,16.02218,CI.u(95%).Total.SURVEY_LC1_3B74
0.000000,3.931528,CI.u(95%).Total.SURVEY_LC1_3B75
0.000000,4.009882,CI.u(95%).Total.SURVEY_LC1_3B82
 0.00000,32.00538,CI.u(95%).Total.SURVEY_LC1_3B83
0.000000,3.987307,CI.u(95%).Total.SURVEY_LC1_3B84
607.2461,  0.0000,CI.u(95%).Total.SURVEY_LC1_3Bx1
39.80811, 0.00000,CI.u(95%).Total.SURVEY_LC1_3Bx2
27.89603, 0.00000,CI.u(95%).Total.SURVEY_LC1_3Bxx
   0.000,5127.403,CI.u(95%).Total.SURVEY_LC1_3C10
68.09275, 0.00000,CI.u(95%).Total.SURVEY_LC1_3C1x
  0.0000,803.8982,CI.u(95%).Total.SURVEY_LC1_3C21
  0.0000,190.3626,CI.u(95%).Total.SURVEY_LC1_3C22
  0.0000,249.9926,CI.u(95%).Total.SURVEY_LC1_3C23
634.4886,  0.0000,CI.u(95%).Total.SURVEY_LC1_3C2x
  0.0000,199.2746,CI.u(95%).Total.SURVEY_LC1_3C31
  0.0000,502.3282,CI.u(95%).Total.SURVEY_LC1_3C32
  0.000,245.264,CI.u(95%).Total.SURVEY_LC1_3C33
141.5685,  0.0000,CI.u(95%).Total.SURVEY_LC1_3C3x
95.72719, 0.00000,CI.u(95%).Total.SURVEY_LC1_3Cxx
  0.0000,132.7879,CI.u(95%).Total.SURVEY_LC1_3D10
11.90942, 0.00000,CI.u(95%).Total.SURVEY_LC1_3D1x
  0.0000,143.5925,CI.u(95%).Total.SURVEY_LC1_3D20
19.94253, 0.00000,CI.u(95%).Total.SURVEY_LC1_3Dxx
  0.0000,795.7224,CI.u(95%).Total.SURVEY_LC1_3E10
3.937751,0.000000,CI.u(95%).Total.SURVEY_LC1_3E1x
   0.00,7409.07,CI.u(95%).Total.SURVEY_LC1_3E20
38.28664, 0.00000,CI.u(95%).Total.SURVEY_LC1_3E2x
  0.0000,804.6453,CI.u(95%).Total.SURVEY_LC1_3E30
3.998295,0.000000,CI.u(95%).Total.SURVEY_LC1_3E3x
55.46217, 0.00000,CI.u(95%).Total.SURVEY_LC1_3Exx
0.000000,7.980423,CI.u(95%).Total.SURVEY_LC1_3F10
 0.00000,16.03466,CI.u(95%).Total.SURVEY_LC1_3F20
   0.000,1285.655,CI.u(95%).Total.SURVEY_LC1_3F40
  0.0000,201.5873,CI.u(95%).Total.SURVEY_LC1_3G11
0.000000,3.979852,CI.u(95%).Total.SURVEY_LC1_3G12
  0.000,245.507,CI.u(95%).Total.SURVEY_LC1_3G21
 0.00000,23.96664,CI.u(95%).Total.SURVEY_LC1_3G22
0.00000,3.93638,CI.u(95%).Total.SURVEY_LC1_3G30
 0.00000,47.99233,CI.u(95%).Total.SURVEY_LC1_3H11
 0.00000,44.08229,CI.u(95%).Total.SURVEY_LC1_3H12
12.00989, 0.00000,CI.u(95%).Total.SURVEY_LC1_3Hxx
  687.0808,14726.8763,CI.u(95%).Total.SURVEY_LU1_3U111
  0.0000,195.5217,CI.u(95%).Total.SURVEY_LU1_3U112
15.95339,71.85376,CI.u(95%).Total.SURVEY_LU1_3U113
 845.5572,6065.1078,CI.u(95%).Total.SURVEY_LU1_3U120
 0.00000,20.05323,CI.u(95%).Total.SURVEY_LU1_3U130
 3.978886,71.613902,CI.u(95%).Total.SURVEY_LU1_3U140
0.000000,4.039787,CI.u(95%).Total.SURVEY_LU1_3U150
 4.026784,27.935095,CI.u(95%).Total.SURVEY_LU1_3U210
 0.00000,26.45386,CI.u(95%).Total.SURVEY_LU1_3U221
0.000000,3.971597,CI.u(95%).Total.SURVEY_LU1_3U222
 0.0000,16.1012,CI.u(95%).Total.SURVEY_LU1_3U223
 0.00000,26.44612,CI.u(95%).Total.SURVEY_LU1_3U224
 0.00000,36.21338,CI.u(95%).Total.SURVEY_LU1_3U225
 0.00000,27.89003,CI.u(95%).Total.SURVEY_LU1_3U226
 0.00000,32.62758,CI.u(95%).Total.SURVEY_LU1_3U227
 0.00000,28.57608,CI.u(95%).Total.SURVEY_LU1_3U228
 0.0000,60.0396,CI.u(95%).Total.SURVEY_LU1_3U311
   0.000,1504.051,CI.u(95%).Total.SURVEY_LU1_3U312
  0.0000,167.5028,CI.u(95%).Total.SURVEY_LU1_3U313
 0.00000,47.99768,CI.u(95%).Total.SURVEY_LU1_3U314
0.000000,3.985489,CI.u(95%).Total.SURVEY_LU1_3U316
  0.0000,233.3218,CI.u(95%).Total.SURVEY_LU1_3U317
 0.00000,53.33699,CI.u(95%).Total.SURVEY_LU1_3U319
 0.00000,27.91531,CI.u(95%).Total.SURVEY_LU1_3U321
 4.032834,30.359471,CI.u(95%).Total.SURVEY_LU1_3U322
 0.0000,91.5192,CI.u(95%).Total.SURVEY_LU1_3U330
  3.93638,235.22701,CI.u(95%).Total.SURVEY_LU1_3U341
 0.00000,16.02106,CI.u(95%).Total.SURVEY_LU1_3U342
 75.57098,275.71945,CI.u(95%).Total.SURVEY_LU1_3U350
  8.033613,312.220593,CI.u(95%).Total.SURVEY_LU1_3U361
  0.0000,214.9967,CI.u(95%).Total.SURVEY_LU1_3U362
 109.8484,3649.5412,CI.u(95%).Total.SURVEY_LU1_3U370
 0.00000,23.22213,CI.u(95%).Total.SURVEY_LU1_3U411
0.000000,3.748584,CI.u(95%).Total.SURVEY_LU1_3U412
 0.00000,37.74511,CI.u(95%).Total.SURVEY_LU1_3U414
 0.00000,20.03366,CI.u(95%).Total.SURVEY_LU1_3U415
  23.94112,1040.07810,CI.u(95%).Total.SURVEY_LU1_3U420
 1584.545,22406.517,CI.u(95%).Total.settlement0
 197.4154,6587.3057,CI.u(95%).Total.settlement1
0.01681161,0.56096569,CI.u(95%).Total.settl_pc
  956.1497,21840.5696,CI.u(95%).Total.fao_class_name0
 793.6398,6317.0300,CI.u(95%).Total.fao_class_name1
 0.00000,63.02356,CI.u(95%).Total.fao_class_name2
 32.17081,779.04493,CI.u(95%).Total.fao_class_name3
 1584.571,24510.022,CI.u(95%).Total.lue0
 197.3894,4596.0383,CI.u(95%).Total.lue1
 1763.048,26687.146,CI.u(95%).Total.lud0
  12.0385,2400.8657,CI.u(95%).Total.lud1
0.0051612457,0.0003135863,CV.Total.area
0.000000000,0.006544539,CV.Total.SURVEY_LC1_1A
0.000000000,0.000950968,CV.Total.SURVEY_LC1_1B
0.008215048,0.002638097,CV.Total.SURVEY_LC1_1C
0.00000000,0.01869296,CV.Total.SURVEY_LC1_1D
0.057243520,0.002786902,CV.Total.SURVEY_LC1_1E
NA,0.006841164,CV.Total.SURVEY_LC1_1F
NA,0.01575982,CV.Total.SURVEY_LC1_1G
0,0,CV.Total.SURVEY_LC1_1H
0.004908075,0.001212450,CV.Total.SURVEY_LU1_1U1
0.0000000,0.0824443,CV.Total.SURVEY_LU1_1U2
0.026256035,0.004383897,CV.Total.SURVEY_LU1_1U3
0.00000000,0.01063846,CV.Total.SURVEY_LU1_1U4
0.00000000,0.02939497,CV.Total.SURVEY_LC1_2A1
0.00000000,0.02294646,CV.Total.SURVEY_LC1_2A2
0,0,CV.Total.SURVEY_LC1_2A3
  0,NA,CV.Total.SURVEY_LC1_2Ax
NA,0.0005148387,CV.Total.SURVEY_LC1_2B1
NA,0.002462659,CV.Total.SURVEY_LC1_2B2
NA,  0,CV.Total.SURVEY_LC1_2B3
NA,  0,CV.Total.SURVEY_LC1_2B4
NA,0.004519348,CV.Total.SURVEY_LC1_2B5
NA,  0,CV.Total.SURVEY_LC1_2B7
NA,  0,CV.Total.SURVEY_LC1_2B8
  0,NA,CV.Total.SURVEY_LC1_2Bx
0.000000000,0.005366929,CV.Total.SURVEY_LC1_2C1
0.009648756,0.016413184,CV.Total.SURVEY_LC1_2C2
0.03610804,0.03126534,CV.Total.SURVEY_LC1_2C3
  0,NA,CV.Total.SURVEY_LC1_2Cx
0.00000000,0.04051196,CV.Total.SURVEY_LC1_2D1
NA,  0,CV.Total.SURVEY_LC1_2D2
  0,NA,CV.Total.SURVEY_LC1_2Dx
0.00000000,0.02025048,CV.Total.SURVEY_LC1_2E1
0.131149974,0.003078257,CV.Total.SURVEY_LC1_2E2
0.00000000,0.01530875,CV.Total.SURVEY_LC1_2E3
0.06178206,NA,CV.Total.SURVEY_LC1_2Ex
NA,  0,CV.Total.SURVEY_LC1_2F1
NA,  0,CV.Total.SURVEY_LC1_2F2
NA,0.006970698,CV.Total.SURVEY_LC1_2F4
NA,0.035221,CV.Total.SURVEY_LC1_2G1
NA,0.009878136,CV.Total.SURVEY_LC1_2G2
NA,  0,CV.Total.SURVEY_LC1_2G3
NA,  0,CV.Total.SURVEY_LC1_2H1
  0,NA,CV.Total.SURVEY_LC1_2Hx
0.000000000,0.001325181,CV.Total.SURVEY_LU1_2U11
0.009085040,0.003037317,CV.Total.SURVEY_LU1_2U12
NA,  0,CV.Total.SURVEY_LU1_2U13
0,0,CV.Total.SURVEY_LU1_2U14
NA,  0,CV.Total.SURVEY_LU1_2U15
0,0,CV.Total.SURVEY_LU1_2U21
NA,0.0986413,CV.Total.SURVEY_LU1_2U22
NA,0.02259045,CV.Total.SURVEY_LU1_2U31
0.00000000,0.04912537,CV.Total.SURVEY_LU1_2U32
NA,0.1144818,CV.Total.SURVEY_LU1_2U33
0.0000000,0.1166372,CV.Total.SURVEY_LU1_2U34
0.00000000,0.04124229,CV.Total.SURVEY_LU1_2U35
0.00000000,0.02822391,CV.Total.SURVEY_LU1_2U36
0.05030202,0.01436867,CV.Total.SURVEY_LU1_2U37
NA,0.1222336,CV.Total.SURVEY_LU1_2U41
0.000000000,0.008104835,CV.Total.SURVEY_LU1_2U42
NA,0.03189381,CV.Total.SURVEY_LC1_3A11
NA,0.2427924,CV.Total.SURVEY_LC1_3A12
NA,  0,CV.Total.SURVEY_LC1_3A13
  0,NA,CV.Total.SURVEY_LC1_3A1x
NA,0.04026225,CV.Total.SURVEY_LC1_3A21
NA,0.03476293,CV.Total.SURVEY_LC1_3A22
  0,NA,CV.Total.SURVEY_LC1_3A2x
NA,  0,CV.Total.SURVEY_LC1_3A30
  0,NA,CV.Total.SURVEY_LC1_3A3x
  0,NA,CV.Total.SURVEY_LC1_3Axx
NA,0.001322029,CV.Total.SURVEY_LC1_3B11
NA,  0,CV.Total.SURVEY_LC1_3B12
NA,  0,CV.Total.SURVEY_LC1_3B13
NA,  0,CV.Total.SURVEY_LC1_3B14
NA,  0,CV.Total.SURVEY_LC1_3B15
NA,  0,CV.Total.SURVEY_LC1_3B16
NA,  0,CV.Total.SURVEY_LC1_3B18
NA,  0,CV.Total.SURVEY_LC1_3B19
NA,0.003495607,CV.Total.SURVEY_LC1_3B21
NA,0.004265736,CV.Total.SURVEY_LC1_3B22
NA,  0,CV.Total.SURVEY_LC1_3B23
NA,  0,CV.Total.SURVEY_LC1_3B32
NA,  0,CV.Total.SURVEY_LC1_3B33
NA,  0,CV.Total.SURVEY_LC1_3B35
NA,  0,CV.Total.SURVEY_LC1_3B37
NA,  0,CV.Total.SURVEY_LC1_3B41
NA,  0,CV.Total.SURVEY_LC1_3B43
NA,  0,CV.Total.SURVEY_LC1_3B44
NA,  0,CV.Total.SURVEY_LC1_3B45
NA,  0,CV.Total.SURVEY_LC1_3B51
NA,  0,CV.Total.SURVEY_LC1_3B52
NA,  0,CV.Total.SURVEY_LC1_3B53
NA,  0,CV.Total.SURVEY_LC1_3B54
NA,0.005304658,CV.Total.SURVEY_LC1_3B55
NA,  0,CV.Total.SURVEY_LC1_3B71
NA,  0,CV.Total.SURVEY_LC1_3B72
NA,  0,CV.Total.SURVEY_LC1_3B73
NA,  0,CV.Total.SURVEY_LC1_3B74
NA,  0,CV.Total.SURVEY_LC1_3B75
NA,  0,CV.Total.SURVEY_LC1_3B82
NA,  0,CV.Total.SURVEY_LC1_3B83
NA,  0,CV.Total.SURVEY_LC1_3B84
  0,NA,CV.Total.SURVEY_LC1_3Bx1
  0,NA,CV.Total.SURVEY_LC1_3Bx2
  0,NA,CV.Total.SURVEY_LC1_3Bxx
NA,0.005366929,CV.Total.SURVEY_LC1_3C10
  0,NA,CV.Total.SURVEY_LC1_3C1x
NA,0.01273426,CV.Total.SURVEY_LC1_3C21
NA,0.1068459,CV.Total.SURVEY_LC1_3C22
NA,  0,CV.Total.SURVEY_LC1_3C23
0.009648756,NA,CV.Total.SURVEY_LC1_3C2x
NA,0.02106906,CV.Total.SURVEY_LC1_3C31
NA,0.05553162,CV.Total.SURVEY_LC1_3C32
NA,0.05787558,CV.Total.SURVEY_LC1_3C33
0.03610804,NA,CV.Total.SURVEY_LC1_3C3x
  0,NA,CV.Total.SURVEY_LC1_3Cxx
NA,0.04051196,CV.Total.SURVEY_LC1_3D10
  0,NA,CV.Total.SURVEY_LC1_3D1x
NA,  0,CV.Total.SURVEY_LC1_3D20
  0,NA,CV.Total.SURVEY_LC1_3Dxx
NA,0.02025048,CV.Total.SURVEY_LC1_3E10
  0,NA,CV.Total.SURVEY_LC1_3E1x
NA,0.003078257,CV.Total.SURVEY_LC1_3E20
0.13115,NA,CV.Total.SURVEY_LC1_3E2x
NA,0.01530875,CV.Total.SURVEY_LC1_3E30
  0,NA,CV.Total.SURVEY_LC1_3E3x
0.06178206,NA,CV.Total.SURVEY_LC1_3Exx
NA,  0,CV.Total.SURVEY_LC1_3F10
NA,  0,CV.Total.SURVEY_LC1_3F20
NA,0.006970698,CV.Total.SURVEY_LC1_3F40
NA,0.03596537,CV.Total.SURVEY_LC1_3G11
NA,  0,CV.Total.SURVEY_LC1_3G12
NA,0.01086298,CV.Total.SURVEY_LC1_3G21
NA,  0,CV.Total.SURVEY_LC1_3G22
NA,  0,CV.Total.SURVEY_LC1_3G30
NA,  0,CV.Total.SURVEY_LC1_3H11
NA,  0,CV.Total.SURVEY_LC1_3H12
  0,NA,CV.Total.SURVEY_LC1_3Hxx
0.000000000,0.001349304,CV.Total.SURVEY_LU1_3U111
NA,  0,CV.Total.SURVEY_LU1_3U112
0,0,CV.Total.SURVEY_LU1_3U113
0.009085040,0.003037317,CV.Total.SURVEY_LU1_3U120
NA,  0,CV.Total.SURVEY_LU1_3U130
0,0,CV.Total.SURVEY_LU1_3U140
NA,  0,CV.Total.SURVEY_LU1_3U150
0,0,CV.Total.SURVEY_LU1_3U210
NA,0.5151689,CV.Total.SURVEY_LU1_3U221
NA,  0,CV.Total.SURVEY_LU1_3U222
NA,  0,CV.Total.SURVEY_LU1_3U223
NA,0.515472,CV.Total.SURVEY_LU1_3U224
NA,  0,CV.Total.SURVEY_LU1_3U225
NA,  0,CV.Total.SURVEY_LU1_3U226
NA,0.4211038,CV.Total.SURVEY_LU1_3U227
NA,0.5445266,CV.Total.SURVEY_LU1_3U228
NA,0.05907322,CV.Total.SURVEY_LU1_3U311
NA,0.03009438,CV.Total.SURVEY_LU1_3U312
NA,  0,CV.Total.SURVEY_LU1_3U313
NA,  0,CV.Total.SURVEY_LU1_3U314
NA,  0,CV.Total.SURVEY_LU1_3U316
NA,0.05372634,CV.Total.SURVEY_LU1_3U317
NA,0.2034111,CV.Total.SURVEY_LU1_3U319
NA,  0,CV.Total.SURVEY_LU1_3U321
0.0000000,0.1034549,CV.Total.SURVEY_LU1_3U322
NA,0.1144818,CV.Total.SURVEY_LU1_3U330
0.0000000,0.1265516,CV.Total.SURVEY_LU1_3U341
NA,  0,CV.Total.SURVEY_LU1_3U342
0.00000000,0.04124229,CV.Total.SURVEY_LU1_3U350
0.00000000,0.02605141,CV.Total.SURVEY_LU1_3U361
NA,0.06049806,CV.Total.SURVEY_LU1_3U362
0.05030202,0.01436867,CV.Total.SURVEY_LU1_3U370
NA,0.07137355,CV.Total.SURVEY_LU1_3U411
NA,  0,CV.Total.SURVEY_LU1_3U412
NA,0.3602346,CV.Total.SURVEY_LU1_3U414
NA,  0,CV.Total.SURVEY_LU1_3U415
0.000000000,0.008104835,CV.Total.SURVEY_LU1_3U420
0.0048081010,0.0009860557,CV.Total.settlement0
0.026816949,0.003188628,CV.Total.settlement1
0.026816949,0.003188628,CV.Total.settl_pc
0.0053151843,0.0006914497,CV.Total.fao_class_name0
0.009690642,0.002792451,CV.Total.fao_class_name1
NA,0.02376366,CV.Total.fao_class_name2
0.00000000,0.01568039,CV.Total.fao_class_name3
0.004808021,0.002064285,CV.Total.lue0
0.02682067,0.01107024,CV.Total.lue1
0.005196847,0.001724578,CV.Total.lud0
0.00000000,0.01950877,CV.Total.lud1
