No,Yes,variable
19741.51,91254.49,Total.area
   4.074227,2696.703012,Total.SURVEY_LC1_1A
19563.59,15818.29,Total.SURVEY_LC1_1B
  158.48,49467.75,Total.SURVEY_LC1_1C
   5.723095,5593.929955,Total.SURVEY_LC1_1D
    4.97634,14781.91994,Total.SURVEY_LC1_1E
   4.669633,1692.503886,Total.SURVEY_LC1_1F
   0.000,1013.899,Total.SURVEY_LC1_1G
  0.0000,189.4894,Total.SURVEY_LC1_1H
19664.80,68798.71,Total.SURVEY_LU1_1U1
  0.0000,195.8611,Total.SURVEY_LU1_1U2
   4.074227,4286.561995,Total.SURVEY_LU1_1U3
   72.64045,17973.34923,Total.SURVEY_LU1_1U4
  0.0000,826.3823,Total.SURVEY_LC1_2A1
   4.074227,1701.703775,Total.SURVEY_LC1_2A2
  0.0000,168.6169,Total.SURVEY_LC1_2A3
   0.000,8887.934,Total.SURVEY_LC1_2B1
 0.00000,65.89597,Total.SURVEY_LC1_2B2
   0.000,4695.057,Total.SURVEY_LC1_2B3
  0.0000,256.1889,Total.SURVEY_LC1_2B4
  0.0000,547.3978,Total.SURVEY_LC1_2B5
  0.0000,786.1692,Total.SURVEY_LC1_2B7
  0.0000,579.6472,Total.SURVEY_LC1_2B8
19563.59,    0.00,Total.SURVEY_LC1_2Bx
    4.962925,37872.237514,Total.SURVEY_LC1_2C1
 145.4327,6951.0602,Total.SURVEY_LC1_2C2
   8.084356,4644.454694,Total.SURVEY_LC1_2C3
   5.723095,2964.651309,Total.SURVEY_LC1_2D1
   0.000,2629.279,Total.SURVEY_LC1_2D2
   0.000,4911.269,Total.SURVEY_LC1_2E1
   4.97634,8804.39828,Total.SURVEY_LC1_2E2
   0.000,1066.252,Total.SURVEY_LC1_2E3
  0.0000,422.8116,Total.SURVEY_LC1_2F1
 0.00000,48.67577,Total.SURVEY_LC1_2F2
 0.00000,10.82981,Total.SURVEY_LC1_2F3
   4.669633,1210.186717,Total.SURVEY_LC1_2F4
  0.0000,607.7181,Total.SURVEY_LC1_2G1
  0.0000,406.1806,Total.SURVEY_LC1_2G2
  0.000,152.761,Total.SURVEY_LC1_2H1
 0.00000,36.72845,Total.SURVEY_LC1_2H2
19501.65,26095.14,Total.SURVEY_LU1_2U11
  158.48,42051.39,Total.SURVEY_LU1_2U12
  0.0000,373.1807,Total.SURVEY_LU1_2U13
  4.669633,252.555339,Total.SURVEY_LU1_2U14
 0.00000,26.45005,Total.SURVEY_LU1_2U15
  0.0000,137.9046,Total.SURVEY_LU1_2U21
 0.00000,57.95641,Total.SURVEY_LU1_2U22
   0.000,1781.411,Total.SURVEY_LU1_2U31
  0.0000,152.3379,Total.SURVEY_LU1_2U32
 0.0000,22.5223,Total.SURVEY_LU1_2U33
  0.0000,123.4046,Total.SURVEY_LU1_2U34
  0.0000,308.0123,Total.SURVEY_LU1_2U35
  0.0000,248.1129,Total.SURVEY_LU1_2U36
   4.074227,1650.761047,Total.SURVEY_LU1_2U37
 72.64045,985.56943,Total.SURVEY_LU1_2U41
    0.00,16987.78,Total.SURVEY_LU1_2U42
  0.0000,761.9815,Total.SURVEY_LC1_3A11
 0.00000,28.30737,Total.SURVEY_LC1_3A12
 0.00000,36.09346,Total.SURVEY_LC1_3A13
  0.0000,580.8328,Total.SURVEY_LC1_3A21
   0.000,1120.871,Total.SURVEY_LC1_3A22
4.074227,0.000000,Total.SURVEY_LC1_3A2x
  0.0000,168.6169,Total.SURVEY_LC1_3A30
   0.000,5352.224,Total.SURVEY_LC1_3B11
  0.0000,144.1653,Total.SURVEY_LC1_3B12
  0.0000,714.8114,Total.SURVEY_LC1_3B13
 0.00000,52.66382,Total.SURVEY_LC1_3B14
 0.00000,95.65547,Total.SURVEY_LC1_3B15
   0.000,2371.112,Total.SURVEY_LC1_3B16
 0.000,47.154,Total.SURVEY_LC1_3B17
0.000000,7.895197,Total.SURVEY_LC1_3B18
  0.0000,102.2518,Total.SURVEY_LC1_3B19
 0.00000,35.84914,Total.SURVEY_LC1_3B21
 0.00000,30.04682,Total.SURVEY_LC1_3B23
   0.000,4087.861,Total.SURVEY_LC1_3B31
  0.0000,488.5423,Total.SURVEY_LC1_3B32
 0.00000,31.26943,Total.SURVEY_LC1_3B33
 0.0000,16.0931,Total.SURVEY_LC1_3B35
 0.00000,29.30004,Total.SURVEY_LC1_3B36
 0.00000,41.99144,Total.SURVEY_LC1_3B37
 0.0000,28.3282,Total.SURVEY_LC1_3B41
 0.00000,26.38662,Total.SURVEY_LC1_3B42
  0.0000,180.3745,Total.SURVEY_LC1_3B43
 0.00000,16.20083,Total.SURVEY_LC1_3B44
0.000000,4.898787,Total.SURVEY_LC1_3B45
  0.0000,508.4934,Total.SURVEY_LC1_3B52
 0.0000,16.1795,Total.SURVEY_LC1_3B53
0.000000,4.003999,Total.SURVEY_LC1_3B54
 0.00000,18.72092,Total.SURVEY_LC1_3B55
 0.00000,77.90611,Total.SURVEY_LC1_3B71
 0.00000,17.19193,Total.SURVEY_LC1_3B72
  0.0000,247.1983,Total.SURVEY_LC1_3B73
  0.0000,188.3018,Total.SURVEY_LC1_3B74
  0.0000,255.5711,Total.SURVEY_LC1_3B75
  0.0000,407.2138,Total.SURVEY_LC1_3B82
0.000000,3.987702,Total.SURVEY_LC1_3B83
  0.0000,168.4457,Total.SURVEY_LC1_3B84
18736.18,    0.00,Total.SURVEY_LC1_3Bx1
819.8841,  0.0000,Total.SURVEY_LC1_3Bx2
7.523736,0.000000,Total.SURVEY_LC1_3Bxx
    0.00,37872.24,Total.SURVEY_LC1_3C10
4.962925,0.000000,Total.SURVEY_LC1_3C1x
   0.000,1037.328,Total.SURVEY_LC1_3C21
   0.000,5564.249,Total.SURVEY_LC1_3C22
  0.0000,349.4827,Total.SURVEY_LC1_3C23
145.4327,  0.0000,Total.SURVEY_LC1_3C2x
  0.0000,284.3275,Total.SURVEY_LC1_3C31
   0.000,1985.977,Total.SURVEY_LC1_3C32
   0.00,2374.15,Total.SURVEY_LC1_3C33
8.084356,0.000000,Total.SURVEY_LC1_3C3x
   0.000,2964.651,Total.SURVEY_LC1_3D10
5.723095,0.000000,Total.SURVEY_LC1_3D1x
   0.000,2629.279,Total.SURVEY_LC1_3D20
   0.000,4911.269,Total.SURVEY_LC1_3E10
   0.000,8804.398,Total.SURVEY_LC1_3E20
4.97634,0.00000,Total.SURVEY_LC1_3E2x
   0.000,1066.252,Total.SURVEY_LC1_3E30
  0.0000,422.8116,Total.SURVEY_LC1_3F10
 0.00000,48.67577,Total.SURVEY_LC1_3F20
 0.00000,10.82981,Total.SURVEY_LC1_3F30
   0.000,1210.187,Total.SURVEY_LC1_3F40
4.669633,0.000000,Total.SURVEY_LC1_3F4x
  0.0000,573.0483,Total.SURVEY_LC1_3G11
 0.00000,34.66976,Total.SURVEY_LC1_3G12
  0.0000,406.1806,Total.SURVEY_LC1_3G21
  0.000,143.788,Total.SURVEY_LC1_3H11
0.000000,8.972949,Total.SURVEY_LC1_3H12
0.000000,8.276477,Total.SURVEY_LC1_3H21
 0.00000,20.15729,Total.SURVEY_LC1_3H22
0.000000,8.294681,Total.SURVEY_LC1_3H23
19090.32,25447.91,Total.SURVEY_LU1_3U111
 43.35764,457.51067,Total.SURVEY_LU1_3U112
367.9731,189.7129,Total.SURVEY_LU1_3U113
  158.48,42051.39,Total.SURVEY_LU1_3U120
  0.0000,373.1807,Total.SURVEY_LU1_3U130
  4.669633,252.555339,Total.SURVEY_LU1_3U140
 0.00000,26.45005,Total.SURVEY_LU1_3U150
  0.0000,137.9046,Total.SURVEY_LU1_3U210
 0.00000,26.63961,Total.SURVEY_LU1_3U221
0.000000,6.054533,Total.SURVEY_LU1_3U224
 0.00000,16.88569,Total.SURVEY_LU1_3U225
0.000000,4.505793,Total.SURVEY_LU1_3U226
0.00000,3.87078,Total.SURVEY_LU1_3U227
 0.00000,47.47935,Total.SURVEY_LU1_3U311
   0.000,1134.085,Total.SURVEY_LU1_3U312
  0.0000,270.1883,Total.SURVEY_LU1_3U313
 0.0000,66.2508,Total.SURVEY_LU1_3U314
0.000000,3.870468,Total.SURVEY_LU1_3U315
  0.0000,134.0587,Total.SURVEY_LU1_3U317
 0.0000,65.6322,Total.SURVEY_LU1_3U318
 0.00000,59.84574,Total.SURVEY_LU1_3U319
  0.0000,112.2475,Total.SURVEY_LU1_3U321
 0.00000,40.09037,Total.SURVEY_LU1_3U322
 0.0000,22.5223,Total.SURVEY_LU1_3U330
 0.00000,96.26921,Total.SURVEY_LU1_3U341
 0.00000,27.13537,Total.SURVEY_LU1_3U342
  0.0000,308.0123,Total.SURVEY_LU1_3U350
  0.0000,169.8759,Total.SURVEY_LU1_3U361
 0.00000,78.23702,Total.SURVEY_LU1_3U362
   4.074227,1650.761047,Total.SURVEY_LU1_3U370
 0.00000,83.64936,Total.SURVEY_LU1_3U411
 0.00000,18.17374,Total.SURVEY_LU1_3U412
 0.00000,16.70707,Total.SURVEY_LU1_3U413
  5.723095,207.188031,Total.SURVEY_LU1_3U414
 66.91736,659.85122,Total.SURVEY_LU1_3U415
    0.00,16987.78,Total.SURVEY_LU1_3U420
19737.44,86807.06,Total.settlement0
   4.074227,4447.423595,Total.settlement1
0.0006318875,0.6897679324,Total.settl_pc
19583.03,38363.13,Total.fao_class_name0
  158.48,47628.56,Total.fao_class_name1
   0.000,4182.845,Total.fao_class_name2
   0.000,1079.953,Total.fao_class_name3
19737.44,88924.20,Total.lue0
   4.074227,2330.290795,Total.lue1
19736.84,88849.80,Total.lud0
   4.669633,2404.687591,Total.lud1
256.1898,275.9968,SE.Total.area
 0.00000,88.19621,SE.Total.SURVEY_LC1_1A
246.2075,242.8816,SE.Total.SURVEY_LC1_1B
 70.76184,191.65923,SE.Total.SURVEY_LC1_1C
  2.988789,105.821575,SE.Total.SURVEY_LC1_1D
  2.303598,157.391984,SE.Total.SURVEY_LC1_1E
 1.556544,80.964185,SE.Total.SURVEY_LC1_1F
 0.00000,18.40601,SE.Total.SURVEY_LC1_1G
0.000000,9.760444,SE.Total.SURVEY_LC1_1H
256.0944,395.1608,SE.Total.SURVEY_LU1_1U1
 0.00000,13.90797,SE.Total.SURVEY_LU1_1U2
  0.0000,112.2809,SE.Total.SURVEY_LU1_1U3
 10.3143,299.3422,SE.Total.SURVEY_LU1_1U4
 0.00000,69.10745,SE.Total.SURVEY_LC1_2A1
  0.000,100.975,SE.Total.SURVEY_LC1_2A2
 0.00000,19.48428,SE.Total.SURVEY_LC1_2A3
  0.0000,205.0989,SE.Total.SURVEY_LC1_2B1
 0.00000,19.40296,SE.Total.SURVEY_LC1_2B2
  0.0000,163.4837,SE.Total.SURVEY_LC1_2B3
 0.00000,35.82695,SE.Total.SURVEY_LC1_2B4
 0.00000,57.03882,SE.Total.SURVEY_LC1_2B5
 0.00000,57.77881,SE.Total.SURVEY_LC1_2B7
 0.00000,55.49275,SE.Total.SURVEY_LC1_2B8
246.2075,  0.0000,SE.Total.SURVEY_LC1_2Bx
  2.074197,545.830838,SE.Total.SURVEY_LC1_2C1
 70.73143,441.45487,SE.Total.SURVEY_LC1_2C2
  0.0000,385.9728,SE.Total.SURVEY_LC1_2C3
 2.988789,62.550930,SE.Total.SURVEY_LC1_2D1
 0.00000,86.50014,SE.Total.SURVEY_LC1_2D2
  0.000,105.422,SE.Total.SURVEY_LC1_2E1
  2.303598,122.485309,SE.Total.SURVEY_LC1_2E2
 0.0000,72.8406,SE.Total.SURVEY_LC1_2E3
 0.00000,15.32529,SE.Total.SURVEY_LC1_2F1
0,0,SE.Total.SURVEY_LC1_2F2
0.000000,7.879844,SE.Total.SURVEY_LC1_2F3
 1.556544,79.869142,SE.Total.SURVEY_LC1_2F4
 0.00000,18.64087,SE.Total.SURVEY_LC1_2G1
 0.00000,19.82239,SE.Total.SURVEY_LC1_2G2
0.000000,7.975415,SE.Total.SURVEY_LC1_2H1
0.000000,5.626636,SE.Total.SURVEY_LC1_2H2
246.1208,263.0409,SE.Total.SURVEY_LU1_2U11
 70.76184,303.86731,SE.Total.SURVEY_LU1_2U12
 0.00000,18.89048,SE.Total.SURVEY_LU1_2U13
1.556544,7.176254,SE.Total.SURVEY_LU1_2U14
0.00000,3.53028,SE.Total.SURVEY_LU1_2U15
 0.00000,13.22594,SE.Total.SURVEY_LU1_2U21
0.000000,5.058761,SE.Total.SURVEY_LU1_2U22
  0.0000,100.5523,SE.Total.SURVEY_LU1_2U31
 0.00000,11.14812,SE.Total.SURVEY_LU1_2U32
0.000000,4.133417,SE.Total.SURVEY_LU1_2U33
 0.00000,34.28885,SE.Total.SURVEY_LU1_2U34
 0.00000,53.64069,SE.Total.SURVEY_LU1_2U35
 0.00000,17.78382,SE.Total.SURVEY_LU1_2U36
 0.00000,77.74729,SE.Total.SURVEY_LU1_2U37
10.31430,52.25513,SE.Total.SURVEY_LU1_2U41
  0.0000,295.9281,SE.Total.SURVEY_LU1_2U42
 0.00000,68.23584,SE.Total.SURVEY_LC1_3A11
 0.00000,12.69651,SE.Total.SURVEY_LC1_3A12
0.00000,9.99592,SE.Total.SURVEY_LC1_3A13
 0.00000,53.92857,SE.Total.SURVEY_LC1_3A21
 0.00000,95.38136,SE.Total.SURVEY_LC1_3A22
0,0,SE.Total.SURVEY_LC1_3A2x
 0.00000,19.48428,SE.Total.SURVEY_LC1_3A30
  0.0000,168.7407,SE.Total.SURVEY_LC1_3B11
 0.00000,25.51955,SE.Total.SURVEY_LC1_3B12
 0.00000,65.14229,SE.Total.SURVEY_LC1_3B13
 0.00000,15.84274,SE.Total.SURVEY_LC1_3B14
 0.0000,22.1609,SE.Total.SURVEY_LC1_3B15
  0.0000,116.3628,SE.Total.SURVEY_LC1_3B16
 0.00000,20.67557,SE.Total.SURVEY_LC1_3B17
0.000000,5.666246,SE.Total.SURVEY_LC1_3B18
 0.00000,28.20019,SE.Total.SURVEY_LC1_3B19
0.00000,6.68973,SE.Total.SURVEY_LC1_3B21
 0.00000,18.21325,SE.Total.SURVEY_LC1_3B23
  0.0000,154.9315,SE.Total.SURVEY_LC1_3B31
 0.00000,52.36169,SE.Total.SURVEY_LC1_3B32
 0.00000,19.06928,SE.Total.SURVEY_LC1_3B33
0.000000,9.778245,SE.Total.SURVEY_LC1_3B35
 0.00000,13.91726,SE.Total.SURVEY_LC1_3B36
 0.00000,13.03938,SE.Total.SURVEY_LC1_3B37
0.000000,8.027658,SE.Total.SURVEY_LC1_3B41
 0.00000,13.08737,SE.Total.SURVEY_LC1_3B42
 0.00000,31.39762,SE.Total.SURVEY_LC1_3B43
0.000000,8.083768,SE.Total.SURVEY_LC1_3B44
0.00000,2.08885,SE.Total.SURVEY_LC1_3B45
 0.00000,56.31751,SE.Total.SURVEY_LC1_3B52
0.000000,5.988803,SE.Total.SURVEY_LC1_3B53
0,0,SE.Total.SURVEY_LC1_3B54
0.000000,7.047325,SE.Total.SURVEY_LC1_3B55
 0.00000,14.32567,SE.Total.SURVEY_LC1_3B71
0.000000,7.073662,SE.Total.SURVEY_LC1_3B72
 0.00000,39.87708,SE.Total.SURVEY_LC1_3B73
 0.00000,30.94394,SE.Total.SURVEY_LC1_3B74
 0.00000,32.19093,SE.Total.SURVEY_LC1_3B75
 0.00000,46.59572,SE.Total.SURVEY_LC1_3B82
0,0,SE.Total.SURVEY_LC1_3B83
 0.0000,31.8559,SE.Total.SURVEY_LC1_3B84
241.8852,  0.0000,SE.Total.SURVEY_LC1_3Bx1
50.34027, 0.00000,SE.Total.SURVEY_LC1_3Bx2
5.16124,0.00000,SE.Total.SURVEY_LC1_3Bxx
  0.0000,545.8308,SE.Total.SURVEY_LC1_3C10
2.074197,0.000000,SE.Total.SURVEY_LC1_3C1x
  0.0000,198.8245,SE.Total.SURVEY_LC1_3C21
  0.0000,412.3446,SE.Total.SURVEY_LC1_3C22
  0.0000,109.8325,SE.Total.SURVEY_LC1_3C23
70.73143, 0.00000,SE.Total.SURVEY_LC1_3C2x
  0.0000,119.7006,SE.Total.SURVEY_LC1_3C31
  0.0000,260.1509,SE.Total.SURVEY_LC1_3C32
  0.0000,288.5371,SE.Total.SURVEY_LC1_3C33
0,0,SE.Total.SURVEY_LC1_3C3x
 0.00000,62.55093,SE.Total.SURVEY_LC1_3D10
2.988789,0.000000,SE.Total.SURVEY_LC1_3D1x
 0.00000,86.50014,SE.Total.SURVEY_LC1_3D20
  0.000,105.422,SE.Total.SURVEY_LC1_3E10
  0.0000,122.4853,SE.Total.SURVEY_LC1_3E20
2.303598,0.000000,SE.Total.SURVEY_LC1_3E2x
 0.0000,72.8406,SE.Total.SURVEY_LC1_3E30
 0.00000,15.32529,SE.Total.SURVEY_LC1_3F10
0,0,SE.Total.SURVEY_LC1_3F20
0.000000,7.879844,SE.Total.SURVEY_LC1_3F30
 0.00000,79.86914,SE.Total.SURVEY_LC1_3F40
1.556544,0.000000,SE.Total.SURVEY_LC1_3F4x
 0.00000,20.02446,SE.Total.SURVEY_LC1_3G11
0.000000,8.991737,SE.Total.SURVEY_LC1_3G12
 0.00000,19.82239,SE.Total.SURVEY_LC1_3G21
0.000000,7.975415,SE.Total.SURVEY_LC1_3H11
0,0,SE.Total.SURVEY_LC1_3H12
0,0,SE.Total.SURVEY_LC1_3H21
0.000000,5.626636,SE.Total.SURVEY_LC1_3H22
0,0,SE.Total.SURVEY_LC1_3H23
245.7500,259.2323,SE.Total.SURVEY_LU1_3U111
12.36755,59.12740,SE.Total.SURVEY_LU1_3U112
16.36981,16.58831,SE.Total.SURVEY_LU1_3U113
 70.76184,303.86731,SE.Total.SURVEY_LU1_3U120
 0.00000,18.89048,SE.Total.SURVEY_LU1_3U130
1.556544,7.176254,SE.Total.SURVEY_LU1_3U140
0.00000,3.53028,SE.Total.SURVEY_LU1_3U150
 0.00000,13.22594,SE.Total.SURVEY_LU1_3U210
0.000000,3.635081,SE.Total.SURVEY_LU1_3U221
0.000000,3.495587,SE.Total.SURVEY_LU1_3U224
0.000000,1.513446,SE.Total.SURVEY_LU1_3U225
0.000000,1.501931,SE.Total.SURVEY_LU1_3U226
0,0,SE.Total.SURVEY_LU1_3U227
0.000000,6.899363,SE.Total.SURVEY_LU1_3U311
 0.00000,95.92288,SE.Total.SURVEY_LU1_3U312
 0.00000,19.99666,SE.Total.SURVEY_LU1_3U313
 0.0000,18.0335,SE.Total.SURVEY_LU1_3U314
0,0,SE.Total.SURVEY_LU1_3U315
 0.00000,12.69779,SE.Total.SURVEY_LU1_3U317
 0.00000,14.09522,SE.Total.SURVEY_LU1_3U318
 0.00000,16.90009,SE.Total.SURVEY_LU1_3U319
 0.00000,10.07599,SE.Total.SURVEY_LU1_3U321
0.000000,4.770204,SE.Total.SURVEY_LU1_3U322
0.000000,4.133417,SE.Total.SURVEY_LU1_3U330
 0.00000,27.59564,SE.Total.SURVEY_LU1_3U341
 0.00000,20.35204,SE.Total.SURVEY_LU1_3U342
 0.00000,53.64069,SE.Total.SURVEY_LU1_3U350
 0.00000,17.34775,SE.Total.SURVEY_LU1_3U361
0.000000,3.931746,SE.Total.SURVEY_LU1_3U362
 0.00000,77.74729,SE.Total.SURVEY_LU1_3U370
0.000000,5.692633,SE.Total.SURVEY_LU1_3U411
0.000000,2.910723,SE.Total.SURVEY_LU1_3U412
0.000000,1.633193,SE.Total.SURVEY_LU1_3U413
 2.988789,27.693691,SE.Total.SURVEY_LU1_3U414
 9.871774,43.893931,SE.Total.SURVEY_LU1_3U415
  0.0000,295.9281,SE.Total.SURVEY_LU1_3U420
256.1898,292.3059,SE.Total.settlement0
  0.000,108.422,SE.Total.settlement1
0.00000000,0.01681558,SE.Total.settl_pc
246.2236,291.8063,SE.Total.fao_class_name0
 70.76184,209.17845,SE.Total.fao_class_name1
 0.00000,99.08899,SE.Total.fao_class_name2
 0.00000,60.56658,SE.Total.fao_class_name3
256.1898,290.8661,SE.Total.lue0
 0.00000,94.62289,SE.Total.lue1
256.1864,291.5697,SE.Total.lud0
  1.556544,101.682319,SE.Total.lud1
19239.39,90713.54,CI.l(95%).Total.area
   4.074227,2523.841620,CI.l(95%).Total.SURVEY_LC1_1A
19081.03,15342.25,CI.l(95%).Total.SURVEY_LC1_1B
   19.78935,49092.10725,CI.l(95%).Total.SURVEY_LC1_1C
  -0.1348236,5386.5234784,CI.l(95%).Total.SURVEY_LC1_1D
    0.4613713,14473.4373192,CI.l(95%).Total.SURVEY_LC1_1E
   1.618862,1533.816999,CI.l(95%).Total.SURVEY_LC1_1F
  0.0000,977.8236,CI.l(95%).Total.SURVEY_LC1_1G
  0.0000,170.3593,CI.l(95%).Total.SURVEY_LC1_1H
19162.86,68024.21,CI.l(95%).Total.SURVEY_LU1_1U1
  0.0000,168.6019,CI.l(95%).Total.SURVEY_LU1_1U2
   4.074227,4066.495432,CI.l(95%).Total.SURVEY_LU1_1U3
   52.4248,17386.6494,CI.l(95%).Total.SURVEY_LU1_1U4
  0.0000,690.9342,CI.l(95%).Total.SURVEY_LC1_2A1
   4.074227,1503.796482,CI.l(95%).Total.SURVEY_LC1_2A2
  0.0000,130.4284,CI.l(95%).Total.SURVEY_LC1_2A3
   0.000,8485.947,CI.l(95%).Total.SURVEY_LC1_2B1
 0.00000,27.86686,CI.l(95%).Total.SURVEY_LC1_2B2
   0.000,4374.635,CI.l(95%).Total.SURVEY_LC1_2B3
  0.0000,185.9694,CI.l(95%).Total.SURVEY_LC1_2B4
  0.0000,435.6038,CI.l(95%).Total.SURVEY_LC1_2B5
  0.0000,672.9248,CI.l(95%).Total.SURVEY_LC1_2B7
  0.0000,470.8834,CI.l(95%).Total.SURVEY_LC1_2B8
19081.03,    0.00,CI.l(95%).Total.SURVEY_LC1_2Bx
    0.897574,36802.428730,CI.l(95%).Total.SURVEY_LC1_2C1
   6.801668,6085.824577,CI.l(95%).Total.SURVEY_LC1_2C2
   8.084356,3887.961911,CI.l(95%).Total.SURVEY_LC1_2C3
  -0.1348236,2842.0537382,CI.l(95%).Total.SURVEY_LC1_2D1
   0.000,2459.741,CI.l(95%).Total.SURVEY_LC1_2D2
   0.000,4704.646,CI.l(95%).Total.SURVEY_LC1_2E1
   0.4613713,8564.3314867,CI.l(95%).Total.SURVEY_LC1_2E2
  0.0000,923.4873,CI.l(95%).Total.SURVEY_LC1_2E3
  0.0000,392.7746,CI.l(95%).Total.SURVEY_LC1_2F1
 0.00000,48.67577,CI.l(95%).Total.SURVEY_LC1_2F2
 0.000000,-4.614401,CI.l(95%).Total.SURVEY_LC1_2F3
   1.618862,1053.646075,CI.l(95%).Total.SURVEY_LC1_2F4
  0.0000,571.1827,CI.l(95%).Total.SURVEY_LC1_2G1
  0.0000,367.3295,CI.l(95%).Total.SURVEY_LC1_2G2
  0.0000,137.1294,CI.l(95%).Total.SURVEY_LC1_2H1
 0.00000,25.70045,CI.l(95%).Total.SURVEY_LC1_2H2
19019.26,25579.59,CI.l(95%).Total.SURVEY_LU1_2U11
   19.78935,41455.82171,CI.l(95%).Total.SURVEY_LU1_2U12
  0.0000,336.1561,CI.l(95%).Total.SURVEY_LU1_2U13
  1.618862,238.490140,CI.l(95%).Total.SURVEY_LU1_2U14
 0.00000,19.53083,CI.l(95%).Total.SURVEY_LU1_2U15
  0.0000,111.9823,CI.l(95%).Total.SURVEY_LU1_2U21
 0.00000,48.04142,CI.l(95%).Total.SURVEY_LU1_2U22
   0.000,1584.332,CI.l(95%).Total.SURVEY_LU1_2U31
  0.000,130.488,CI.l(95%).Total.SURVEY_LU1_2U32
 0.00000,14.42095,CI.l(95%).Total.SURVEY_LU1_2U33
 0.00000,56.19967,CI.l(95%).Total.SURVEY_LU1_2U34
  0.0000,202.8785,CI.l(95%).Total.SURVEY_LU1_2U35
  0.0000,213.2572,CI.l(95%).Total.SURVEY_LU1_2U36
   4.074227,1498.379167,CI.l(95%).Total.SURVEY_LU1_2U37
 52.4248,883.1513,CI.l(95%).Total.SURVEY_LU1_2U41
    0.00,16407.77,CI.l(95%).Total.SURVEY_LU1_2U42
  0.0000,628.2417,CI.l(95%).Total.SURVEY_LC1_3A11
0.000000,3.422675,CI.l(95%).Total.SURVEY_LC1_3A12
 0.00000,16.50182,CI.l(95%).Total.SURVEY_LC1_3A13
  0.0000,475.1348,CI.l(95%).Total.SURVEY_LC1_3A21
  0.0000,933.9269,CI.l(95%).Total.SURVEY_LC1_3A22
4.074227,0.000000,CI.l(95%).Total.SURVEY_LC1_3A2x
  0.0000,130.4284,CI.l(95%).Total.SURVEY_LC1_3A30
   0.000,5021.499,CI.l(95%).Total.SURVEY_LC1_3B11
 0.0000,94.1479,CI.l(95%).Total.SURVEY_LC1_3B12
  0.0000,587.1349,CI.l(95%).Total.SURVEY_LC1_3B13
 0.00000,21.61262,CI.l(95%).Total.SURVEY_LC1_3B14
 0.00000,52.22091,CI.l(95%).Total.SURVEY_LC1_3B15
   0.000,2143.045,CI.l(95%).Total.SURVEY_LC1_3B16
0.000000,6.630624,CI.l(95%).Total.SURVEY_LC1_3B17
 0.000000,-3.210442,CI.l(95%).Total.SURVEY_LC1_3B18
 0.00000,46.98041,CI.l(95%).Total.SURVEY_LC1_3B19
 0.00000,22.73751,CI.l(95%).Total.SURVEY_LC1_3B21
 0.000000,-5.650488,CI.l(95%).Total.SURVEY_LC1_3B23
   0.000,3784.201,CI.l(95%).Total.SURVEY_LC1_3B31
  0.0000,385.9153,CI.l(95%).Total.SURVEY_LC1_3B32
 0.000000,-6.105663,CI.l(95%).Total.SURVEY_LC1_3B33
 0.000000,-3.071912,CI.l(95%).Total.SURVEY_LC1_3B35
0.000000,2.022718,CI.l(95%).Total.SURVEY_LC1_3B36
 0.00000,16.43472,CI.l(95%).Total.SURVEY_LC1_3B37
 0.00000,12.59428,CI.l(95%).Total.SURVEY_LC1_3B41
0.0000000,0.7358546,CI.l(95%).Total.SURVEY_LC1_3B42
  0.0000,118.8363,CI.l(95%).Total.SURVEY_LC1_3B43
0.000000,0.356935,CI.l(95%).Total.SURVEY_LC1_3B44
0.0000000,0.8047166,CI.l(95%).Total.SURVEY_LC1_3B45
  0.0000,398.1131,CI.l(95%).Total.SURVEY_LC1_3B52
0.000000,4.441666,CI.l(95%).Total.SURVEY_LC1_3B53
0.000000,4.003999,CI.l(95%).Total.SURVEY_LC1_3B54
0.000000,4.908413,CI.l(95%).Total.SURVEY_LC1_3B55
 0.00000,49.82831,CI.l(95%).Total.SURVEY_LC1_3B71
0.000000,3.327805,CI.l(95%).Total.SURVEY_LC1_3B72
  0.0000,169.0407,CI.l(95%).Total.SURVEY_LC1_3B73
  0.0000,127.6528,CI.l(95%).Total.SURVEY_LC1_3B74
  0.0000,192.4781,CI.l(95%).Total.SURVEY_LC1_3B75
  0.0000,315.8879,CI.l(95%).Total.SURVEY_LC1_3B82
0.000000,3.987702,CI.l(95%).Total.SURVEY_LC1_3B83
  0.0000,106.0092,CI.l(95%).Total.SURVEY_LC1_3B84
18262.1,    0.0,CI.l(95%).Total.SURVEY_LC1_3Bx1
721.219,  0.000,CI.l(95%).Total.SURVEY_LC1_3Bx2
-2.592109, 0.000000,CI.l(95%).Total.SURVEY_LC1_3Bxx
    0.00,36802.43,CI.l(95%).Total.SURVEY_LC1_3C10
0.897574,0.000000,CI.l(95%).Total.SURVEY_LC1_3C1x
  0.0000,647.6393,CI.l(95%).Total.SURVEY_LC1_3C21
   0.000,4756.069,CI.l(95%).Total.SURVEY_LC1_3C22
  0.0000,134.2149,CI.l(95%).Total.SURVEY_LC1_3C23
6.801668,0.000000,CI.l(95%).Total.SURVEY_LC1_3C2x
 0.00000,49.71869,CI.l(95%).Total.SURVEY_LC1_3C31
   0.000,1476.091,CI.l(95%).Total.SURVEY_LC1_3C32
   0.000,1808.628,CI.l(95%).Total.SURVEY_LC1_3C33
8.084356,0.000000,CI.l(95%).Total.SURVEY_LC1_3C3x
   0.000,2842.054,CI.l(95%).Total.SURVEY_LC1_3D10
-0.1348236, 0.0000000,CI.l(95%).Total.SURVEY_LC1_3D1x
   0.000,2459.741,CI.l(95%).Total.SURVEY_LC1_3D20
   0.000,4704.646,CI.l(95%).Total.SURVEY_LC1_3E10
   0.000,8564.331,CI.l(95%).Total.SURVEY_LC1_3E20
0.4613713,0.0000000,CI.l(95%).Total.SURVEY_LC1_3E2x
  0.0000,923.4873,CI.l(95%).Total.SURVEY_LC1_3E30
  0.0000,392.7746,CI.l(95%).Total.SURVEY_LC1_3F10
 0.00000,48.67577,CI.l(95%).Total.SURVEY_LC1_3F20
 0.000000,-4.614401,CI.l(95%).Total.SURVEY_LC1_3F30
   0.000,1053.646,CI.l(95%).Total.SURVEY_LC1_3F40
1.618862,0.000000,CI.l(95%).Total.SURVEY_LC1_3F4x
  0.0000,533.8011,CI.l(95%).Total.SURVEY_LC1_3G11
 0.00000,17.04627,CI.l(95%).Total.SURVEY_LC1_3G12
  0.0000,367.3295,CI.l(95%).Total.SURVEY_LC1_3G21
  0.0000,128.1565,CI.l(95%).Total.SURVEY_LC1_3H11
0.000000,8.972949,CI.l(95%).Total.SURVEY_LC1_3H12
0.000000,8.276477,CI.l(95%).Total.SURVEY_LC1_3H21
0.000000,9.129287,CI.l(95%).Total.SURVEY_LC1_3H22
0.000000,8.294681,CI.l(95%).Total.SURVEY_LC1_3H23
18608.66,24939.83,CI.l(95%).Total.SURVEY_LU1_3U111
 19.11769,341.62310,CI.l(95%).Total.SURVEY_LU1_3U112
335.8888,157.2004,CI.l(95%).Total.SURVEY_LU1_3U113
   19.78935,41455.82171,CI.l(95%).Total.SURVEY_LU1_3U120
  0.0000,336.1561,CI.l(95%).Total.SURVEY_LU1_3U130
  1.618862,238.490140,CI.l(95%).Total.SURVEY_LU1_3U140
 0.00000,19.53083,CI.l(95%).Total.SURVEY_LU1_3U150
  0.0000,111.9823,CI.l(95%).Total.SURVEY_LU1_3U210
 0.00000,19.51499,CI.l(95%).Total.SURVEY_LU1_3U221
 0.0000000,-0.7966902,CI.l(95%).Total.SURVEY_LU1_3U224
 0.00000,13.91939,CI.l(95%).Total.SURVEY_LU1_3U225
0.000000,1.562062,CI.l(95%).Total.SURVEY_LU1_3U226
0.00000,3.87078,CI.l(95%).Total.SURVEY_LU1_3U227
 0.00000,33.95684,CI.l(95%).Total.SURVEY_LU1_3U311
  0.0000,946.0801,CI.l(95%).Total.SURVEY_LU1_3U312
  0.0000,230.9956,CI.l(95%).Total.SURVEY_LU1_3U313
 0.00000,30.90579,CI.l(95%).Total.SURVEY_LU1_3U314
0.000000,3.870468,CI.l(95%).Total.SURVEY_LU1_3U315
  0.0000,109.1715,CI.l(95%).Total.SURVEY_LU1_3U317
 0.00000,38.00608,CI.l(95%).Total.SURVEY_LU1_3U318
 0.00000,26.72218,CI.l(95%).Total.SURVEY_LU1_3U319
 0.0000,92.4989,CI.l(95%).Total.SURVEY_LU1_3U321
 0.00000,30.74094,CI.l(95%).Total.SURVEY_LU1_3U322
 0.00000,14.42095,CI.l(95%).Total.SURVEY_LU1_3U330
 0.00000,42.18274,CI.l(95%).Total.SURVEY_LU1_3U341
  0.0000,-12.7539,CI.l(95%).Total.SURVEY_LU1_3U342
  0.0000,202.8785,CI.l(95%).Total.SURVEY_LU1_3U350
  0.0000,135.8749,CI.l(95%).Total.SURVEY_LU1_3U361
 0.00000,70.53093,CI.l(95%).Total.SURVEY_LU1_3U362
   4.074227,1498.379167,CI.l(95%).Total.SURVEY_LU1_3U370
 0.000,72.492,CI.l(95%).Total.SURVEY_LU1_3U411
 0.00000,12.46883,CI.l(95%).Total.SURVEY_LU1_3U412
 0.00000,13.50607,CI.l(95%).Total.SURVEY_LU1_3U413
 -0.1348236,152.9093936,CI.l(95%).Total.SURVEY_LU1_3U414
 47.56904,573.82070,CI.l(95%).Total.SURVEY_LU1_3U415
    0.00,16407.77,CI.l(95%).Total.SURVEY_LU1_3U420
19235.32,86234.15,CI.l(95%).Total.settlement0
   4.074227,4234.920380,CI.l(95%).Total.settlement1
0.0006318875,0.6568099960,CI.l(95%).Total.settl_pc
19100.44,37791.20,CI.l(95%).Total.fao_class_name0
   19.78935,47218.58013,CI.l(95%).Total.fao_class_name1
   0.000,3988.634,CI.l(95%).Total.fao_class_name2
  0.0000,961.2442,CI.l(95%).Total.fao_class_name3
19235.32,88354.11,CI.l(95%).Total.lue0
   4.074227,2144.833339,CI.l(95%).Total.lue1
19234.73,88278.33,CI.l(95%).Total.lud0
   1.618862,2205.393907,CI.l(95%).Total.lud1
20243.64,91795.43,CI.u(95%).Total.area
   4.074227,2869.564405,CI.u(95%).Total.SURVEY_LC1_1A
20046.15,16294.33,CI.u(95%).Total.SURVEY_LC1_1B
  297.1707,49843.3976,CI.u(95%).Total.SURVEY_LC1_1C
  11.58101,5801.33643,CI.u(95%).Total.SURVEY_LC1_1D
    9.491308,15090.402560,CI.u(95%).Total.SURVEY_LC1_1E
   7.720404,1851.190773,CI.u(95%).Total.SURVEY_LC1_1F
   0.000,1049.974,CI.u(95%).Total.SURVEY_LC1_1G
  0.0000,208.6195,CI.u(95%).Total.SURVEY_LC1_1H
20166.73,69573.22,CI.u(95%).Total.SURVEY_LU1_1U1
  0.0000,223.1202,CI.u(95%).Total.SURVEY_LU1_1U2
   4.074227,4506.628558,CI.u(95%).Total.SURVEY_LU1_1U3
   92.85611,18560.04907,CI.u(95%).Total.SURVEY_LU1_1U4
  0.0000,961.8304,CI.u(95%).Total.SURVEY_LC1_2A1
   4.074227,1899.611067,CI.u(95%).Total.SURVEY_LC1_2A2
  0.0000,206.8054,CI.u(95%).Total.SURVEY_LC1_2A3
   0.00,9289.92,CI.u(95%).Total.SURVEY_LC1_2B1
  0.0000,103.9251,CI.u(95%).Total.SURVEY_LC1_2B2
   0.000,5015.479,CI.u(95%).Total.SURVEY_LC1_2B3
  0.0000,326.4084,CI.u(95%).Total.SURVEY_LC1_2B4
  0.0000,659.1919,CI.u(95%).Total.SURVEY_LC1_2B5
  0.0000,899.4136,CI.u(95%).Total.SURVEY_LC1_2B7
  0.000,688.411,CI.u(95%).Total.SURVEY_LC1_2B8
20046.15,    0.00,CI.u(95%).Total.SURVEY_LC1_2Bx
    9.028277,38942.046299,CI.u(95%).Total.SURVEY_LC1_2C1
 284.0638,7816.2959,CI.u(95%).Total.SURVEY_LC1_2C2
   8.084356,5400.947477,CI.u(95%).Total.SURVEY_LC1_2C3
  11.58101,3087.24888,CI.u(95%).Total.SURVEY_LC1_2D1
   0.000,2798.816,CI.u(95%).Total.SURVEY_LC1_2D2
   0.000,5117.893,CI.u(95%).Total.SURVEY_LC1_2E1
   9.491308,9044.465076,CI.u(95%).Total.SURVEY_LC1_2E2
   0.000,1209.017,CI.u(95%).Total.SURVEY_LC1_2E3
  0.0000,452.8486,CI.u(95%).Total.SURVEY_LC1_2F1
 0.00000,48.67577,CI.u(95%).Total.SURVEY_LC1_2F2
 0.00000,26.27402,CI.u(95%).Total.SURVEY_LC1_2F3
   7.720404,1366.727359,CI.u(95%).Total.SURVEY_LC1_2F4
  0.0000,644.2535,CI.u(95%).Total.SURVEY_LC1_2G1
  0.0000,445.0318,CI.u(95%).Total.SURVEY_LC1_2G2
  0.0000,168.3925,CI.u(95%).Total.SURVEY_LC1_2H1
 0.00000,47.75645,CI.u(95%).Total.SURVEY_LC1_2H2
19984.04,26610.69,CI.u(95%).Total.SURVEY_LU1_2U11
  297.1707,42646.9597,CI.u(95%).Total.SURVEY_LU1_2U12
  0.0000,410.2054,CI.u(95%).Total.SURVEY_LU1_2U13
  7.720404,266.620537,CI.u(95%).Total.SURVEY_LU1_2U14
 0.00000,33.36927,CI.u(95%).Total.SURVEY_LU1_2U15
  0.000,163.827,CI.u(95%).Total.SURVEY_LU1_2U21
 0.0000,67.8714,CI.u(95%).Total.SURVEY_LU1_2U22
   0.00,1978.49,CI.u(95%).Total.SURVEY_LU1_2U31
  0.0000,174.1878,CI.u(95%).Total.SURVEY_LU1_2U32
 0.00000,30.62365,CI.u(95%).Total.SURVEY_LU1_2U33
  0.0000,190.6095,CI.u(95%).Total.SURVEY_LU1_2U34
  0.0000,413.1461,CI.u(95%).Total.SURVEY_LU1_2U35
  0.0000,282.9685,CI.u(95%).Total.SURVEY_LU1_2U36
   4.074227,1803.142926,CI.u(95%).Total.SURVEY_LU1_2U37
  92.85611,1087.98760,CI.u(95%).Total.SURVEY_LU1_2U41
    0.00,17567.79,CI.u(95%).Total.SURVEY_LU1_2U42
  0.0000,895.7213,CI.u(95%).Total.SURVEY_LC1_3A11
 0.00000,53.19207,CI.u(95%).Total.SURVEY_LC1_3A12
 0.0000,55.6851,CI.u(95%).Total.SURVEY_LC1_3A13
  0.0000,686.5309,CI.u(95%).Total.SURVEY_LC1_3A21
   0.000,1307.815,CI.u(95%).Total.SURVEY_LC1_3A22
4.074227,0.000000,CI.u(95%).Total.SURVEY_LC1_3A2x
  0.0000,206.8054,CI.u(95%).Total.SURVEY_LC1_3A30
   0.00,5682.95,CI.u(95%).Total.SURVEY_LC1_3B11
  0.0000,194.1827,CI.u(95%).Total.SURVEY_LC1_3B12
  0.0000,842.4879,CI.u(95%).Total.SURVEY_LC1_3B13
 0.00000,83.71502,CI.u(95%).Total.SURVEY_LC1_3B14
  0.00,139.09,CI.u(95%).Total.SURVEY_LC1_3B15
   0.000,2599.179,CI.u(95%).Total.SURVEY_LC1_3B16
 0.00000,87.67738,CI.u(95%).Total.SURVEY_LC1_3B17
 0.00000,19.00084,CI.u(95%).Total.SURVEY_LC1_3B18
  0.0000,157.5231,CI.u(95%).Total.SURVEY_LC1_3B19
 0.00000,48.96077,CI.u(95%).Total.SURVEY_LC1_3B21
 0.00000,65.74414,CI.u(95%).Total.SURVEY_LC1_3B23
   0.000,4391.521,CI.u(95%).Total.SURVEY_LC1_3B31
  0.0000,591.1693,CI.u(95%).Total.SURVEY_LC1_3B32
 0.00000,68.64452,CI.u(95%).Total.SURVEY_LC1_3B33
 0.00000,35.25811,CI.u(95%).Total.SURVEY_LC1_3B35
 0.00000,56.57737,CI.u(95%).Total.SURVEY_LC1_3B36
 0.00000,67.54817,CI.u(95%).Total.SURVEY_LC1_3B37
 0.00000,44.06212,CI.u(95%).Total.SURVEY_LC1_3B41
 0.00000,52.03738,CI.u(95%).Total.SURVEY_LC1_3B42
  0.0000,241.9127,CI.u(95%).Total.SURVEY_LC1_3B43
 0.00000,32.04472,CI.u(95%).Total.SURVEY_LC1_3B44
0.000000,8.992857,CI.u(95%).Total.SURVEY_LC1_3B45
  0.0000,618.8737,CI.u(95%).Total.SURVEY_LC1_3B52
 0.00000,27.91734,CI.u(95%).Total.SURVEY_LC1_3B53
0.000000,4.003999,CI.u(95%).Total.SURVEY_LC1_3B54
 0.00000,32.53342,CI.u(95%).Total.SURVEY_LC1_3B55
  0.0000,105.9839,CI.u(95%).Total.SURVEY_LC1_3B71
 0.00000,31.05605,CI.u(95%).Total.SURVEY_LC1_3B72
  0.0000,325.3559,CI.u(95%).Total.SURVEY_LC1_3B73
  0.0000,248.9508,CI.u(95%).Total.SURVEY_LC1_3B74
  0.0000,318.6642,CI.u(95%).Total.SURVEY_LC1_3B75
  0.0000,498.5397,CI.u(95%).Total.SURVEY_LC1_3B82
0.000000,3.987702,CI.u(95%).Total.SURVEY_LC1_3B83
  0.0000,230.8821,CI.u(95%).Total.SURVEY_LC1_3B84
19210.27,    0.00,CI.u(95%).Total.SURVEY_LC1_3Bx1
918.5492,  0.0000,CI.u(95%).Total.SURVEY_LC1_3Bx2
17.63958, 0.00000,CI.u(95%).Total.SURVEY_LC1_3Bxx
    0.00,38942.05,CI.u(95%).Total.SURVEY_LC1_3C10
9.028277,0.000000,CI.u(95%).Total.SURVEY_LC1_3C1x
   0.000,1427.017,CI.u(95%).Total.SURVEY_LC1_3C21
   0.00,6372.43,CI.u(95%).Total.SURVEY_LC1_3C22
  0.0000,564.7505,CI.u(95%).Total.SURVEY_LC1_3C23
284.0638,  0.0000,CI.u(95%).Total.SURVEY_LC1_3C2x
  0.0000,518.9362,CI.u(95%).Total.SURVEY_LC1_3C31
   0.000,2495.864,CI.u(95%).Total.SURVEY_LC1_3C32
   0.000,2939.672,CI.u(95%).Total.SURVEY_LC1_3C33
8.084356,0.000000,CI.u(95%).Total.SURVEY_LC1_3C3x
   0.000,3087.249,CI.u(95%).Total.SURVEY_LC1_3D10
11.58101, 0.00000,CI.u(95%).Total.SURVEY_LC1_3D1x
   0.000,2798.816,CI.u(95%).Total.SURVEY_LC1_3D20
   0.000,5117.893,CI.u(95%).Total.SURVEY_LC1_3E10
   0.000,9044.465,CI.u(95%).Total.SURVEY_LC1_3E20
9.491308,0.000000,CI.u(95%).Total.SURVEY_LC1_3E2x
   0.000,1209.017,CI.u(95%).Total.SURVEY_LC1_3E30
  0.0000,452.8486,CI.u(95%).Total.SURVEY_LC1_3F10
 0.00000,48.67577,CI.u(95%).Total.SURVEY_LC1_3F20
 0.00000,26.27402,CI.u(95%).Total.SURVEY_LC1_3F30
   0.000,1366.727,CI.u(95%).Total.SURVEY_LC1_3F40
7.720404,0.000000,CI.u(95%).Total.SURVEY_LC1_3F4x
  0.0000,612.2956,CI.u(95%).Total.SURVEY_LC1_3G11
 0.00000,52.29324,CI.u(95%).Total.SURVEY_LC1_3G12
  0.0000,445.0318,CI.u(95%).Total.SURVEY_LC1_3G21
  0.0000,159.4195,CI.u(95%).Total.SURVEY_LC1_3H11
0.000000,8.972949,CI.u(95%).Total.SURVEY_LC1_3H12
0.000000,8.276477,CI.u(95%).Total.SURVEY_LC1_3H21
 0.0000,31.1853,CI.u(95%).Total.SURVEY_LC1_3H22
0.000000,8.294681,CI.u(95%).Total.SURVEY_LC1_3H23
19571.98,25956.00,CI.u(95%).Total.SURVEY_LU1_3U111
 67.59759,573.39824,CI.u(95%).Total.SURVEY_LU1_3U112
400.0573,222.2254,CI.u(95%).Total.SURVEY_LU1_3U113
  297.1707,42646.9597,CI.u(95%).Total.SURVEY_LU1_3U120
  0.0000,410.2054,CI.u(95%).Total.SURVEY_LU1_3U130
  7.720404,266.620537,CI.u(95%).Total.SURVEY_LU1_3U140
 0.00000,33.36927,CI.u(95%).Total.SURVEY_LU1_3U150
  0.000,163.827,CI.u(95%).Total.SURVEY_LU1_3U210
 0.00000,33.76424,CI.u(95%).Total.SURVEY_LU1_3U221
 0.00000,12.90576,CI.u(95%).Total.SURVEY_LU1_3U224
 0.00000,19.85199,CI.u(95%).Total.SURVEY_LU1_3U225
0.000000,7.449524,CI.u(95%).Total.SURVEY_LU1_3U226
0.00000,3.87078,CI.u(95%).Total.SURVEY_LU1_3U227
 0.00000,61.00185,CI.u(95%).Total.SURVEY_LU1_3U311
   0.000,1322.091,CI.u(95%).Total.SURVEY_LU1_3U312
  0.000,309.381,CI.u(95%).Total.SURVEY_LU1_3U313
  0.0000,101.5958,CI.u(95%).Total.SURVEY_LU1_3U314
0.000000,3.870468,CI.u(95%).Total.SURVEY_LU1_3U315
  0.0000,158.9459,CI.u(95%).Total.SURVEY_LU1_3U317
 0.00000,93.25831,CI.u(95%).Total.SURVEY_LU1_3U318
 0.0000,92.9693,CI.u(95%).Total.SURVEY_LU1_3U319
  0.0000,131.9961,CI.u(95%).Total.SURVEY_LU1_3U321
 0.0000,49.4398,CI.u(95%).Total.SURVEY_LU1_3U322
 0.00000,30.62365,CI.u(95%).Total.SURVEY_LU1_3U330
  0.0000,150.3557,CI.u(95%).Total.SURVEY_LU1_3U341
 0.00000,67.02464,CI.u(95%).Total.SURVEY_LU1_3U342
  0.0000,413.1461,CI.u(95%).Total.SURVEY_LU1_3U350
  0.0000,203.8768,CI.u(95%).Total.SURVEY_LU1_3U361
 0.0000,85.9431,CI.u(95%).Total.SURVEY_LU1_3U362
   4.074227,1803.142926,CI.u(95%).Total.SURVEY_LU1_3U370
 0.00000,94.80672,CI.u(95%).Total.SURVEY_LU1_3U411
 0.00000,23.87866,CI.u(95%).Total.SURVEY_LU1_3U412
 0.00000,19.90806,CI.u(95%).Total.SURVEY_LU1_3U413
 11.58101,261.46667,CI.u(95%).Total.SURVEY_LU1_3U414
 86.26568,745.88175,CI.u(95%).Total.SURVEY_LU1_3U415
    0.00,17567.79,CI.u(95%).Total.SURVEY_LU1_3U420
20239.56,87379.97,CI.u(95%).Total.settlement0
   4.074227,4659.926811,CI.u(95%).Total.settlement1
0.0006318875,0.7227258687,CI.u(95%).Total.settl_pc
20065.62,38935.06,CI.u(95%).Total.fao_class_name0
  297.1707,48038.5446,CI.u(95%).Total.fao_class_name1
   0.000,4377.055,CI.u(95%).Total.fao_class_name2
   0.000,1198.661,CI.u(95%).Total.fao_class_name3
20239.56,89494.28,CI.u(95%).Total.lue0
   4.074227,2515.748250,CI.u(95%).Total.lue1
20238.96,89421.27,CI.u(95%).Total.lud0
   7.720404,2603.981275,CI.u(95%).Total.lud1
0.012977213,0.003024474,CV.Total.area
0.0000000,0.0327052,CV.Total.SURVEY_LC1_1A
0.01258499,0.01535448,CV.Total.SURVEY_LC1_1B
0.446503245,0.003874428,CV.Total.SURVEY_LC1_1C
0.52223297,0.01891721,CV.Total.SURVEY_LC1_1D
0.4629100,0.0106476,CV.Total.SURVEY_LC1_1E
0.33333333,0.04783693,CV.Total.SURVEY_LC1_1F
NA,0.0181537,CV.Total.SURVEY_LC1_1G
NA,0.05150918,CV.Total.SURVEY_LC1_1H
0.013022987,0.005743724,CV.Total.SURVEY_LU1_1U1
NA,0.07100938,CV.Total.SURVEY_LU1_1U2
0.0000000,0.0261937,CV.Total.SURVEY_LU1_1U3
0.14199113,0.01665478,CV.Total.SURVEY_LU1_1U4
NA,0.08362649,CV.Total.SURVEY_LC1_2A1
0.00000000,0.05933757,CV.Total.SURVEY_LC1_2A2
NA,0.1155535,CV.Total.SURVEY_LC1_2A3
NA,0.02307611,CV.Total.SURVEY_LC1_2B1
NA,0.2944484,CV.Total.SURVEY_LC1_2B2
NA,0.03482038,CV.Total.SURVEY_LC1_2B3
NA,0.1398458,CV.Total.SURVEY_LC1_2B4
NA,0.1041999,CV.Total.SURVEY_LC1_2B5
NA,0.07349411,CV.Total.SURVEY_LC1_2B7
NA,0.0957354,CV.Total.SURVEY_LC1_2B8
0.01258499,NA,CV.Total.SURVEY_LC1_2Bx
0.41793838,0.01441243,CV.Total.SURVEY_LC1_2C1
0.4863515,0.0635090,CV.Total.SURVEY_LC1_2C2
0.00000000,0.08310401,CV.Total.SURVEY_LC1_2C3
0.52223297,0.02109892,CV.Total.SURVEY_LC1_2D1
NA,0.03289881,CV.Total.SURVEY_LC1_2D2
NA,0.02146532,CV.Total.SURVEY_LC1_2E1
0.46291005,0.01391183,CV.Total.SURVEY_LC1_2E2
NA,0.0683146,CV.Total.SURVEY_LC1_2E3
NA,0.03624614,CV.Total.SURVEY_LC1_2F1
NA,  0,CV.Total.SURVEY_LC1_2F2
NA,0.7276069,CV.Total.SURVEY_LC1_2F3
0.33333333,0.06599737,CV.Total.SURVEY_LC1_2F4
NA,0.03067355,CV.Total.SURVEY_LC1_2G1
NA,0.04880191,CV.Total.SURVEY_LC1_2G2
NA,0.05220846,CV.Total.SURVEY_LC1_2H1
NA,0.1531956,CV.Total.SURVEY_LC1_2H2
0.01262051,0.01008007,CV.Total.SURVEY_LU1_2U11
0.446503245,0.007226094,CV.Total.SURVEY_LU1_2U12
NA,0.05062019,CV.Total.SURVEY_LU1_2U13
0.33333333,0.02841458,CV.Total.SURVEY_LU1_2U14
NA,0.1334697,CV.Total.SURVEY_LU1_2U15
NA,0.09590641,CV.Total.SURVEY_LU1_2U21
NA,0.08728561,CV.Total.SURVEY_LU1_2U22
NA,0.05644532,CV.Total.SURVEY_LU1_2U31
NA,0.0731802,CV.Total.SURVEY_LU1_2U32
NA,0.1835255,CV.Total.SURVEY_LU1_2U33
NA,0.2778572,CV.Total.SURVEY_LU1_2U34
NA,0.1741511,CV.Total.SURVEY_LU1_2U35
NA,0.07167634,CV.Total.SURVEY_LU1_2U36
0.00000000,0.04709784,CV.Total.SURVEY_LU1_2U37
0.14199113,0.05302024,CV.Total.SURVEY_LU1_2U41
NA,0.01742006,CV.Total.SURVEY_LU1_2U42
NA,0.08955052,CV.Total.SURVEY_LC1_3A11
NA,0.448523,CV.Total.SURVEY_LC1_3A12
NA,0.2769455,CV.Total.SURVEY_LC1_3A13
NA,0.09284698,CV.Total.SURVEY_LC1_3A21
NA,0.08509576,CV.Total.SURVEY_LC1_3A22
  0,NA,CV.Total.SURVEY_LC1_3A2x
NA,0.1155535,CV.Total.SURVEY_LC1_3A30
NA,0.0315272,CV.Total.SURVEY_LC1_3B11
NA,0.1770159,CV.Total.SURVEY_LC1_3B12
NA,0.09113213,CV.Total.SURVEY_LC1_3B13
NA,0.3008278,CV.Total.SURVEY_LC1_3B14
NA,0.2316741,CV.Total.SURVEY_LC1_3B15
NA,0.04907518,CV.Total.SURVEY_LC1_3B16
NA,0.4384691,CV.Total.SURVEY_LC1_3B17
NA,0.7176827,CV.Total.SURVEY_LC1_3B18
NA,0.2757917,CV.Total.SURVEY_LC1_3B19
NA,0.1866078,CV.Total.SURVEY_LC1_3B21
NA,0.6061622,CV.Total.SURVEY_LC1_3B23
NA,0.03790038,CV.Total.SURVEY_LC1_3B31
NA,0.1071794,CV.Total.SURVEY_LC1_3B32
NA,0.6098376,CV.Total.SURVEY_LC1_3B33
NA,0.607605,CV.Total.SURVEY_LC1_3B35
NA,0.474991,CV.Total.SURVEY_LC1_3B36
NA,0.3105248,CV.Total.SURVEY_LC1_3B37
NA,0.2833805,CV.Total.SURVEY_LC1_3B41
NA,0.4959849,CV.Total.SURVEY_LC1_3B42
NA,0.1740691,CV.Total.SURVEY_LC1_3B43
NA,0.4989725,CV.Total.SURVEY_LC1_3B44
NA,0.4264014,CV.Total.SURVEY_LC1_3B45
NA,0.1107537,CV.Total.SURVEY_LC1_3B52
NA,0.3701475,CV.Total.SURVEY_LC1_3B53
NA,  0,CV.Total.SURVEY_LC1_3B54
NA,0.3764412,CV.Total.SURVEY_LC1_3B55
NA,0.1838838,CV.Total.SURVEY_LC1_3B71
NA,0.4114525,CV.Total.SURVEY_LC1_3B72
NA,0.1613162,CV.Total.SURVEY_LC1_3B73
NA,0.1643316,CV.Total.SURVEY_LC1_3B74
NA,0.1259568,CV.Total.SURVEY_LC1_3B75
NA,0.1144257,CV.Total.SURVEY_LC1_3B82
NA,  0,CV.Total.SURVEY_LC1_3B83
NA,0.1891168,CV.Total.SURVEY_LC1_3B84
0.01291006,NA,CV.Total.SURVEY_LC1_3Bx1
0.06139926,NA,CV.Total.SURVEY_LC1_3Bx2
0.6859943,NA,CV.Total.SURVEY_LC1_3Bxx
NA,0.01441243,CV.Total.SURVEY_LC1_3C10
0.4179384,NA,CV.Total.SURVEY_LC1_3C1x
NA,0.1916698,CV.Total.SURVEY_LC1_3C21
NA,0.07410607,CV.Total.SURVEY_LC1_3C22
NA,0.3142717,CV.Total.SURVEY_LC1_3C23
0.4863515,NA,CV.Total.SURVEY_LC1_3C2x
NA,0.4209954,CV.Total.SURVEY_LC1_3C31
NA,0.1309939,CV.Total.SURVEY_LC1_3C32
NA,0.1215328,CV.Total.SURVEY_LC1_3C33
  0,NA,CV.Total.SURVEY_LC1_3C3x
NA,0.02109892,CV.Total.SURVEY_LC1_3D10
0.522233,NA,CV.Total.SURVEY_LC1_3D1x
NA,0.03289881,CV.Total.SURVEY_LC1_3D20
NA,0.02146532,CV.Total.SURVEY_LC1_3E10
NA,0.01391183,CV.Total.SURVEY_LC1_3E20
0.46291,NA,CV.Total.SURVEY_LC1_3E2x
NA,0.0683146,CV.Total.SURVEY_LC1_3E30
NA,0.03624614,CV.Total.SURVEY_LC1_3F10
NA,  0,CV.Total.SURVEY_LC1_3F20
NA,0.7276069,CV.Total.SURVEY_LC1_3F30
NA,0.06599737,CV.Total.SURVEY_LC1_3F40
0.3333333,NA,CV.Total.SURVEY_LC1_3F4x
NA,0.03494376,CV.Total.SURVEY_LC1_3G11
NA,0.2593539,CV.Total.SURVEY_LC1_3G12
NA,0.04880191,CV.Total.SURVEY_LC1_3G21
NA,0.05546648,CV.Total.SURVEY_LC1_3H11
NA,  0,CV.Total.SURVEY_LC1_3H12
NA,  0,CV.Total.SURVEY_LC1_3H21
NA,0.2791365,CV.Total.SURVEY_LC1_3H22
NA,  0,CV.Total.SURVEY_LC1_3H23
0.01287302,0.01018678,CV.Total.SURVEY_LU1_3U111
0.2852450,0.1292372,CV.Total.SURVEY_LU1_3U112
0.04448645,0.08743901,CV.Total.SURVEY_LU1_3U113
0.446503245,0.007226094,CV.Total.SURVEY_LU1_3U120
NA,0.05062019,CV.Total.SURVEY_LU1_3U130
0.33333333,0.02841458,CV.Total.SURVEY_LU1_3U140
NA,0.1334697,CV.Total.SURVEY_LU1_3U150
NA,0.09590641,CV.Total.SURVEY_LU1_3U210
NA,0.136454,CV.Total.SURVEY_LU1_3U221
NA,0.5773503,CV.Total.SURVEY_LU1_3U224
NA,0.08962892,CV.Total.SURVEY_LU1_3U225
NA,0.3333333,CV.Total.SURVEY_LU1_3U226
NA,  0,CV.Total.SURVEY_LU1_3U227
NA,0.1453129,CV.Total.SURVEY_LU1_3U311
NA,0.0845817,CV.Total.SURVEY_LU1_3U312
NA,0.07401008,CV.Total.SURVEY_LU1_3U313
NA,0.2722005,CV.Total.SURVEY_LU1_3U314
NA,  0,CV.Total.SURVEY_LU1_3U315
NA,0.09471808,CV.Total.SURVEY_LU1_3U317
NA,0.2147607,CV.Total.SURVEY_LU1_3U318
NA,0.2823942,CV.Total.SURVEY_LU1_3U319
NA,0.08976587,CV.Total.SURVEY_LU1_3U321
NA,0.1189863,CV.Total.SURVEY_LU1_3U322
NA,0.1835255,CV.Total.SURVEY_LU1_3U330
NA,0.2866508,CV.Total.SURVEY_LU1_3U341
NA,0.7500189,CV.Total.SURVEY_LU1_3U342
NA,0.1741511,CV.Total.SURVEY_LU1_3U350
NA,0.1021202,CV.Total.SURVEY_LU1_3U361
NA,0.0502543,CV.Total.SURVEY_LU1_3U362
0.00000000,0.04709784,CV.Total.SURVEY_LU1_3U370
NA,0.06805352,CV.Total.SURVEY_LU1_3U411
NA,0.1601609,CV.Total.SURVEY_LU1_3U412
NA,0.09775464,CV.Total.SURVEY_LU1_3U413
0.5222330,0.1336645,CV.Total.SURVEY_LU1_3U414
0.14752187,0.06652095,CV.Total.SURVEY_LU1_3U415
NA,0.01742006,CV.Total.SURVEY_LU1_3U420
0.012979891,0.003367305,CV.Total.settlement0
0.00000000,0.02437861,CV.Total.settlement1
0.00000000,0.02437861,CV.Total.settl_pc
0.012573314,0.007606426,CV.Total.fao_class_name0
0.44650325,0.00439187,CV.Total.fao_class_name1
NA,0.02368938,CV.Total.fao_class_name2
NA,0.05608263,CV.Total.fao_class_name3
0.012979891,0.003270944,CV.Total.lue0
0.00000000,0.04060561,CV.Total.lue1
0.012980112,0.003281602,CV.Total.lud0
0.33333333,0.04228504,CV.Total.lud1
