CY00.No,CY00.Yes,variable
No,Yes,flag_two
  52.86497,8661.57951,Total.area
   0.000,2974.433,Total.SURVEY_LC1_1A
  52.86497,1289.11055,Total.SURVEY_LC1_1B
   0.000,2083.647,Total.SURVEY_LC1_1C
   0.000,1407.604,Total.SURVEY_LC1_1D
  0.0000,642.4352,Total.SURVEY_LC1_1E
  0.0000,238.7377,Total.SURVEY_LC1_1F
 0.0000,22.5806,Total.SURVEY_LC1_1G
0.000000,3.030917,Total.SURVEY_LC1_1H
  52.86497,1787.66201,Total.SURVEY_LU1_1U1
 0.00000,43.55076,Total.SURVEY_LU1_1U2
   0.000,3237.281,Total.SURVEY_LU1_1U3
   0.000,3593.086,Total.SURVEY_LU1_1U4
  0.0000,528.4653,Total.SURVEY_LC1_2A1
   0.000,2397.021,Total.SURVEY_LC1_2A2
 0.00000,48.94694,Total.SURVEY_LC1_2A3
  0.0000,430.0194,Total.SURVEY_LC1_2B1
0.000000,7.891574,Total.SURVEY_LC1_2B2
 0.00000,11.06045,Total.SURVEY_LC1_2B3
 0.00000,21.78887,Total.SURVEY_LC1_2B4
  0.0000,253.1305,Total.SURVEY_LC1_2B5
  0.0000,228.9269,Total.SURVEY_LC1_2B7
  0.0000,336.2929,Total.SURVEY_LC1_2B8
52.86497, 0.00000,Total.SURVEY_LC1_2Bx
  0.0000,200.9964,Total.SURVEY_LC1_2C1
   0.000,1412.318,Total.SURVEY_LC1_2C2
  0.0000,470.3328,Total.SURVEY_LC1_2C3
  0.0000,789.0632,Total.SURVEY_LC1_2D1
  0.0000,618.5409,Total.SURVEY_LC1_2D2
  0.0000,154.9675,Total.SURVEY_LC1_2E1
  0.0000,264.0424,Total.SURVEY_LC1_2E2
  0.0000,223.4252,Total.SURVEY_LC1_2E3
 0.00000,31.45359,Total.SURVEY_LC1_2F1
0.00000000,0.03993526,Total.SURVEY_LC1_2F2
  0.0000,207.2441,Total.SURVEY_LC1_2F4
 0.0000,22.5806,Total.SURVEY_LC1_2G1
0.000000,2.990981,Total.SURVEY_LC1_2H1
0.00000000,0.03993526,Total.SURVEY_LC1_2H2
  52.86497,1610.56945,Total.SURVEY_LU1_2U11
  0.0000,164.9954,Total.SURVEY_LU1_2U12
 0.00000,12.09712,Total.SURVEY_LU1_2U14
 0.00000,43.55076,Total.SURVEY_LU1_2U21
   0.000,1063.718,Total.SURVEY_LU1_2U31
 0.00000,15.35521,Total.SURVEY_LU1_2U32
 0.00000,41.59479,Total.SURVEY_LU1_2U33
  0.0000,221.5998,Total.SURVEY_LU1_2U34
 0.00000,85.34672,Total.SURVEY_LU1_2U35
  0.0000,178.5541,Total.SURVEY_LU1_2U36
   0.000,1631.112,Total.SURVEY_LU1_2U37
  0.0000,160.9167,Total.SURVEY_LU1_2U41
   0.000,3432.169,Total.SURVEY_LU1_2U42
  0.0000,488.2992,Total.SURVEY_LC1_3A11
 0.00000,40.16605,Total.SURVEY_LC1_3A13
   0.000,1285.032,Total.SURVEY_LC1_3A21
   0.000,1111.989,Total.SURVEY_LC1_3A22
 0.00000,48.94694,Total.SURVEY_LC1_3A30
  0.0000,206.0523,Total.SURVEY_LC1_3B11
 0.00000,55.76201,Total.SURVEY_LC1_3B12
 0.00000,75.77081,Total.SURVEY_LC1_3B13
0.000000,9.839531,Total.SURVEY_LC1_3B14
 0.00000,78.53237,Total.SURVEY_LC1_3B15
0.000000,4.062343,Total.SURVEY_LC1_3B19
0.000000,7.891574,Total.SURVEY_LC1_3B21
 0.00000,11.06045,Total.SURVEY_LC1_3B37
0.000000,6.244596,Total.SURVEY_LC1_3B41
 0.00000,13.56055,Total.SURVEY_LC1_3B43
0.000000,1.983717,Total.SURVEY_LC1_3B44
0.000000,5.887211,Total.SURVEY_LC1_3B52
 0.00000,27.41458,Total.SURVEY_LC1_3B53
  0.0000,219.8287,Total.SURVEY_LC1_3B54
 0.00000,39.45829,Total.SURVEY_LC1_3B71
 0.0000,12.4534,Total.SURVEY_LC1_3B73
  0.000,126.561,Total.SURVEY_LC1_3B74
 0.00000,39.20406,Total.SURVEY_LC1_3B75
0.00000,3.27448,Total.SURVEY_LC1_3B76
0.000000,7.975676,Total.SURVEY_LC1_3B77
  0.0000,168.7975,Total.SURVEY_LC1_3B81
  0.0000,144.1708,Total.SURVEY_LC1_3B82
 0.00000,23.32455,Total.SURVEY_LC1_3B84
6.244596,0.000000,Total.SURVEY_LC1_3Bx1
46.62037, 0.00000,Total.SURVEY_LC1_3Bx2
  0.0000,200.9964,Total.SURVEY_LC1_3C10
   0.000,1397.489,Total.SURVEY_LC1_3C22
 0.00000,14.82917,Total.SURVEY_LC1_3C23
  0.0000,394.7066,Total.SURVEY_LC1_3C32
 0.00000,75.62617,Total.SURVEY_LC1_3C33
  0.0000,789.0632,Total.SURVEY_LC1_3D10
  0.0000,618.5409,Total.SURVEY_LC1_3D20
  0.0000,154.9675,Total.SURVEY_LC1_3E10
  0.0000,264.0424,Total.SURVEY_LC1_3E20
  0.0000,223.4252,Total.SURVEY_LC1_3E30
 0.00000,31.45359,Total.SURVEY_LC1_3F10
0.00000000,0.03993526,Total.SURVEY_LC1_3F20
  0.0000,207.2441,Total.SURVEY_LC1_3F40
 0.00000,22.54066,Total.SURVEY_LC1_3G11
0.00000000,0.03993526,Total.SURVEY_LC1_3G12
0.000000,2.990981,Total.SURVEY_LC1_3H11
0.00000000,0.03993526,Total.SURVEY_LC1_3H22
   0.000,1441.931,Total.SURVEY_LU1_3U111
  0.0000,117.4222,Total.SURVEY_LU1_3U112
52.86497,51.21606,Total.SURVEY_LU1_3U113
  0.0000,164.9954,Total.SURVEY_LU1_3U120
 0.00000,12.09712,Total.SURVEY_LU1_3U140
 0.00000,43.55076,Total.SURVEY_LU1_3U210
   0.00,1026.11,Total.SURVEY_LU1_3U312
0.0000000,0.1198058,Total.SURVEY_LU1_3U314
0.00000000,0.03993526,Total.SURVEY_LU1_3U316
 0.00000,35.88588,Total.SURVEY_LU1_3U317
0.000000,1.562234,Total.SURVEY_LU1_3U318
 0.00000,13.37149,Total.SURVEY_LU1_3U321
0.000000,1.983717,Total.SURVEY_LU1_3U322
 0.00000,41.59479,Total.SURVEY_LU1_3U330
  0.0000,185.7139,Total.SURVEY_LU1_3U341
 0.00000,35.88588,Total.SURVEY_LU1_3U342
 0.00000,85.34672,Total.SURVEY_LU1_3U350
  0.0000,136.8258,Total.SURVEY_LU1_3U361
 0.00000,41.72828,Total.SURVEY_LU1_3U362
   0.000,1631.112,Total.SURVEY_LU1_3U370
0.00000,1.39831,Total.SURVEY_LU1_3U413
 0.00000,47.63338,Total.SURVEY_LU1_3U414
  0.000,111.885,Total.SURVEY_LU1_3U415
   0.000,3432.169,Total.SURVEY_LU1_3U420
  52.86497,5373.28276,Total.settlement0
   0.000,3288.297,Total.settlement1
0.000000,3.571514,Total.settl_pc
  52.86497,5801.71892,Total.fao_class_name0
   0.000,1795.632,Total.fao_class_name1
  0.0000,642.2391,Total.fao_class_name2
  0.0000,421.9893,Total.fao_class_name3
  52.86497,6544.96711,Total.lue0
   0.000,2116.612,Total.lue1
  52.86497,7485.26335,Total.lud0
   0.000,1176.316,Total.lud1
 0.00000,20.84863,SE.Total.area
0.000000,0.877571,SE.Total.SURVEY_LC1_1A
0,0,SE.Total.SURVEY_LC1_1B
0.0000,9.7129,SE.Total.SURVEY_LC1_1C
 0.0000,20.5689,SE.Total.SURVEY_LC1_1D
0.000000,1.920319,SE.Total.SURVEY_LC1_1E
0,0,SE.Total.SURVEY_LC1_1F
0,0,SE.Total.SURVEY_LC1_1G
0,0,SE.Total.SURVEY_LC1_1H
0,0,SE.Total.SURVEY_LU1_1U1
0.000000,0.877571,SE.Total.SURVEY_LU1_1U2
0.000000,0.606135,SE.Total.SURVEY_LU1_1U3
 0.00000,20.96221,SE.Total.SURVEY_LU1_1U4
0,0,SE.Total.SURVEY_LC1_2A1
0,0,SE.Total.SURVEY_LC1_2A2
0.000000,0.877571,SE.Total.SURVEY_LC1_2A3
0,0,SE.Total.SURVEY_LC1_2B1
0,0,SE.Total.SURVEY_LC1_2B2
0,0,SE.Total.SURVEY_LC1_2B3
0,0,SE.Total.SURVEY_LC1_2B4
0,0,SE.Total.SURVEY_LC1_2B5
0,0,SE.Total.SURVEY_LC1_2B7
0,0,SE.Total.SURVEY_LC1_2B8
0,0,SE.Total.SURVEY_LC1_2Bx
0.00000,6.71929,SE.Total.SURVEY_LC1_2C1
0.000000,7.040744,SE.Total.SURVEY_LC1_2C2
0.000000,1.187415,SE.Total.SURVEY_LC1_2C3
 0.00000,16.88557,SE.Total.SURVEY_LC1_2D1
 0.00000,18.16852,SE.Total.SURVEY_LC1_2D2
0,0,SE.Total.SURVEY_LC1_2E1
0.000000,1.920319,SE.Total.SURVEY_LC1_2E2
0,0,SE.Total.SURVEY_LC1_2E3
0,0,SE.Total.SURVEY_LC1_2F1
0,0,SE.Total.SURVEY_LC1_2F2
0,0,SE.Total.SURVEY_LC1_2F4
0,0,SE.Total.SURVEY_LC1_2G1
0,0,SE.Total.SURVEY_LC1_2H1
0,0,SE.Total.SURVEY_LC1_2H2
0,0,SE.Total.SURVEY_LU1_2U11
0,0,SE.Total.SURVEY_LU1_2U12
0,0,SE.Total.SURVEY_LU1_2U14
0.000000,0.877571,SE.Total.SURVEY_LU1_2U21
0,0,SE.Total.SURVEY_LU1_2U31
0.000000,0.606135,SE.Total.SURVEY_LU1_2U32
0,0,SE.Total.SURVEY_LU1_2U33
0,0,SE.Total.SURVEY_LU1_2U34
0,0,SE.Total.SURVEY_LU1_2U35
0,0,SE.Total.SURVEY_LU1_2U36
0,0,SE.Total.SURVEY_LU1_2U37
0,0,SE.Total.SURVEY_LU1_2U41
 0.00000,20.96221,SE.Total.SURVEY_LU1_2U42
0,0,SE.Total.SURVEY_LC1_3A11
0,0,SE.Total.SURVEY_LC1_3A13
0,0,SE.Total.SURVEY_LC1_3A21
0,0,SE.Total.SURVEY_LC1_3A22
0.000000,0.877571,SE.Total.SURVEY_LC1_3A30
0,0,SE.Total.SURVEY_LC1_3B11
0,0,SE.Total.SURVEY_LC1_3B12
0,0,SE.Total.SURVEY_LC1_3B13
0,0,SE.Total.SURVEY_LC1_3B14
0,0,SE.Total.SURVEY_LC1_3B15
0,0,SE.Total.SURVEY_LC1_3B19
0,0,SE.Total.SURVEY_LC1_3B21
0,0,SE.Total.SURVEY_LC1_3B37
0,0,SE.Total.SURVEY_LC1_3B41
0,0,SE.Total.SURVEY_LC1_3B43
0,0,SE.Total.SURVEY_LC1_3B44
0,0,SE.Total.SURVEY_LC1_3B52
0,0,SE.Total.SURVEY_LC1_3B53
0,0,SE.Total.SURVEY_LC1_3B54
0,0,SE.Total.SURVEY_LC1_3B71
0,0,SE.Total.SURVEY_LC1_3B73
0,0,SE.Total.SURVEY_LC1_3B74
0,0,SE.Total.SURVEY_LC1_3B75
0,0,SE.Total.SURVEY_LC1_3B76
0,0,SE.Total.SURVEY_LC1_3B77
0,0,SE.Total.SURVEY_LC1_3B81
0,0,SE.Total.SURVEY_LC1_3B82
0,0,SE.Total.SURVEY_LC1_3B84
0,0,SE.Total.SURVEY_LC1_3Bx1
0,0,SE.Total.SURVEY_LC1_3Bx2
0.00000,6.71929,SE.Total.SURVEY_LC1_3C10
0.000000,7.040744,SE.Total.SURVEY_LC1_3C22
0,0,SE.Total.SURVEY_LC1_3C23
0,0,SE.Total.SURVEY_LC1_3C32
0.000000,1.187415,SE.Total.SURVEY_LC1_3C33
 0.00000,16.88557,SE.Total.SURVEY_LC1_3D10
 0.00000,18.16852,SE.Total.SURVEY_LC1_3D20
0,0,SE.Total.SURVEY_LC1_3E10
0.000000,1.920319,SE.Total.SURVEY_LC1_3E20
0,0,SE.Total.SURVEY_LC1_3E30
0,0,SE.Total.SURVEY_LC1_3F10
0,0,SE.Total.SURVEY_LC1_3F20
0,0,SE.Total.SURVEY_LC1_3F40
0,0,SE.Total.SURVEY_LC1_3G11
0,0,SE.Total.SURVEY_LC1_3G12
0,0,SE.Total.SURVEY_LC1_3H11
0,0,SE.Total.SURVEY_LC1_3H22
0,0,SE.Total.SURVEY_LU1_3U111
0,0,SE.Total.SURVEY_LU1_3U112
0,0,SE.Total.SURVEY_LU1_3U113
0,0,SE.Total.SURVEY_LU1_3U120
0,0,SE.Total.SURVEY_LU1_3U140
0.000000,0.877571,SE.Total.SURVEY_LU1_3U210
0,0,SE.Total.SURVEY_LU1_3U312
0,0,SE.Total.SURVEY_LU1_3U314
0,0,SE.Total.SURVEY_LU1_3U316
0,0,SE.Total.SURVEY_LU1_3U317
0,0,SE.Total.SURVEY_LU1_3U318
0.000000,0.606135,SE.Total.SURVEY_LU1_3U321
0,0,SE.Total.SURVEY_LU1_3U322
0,0,SE.Total.SURVEY_LU1_3U330
0,0,SE.Total.SURVEY_LU1_3U341
0,0,SE.Total.SURVEY_LU1_3U342
0,0,SE.Total.SURVEY_LU1_3U350
0,0,SE.Total.SURVEY_LU1_3U361
0,0,SE.Total.SURVEY_LU1_3U362
0,0,SE.Total.SURVEY_LU1_3U370
0,0,SE.Total.SURVEY_LU1_3U413
0,0,SE.Total.SURVEY_LU1_3U414
0,0,SE.Total.SURVEY_LU1_3U415
 0.00000,20.96221,SE.Total.SURVEY_LU1_3U420
 0.00000,20.96221,SE.Total.settlement0
0.000000,1.062455,SE.Total.settlement1
0.000000000,0.001153963,SE.Total.settl_pc
 0.00000,20.44393,SE.Total.fao_class_name0
0.000000,7.140445,SE.Total.fao_class_name1
 0.00000,13.44616,SE.Total.fao_class_name2
0,0,SE.Total.fao_class_name3
 0.00000,20.84863,SE.Total.lue0
0,0,SE.Total.lue1
 0.00000,20.96221,SE.Total.lud0
0.000000,1.062455,SE.Total.lud1
  52.86497,8620.71695,CI.l(95%).Total.area
   0.000,2972.713,CI.l(95%).Total.SURVEY_LC1_1A
  52.86497,1289.11055,CI.l(95%).Total.SURVEY_LC1_1B
   0.00,2064.61,CI.l(95%).Total.SURVEY_LC1_1C
   0.00,1367.29,CI.l(95%).Total.SURVEY_LC1_1D
  0.0000,638.6714,CI.l(95%).Total.SURVEY_LC1_1E
  0.0000,238.7377,CI.l(95%).Total.SURVEY_LC1_1F
 0.0000,22.5806,CI.l(95%).Total.SURVEY_LC1_1G
0.000000,3.030917,CI.l(95%).Total.SURVEY_LC1_1H
  52.86497,1787.66201,CI.l(95%).Total.SURVEY_LU1_1U1
 0.00000,41.83075,CI.l(95%).Total.SURVEY_LU1_1U2
   0.000,3236.093,CI.l(95%).Total.SURVEY_LU1_1U3
   0.000,3552.001,CI.l(95%).Total.SURVEY_LU1_1U4
  0.0000,528.4653,CI.l(95%).Total.SURVEY_LC1_2A1
   0.000,2397.021,CI.l(95%).Total.SURVEY_LC1_2A2
 0.00000,47.22693,CI.l(95%).Total.SURVEY_LC1_2A3
  0.0000,430.0194,CI.l(95%).Total.SURVEY_LC1_2B1
0.000000,7.891574,CI.l(95%).Total.SURVEY_LC1_2B2
 0.00000,11.06045,CI.l(95%).Total.SURVEY_LC1_2B3
 0.00000,21.78887,CI.l(95%).Total.SURVEY_LC1_2B4
  0.0000,253.1305,CI.l(95%).Total.SURVEY_LC1_2B5
  0.0000,228.9269,CI.l(95%).Total.SURVEY_LC1_2B7
  0.0000,336.2929,CI.l(95%).Total.SURVEY_LC1_2B8
52.86497, 0.00000,CI.l(95%).Total.SURVEY_LC1_2Bx
  0.0000,187.8269,CI.l(95%).Total.SURVEY_LC1_2C1
   0.000,1398.519,CI.l(95%).Total.SURVEY_LC1_2C2
  0.0000,468.0055,CI.l(95%).Total.SURVEY_LC1_2C3
  0.0000,755.9681,CI.l(95%).Total.SURVEY_LC1_2D1
  0.0000,582.9313,CI.l(95%).Total.SURVEY_LC1_2D2
  0.0000,154.9675,CI.l(95%).Total.SURVEY_LC1_2E1
  0.0000,260.2787,CI.l(95%).Total.SURVEY_LC1_2E2
  0.0000,223.4252,CI.l(95%).Total.SURVEY_LC1_2E3
 0.00000,31.45359,CI.l(95%).Total.SURVEY_LC1_2F1
0.00000000,0.03993526,CI.l(95%).Total.SURVEY_LC1_2F2
  0.0000,207.2441,CI.l(95%).Total.SURVEY_LC1_2F4
 0.0000,22.5806,CI.l(95%).Total.SURVEY_LC1_2G1
0.000000,2.990981,CI.l(95%).Total.SURVEY_LC1_2H1
0.00000000,0.03993526,CI.l(95%).Total.SURVEY_LC1_2H2
  52.86497,1610.56945,CI.l(95%).Total.SURVEY_LU1_2U11
  0.0000,164.9954,CI.l(95%).Total.SURVEY_LU1_2U12
 0.00000,12.09712,CI.l(95%).Total.SURVEY_LU1_2U14
 0.00000,41.83075,CI.l(95%).Total.SURVEY_LU1_2U21
   0.000,1063.718,CI.l(95%).Total.SURVEY_LU1_2U31
 0.00000,14.16721,CI.l(95%).Total.SURVEY_LU1_2U32
 0.00000,41.59479,CI.l(95%).Total.SURVEY_LU1_2U33
  0.0000,221.5998,CI.l(95%).Total.SURVEY_LU1_2U34
 0.00000,85.34672,CI.l(95%).Total.SURVEY_LU1_2U35
  0.0000,178.5541,CI.l(95%).Total.SURVEY_LU1_2U36
   0.000,1631.112,CI.l(95%).Total.SURVEY_LU1_2U37
  0.0000,160.9167,CI.l(95%).Total.SURVEY_LU1_2U41
   0.000,3391.084,CI.l(95%).Total.SURVEY_LU1_2U42
  0.0000,488.2992,CI.l(95%).Total.SURVEY_LC1_3A11
 0.00000,40.16605,CI.l(95%).Total.SURVEY_LC1_3A13
   0.000,1285.032,CI.l(95%).Total.SURVEY_LC1_3A21
   0.000,1111.989,CI.l(95%).Total.SURVEY_LC1_3A22
 0.00000,47.22693,CI.l(95%).Total.SURVEY_LC1_3A30
  0.0000,206.0523,CI.l(95%).Total.SURVEY_LC1_3B11
 0.00000,55.76201,CI.l(95%).Total.SURVEY_LC1_3B12
 0.00000,75.77081,CI.l(95%).Total.SURVEY_LC1_3B13
0.000000,9.839531,CI.l(95%).Total.SURVEY_LC1_3B14
 0.00000,78.53237,CI.l(95%).Total.SURVEY_LC1_3B15
0.000000,4.062343,CI.l(95%).Total.SURVEY_LC1_3B19
0.000000,7.891574,CI.l(95%).Total.SURVEY_LC1_3B21
 0.00000,11.06045,CI.l(95%).Total.SURVEY_LC1_3B37
0.000000,6.244596,CI.l(95%).Total.SURVEY_LC1_3B41
 0.00000,13.56055,CI.l(95%).Total.SURVEY_LC1_3B43
0.000000,1.983717,CI.l(95%).Total.SURVEY_LC1_3B44
0.000000,5.887211,CI.l(95%).Total.SURVEY_LC1_3B52
 0.00000,27.41458,CI.l(95%).Total.SURVEY_LC1_3B53
  0.0000,219.8287,CI.l(95%).Total.SURVEY_LC1_3B54
 0.00000,39.45829,CI.l(95%).Total.SURVEY_LC1_3B71
 0.0000,12.4534,CI.l(95%).Total.SURVEY_LC1_3B73
  0.000,126.561,CI.l(95%).Total.SURVEY_LC1_3B74
 0.00000,39.20406,CI.l(95%).Total.SURVEY_LC1_3B75
0.00000,3.27448,CI.l(95%).Total.SURVEY_LC1_3B76
0.000000,7.975676,CI.l(95%).Total.SURVEY_LC1_3B77
  0.0000,168.7975,CI.l(95%).Total.SURVEY_LC1_3B81
  0.0000,144.1708,CI.l(95%).Total.SURVEY_LC1_3B82
 0.00000,23.32455,CI.l(95%).Total.SURVEY_LC1_3B84
6.244596,0.000000,CI.l(95%).Total.SURVEY_LC1_3Bx1
46.62037, 0.00000,CI.l(95%).Total.SURVEY_LC1_3Bx2
  0.0000,187.8269,CI.l(95%).Total.SURVEY_LC1_3C10
   0.000,1383.689,CI.l(95%).Total.SURVEY_LC1_3C22
 0.00000,14.82917,CI.l(95%).Total.SURVEY_LC1_3C23
  0.0000,394.7066,CI.l(95%).Total.SURVEY_LC1_3C32
 0.00000,73.29887,CI.l(95%).Total.SURVEY_LC1_3C33
  0.0000,755.9681,CI.l(95%).Total.SURVEY_LC1_3D10
  0.0000,582.9313,CI.l(95%).Total.SURVEY_LC1_3D20
  0.0000,154.9675,CI.l(95%).Total.SURVEY_LC1_3E10
  0.0000,260.2787,CI.l(95%).Total.SURVEY_LC1_3E20
  0.0000,223.4252,CI.l(95%).Total.SURVEY_LC1_3E30
 0.00000,31.45359,CI.l(95%).Total.SURVEY_LC1_3F10
0.00000000,0.03993526,CI.l(95%).Total.SURVEY_LC1_3F20
  0.0000,207.2441,CI.l(95%).Total.SURVEY_LC1_3F40
 0.00000,22.54066,CI.l(95%).Total.SURVEY_LC1_3G11
0.00000000,0.03993526,CI.l(95%).Total.SURVEY_LC1_3G12
0.000000,2.990981,CI.l(95%).Total.SURVEY_LC1_3H11
0.00000000,0.03993526,CI.l(95%).Total.SURVEY_LC1_3H22
   0.000,1441.931,CI.l(95%).Total.SURVEY_LU1_3U111
  0.0000,117.4222,CI.l(95%).Total.SURVEY_LU1_3U112
52.86497,51.21606,CI.l(95%).Total.SURVEY_LU1_3U113
  0.0000,164.9954,CI.l(95%).Total.SURVEY_LU1_3U120
 0.00000,12.09712,CI.l(95%).Total.SURVEY_LU1_3U140
 0.00000,41.83075,CI.l(95%).Total.SURVEY_LU1_3U210
   0.00,1026.11,CI.l(95%).Total.SURVEY_LU1_3U312
0.0000000,0.1198058,CI.l(95%).Total.SURVEY_LU1_3U314
0.00000000,0.03993526,CI.l(95%).Total.SURVEY_LU1_3U316
 0.00000,35.88588,CI.l(95%).Total.SURVEY_LU1_3U317
0.000000,1.562234,CI.l(95%).Total.SURVEY_LU1_3U318
 0.00000,12.18349,CI.l(95%).Total.SURVEY_LU1_3U321
0.000000,1.983717,CI.l(95%).Total.SURVEY_LU1_3U322
 0.00000,41.59479,CI.l(95%).Total.SURVEY_LU1_3U330
  0.0000,185.7139,CI.l(95%).Total.SURVEY_LU1_3U341
 0.00000,35.88588,CI.l(95%).Total.SURVEY_LU1_3U342
 0.00000,85.34672,CI.l(95%).Total.SURVEY_LU1_3U350
  0.0000,136.8258,CI.l(95%).Total.SURVEY_LU1_3U361
 0.00000,41.72828,CI.l(95%).Total.SURVEY_LU1_3U362
   0.000,1631.112,CI.l(95%).Total.SURVEY_LU1_3U370
0.00000,1.39831,CI.l(95%).Total.SURVEY_LU1_3U413
 0.00000,47.63338,CI.l(95%).Total.SURVEY_LU1_3U414
  0.000,111.885,CI.l(95%).Total.SURVEY_LU1_3U415
   0.000,3391.084,CI.l(95%).Total.SURVEY_LU1_3U420
  52.86497,5332.19759,CI.l(95%).Total.settlement0
   0.000,3286.214,CI.l(95%).Total.settlement1
0.000000,3.569253,CI.l(95%).Total.settl_pc
  52.86497,5761.64955,CI.l(95%).Total.fao_class_name0
   0.000,1781.637,CI.l(95%).Total.fao_class_name1
  0.0000,615.8851,CI.l(95%).Total.fao_class_name2
  0.0000,421.9893,CI.l(95%).Total.fao_class_name3
  52.86497,6504.10455,CI.l(95%).Total.lue0
   0.000,2116.612,CI.l(95%).Total.lue1
  52.86497,7444.17818,CI.l(95%).Total.lud0
   0.000,1174.234,CI.l(95%).Total.lud1
  52.86497,8702.44207,CI.u(95%).Total.area
   0.000,2976.153,CI.u(95%).Total.SURVEY_LC1_1A
  52.86497,1289.11055,CI.u(95%).Total.SURVEY_LC1_1B
   0.000,2102.684,CI.u(95%).Total.SURVEY_LC1_1C
   0.000,1447.918,CI.u(95%).Total.SURVEY_LC1_1D
  0.000,646.199,CI.u(95%).Total.SURVEY_LC1_1E
  0.0000,238.7377,CI.u(95%).Total.SURVEY_LC1_1F
 0.0000,22.5806,CI.u(95%).Total.SURVEY_LC1_1G
0.000000,3.030917,CI.u(95%).Total.SURVEY_LC1_1H
  52.86497,1787.66201,CI.u(95%).Total.SURVEY_LU1_1U1
 0.00000,45.27077,CI.u(95%).Total.SURVEY_LU1_1U2
   0.000,3238.469,CI.u(95%).Total.SURVEY_LU1_1U3
   0.000,3634.171,CI.u(95%).Total.SURVEY_LU1_1U4
  0.0000,528.4653,CI.u(95%).Total.SURVEY_LC1_2A1
   0.000,2397.021,CI.u(95%).Total.SURVEY_LC1_2A2
 0.00000,50.66695,CI.u(95%).Total.SURVEY_LC1_2A3
  0.0000,430.0194,CI.u(95%).Total.SURVEY_LC1_2B1
0.000000,7.891574,CI.u(95%).Total.SURVEY_LC1_2B2
 0.00000,11.06045,CI.u(95%).Total.SURVEY_LC1_2B3
 0.00000,21.78887,CI.u(95%).Total.SURVEY_LC1_2B4
  0.0000,253.1305,CI.u(95%).Total.SURVEY_LC1_2B5
  0.0000,228.9269,CI.u(95%).Total.SURVEY_LC1_2B7
  0.0000,336.2929,CI.u(95%).Total.SURVEY_LC1_2B8
52.86497, 0.00000,CI.u(95%).Total.SURVEY_LC1_2Bx
  0.000,214.166,CI.u(95%).Total.SURVEY_LC1_2C1
   0.000,1426.118,CI.u(95%).Total.SURVEY_LC1_2C2
  0.0000,472.6601,CI.u(95%).Total.SURVEY_LC1_2C3
  0.0000,822.1583,CI.u(95%).Total.SURVEY_LC1_2D1
  0.0000,654.1506,CI.u(95%).Total.SURVEY_LC1_2D2
  0.0000,154.9675,CI.u(95%).Total.SURVEY_LC1_2E1
  0.0000,267.8062,CI.u(95%).Total.SURVEY_LC1_2E2
  0.0000,223.4252,CI.u(95%).Total.SURVEY_LC1_2E3
 0.00000,31.45359,CI.u(95%).Total.SURVEY_LC1_2F1
0.00000000,0.03993526,CI.u(95%).Total.SURVEY_LC1_2F2
  0.0000,207.2441,CI.u(95%).Total.SURVEY_LC1_2F4
 0.0000,22.5806,CI.u(95%).Total.SURVEY_LC1_2G1
0.000000,2.990981,CI.u(95%).Total.SURVEY_LC1_2H1
0.00000000,0.03993526,CI.u(95%).Total.SURVEY_LC1_2H2
  52.86497,1610.56945,CI.u(95%).Total.SURVEY_LU1_2U11
  0.0000,164.9954,CI.u(95%).Total.SURVEY_LU1_2U12
 0.00000,12.09712,CI.u(95%).Total.SURVEY_LU1_2U14
 0.00000,45.27077,CI.u(95%).Total.SURVEY_LU1_2U21
   0.000,1063.718,CI.u(95%).Total.SURVEY_LU1_2U31
 0.00000,16.54321,CI.u(95%).Total.SURVEY_LU1_2U32
 0.00000,41.59479,CI.u(95%).Total.SURVEY_LU1_2U33
  0.0000,221.5998,CI.u(95%).Total.SURVEY_LU1_2U34
 0.00000,85.34672,CI.u(95%).Total.SURVEY_LU1_2U35
  0.0000,178.5541,CI.u(95%).Total.SURVEY_LU1_2U36
   0.000,1631.112,CI.u(95%).Total.SURVEY_LU1_2U37
  0.0000,160.9167,CI.u(95%).Total.SURVEY_LU1_2U41
   0.000,3473.255,CI.u(95%).Total.SURVEY_LU1_2U42
  0.0000,488.2992,CI.u(95%).Total.SURVEY_LC1_3A11
 0.00000,40.16605,CI.u(95%).Total.SURVEY_LC1_3A13
   0.000,1285.032,CI.u(95%).Total.SURVEY_LC1_3A21
   0.000,1111.989,CI.u(95%).Total.SURVEY_LC1_3A22
 0.00000,50.66695,CI.u(95%).Total.SURVEY_LC1_3A30
  0.0000,206.0523,CI.u(95%).Total.SURVEY_LC1_3B11
 0.00000,55.76201,CI.u(95%).Total.SURVEY_LC1_3B12
 0.00000,75.77081,CI.u(95%).Total.SURVEY_LC1_3B13
0.000000,9.839531,CI.u(95%).Total.SURVEY_LC1_3B14
 0.00000,78.53237,CI.u(95%).Total.SURVEY_LC1_3B15
0.000000,4.062343,CI.u(95%).Total.SURVEY_LC1_3B19
0.000000,7.891574,CI.u(95%).Total.SURVEY_LC1_3B21
 0.00000,11.06045,CI.u(95%).Total.SURVEY_LC1_3B37
0.000000,6.244596,CI.u(95%).Total.SURVEY_LC1_3B41
 0.00000,13.56055,CI.u(95%).Total.SURVEY_LC1_3B43
0.000000,1.983717,CI.u(95%).Total.SURVEY_LC1_3B44
0.000000,5.887211,CI.u(95%).Total.SURVEY_LC1_3B52
 0.00000,27.41458,CI.u(95%).Total.SURVEY_LC1_3B53
  0.0000,219.8287,CI.u(95%).Total.SURVEY_LC1_3B54
 0.00000,39.45829,CI.u(95%).Total.SURVEY_LC1_3B71
 0.0000,12.4534,CI.u(95%).Total.SURVEY_LC1_3B73
  0.000,126.561,CI.u(95%).Total.SURVEY_LC1_3B74
 0.00000,39.20406,CI.u(95%).Total.SURVEY_LC1_3B75
0.00000,3.27448,CI.u(95%).Total.SURVEY_LC1_3B76
0.000000,7.975676,CI.u(95%).Total.SURVEY_LC1_3B77
  0.0000,168.7975,CI.u(95%).Total.SURVEY_LC1_3B81
  0.0000,144.1708,CI.u(95%).Total.SURVEY_LC1_3B82
 0.00000,23.32455,CI.u(95%).Total.SURVEY_LC1_3B84
6.244596,0.000000,CI.u(95%).Total.SURVEY_LC1_3Bx1
46.62037, 0.00000,CI.u(95%).Total.SURVEY_LC1_3Bx2
  0.000,214.166,CI.u(95%).Total.SURVEY_LC1_3C10
   0.000,1411.289,CI.u(95%).Total.SURVEY_LC1_3C22
 0.00000,14.82917,CI.u(95%).Total.SURVEY_LC1_3C23
  0.0000,394.7066,CI.u(95%).Total.SURVEY_LC1_3C32
 0.00000,77.95346,CI.u(95%).Total.SURVEY_LC1_3C33
  0.0000,822.1583,CI.u(95%).Total.SURVEY_LC1_3D10
  0.0000,654.1506,CI.u(95%).Total.SURVEY_LC1_3D20
  0.0000,154.9675,CI.u(95%).Total.SURVEY_LC1_3E10
  0.0000,267.8062,CI.u(95%).Total.SURVEY_LC1_3E20
  0.0000,223.4252,CI.u(95%).Total.SURVEY_LC1_3E30
 0.00000,31.45359,CI.u(95%).Total.SURVEY_LC1_3F10
0.00000000,0.03993526,CI.u(95%).Total.SURVEY_LC1_3F20
  0.0000,207.2441,CI.u(95%).Total.SURVEY_LC1_3F40
 0.00000,22.54066,CI.u(95%).Total.SURVEY_LC1_3G11
0.00000000,0.03993526,CI.u(95%).Total.SURVEY_LC1_3G12
0.000000,2.990981,CI.u(95%).Total.SURVEY_LC1_3H11
0.00000000,0.03993526,CI.u(95%).Total.SURVEY_LC1_3H22
   0.000,1441.931,CI.u(95%).Total.SURVEY_LU1_3U111
  0.0000,117.4222,CI.u(95%).Total.SURVEY_LU1_3U112
52.86497,51.21606,CI.u(95%).Total.SURVEY_LU1_3U113
  0.0000,164.9954,CI.u(95%).Total.SURVEY_LU1_3U120
 0.00000,12.09712,CI.u(95%).Total.SURVEY_LU1_3U140
 0.00000,45.27077,CI.u(95%).Total.SURVEY_LU1_3U210
   0.00,1026.11,CI.u(95%).Total.SURVEY_LU1_3U312
0.0000000,0.1198058,CI.u(95%).Total.SURVEY_LU1_3U314
0.00000000,0.03993526,CI.u(95%).Total.SURVEY_LU1_3U316
 0.00000,35.88588,CI.u(95%).Total.SURVEY_LU1_3U317
0.000000,1.562234,CI.u(95%).Total.SURVEY_LU1_3U318
 0.0000,14.5595,CI.u(95%).Total.SURVEY_LU1_3U321
0.000000,1.983717,CI.u(95%).Total.SURVEY_LU1_3U322
 0.00000,41.59479,CI.u(95%).Total.SURVEY_LU1_3U330
  0.0000,185.7139,CI.u(95%).Total.SURVEY_LU1_3U341
 0.00000,35.88588,CI.u(95%).Total.SURVEY_LU1_3U342
 0.00000,85.34672,CI.u(95%).Total.SURVEY_LU1_3U350
  0.0000,136.8258,CI.u(95%).Total.SURVEY_LU1_3U361
 0.00000,41.72828,CI.u(95%).Total.SURVEY_LU1_3U362
   0.000,1631.112,CI.u(95%).Total.SURVEY_LU1_3U370
0.00000,1.39831,CI.u(95%).Total.SURVEY_LU1_3U413
 0.00000,47.63338,CI.u(95%).Total.SURVEY_LU1_3U414
  0.000,111.885,CI.u(95%).Total.SURVEY_LU1_3U415
   0.000,3473.255,CI.u(95%).Total.SURVEY_LU1_3U420
  52.86497,5414.36794,CI.u(95%).Total.settlement0
   0.000,3290.379,CI.u(95%).Total.settlement1
0.000000,3.573776,CI.u(95%).Total.settl_pc
  52.86497,5841.78828,CI.u(95%).Total.fao_class_name0
   0.000,1809.627,CI.u(95%).Total.fao_class_name1
  0.0000,668.5931,CI.u(95%).Total.fao_class_name2
  0.0000,421.9893,CI.u(95%).Total.fao_class_name3
  52.86497,6585.82968,CI.u(95%).Total.lue0
   0.000,2116.612,CI.u(95%).Total.lue1
  52.86497,7526.34853,CI.u(95%).Total.lud0
   0.000,1178.399,CI.u(95%).Total.lud1
0.000000000,0.002407024,CV.Total.area
NA,0.0002950381,CV.Total.SURVEY_LC1_1A
0,0,CV.Total.SURVEY_LC1_1B
NA,0.004661489,CV.Total.SURVEY_LC1_1C
NA,0.0146127,CV.Total.SURVEY_LC1_1D
NA,0.002989124,CV.Total.SURVEY_LC1_1E
NA,  0,CV.Total.SURVEY_LC1_1F
NA,  0,CV.Total.SURVEY_LC1_1G
NA,  0,CV.Total.SURVEY_LC1_1H
0,0,CV.Total.SURVEY_LU1_1U1
NA,0.02015053,CV.Total.SURVEY_LU1_1U2
NA,0.0001872358,CV.Total.SURVEY_LU1_1U3
NA,0.00583404,CV.Total.SURVEY_LU1_1U4
NA,  0,CV.Total.SURVEY_LC1_2A1
NA,  0,CV.Total.SURVEY_LC1_2A2
NA,0.01792903,CV.Total.SURVEY_LC1_2A3
NA,  0,CV.Total.SURVEY_LC1_2B1
NA,  0,CV.Total.SURVEY_LC1_2B2
NA,  0,CV.Total.SURVEY_LC1_2B3
NA,  0,CV.Total.SURVEY_LC1_2B4
NA,  0,CV.Total.SURVEY_LC1_2B5
NA,  0,CV.Total.SURVEY_LC1_2B7
NA,  0,CV.Total.SURVEY_LC1_2B8
  0,NA,CV.Total.SURVEY_LC1_2Bx
NA,0.0334299,CV.Total.SURVEY_LC1_2C1
NA,0.00498524,CV.Total.SURVEY_LC1_2C2
NA,0.002524628,CV.Total.SURVEY_LC1_2C3
NA,0.02139952,CV.Total.SURVEY_LC1_2D1
NA,0.0293732,CV.Total.SURVEY_LC1_2D2
NA,  0,CV.Total.SURVEY_LC1_2E1
NA,0.007272765,CV.Total.SURVEY_LC1_2E2
NA,  0,CV.Total.SURVEY_LC1_2E3
NA,  0,CV.Total.SURVEY_LC1_2F1
NA,  0,CV.Total.SURVEY_LC1_2F2
NA,  0,CV.Total.SURVEY_LC1_2F4
NA,  0,CV.Total.SURVEY_LC1_2G1
NA,  0,CV.Total.SURVEY_LC1_2H1
NA,  0,CV.Total.SURVEY_LC1_2H2
0,0,CV.Total.SURVEY_LU1_2U11
NA,  0,CV.Total.SURVEY_LU1_2U12
NA,  0,CV.Total.SURVEY_LU1_2U14
NA,0.02015053,CV.Total.SURVEY_LU1_2U21
NA,  0,CV.Total.SURVEY_LU1_2U31
NA,0.03947422,CV.Total.SURVEY_LU1_2U32
NA,  0,CV.Total.SURVEY_LU1_2U33
NA,  0,CV.Total.SURVEY_LU1_2U34
NA,  0,CV.Total.SURVEY_LU1_2U35
NA,  0,CV.Total.SURVEY_LU1_2U36
NA,  0,CV.Total.SURVEY_LU1_2U37
NA,  0,CV.Total.SURVEY_LU1_2U41
NA,0.006107568,CV.Total.SURVEY_LU1_2U42
NA,  0,CV.Total.SURVEY_LC1_3A11
NA,  0,CV.Total.SURVEY_LC1_3A13
NA,  0,CV.Total.SURVEY_LC1_3A21
NA,  0,CV.Total.SURVEY_LC1_3A22
NA,0.01792903,CV.Total.SURVEY_LC1_3A30
NA,  0,CV.Total.SURVEY_LC1_3B11
NA,  0,CV.Total.SURVEY_LC1_3B12
NA,  0,CV.Total.SURVEY_LC1_3B13
NA,  0,CV.Total.SURVEY_LC1_3B14
NA,  0,CV.Total.SURVEY_LC1_3B15
NA,  0,CV.Total.SURVEY_LC1_3B19
NA,  0,CV.Total.SURVEY_LC1_3B21
NA,  0,CV.Total.SURVEY_LC1_3B37
NA,  0,CV.Total.SURVEY_LC1_3B41
NA,  0,CV.Total.SURVEY_LC1_3B43
NA,  0,CV.Total.SURVEY_LC1_3B44
NA,  0,CV.Total.SURVEY_LC1_3B52
NA,  0,CV.Total.SURVEY_LC1_3B53
NA,  0,CV.Total.SURVEY_LC1_3B54
NA,  0,CV.Total.SURVEY_LC1_3B71
NA,  0,CV.Total.SURVEY_LC1_3B73
NA,  0,CV.Total.SURVEY_LC1_3B74
NA,  0,CV.Total.SURVEY_LC1_3B75
NA,  0,CV.Total.SURVEY_LC1_3B76
NA,  0,CV.Total.SURVEY_LC1_3B77
NA,  0,CV.Total.SURVEY_LC1_3B81
NA,  0,CV.Total.SURVEY_LC1_3B82
NA,  0,CV.Total.SURVEY_LC1_3B84
  0,NA,CV.Total.SURVEY_LC1_3Bx1
  0,NA,CV.Total.SURVEY_LC1_3Bx2
NA,0.0334299,CV.Total.SURVEY_LC1_3C10
NA,0.005038139,CV.Total.SURVEY_LC1_3C22
NA,  0,CV.Total.SURVEY_LC1_3C23
NA,  0,CV.Total.SURVEY_LC1_3C32
NA,0.01570112,CV.Total.SURVEY_LC1_3C33
NA,0.02139952,CV.Total.SURVEY_LC1_3D10
NA,0.0293732,CV.Total.SURVEY_LC1_3D20
NA,  0,CV.Total.SURVEY_LC1_3E10
NA,0.007272765,CV.Total.SURVEY_LC1_3E20
NA,  0,CV.Total.SURVEY_LC1_3E30
NA,  0,CV.Total.SURVEY_LC1_3F10
NA,  0,CV.Total.SURVEY_LC1_3F20
NA,  0,CV.Total.SURVEY_LC1_3F40
NA,  0,CV.Total.SURVEY_LC1_3G11
NA,  0,CV.Total.SURVEY_LC1_3G12
NA,  0,CV.Total.SURVEY_LC1_3H11
NA,  0,CV.Total.SURVEY_LC1_3H22
NA,  0,CV.Total.SURVEY_LU1_3U111
NA,  0,CV.Total.SURVEY_LU1_3U112
0,0,CV.Total.SURVEY_LU1_3U113
NA,  0,CV.Total.SURVEY_LU1_3U120
NA,  0,CV.Total.SURVEY_LU1_3U140
NA,0.02015053,CV.Total.SURVEY_LU1_3U210
NA,  0,CV.Total.SURVEY_LU1_3U312
NA,  0,CV.Total.SURVEY_LU1_3U314
NA,  0,CV.Total.SURVEY_LU1_3U316
NA,  0,CV.Total.SURVEY_LU1_3U317
NA,  0,CV.Total.SURVEY_LU1_3U318
NA,0.04533039,CV.Total.SURVEY_LU1_3U321
NA,  0,CV.Total.SURVEY_LU1_3U322
NA,  0,CV.Total.SURVEY_LU1_3U330
NA,  0,CV.Total.SURVEY_LU1_3U341
NA,  0,CV.Total.SURVEY_LU1_3U342
NA,  0,CV.Total.SURVEY_LU1_3U350
NA,  0,CV.Total.SURVEY_LU1_3U361
NA,  0,CV.Total.SURVEY_LU1_3U362
NA,  0,CV.Total.SURVEY_LU1_3U370
NA,  0,CV.Total.SURVEY_LU1_3U413
NA,  0,CV.Total.SURVEY_LU1_3U414
NA,  0,CV.Total.SURVEY_LU1_3U415
NA,0.006107568,CV.Total.SURVEY_LU1_3U420
0.000000000,0.003901192,CV.Total.settlement0
NA,0.0003231019,CV.Total.settlement1
NA,0.0003231019,CV.Total.settl_pc
0.000000000,0.003523771,CV.Total.fao_class_name0
NA,0.003976563,CV.Total.fao_class_name1
NA,0.02093638,CV.Total.fao_class_name2
NA,  0,CV.Total.fao_class_name3
0.000000000,0.003185444,CV.Total.lue0
NA,  0,CV.Total.lue1
0.000000000,0.002800464,CV.Total.lud0
NA,0.0009032052,CV.Total.lud1
