No,Yes,variable
 42127.9,315438.0,Total.area
   45.92719,27661.83145,Total.SURVEY_LC1_1A
35870.45,63442.59,Total.SURVEY_LC1_1B
  6160.886,116586.047,Total.SURVEY_LC1_1C
  14.74536,3937.91624,Total.SURVEY_LC1_1D
   25.8692,76377.9662,Total.SURVEY_LC1_1E
    6.065288,19470.216429,Total.SURVEY_LC1_1F
   0.000,6206.185,Total.SURVEY_LC1_1G
   3.954363,1755.287305,Total.SURVEY_LC1_1H
 41573.49,249806.35,Total.SURVEY_LU1_1U1
   0.000,1645.663,Total.SURVEY_LU1_1U2
  264.2147,49687.7228,Total.SURVEY_LU1_1U3
  290.1908,14298.3025,Total.SURVEY_LU1_1U4
   0.000,8628.075,Total.SURVEY_LC1_2A1
   45.92719,17302.20679,Total.SURVEY_LC1_2A2
   0.00,1731.55,Total.SURVEY_LC1_2A3
    0.00,38714.68,Total.SURVEY_LC1_2B1
   0.000,3858.984,Total.SURVEY_LC1_2B2
   0.000,8822.579,Total.SURVEY_LC1_2B3
   0.000,1470.702,Total.SURVEY_LC1_2B4
   0.000,6776.341,Total.SURVEY_LC1_2B5
   0.000,2608.573,Total.SURVEY_LC1_2B7
   0.000,1190.729,Total.SURVEY_LC1_2B8
35870.45,    0.00,Total.SURVEY_LC1_2Bx
  324.155,52999.733,Total.SURVEY_LC1_2C1
 3094.58,42833.50,Total.SURVEY_LC1_2C2
 2737.761,20752.811,Total.SURVEY_LC1_2C3
4.38896,0.00000,Total.SURVEY_LC1_2Cx
  10.85705,1990.40360,Total.SURVEY_LC1_2D1
   3.888311,1947.512638,Total.SURVEY_LC1_2D2
   0.000,4805.506,Total.SURVEY_LC1_2E1
   21.8652,66705.4488,Total.SURVEY_LC1_2E2
   0.000,4867.012,Total.SURVEY_LC1_2E3
4.004001,0.000000,Total.SURVEY_LC1_2Ex
  0.0000,252.7599,Total.SURVEY_LC1_2F1
  0.0000,523.4543,Total.SURVEY_LC1_2F2
    6.065288,18694.002167,Total.SURVEY_LC1_2F4
   0.000,4582.017,Total.SURVEY_LC1_2G1
   0.00,1615.02,Total.SURVEY_LC1_2G2
0.000000,9.147514,Total.SURVEY_LC1_2G4
   0.000,1540.995,Total.SURVEY_LC1_2H1
  0.0000,214.2924,Total.SURVEY_LC1_2H2
3.954363,0.000000,Total.SURVEY_LC1_2Hx
 35923.48,144253.35,Total.SURVEY_LU1_2U11
  5646.046,103625.475,Total.SURVEY_LU1_2U12
  0.0000,363.1144,Total.SURVEY_LU1_2U13
   3.963249,1535.233354,Total.SURVEY_LU1_2U14
 0.00000,29.17764,Total.SURVEY_LU1_2U15
  0.0000,406.5982,Total.SURVEY_LU1_2U21
   0.000,1239.064,Total.SURVEY_LU1_2U22
   16.40727,17792.67751,Total.SURVEY_LU1_2U31
  0.0000,730.9529,Total.SURVEY_LU1_2U32
  0.0000,512.6375,Total.SURVEY_LU1_2U33
  12.37604,2643.27118,Total.SURVEY_LU1_2U34
  58.10065,3777.24883,Total.SURVEY_LU1_2U35
 109.9333,7230.9789,Total.SURVEY_LU1_2U36
   67.39752,16999.95600,Total.SURVEY_LU1_2U37
  20.01744,1217.00382,Total.SURVEY_LU1_2U41
  270.1733,13081.2987,Total.SURVEY_LU1_2U42
   0.000,7922.198,Total.SURVEY_LC1_3A11
  0.0000,654.1217,Total.SURVEY_LC1_3A12
 0.00000,51.75512,Total.SURVEY_LC1_3A13
   0.000,6468.173,Total.SURVEY_LC1_3A21
    0.00,10834.03,Total.SURVEY_LC1_3A22
45.92719, 0.00000,Total.SURVEY_LC1_3A2x
   0.00,1731.55,Total.SURVEY_LC1_3A30
    0.00,14079.25,Total.SURVEY_LC1_3B11
  0.0000,197.3521,Total.SURVEY_LC1_3B12
   0.000,6250.166,Total.SURVEY_LC1_3B13
   0.00,2554.49,Total.SURVEY_LC1_3B14
  0.0000,794.4129,Total.SURVEY_LC1_3B15
    0.00,13201.72,Total.SURVEY_LC1_3B16
   0.000,1526.851,Total.SURVEY_LC1_3B18
  0.0000,110.4414,Total.SURVEY_LC1_3B19
   0.000,1322.694,Total.SURVEY_LC1_3B21
   0.000,2143.148,Total.SURVEY_LC1_3B22
  0.0000,393.1418,Total.SURVEY_LC1_3B23
  0.0000,433.5056,Total.SURVEY_LC1_3B31
   0.000,6416.819,Total.SURVEY_LC1_3B32
  0.0000,391.4463,Total.SURVEY_LC1_3B33
   0.000,1350.709,Total.SURVEY_LC1_3B35
0.000000,4.705789,Total.SURVEY_LC1_3B36
  0.0000,225.3934,Total.SURVEY_LC1_3B37
  0.0000,791.5308,Total.SURVEY_LC1_3B41
  0.0000,491.5916,Total.SURVEY_LC1_3B43
 0.00000,88.13723,Total.SURVEY_LC1_3B44
 0.00000,99.44251,Total.SURVEY_LC1_3B45
  0.0000,640.9486,Total.SURVEY_LC1_3B51
  0.0000,527.3283,Total.SURVEY_LC1_3B52
   0.000,2777.218,Total.SURVEY_LC1_3B53
  0.0000,115.2711,Total.SURVEY_LC1_3B54
   0.000,2715.575,Total.SURVEY_LC1_3B55
   0.000,1587.969,Total.SURVEY_LC1_3B71
  0.0000,165.4304,Total.SURVEY_LC1_3B72
  0.0000,372.6808,Total.SURVEY_LC1_3B73
  0.0000,186.1089,Total.SURVEY_LC1_3B74
  0.0000,296.3836,Total.SURVEY_LC1_3B75
  0.0000,915.9163,Total.SURVEY_LC1_3B82
  0.0000,231.2036,Total.SURVEY_LC1_3B83
 0.00000,43.60956,Total.SURVEY_LC1_3B84
35029.78,    0.00,Total.SURVEY_LC1_3Bx1
819.6773,  0.0000,Total.SURVEY_LC1_3Bx2
20.98725, 0.00000,Total.SURVEY_LC1_3Bxx
    0.00,52999.73,Total.SURVEY_LC1_3C10
324.155,  0.000,Total.SURVEY_LC1_3C1x
    0.00,22904.98,Total.SURVEY_LC1_3C21
    0.00,15838.68,Total.SURVEY_LC1_3C22
   0.000,4089.844,Total.SURVEY_LC1_3C23
3094.58,   0.00,Total.SURVEY_LC1_3C2x
   0.000,7967.676,Total.SURVEY_LC1_3C31
   0.000,6206.461,Total.SURVEY_LC1_3C32
   0.000,6578.674,Total.SURVEY_LC1_3C33
2737.761,   0.000,Total.SURVEY_LC1_3C3x
4.38896,0.00000,Total.SURVEY_LC1_3Cxx
   0.000,1990.404,Total.SURVEY_LC1_3D10
10.85705, 0.00000,Total.SURVEY_LC1_3D1x
   0.000,1947.513,Total.SURVEY_LC1_3D20
3.888311,0.000000,Total.SURVEY_LC1_3D2x
   0.000,4805.506,Total.SURVEY_LC1_3E10
    0.00,66705.45,Total.SURVEY_LC1_3E20
21.8652, 0.0000,Total.SURVEY_LC1_3E2x
   0.000,4867.012,Total.SURVEY_LC1_3E30
4.004001,0.000000,Total.SURVEY_LC1_3Exx
  0.0000,252.7599,Total.SURVEY_LC1_3F10
  0.0000,523.4543,Total.SURVEY_LC1_3F20
    0,18694,Total.SURVEY_LC1_3F40
6.065288,0.000000,Total.SURVEY_LC1_3F4x
   0.000,4582.017,Total.SURVEY_LC1_3G11
   0.00,1605.66,Total.SURVEY_LC1_3G21
0.000000,9.359781,Total.SURVEY_LC1_3G22
0.000000,9.147514,Total.SURVEY_LC1_3G40
   0.000,1126.901,Total.SURVEY_LC1_3H11
  0.0000,414.0944,Total.SURVEY_LC1_3H12
  0.0000,143.0626,Total.SURVEY_LC1_3H21
 0.00000,71.22974,Total.SURVEY_LC1_3H23
3.954363,0.000000,Total.SURVEY_LC1_3Hxx
 35688.68,142151.89,Total.SURVEY_LU1_3U111
   5.670145,1281.818803,Total.SURVEY_LU1_3U112
229.1263,819.6344,Total.SURVEY_LU1_3U113
  5646.046,103625.475,Total.SURVEY_LU1_3U120
  0.0000,363.1144,Total.SURVEY_LU1_3U130
   3.963249,1535.233354,Total.SURVEY_LU1_3U140
 0.00000,29.17764,Total.SURVEY_LU1_3U150
  0.0000,406.5982,Total.SURVEY_LU1_3U210
 0.00000,60.78002,Total.SURVEY_LU1_3U221
 0.00000,39.24036,Total.SURVEY_LU1_3U222
  0.0000,254.4619,Total.SURVEY_LU1_3U223
  0.0000,102.0531,Total.SURVEY_LU1_3U224
  0.0000,181.4918,Total.SURVEY_LU1_3U225
  0.0000,342.3816,Total.SURVEY_LU1_3U226
  0.0000,249.9416,Total.SURVEY_LU1_3U227
0.000,8.714,Total.SURVEY_LU1_3U228
  0.0000,741.6594,Total.SURVEY_LU1_3U311
    8.360156,13096.122659,Total.SURVEY_LU1_3U312
   0.000,1275.284,Total.SURVEY_LU1_3U313
  3.988889,260.463223,Total.SURVEY_LU1_3U314
 0.00000,14.76882,Total.SURVEY_LU1_3U316
  4.05822,765.68682,Total.SURVEY_LU1_3U317
  0.0000,366.2883,Total.SURVEY_LU1_3U318
   0.000,1272.404,Total.SURVEY_LU1_3U319
  0.0000,428.4995,Total.SURVEY_LU1_3U321
  0.0000,302.4535,Total.SURVEY_LU1_3U322
  0.0000,512.6375,Total.SURVEY_LU1_3U330
  12.37604,2469.29554,Total.SURVEY_LU1_3U341
  0.0000,173.9756,Total.SURVEY_LU1_3U342
  58.10065,3777.24883,Total.SURVEY_LU1_3U350
  99.04975,5761.89695,Total.SURVEY_LU1_3U361
  10.88351,1469.08196,Total.SURVEY_LU1_3U362
   67.39752,16999.95600,Total.SURVEY_LU1_3U370
  0.0000,132.3297,Total.SURVEY_LU1_3U411
 0.00000,47.67914,Total.SURVEY_LU1_3U412
 0.00000,31.60339,Total.SURVEY_LU1_3U413
  0.0000,109.7967,Total.SURVEY_LU1_3U414
 20.01744,895.59491,Total.SURVEY_LU1_3U415
  270.1733,13081.2987,Total.SURVEY_LU1_3U420
 41962.73,269262.11,Total.settlement0
  165.165,46175.924,Total.settlement1
0.001957886,0.547375019,Total.settl_pc
 36183.56,202604.43,Total.fao_class_name0
  5831.581,107056.748,Total.fao_class_name1
  23.25305,1870.83333,Total.fao_class_name2
  89.4965,3906.0265,Total.fao_class_name3
 41880.09,284786.58,Total.lue0
  247.8075,30651.4549,Total.lue1
 42107.53,293220.87,Total.lud0
   20.37051,22217.16384,Total.lud1
705.3643,702.1413,SE.Total.area
 25.79968,230.74924,SE.Total.SURVEY_LC1_1A
375.8004,393.5748,SE.Total.SURVEY_LC1_1B
597.1264,852.3234,SE.Total.SURVEY_LC1_1C
  4.251883,336.127528,SE.Total.SURVEY_LC1_1D
  6.014385,610.621371,SE.Total.SURVEY_LC1_1E
  3.517677,322.117760,SE.Total.SURVEY_LC1_1F
 0.00000,52.58796,SE.Total.SURVEY_LC1_1G
 0.00000,63.63102,SE.Total.SURVEY_LC1_1H
704.0048,886.0496,SE.Total.SURVEY_LU1_1U1
  0.0000,109.3996,SE.Total.SURVEY_LU1_1U2
 35.36117,392.54040,SE.Total.SURVEY_LU1_1U3
 32.12362,575.88290,SE.Total.SURVEY_LU1_1U4
  0.0000,313.5979,SE.Total.SURVEY_LC1_2A1
 25.79968,333.94333,SE.Total.SURVEY_LC1_2A2
  0.0000,103.2603,SE.Total.SURVEY_LC1_2A3
  0.0000,350.8539,SE.Total.SURVEY_LC1_2B1
  0.0000,130.9448,SE.Total.SURVEY_LC1_2B2
  0.0000,190.6084,SE.Total.SURVEY_LC1_2B3
 0.00000,81.05231,SE.Total.SURVEY_LC1_2B4
  0.0000,155.8163,SE.Total.SURVEY_LC1_2B5
 0.00000,83.56636,SE.Total.SURVEY_LC1_2B7
 0.00000,64.41955,SE.Total.SURVEY_LC1_2B8
375.8004,  0.0000,SE.Total.SURVEY_LC1_2Bx
 301.7161,1379.5318,SE.Total.SURVEY_LC1_2C1
 502.0822,1383.0245,SE.Total.SURVEY_LC1_2C2
 470.3618,1073.8783,SE.Total.SURVEY_LC1_2C3
0,0,SE.Total.SURVEY_LC1_2Cx
  4.251883,323.766663,SE.Total.SURVEY_LC1_2D1
 0.00000,92.23031,SE.Total.SURVEY_LC1_2D2
  0.0000,308.9797,SE.Total.SURVEY_LC1_2E1
  6.014385,486.500320,SE.Total.SURVEY_LC1_2E2
  0.0000,323.3469,SE.Total.SURVEY_LC1_2E3
0,0,SE.Total.SURVEY_LC1_2Ex
0.000000,8.848077,SE.Total.SURVEY_LC1_2F1
 0.0000,25.9601,SE.Total.SURVEY_LC1_2F2
  3.517677,321.130458,SE.Total.SURVEY_LC1_2F4
 0.00000,61.64138,SE.Total.SURVEY_LC1_2G1
 0.00000,53.29397,SE.Total.SURVEY_LC1_2G2
0,0,SE.Total.SURVEY_LC1_2G4
 0.00000,63.63102,SE.Total.SURVEY_LC1_2H1
0,0,SE.Total.SURVEY_LC1_2H2
0,0,SE.Total.SURVEY_LC1_2Hx
376.6891,568.1456,SE.Total.SURVEY_LU1_2U11
595.5321,829.0725,SE.Total.SURVEY_LU1_2U12
 0.00000,42.03096,SE.Total.SURVEY_LU1_2U13
 0.0000,57.0451,SE.Total.SURVEY_LU1_2U14
0.000000,2.644619,SE.Total.SURVEY_LU1_2U15
 0.00000,33.23719,SE.Total.SURVEY_LU1_2U21
  0.0000,104.3807,SE.Total.SURVEY_LU1_2U22
  5.911523,360.069103,SE.Total.SURVEY_LU1_2U31
 0.00000,71.84683,SE.Total.SURVEY_LU1_2U32
 0.00000,55.26342,SE.Total.SURVEY_LU1_2U33
  6.113135,187.355064,SE.Total.SURVEY_LU1_2U34
 15.27497,199.78514,SE.Total.SURVEY_LU1_2U35
 22.64986,240.13257,SE.Total.SURVEY_LU1_2U36
 21.12711,357.05199,SE.Total.SURVEY_LU1_2U37
  0.0000,136.1868,SE.Total.SURVEY_LU1_2U41
 32.12362,560.79492,SE.Total.SURVEY_LU1_2U42
  0.0000,312.0461,SE.Total.SURVEY_LC1_3A11
 0.00000,94.37631,SE.Total.SURVEY_LC1_3A12
0.000000,9.018341,SE.Total.SURVEY_LC1_3A13
  0.000,281.443,SE.Total.SURVEY_LC1_3A21
  0.0000,302.2831,SE.Total.SURVEY_LC1_3A22
25.79968, 0.00000,SE.Total.SURVEY_LC1_3A2x
  0.0000,103.2603,SE.Total.SURVEY_LC1_3A30
  0.0000,229.6669,SE.Total.SURVEY_LC1_3B11
 0.0000,25.0281,SE.Total.SURVEY_LC1_3B12
  0.0000,155.6935,SE.Total.SURVEY_LC1_3B13
  0.0000,117.3174,SE.Total.SURVEY_LC1_3B14
 0.00000,48.27361,SE.Total.SURVEY_LC1_3B15
  0.0000,229.8136,SE.Total.SURVEY_LC1_3B16
 0.00000,87.95279,SE.Total.SURVEY_LC1_3B18
 0.00000,20.42286,SE.Total.SURVEY_LC1_3B19
 0.00000,80.82577,SE.Total.SURVEY_LC1_3B21
 0.00000,97.52111,SE.Total.SURVEY_LC1_3B22
 0.00000,40.94711,SE.Total.SURVEY_LC1_3B23
 0.00000,49.64525,SE.Total.SURVEY_LC1_3B31
  0.0000,167.7356,SE.Total.SURVEY_LC1_3B32
 0.00000,40.57103,SE.Total.SURVEY_LC1_3B33
 0.0000,68.8421,SE.Total.SURVEY_LC1_3B35
0.000000,1.842309,SE.Total.SURVEY_LC1_3B36
 0.00000,21.97924,SE.Total.SURVEY_LC1_3B37
 0.00000,65.74603,SE.Total.SURVEY_LC1_3B41
 0.00000,41.64309,SE.Total.SURVEY_LC1_3B43
 0.00000,12.37298,SE.Total.SURVEY_LC1_3B44
 0.00000,19.74716,SE.Total.SURVEY_LC1_3B45
 0.00000,42.95931,SE.Total.SURVEY_LC1_3B51
 0.00000,42.62577,SE.Total.SURVEY_LC1_3B52
  0.0000,102.5254,SE.Total.SURVEY_LC1_3B53
 0.00000,23.71319,SE.Total.SURVEY_LC1_3B54
  0.0000,103.9996,SE.Total.SURVEY_LC1_3B55
 0.00000,73.64347,SE.Total.SURVEY_LC1_3B71
 0.00000,15.00679,SE.Total.SURVEY_LC1_3B72
 0.00000,31.67556,SE.Total.SURVEY_LC1_3B73
 0.00000,25.88675,SE.Total.SURVEY_LC1_3B74
 0.00000,24.88593,SE.Total.SURVEY_LC1_3B75
 0.00000,58.49432,SE.Total.SURVEY_LC1_3B82
 0.00000,24.65344,SE.Total.SURVEY_LC1_3B83
 0.0000,11.0202,SE.Total.SURVEY_LC1_3B84
369.8324,  0.0000,SE.Total.SURVEY_LC1_3Bx1
69.71426, 0.00000,SE.Total.SURVEY_LC1_3Bx2
8.908885,0.000000,SE.Total.SURVEY_LC1_3Bxx
   0.000,1379.532,SE.Total.SURVEY_LC1_3C10
301.7161,  0.0000,SE.Total.SURVEY_LC1_3C1x
   0.000,1152.664,SE.Total.SURVEY_LC1_3C21
  0.0000,989.5457,SE.Total.SURVEY_LC1_3C22
  0.0000,523.0809,SE.Total.SURVEY_LC1_3C23
502.0822,  0.0000,SE.Total.SURVEY_LC1_3C2x
  0.0000,593.2375,SE.Total.SURVEY_LC1_3C31
  0.0000,664.5053,SE.Total.SURVEY_LC1_3C32
  0.0000,695.4317,SE.Total.SURVEY_LC1_3C33
470.3618,  0.0000,SE.Total.SURVEY_LC1_3C3x
0,0,SE.Total.SURVEY_LC1_3Cxx
  0.0000,323.7667,SE.Total.SURVEY_LC1_3D10
4.251883,0.000000,SE.Total.SURVEY_LC1_3D1x
 0.00000,92.23031,SE.Total.SURVEY_LC1_3D20
0,0,SE.Total.SURVEY_LC1_3D2x
  0.0000,308.9797,SE.Total.SURVEY_LC1_3E10
  0.0000,486.5003,SE.Total.SURVEY_LC1_3E20
6.014385,0.000000,SE.Total.SURVEY_LC1_3E2x
  0.0000,323.3469,SE.Total.SURVEY_LC1_3E30
0,0,SE.Total.SURVEY_LC1_3Exx
0.000000,8.848077,SE.Total.SURVEY_LC1_3F10
 0.0000,25.9601,SE.Total.SURVEY_LC1_3F20
  0.0000,321.1305,SE.Total.SURVEY_LC1_3F40
3.517677,0.000000,SE.Total.SURVEY_LC1_3F4x
 0.00000,61.64138,SE.Total.SURVEY_LC1_3G11
 0.00000,53.24267,SE.Total.SURVEY_LC1_3G21
0.000000,2.699516,SE.Total.SURVEY_LC1_3G22
0,0,SE.Total.SURVEY_LC1_3G40
 0.00000,62.73836,SE.Total.SURVEY_LC1_3H11
 0.00000,10.62619,SE.Total.SURVEY_LC1_3H12
0,0,SE.Total.SURVEY_LC1_3H21
0,0,SE.Total.SURVEY_LC1_3H23
0,0,SE.Total.SURVEY_LC1_3Hxx
374.7430,567.7903,SE.Total.SURVEY_LU1_3U111
 3.094634,69.215651,SE.Total.SURVEY_LU1_3U112
39.41238,29.84083,SE.Total.SURVEY_LU1_3U113
595.5321,829.0725,SE.Total.SURVEY_LU1_3U120
 0.00000,42.03096,SE.Total.SURVEY_LU1_3U130
 0.0000,57.0451,SE.Total.SURVEY_LU1_3U140
0.000000,2.644619,SE.Total.SURVEY_LU1_3U150
 0.00000,33.23719,SE.Total.SURVEY_LU1_3U210
 0.00000,19.54988,SE.Total.SURVEY_LU1_3U221
 0.00000,14.94385,SE.Total.SURVEY_LU1_3U222
 0.00000,54.59053,SE.Total.SURVEY_LU1_3U223
 0.00000,29.97481,SE.Total.SURVEY_LU1_3U224
 0.00000,28.77386,SE.Total.SURVEY_LU1_3U225
 0.00000,54.85559,SE.Total.SURVEY_LU1_3U226
 0.00000,54.15154,SE.Total.SURVEY_LU1_3U227
0.000000,2.039316,SE.Total.SURVEY_LU1_3U228
 0.00000,53.70066,SE.Total.SURVEY_LU1_3U311
  5.911523,320.653859,SE.Total.SURVEY_LU1_3U312
  0.0000,115.2067,SE.Total.SURVEY_LU1_3U313
 0.00000,20.46334,SE.Total.SURVEY_LU1_3U314
0.00000,4.32799,SE.Total.SURVEY_LU1_3U316
 0.00000,70.61844,SE.Total.SURVEY_LU1_3U317
 0.00000,43.32156,SE.Total.SURVEY_LU1_3U318
 0.00000,99.05549,SE.Total.SURVEY_LU1_3U319
 0.00000,45.72006,SE.Total.SURVEY_LU1_3U321
 0.00000,55.42241,SE.Total.SURVEY_LU1_3U322
 0.00000,55.26342,SE.Total.SURVEY_LU1_3U330
  6.113135,183.137739,SE.Total.SURVEY_LU1_3U341
 0.00000,43.48081,SE.Total.SURVEY_LU1_3U342
 15.27497,199.78514,SE.Total.SURVEY_LU1_3U350
 22.27441,230.51265,SE.Total.SURVEY_LU1_3U361
  4.106956,102.255821,SE.Total.SURVEY_LU1_3U362
 21.12711,357.05199,SE.Total.SURVEY_LU1_3U370
 0.00000,15.86055,SE.Total.SURVEY_LU1_3U411
 0.00000,21.47617,SE.Total.SURVEY_LU1_3U412
 0.00000,14.87508,SE.Total.SURVEY_LU1_3U413
 0.00000,33.30403,SE.Total.SURVEY_LU1_3U414
  0.0000,128.5953,SE.Total.SURVEY_LU1_3U415
 32.12362,560.79492,SE.Total.SURVEY_LU1_3U420
704.8457,757.5893,SE.Total.settlement0
 27.67131,305.67260,SE.Total.settlement1
0.000328019,0.003623480,SE.Total.settl_pc
379.9999,607.7794,SE.Total.fao_class_name0
594.7537,906.7826,SE.Total.fao_class_name1
 11.75231,513.21715,SE.Total.fao_class_name2
 19.59195,164.12647,SE.Total.fao_class_name3
704.5398,818.8307,SE.Total.lue0
 34.86353,432.89097,SE.Total.lue1
705.3396,792.0934,SE.Total.lud0
  5.911523,372.578361,SE.Total.lud1
 40745.41,314061.86,CI.l(95%).Total.area
   -4.639254,27209.571248,CI.l(95%).Total.SURVEY_LC1_1A
35133.89,62671.19,CI.l(95%).Total.SURVEY_LC1_1B
  4990.539,114915.524,CI.l(95%).Total.SURVEY_LC1_1C
   6.411827,3279.118390,CI.l(95%).Total.SURVEY_LC1_1D
   14.08123,75181.17033,CI.l(95%).Total.SURVEY_LC1_1E
   -0.829232,18838.877221,CI.l(95%).Total.SURVEY_LC1_1F
   0.000,6103.114,CI.l(95%).Total.SURVEY_LC1_1G
   3.954363,1630.572796,CI.l(95%).Total.SURVEY_LC1_1H
 40193.67,248069.72,CI.l(95%).Total.SURVEY_LU1_1U1
   0.000,1431.243,CI.l(95%).Total.SURVEY_LU1_1U2
  194.9081,48918.3578,CI.l(95%).Total.SURVEY_LU1_1U3
  227.2296,13169.5927,CI.l(95%).Total.SURVEY_LU1_1U4
   0.000,8013.435,CI.l(95%).Total.SURVEY_LC1_2A1
   -4.639254,16647.689884,CI.l(95%).Total.SURVEY_LC1_2A2
   0.000,1529.163,CI.l(95%).Total.SURVEY_LC1_2A3
    0.00,38027.02,CI.l(95%).Total.SURVEY_LC1_2B1
   0.000,3602.337,CI.l(95%).Total.SURVEY_LC1_2B2
   0.000,8448.993,CI.l(95%).Total.SURVEY_LC1_2B3
   0.000,1311.843,CI.l(95%).Total.SURVEY_LC1_2B4
   0.000,6470.947,CI.l(95%).Total.SURVEY_LC1_2B5
   0.000,2444.786,CI.l(95%).Total.SURVEY_LC1_2B7
   0.000,1064.469,CI.l(95%).Total.SURVEY_LC1_2B8
35133.89,    0.00,CI.l(95%).Total.SURVEY_LC1_2Bx
 -267.1976,50295.9006,CI.l(95%).Total.SURVEY_LC1_2C1
 2110.518,40122.825,CI.l(95%).Total.SURVEY_LC1_2C2
 1815.869,18648.049,CI.l(95%).Total.SURVEY_LC1_2C3
4.38896,0.00000,CI.l(95%).Total.SURVEY_LC1_2Cx
   2.523517,1355.832602,CI.l(95%).Total.SURVEY_LC1_2D1
   3.888311,1766.744558,CI.l(95%).Total.SURVEY_LC1_2D2
   0.000,4199.917,CI.l(95%).Total.SURVEY_LC1_2E1
   10.07722,65751.92569,CI.l(95%).Total.SURVEY_LC1_2E2
   0.000,4233.263,CI.l(95%).Total.SURVEY_LC1_2E3
4.004001,0.000000,CI.l(95%).Total.SURVEY_LC1_2Ex
  0.000,235.418,CI.l(95%).Total.SURVEY_LC1_2F1
  0.0000,472.5735,CI.l(95%).Total.SURVEY_LC1_2F2
   -0.829232,18064.598035,CI.l(95%).Total.SURVEY_LC1_2F4
   0.000,4461.202,CI.l(95%).Total.SURVEY_LC1_2G1
   0.000,1510.566,CI.l(95%).Total.SURVEY_LC1_2G2
0.000000,9.147514,CI.l(95%).Total.SURVEY_LC1_2G4
   0.00,1416.28,CI.l(95%).Total.SURVEY_LC1_2H1
  0.0000,214.2924,CI.l(95%).Total.SURVEY_LC1_2H2
3.954363,0.000000,CI.l(95%).Total.SURVEY_LC1_2Hx
 35185.18,143139.80,CI.l(95%).Total.SURVEY_LU1_2U11
  4478.824,102000.523,CI.l(95%).Total.SURVEY_LU1_2U12
  0.0000,280.7353,CI.l(95%).Total.SURVEY_LU1_2U13
   3.963249,1423.427005,CI.l(95%).Total.SURVEY_LU1_2U14
 0.00000,23.99428,CI.l(95%).Total.SURVEY_LU1_2U15
  0.0000,341.4545,CI.l(95%).Total.SURVEY_LU1_2U21
   0.000,1034.482,CI.l(95%).Total.SURVEY_LU1_2U22
    4.820893,17086.955040,CI.l(95%).Total.SURVEY_LU1_2U31
  0.0000,590.1357,CI.l(95%).Total.SURVEY_LU1_2U32
  0.0000,404.3231,CI.l(95%).Total.SURVEY_LU1_2U33
   0.394517,2276.062007,CI.l(95%).Total.SURVEY_LU1_2U34
  28.16226,3385.67714,CI.l(95%).Total.SURVEY_LU1_2U35
  65.54033,6760.32772,CI.l(95%).Total.SURVEY_LU1_2U36
   25.98914,16300.14697,CI.l(95%).Total.SURVEY_LU1_2U37
 20.01744,950.08254,CI.l(95%).Total.SURVEY_LU1_2U41
  207.2122,11982.1608,CI.l(95%).Total.SURVEY_LU1_2U42
   0.000,7310.599,CI.l(95%).Total.SURVEY_LC1_3A11
  0.0000,469.1475,CI.l(95%).Total.SURVEY_LC1_3A12
 0.0000,34.0795,CI.l(95%).Total.SURVEY_LC1_3A13
   0.000,5916.555,CI.l(95%).Total.SURVEY_LC1_3A21
    0.00,10241.57,CI.l(95%).Total.SURVEY_LC1_3A22
-4.639254, 0.000000,CI.l(95%).Total.SURVEY_LC1_3A2x
   0.000,1529.163,CI.l(95%).Total.SURVEY_LC1_3A30
    0.00,13629.11,CI.l(95%).Total.SURVEY_LC1_3B11
  0.000,148.298,CI.l(95%).Total.SURVEY_LC1_3B12
   0.000,5945.012,CI.l(95%).Total.SURVEY_LC1_3B13
   0.000,2324.552,CI.l(95%).Total.SURVEY_LC1_3B14
  0.0000,699.7984,CI.l(95%).Total.SURVEY_LC1_3B15
    0.00,12751.29,CI.l(95%).Total.SURVEY_LC1_3B16
   0.000,1354.467,CI.l(95%).Total.SURVEY_LC1_3B18
 0.00000,70.41334,CI.l(95%).Total.SURVEY_LC1_3B19
   0.000,1164.279,CI.l(95%).Total.SURVEY_LC1_3B21
   0.00,1952.01,CI.l(95%).Total.SURVEY_LC1_3B22
  0.000,312.887,CI.l(95%).Total.SURVEY_LC1_3B23
  0.0000,336.2027,CI.l(95%).Total.SURVEY_LC1_3B31
   0.000,6088.063,CI.l(95%).Total.SURVEY_LC1_3B32
  0.0000,311.9285,CI.l(95%).Total.SURVEY_LC1_3B33
   0.000,1215.781,CI.l(95%).Total.SURVEY_LC1_3B35
0.00000,1.09493,CI.l(95%).Total.SURVEY_LC1_3B36
  0.0000,182.3149,CI.l(95%).Total.SURVEY_LC1_3B37
  0.000,662.671,CI.l(95%).Total.SURVEY_LC1_3B41
  0.0000,409.9726,CI.l(95%).Total.SURVEY_LC1_3B43
 0.00000,63.88664,CI.l(95%).Total.SURVEY_LC1_3B44
 0.00000,60.73879,CI.l(95%).Total.SURVEY_LC1_3B45
  0.0000,556.7499,CI.l(95%).Total.SURVEY_LC1_3B51
  0.0000,443.7834,CI.l(95%).Total.SURVEY_LC1_3B52
   0.000,2576.272,CI.l(95%).Total.SURVEY_LC1_3B53
 0.0000,68.7941,CI.l(95%).Total.SURVEY_LC1_3B54
   0.00,2511.74,CI.l(95%).Total.SURVEY_LC1_3B55
   0.00,1443.63,CI.l(95%).Total.SURVEY_LC1_3B71
  0.0000,136.0177,CI.l(95%).Total.SURVEY_LC1_3B72
  0.0000,310.5979,CI.l(95%).Total.SURVEY_LC1_3B73
  0.0000,135.3718,CI.l(95%).Total.SURVEY_LC1_3B74
  0.000,247.608,CI.l(95%).Total.SURVEY_LC1_3B75
  0.0000,801.2696,CI.l(95%).Total.SURVEY_LC1_3B82
  0.0000,182.8837,CI.l(95%).Total.SURVEY_LC1_3B83
 0.00000,22.01036,CI.l(95%).Total.SURVEY_LC1_3B84
34304.93,    0.00,CI.l(95%).Total.SURVEY_LC1_3Bx1
683.0398,  0.0000,CI.l(95%).Total.SURVEY_LC1_3Bx2
3.52616,0.00000,CI.l(95%).Total.SURVEY_LC1_3Bxx
    0.0,50295.9,CI.l(95%).Total.SURVEY_LC1_3C10
-267.1976,   0.0000,CI.l(95%).Total.SURVEY_LC1_3C1x
    0.0,20645.8,CI.l(95%).Total.SURVEY_LC1_3C21
    0.00,13899.21,CI.l(95%).Total.SURVEY_LC1_3C22
   0.000,3064.625,CI.l(95%).Total.SURVEY_LC1_3C23
2110.518,   0.000,CI.l(95%).Total.SURVEY_LC1_3C2x
   0.000,6804.952,CI.l(95%).Total.SURVEY_LC1_3C31
   0.000,4904.055,CI.l(95%).Total.SURVEY_LC1_3C32
   0.000,5215.653,CI.l(95%).Total.SURVEY_LC1_3C33
1815.869,   0.000,CI.l(95%).Total.SURVEY_LC1_3C3x
4.38896,0.00000,CI.l(95%).Total.SURVEY_LC1_3Cxx
   0.000,1355.833,CI.l(95%).Total.SURVEY_LC1_3D10
2.523517,0.000000,CI.l(95%).Total.SURVEY_LC1_3D1x
   0.000,1766.745,CI.l(95%).Total.SURVEY_LC1_3D20
3.888311,0.000000,CI.l(95%).Total.SURVEY_LC1_3D2x
   0.000,4199.917,CI.l(95%).Total.SURVEY_LC1_3E10
    0.00,65751.93,CI.l(95%).Total.SURVEY_LC1_3E20
10.07722, 0.00000,CI.l(95%).Total.SURVEY_LC1_3E2x
   0.000,4233.263,CI.l(95%).Total.SURVEY_LC1_3E30
4.004001,0.000000,CI.l(95%).Total.SURVEY_LC1_3Exx
  0.000,235.418,CI.l(95%).Total.SURVEY_LC1_3F10
  0.0000,472.5735,CI.l(95%).Total.SURVEY_LC1_3F20
    0.0,18064.6,CI.l(95%).Total.SURVEY_LC1_3F40
-0.829232, 0.000000,CI.l(95%).Total.SURVEY_LC1_3F4x
   0.000,4461.202,CI.l(95%).Total.SURVEY_LC1_3G11
   0.000,1501.307,CI.l(95%).Total.SURVEY_LC1_3G21
0.000000,4.068828,CI.l(95%).Total.SURVEY_LC1_3G22
0.000000,9.147514,CI.l(95%).Total.SURVEY_LC1_3G40
   0.000,1003.936,CI.l(95%).Total.SURVEY_LC1_3H11
  0.0000,393.2674,CI.l(95%).Total.SURVEY_LC1_3H12
  0.0000,143.0626,CI.l(95%).Total.SURVEY_LC1_3H21
 0.00000,71.22974,CI.l(95%).Total.SURVEY_LC1_3H23
3.954363,0.000000,CI.l(95%).Total.SURVEY_LC1_3Hxx
 34954.2,141039.0,CI.l(95%).Total.SURVEY_LU1_3U111
  -0.3952257,1146.1586210,CI.l(95%).Total.SURVEY_LU1_3U112
151.8795,761.1474,CI.l(95%).Total.SURVEY_LU1_3U113
  4478.824,102000.523,CI.l(95%).Total.SURVEY_LU1_3U120
  0.0000,280.7353,CI.l(95%).Total.SURVEY_LU1_3U130
   3.963249,1423.427005,CI.l(95%).Total.SURVEY_LU1_3U140
 0.00000,23.99428,CI.l(95%).Total.SURVEY_LU1_3U150
  0.0000,341.4545,CI.l(95%).Total.SURVEY_LU1_3U210
 0.00000,22.46296,CI.l(95%).Total.SURVEY_LU1_3U221
0.00000,9.95096,CI.l(95%).Total.SURVEY_LU1_3U222
  0.0000,147.4664,CI.l(95%).Total.SURVEY_LU1_3U223
 0.00000,43.30359,CI.l(95%).Total.SURVEY_LU1_3U224
  0.0000,125.0961,CI.l(95%).Total.SURVEY_LU1_3U225
  0.0000,234.8666,CI.l(95%).Total.SURVEY_LU1_3U226
  0.0000,143.8066,CI.l(95%).Total.SURVEY_LU1_3U227
0.000000,4.717013,CI.l(95%).Total.SURVEY_LU1_3U228
  0.0000,636.4081,CI.l(95%).Total.SURVEY_LU1_3U311
   -3.226216,12467.652643,CI.l(95%).Total.SURVEY_LU1_3U312
   0.000,1049.483,CI.l(95%).Total.SURVEY_LU1_3U313
  3.988889,220.355811,CI.l(95%).Total.SURVEY_LU1_3U314
0.000000,6.286115,CI.l(95%).Total.SURVEY_LU1_3U316
  4.05822,627.27721,CI.l(95%).Total.SURVEY_LU1_3U317
  0.0000,281.3796,CI.l(95%).Total.SURVEY_LU1_3U318
   0.000,1078.259,CI.l(95%).Total.SURVEY_LU1_3U319
  0.0000,338.8898,CI.l(95%).Total.SURVEY_LU1_3U321
  0.0000,193.8275,CI.l(95%).Total.SURVEY_LU1_3U322
  0.0000,404.3231,CI.l(95%).Total.SURVEY_LU1_3U330
   0.394517,2110.352164,CI.l(95%).Total.SURVEY_LU1_3U341
 0.00000,88.75483,CI.l(95%).Total.SURVEY_LU1_3U342
  28.16226,3385.67714,CI.l(95%).Total.SURVEY_LU1_3U350
  55.39271,5310.10046,CI.l(95%).Total.SURVEY_LU1_3U361
   2.83402,1268.66423,CI.l(95%).Total.SURVEY_LU1_3U362
   25.98914,16300.14697,CI.l(95%).Total.SURVEY_LU1_3U370
  0.0000,101.2436,CI.l(95%).Total.SURVEY_LU1_3U411
0.000000,5.586614,CI.l(95%).Total.SURVEY_LU1_3U412
0.000000,2.448777,CI.l(95%).Total.SURVEY_LU1_3U413
 0.00000,44.52198,CI.l(95%).Total.SURVEY_LU1_3U414
 20.01744,643.55267,CI.l(95%).Total.SURVEY_LU1_3U415
  207.2122,11982.1608,CI.l(95%).Total.SURVEY_LU1_3U420
 40581.26,267777.26,CI.l(95%).Total.settlement0
  110.9302,45576.8171,CI.l(95%).Total.settlement1
0.00131498,0.54027313,CI.l(95%).Total.settl_pc
 35438.78,201413.20,CI.l(95%).Total.fao_class_name0
  4665.886,105279.486,CI.l(95%).Total.fao_class_name1
  0.2189394,864.9462006,CI.l(95%).Total.fao_class_name2
  51.09698,3584.34453,CI.l(95%).Total.fao_class_name3
 40499.22,283181.70,CI.l(95%).Total.lue0
  179.4762,29803.0042,CI.l(95%).Total.lue1
 40725.09,291668.40,CI.l(95%).Total.lud0
    8.784142,21486.923667,CI.l(95%).Total.lud1
 43510.38,316814.21,CI.u(95%).Total.area
   96.49363,28114.09165,CI.u(95%).Total.SURVEY_LC1_1A
36607.00,64213.98,CI.u(95%).Total.SURVEY_LC1_1B
  7331.232,118256.570,CI.u(95%).Total.SURVEY_LC1_1C
  23.0789,4596.7141,CI.u(95%).Total.SURVEY_LC1_1D
   37.65718,77574.76212,CI.u(95%).Total.SURVEY_LC1_1E
   12.95981,20101.55564,CI.u(95%).Total.SURVEY_LC1_1F
   0.000,6309.255,CI.u(95%).Total.SURVEY_LC1_1G
   3.954363,1880.001814,CI.u(95%).Total.SURVEY_LC1_1H
 42953.31,251542.97,CI.u(95%).Total.SURVEY_LU1_1U1
   0.000,1860.082,CI.u(95%).Total.SURVEY_LU1_1U2
  333.5213,50457.0879,CI.u(95%).Total.SURVEY_LU1_1U3
  353.1519,15427.0122,CI.u(95%).Total.SURVEY_LU1_1U4
   0.000,9242.716,CI.u(95%).Total.SURVEY_LC1_2A1
   96.49363,17956.72370,CI.u(95%).Total.SURVEY_LC1_2A2
   0.000,1933.936,CI.u(95%).Total.SURVEY_LC1_2A3
    0.00,39402.34,CI.u(95%).Total.SURVEY_LC1_2B1
   0.000,4115.631,CI.u(95%).Total.SURVEY_LC1_2B2
   0.000,9196.164,CI.u(95%).Total.SURVEY_LC1_2B3
   0.000,1629.562,CI.u(95%).Total.SURVEY_LC1_2B4
   0.000,7081.735,CI.u(95%).Total.SURVEY_LC1_2B5
   0.00,2772.36,CI.u(95%).Total.SURVEY_LC1_2B7
   0.000,1316.989,CI.u(95%).Total.SURVEY_LC1_2B8
36607,    0,CI.u(95%).Total.SURVEY_LC1_2Bx
  915.5076,55703.5658,CI.u(95%).Total.SURVEY_LC1_2C1
 4078.643,45544.181,CI.u(95%).Total.SURVEY_LC1_2C2
 3659.653,22857.574,CI.u(95%).Total.SURVEY_LC1_2C3
4.38896,0.00000,CI.u(95%).Total.SURVEY_LC1_2Cx
  19.19059,2624.97460,CI.u(95%).Total.SURVEY_LC1_2D1
   3.888311,2128.280717,CI.u(95%).Total.SURVEY_LC1_2D2
   0.000,5411.095,CI.u(95%).Total.SURVEY_LC1_2E1
   33.65318,67658.97190,CI.u(95%).Total.SURVEY_LC1_2E2
   0.00,5500.76,CI.u(95%).Total.SURVEY_LC1_2E3
4.004001,0.000000,CI.u(95%).Total.SURVEY_LC1_2Ex
  0.0000,270.1018,CI.u(95%).Total.SURVEY_LC1_2F1
  0.0000,574.3352,CI.u(95%).Total.SURVEY_LC1_2F2
   12.95981,19323.40630,CI.u(95%).Total.SURVEY_LC1_2F4
   0.000,4702.832,CI.u(95%).Total.SURVEY_LC1_2G1
   0.000,1719.474,CI.u(95%).Total.SURVEY_LC1_2G2
0.000000,9.147514,CI.u(95%).Total.SURVEY_LC1_2G4
   0.000,1665.709,CI.u(95%).Total.SURVEY_LC1_2H1
  0.0000,214.2924,CI.u(95%).Total.SURVEY_LC1_2H2
3.954363,0.000000,CI.u(95%).Total.SURVEY_LC1_2Hx
 36661.78,145366.89,CI.u(95%).Total.SURVEY_LU1_2U11
  6813.267,105250.427,CI.u(95%).Total.SURVEY_LU1_2U12
  0.0000,445.4936,CI.u(95%).Total.SURVEY_LU1_2U13
   3.963249,1647.039703,CI.u(95%).Total.SURVEY_LU1_2U14
 0.000,34.361,CI.u(95%).Total.SURVEY_LU1_2U15
  0.0000,471.7419,CI.u(95%).Total.SURVEY_LU1_2U21
   0.000,1443.647,CI.u(95%).Total.SURVEY_LU1_2U22
   27.99364,18498.39999,CI.u(95%).Total.SURVEY_LU1_2U31
  0.0000,871.7701,CI.u(95%).Total.SURVEY_LU1_2U32
  0.0000,620.9518,CI.u(95%).Total.SURVEY_LU1_2U33
  24.35756,3010.48036,CI.u(95%).Total.SURVEY_LU1_2U34
  88.03904,4168.82051,CI.u(95%).Total.SURVEY_LU1_2U35
 154.3262,7701.6301,CI.u(95%).Total.SURVEY_LU1_2U36
  108.8059,17699.7650,CI.u(95%).Total.SURVEY_LU1_2U37
  20.01744,1483.92511,CI.u(95%).Total.SURVEY_LU1_2U41
  333.1345,14180.4365,CI.u(95%).Total.SURVEY_LU1_2U42
   0.000,8533.797,CI.u(95%).Total.SURVEY_LC1_3A11
  0.0000,839.0959,CI.u(95%).Total.SURVEY_LC1_3A12
 0.00000,69.43074,CI.u(95%).Total.SURVEY_LC1_3A13
   0.000,7019.791,CI.u(95%).Total.SURVEY_LC1_3A21
    0.0,11426.5,CI.u(95%).Total.SURVEY_LC1_3A22
96.49363, 0.00000,CI.u(95%).Total.SURVEY_LC1_3A2x
   0.000,1933.936,CI.u(95%).Total.SURVEY_LC1_3A30
    0.00,14529.39,CI.u(95%).Total.SURVEY_LC1_3B11
  0.0000,246.4063,CI.u(95%).Total.SURVEY_LC1_3B12
   0.00,6555.32,CI.u(95%).Total.SURVEY_LC1_3B13
   0.000,2784.428,CI.u(95%).Total.SURVEY_LC1_3B14
  0.0000,889.0274,CI.u(95%).Total.SURVEY_LC1_3B15
    0.00,13652.14,CI.u(95%).Total.SURVEY_LC1_3B16
   0.000,1699.235,CI.u(95%).Total.SURVEY_LC1_3B18
  0.0000,150.4695,CI.u(95%).Total.SURVEY_LC1_3B19
   0.00,1481.11,CI.u(95%).Total.SURVEY_LC1_3B21
   0.000,2334.285,CI.u(95%).Total.SURVEY_LC1_3B22
  0.0000,473.3967,CI.u(95%).Total.SURVEY_LC1_3B23
  0.0000,530.8085,CI.u(95%).Total.SURVEY_LC1_3B31
   0.000,6745.575,CI.u(95%).Total.SURVEY_LC1_3B32
  0.000,470.964,CI.u(95%).Total.SURVEY_LC1_3B33
   0.000,1485.637,CI.u(95%).Total.SURVEY_LC1_3B35
0.000000,8.316649,CI.u(95%).Total.SURVEY_LC1_3B36
  0.0000,268.4719,CI.u(95%).Total.SURVEY_LC1_3B37
  0.0000,920.3907,CI.u(95%).Total.SURVEY_LC1_3B41
  0.0000,573.2105,CI.u(95%).Total.SURVEY_LC1_3B43
  0.0000,112.3878,CI.u(95%).Total.SURVEY_LC1_3B44
  0.0000,138.1462,CI.u(95%).Total.SURVEY_LC1_3B45
  0.0000,725.1473,CI.u(95%).Total.SURVEY_LC1_3B51
  0.0000,610.8733,CI.u(95%).Total.SURVEY_LC1_3B52
   0.000,2978.164,CI.u(95%).Total.SURVEY_LC1_3B53
  0.0000,161.7481,CI.u(95%).Total.SURVEY_LC1_3B54
   0.00,2919.41,CI.u(95%).Total.SURVEY_LC1_3B55
   0.000,1732.307,CI.u(95%).Total.SURVEY_LC1_3B71
  0.0000,194.8432,CI.u(95%).Total.SURVEY_LC1_3B72
  0.0000,434.7638,CI.u(95%).Total.SURVEY_LC1_3B73
  0.000,236.846,CI.u(95%).Total.SURVEY_LC1_3B74
  0.0000,345.1591,CI.u(95%).Total.SURVEY_LC1_3B75
   0.000,1030.563,CI.u(95%).Total.SURVEY_LC1_3B82
  0.0000,279.5234,CI.u(95%).Total.SURVEY_LC1_3B83
 0.00000,65.20875,CI.u(95%).Total.SURVEY_LC1_3B84
35754.64,    0.00,CI.u(95%).Total.SURVEY_LC1_3Bx1
956.3147,  0.0000,CI.u(95%).Total.SURVEY_LC1_3Bx2
38.44835, 0.00000,CI.u(95%).Total.SURVEY_LC1_3Bxx
    0.00,55703.57,CI.u(95%).Total.SURVEY_LC1_3C10
915.5076,  0.0000,CI.u(95%).Total.SURVEY_LC1_3C1x
    0.00,25164.16,CI.u(95%).Total.SURVEY_LC1_3C21
    0.00,17778.15,CI.u(95%).Total.SURVEY_LC1_3C22
   0.000,5115.064,CI.u(95%).Total.SURVEY_LC1_3C23
4078.643,   0.000,CI.u(95%).Total.SURVEY_LC1_3C2x
   0.0,9130.4,CI.u(95%).Total.SURVEY_LC1_3C31
   0.000,7508.868,CI.u(95%).Total.SURVEY_LC1_3C32
   0.000,7941.695,CI.u(95%).Total.SURVEY_LC1_3C33
3659.653,   0.000,CI.u(95%).Total.SURVEY_LC1_3C3x
4.38896,0.00000,CI.u(95%).Total.SURVEY_LC1_3Cxx
   0.000,2624.975,CI.u(95%).Total.SURVEY_LC1_3D10
19.19059, 0.00000,CI.u(95%).Total.SURVEY_LC1_3D1x
   0.000,2128.281,CI.u(95%).Total.SURVEY_LC1_3D20
3.888311,0.000000,CI.u(95%).Total.SURVEY_LC1_3D2x
   0.000,5411.095,CI.u(95%).Total.SURVEY_LC1_3E10
    0.00,67658.97,CI.u(95%).Total.SURVEY_LC1_3E20
33.65318, 0.00000,CI.u(95%).Total.SURVEY_LC1_3E2x
   0.00,5500.76,CI.u(95%).Total.SURVEY_LC1_3E30
4.004001,0.000000,CI.u(95%).Total.SURVEY_LC1_3Exx
  0.0000,270.1018,CI.u(95%).Total.SURVEY_LC1_3F10
  0.0000,574.3352,CI.u(95%).Total.SURVEY_LC1_3F20
    0.00,19323.41,CI.u(95%).Total.SURVEY_LC1_3F40
12.95981, 0.00000,CI.u(95%).Total.SURVEY_LC1_3F4x
   0.000,4702.832,CI.u(95%).Total.SURVEY_LC1_3G11
   0.000,1710.014,CI.u(95%).Total.SURVEY_LC1_3G21
 0.00000,14.65073,CI.u(95%).Total.SURVEY_LC1_3G22
0.000000,9.147514,CI.u(95%).Total.SURVEY_LC1_3G40
   0.000,1249.865,CI.u(95%).Total.SURVEY_LC1_3H11
  0.0000,434.9213,CI.u(95%).Total.SURVEY_LC1_3H12
  0.0000,143.0626,CI.u(95%).Total.SURVEY_LC1_3H21
 0.00000,71.22974,CI.u(95%).Total.SURVEY_LC1_3H23
3.954363,0.000000,CI.u(95%).Total.SURVEY_LC1_3Hxx
 36423.17,143264.74,CI.u(95%).Total.SURVEY_LU1_3U111
  11.73552,1417.47899,CI.u(95%).Total.SURVEY_LU1_3U112
306.3732,878.1213,CI.u(95%).Total.SURVEY_LU1_3U113
  6813.267,105250.427,CI.u(95%).Total.SURVEY_LU1_3U120
  0.0000,445.4936,CI.u(95%).Total.SURVEY_LU1_3U130
   3.963249,1647.039703,CI.u(95%).Total.SURVEY_LU1_3U140
 0.000,34.361,CI.u(95%).Total.SURVEY_LU1_3U150
  0.0000,471.7419,CI.u(95%).Total.SURVEY_LU1_3U210
 0.00000,99.09709,CI.u(95%).Total.SURVEY_LU1_3U221
 0.00000,68.52976,CI.u(95%).Total.SURVEY_LU1_3U222
  0.0000,361.4573,CI.u(95%).Total.SURVEY_LU1_3U223
  0.0000,160.8027,CI.u(95%).Total.SURVEY_LU1_3U224
  0.0000,237.8875,CI.u(95%).Total.SURVEY_LU1_3U225
  0.0000,449.8965,CI.u(95%).Total.SURVEY_LU1_3U226
  0.0000,356.0767,CI.u(95%).Total.SURVEY_LU1_3U227
 0.00000,12.71099,CI.u(95%).Total.SURVEY_LU1_3U228
  0.0000,846.9108,CI.u(95%).Total.SURVEY_LU1_3U311
   19.94653,13724.59267,CI.u(95%).Total.SURVEY_LU1_3U312
   0.000,1501.085,CI.u(95%).Total.SURVEY_LU1_3U313
  3.988889,300.570635,CI.u(95%).Total.SURVEY_LU1_3U314
 0.00000,23.25152,CI.u(95%).Total.SURVEY_LU1_3U316
  4.05822,904.09642,CI.u(95%).Total.SURVEY_LU1_3U317
  0.000,451.197,CI.u(95%).Total.SURVEY_LU1_3U318
   0.000,1466.549,CI.u(95%).Total.SURVEY_LU1_3U319
  0.0000,518.1091,CI.u(95%).Total.SURVEY_LU1_3U321
  0.0000,411.0794,CI.u(95%).Total.SURVEY_LU1_3U322
  0.0000,620.9518,CI.u(95%).Total.SURVEY_LU1_3U330
  24.35756,2828.23891,CI.u(95%).Total.SURVEY_LU1_3U341
  0.0000,259.1965,CI.u(95%).Total.SURVEY_LU1_3U342
  88.03904,4168.82051,CI.u(95%).Total.SURVEY_LU1_3U350
 142.7068,6213.6935,CI.u(95%).Total.SURVEY_LU1_3U361
  18.93299,1669.49968,CI.u(95%).Total.SURVEY_LU1_3U362
  108.8059,17699.7650,CI.u(95%).Total.SURVEY_LU1_3U370
  0.0000,163.4158,CI.u(95%).Total.SURVEY_LU1_3U411
 0.00000,89.77167,CI.u(95%).Total.SURVEY_LU1_3U412
 0.000,60.758,CI.u(95%).Total.SURVEY_LU1_3U413
  0.0000,175.0714,CI.u(95%).Total.SURVEY_LU1_3U414
  20.01744,1147.63716,CI.u(95%).Total.SURVEY_LU1_3U415
  333.1345,14180.4365,CI.u(95%).Total.SURVEY_LU1_3U420
 43344.2,270747.0,CI.u(95%).Total.settlement0
  219.3997,46775.0317,CI.u(95%).Total.settlement1
0.002600791,0.554476910,CI.u(95%).Total.settl_pc
 36928.35,203795.65,CI.u(95%).Total.fao_class_name0
  6997.277,108834.009,CI.u(95%).Total.fao_class_name1
  46.28716,2876.72045,CI.u(95%).Total.fao_class_name2
 127.896,4227.708,CI.u(95%).Total.fao_class_name3
 43260.96,286391.46,CI.u(95%).Total.lue0
  316.1387,31499.9056,CI.u(95%).Total.lue1
 43489.97,294773.35,CI.u(95%).Total.lud0
   31.95689,22947.40401,CI.u(95%).Total.lud1
0.016743403,0.002225925,CV.Total.area
0.561751774,0.008341792,CV.Total.SURVEY_LC1_1A
0.010476601,0.006203637,CV.Total.SURVEY_LC1_1B
0.096922164,0.007310681,CV.Total.SURVEY_LC1_1C
0.2883539,0.0853567,CV.Total.SURVEY_LC1_1D
0.232492080,0.007994732,CV.Total.SURVEY_LC1_1E
0.57996865,0.01654413,CV.Total.SURVEY_LC1_1F
NA,0.008473476,CV.Total.SURVEY_LC1_1G
0.00000000,0.03625106,CV.Total.SURVEY_LC1_1H
0.016933984,0.003546946,CV.Total.SURVEY_LU1_1U1
NA,0.06647753,CV.Total.SURVEY_LU1_1U2
0.133834956,0.007900149,CV.Total.SURVEY_LU1_1U3
0.11069828,0.04027631,CV.Total.SURVEY_LU1_1U4
NA,0.03634621,CV.Total.SURVEY_LC1_2A1
0.56175177,0.01930062,CV.Total.SURVEY_LC1_2A2
NA,0.05963459,CV.Total.SURVEY_LC1_2A3
NA,0.009062554,CV.Total.SURVEY_LC1_2B1
NA,0.03393244,CV.Total.SURVEY_LC1_2B2
NA,0.02160461,CV.Total.SURVEY_LC1_2B3
NA,0.0551113,CV.Total.SURVEY_LC1_2B4
NA,0.02299416,CV.Total.SURVEY_LC1_2B5
NA,0.03203528,CV.Total.SURVEY_LC1_2B7
NA,0.05410091,CV.Total.SURVEY_LC1_2B8
0.0104766,NA,CV.Total.SURVEY_LC1_2Bx
0.93077717,0.02602903,CV.Total.SURVEY_LC1_2C1
0.16224563,0.03228838,CV.Total.SURVEY_LC1_2C2
0.17180526,0.05174616,CV.Total.SURVEY_LC1_2C3
  0,NA,CV.Total.SURVEY_LC1_2Cx
0.3916240,0.1626638,CV.Total.SURVEY_LC1_2D1
0.000000,0.047358,CV.Total.SURVEY_LC1_2D2
NA,0.06429701,CV.Total.SURVEY_LC1_2E1
0.275066512,0.007293262,CV.Total.SURVEY_LC1_2E2
NA,0.06643644,CV.Total.SURVEY_LC1_2E3
  0,NA,CV.Total.SURVEY_LC1_2Ex
NA,0.03500585,CV.Total.SURVEY_LC1_2F1
NA,0.04959382,CV.Total.SURVEY_LC1_2F2
0.57996865,0.01717826,CV.Total.SURVEY_LC1_2F4
NA,0.01345289,CV.Total.SURVEY_LC1_2G1
NA,0.03299895,CV.Total.SURVEY_LC1_2G2
NA,  0,CV.Total.SURVEY_LC1_2G4
NA,0.04129217,CV.Total.SURVEY_LC1_2H1
NA,  0,CV.Total.SURVEY_LC1_2H2
  0,NA,CV.Total.SURVEY_LC1_2Hx
0.010485875,0.003938526,CV.Total.SURVEY_LU1_2U11
0.105477731,0.008000663,CV.Total.SURVEY_LU1_2U12
NA,0.1157513,CV.Total.SURVEY_LU1_2U13
0.00000000,0.03715729,CV.Total.SURVEY_LU1_2U14
NA,0.09063855,CV.Total.SURVEY_LU1_2U15
NA,0.08174455,CV.Total.SURVEY_LU1_2U21
NA,0.08424154,CV.Total.SURVEY_LU1_2U22
0.36029910,0.02023693,CV.Total.SURVEY_LU1_2U31
NA,0.09829201,CV.Total.SURVEY_LU1_2U32
NA,0.1078022,CV.Total.SURVEY_LU1_2U33
0.4939491,0.0708800,CV.Total.SURVEY_LU1_2U34
0.26290532,0.05289171,CV.Total.SURVEY_LU1_2U35
0.20603288,0.03320886,CV.Total.SURVEY_LU1_2U36
0.31347016,0.02100311,CV.Total.SURVEY_LU1_2U37
0.0000000,0.1119034,CV.Total.SURVEY_LU1_2U41
0.11890003,0.04286997,CV.Total.SURVEY_LU1_2U42
NA,0.03938882,CV.Total.SURVEY_LC1_3A11
NA,0.1442794,CV.Total.SURVEY_LC1_3A12
NA,0.1742502,CV.Total.SURVEY_LC1_3A13
NA,0.04351197,CV.Total.SURVEY_LC1_3A21
NA,0.02790125,CV.Total.SURVEY_LC1_3A22
0.5617518,NA,CV.Total.SURVEY_LC1_3A2x
NA,0.05963459,CV.Total.SURVEY_LC1_3A30
NA,0.01631244,CV.Total.SURVEY_LC1_3B11
NA,0.1268195,CV.Total.SURVEY_LC1_3B12
NA,0.02491031,CV.Total.SURVEY_LC1_3B13
NA,0.04592594,CV.Total.SURVEY_LC1_3B14
NA,0.06076639,CV.Total.SURVEY_LC1_3B15
NA,0.01740786,CV.Total.SURVEY_LC1_3B16
NA,0.05760405,CV.Total.SURVEY_LC1_3B18
NA,0.1849203,CV.Total.SURVEY_LC1_3B19
NA,0.06110691,CV.Total.SURVEY_LC1_3B21
NA,0.04550369,CV.Total.SURVEY_LC1_3B22
NA,0.1041535,CV.Total.SURVEY_LC1_3B23
NA,0.1145204,CV.Total.SURVEY_LC1_3B31
NA,0.02613999,CV.Total.SURVEY_LC1_3B32
NA,0.1036439,CV.Total.SURVEY_LC1_3B33
NA,0.05096739,CV.Total.SURVEY_LC1_3B35
NA,0.3914984,CV.Total.SURVEY_LC1_3B36
NA,0.09751501,CV.Total.SURVEY_LC1_3B37
NA,0.08306187,CV.Total.SURVEY_LC1_3B41
NA,0.08471075,CV.Total.SURVEY_LC1_3B43
NA,0.1403831,CV.Total.SURVEY_LC1_3B44
NA,0.1985787,CV.Total.SURVEY_LC1_3B45
NA,0.06702457,CV.Total.SURVEY_LC1_3B51
NA,0.08083345,CV.Total.SURVEY_LC1_3B52
NA,0.03691659,CV.Total.SURVEY_LC1_3B53
NA,0.2057167,CV.Total.SURVEY_LC1_3B54
NA,0.03829743,CV.Total.SURVEY_LC1_3B55
NA,0.04637589,CV.Total.SURVEY_LC1_3B71
NA,0.09071362,CV.Total.SURVEY_LC1_3B72
NA,0.08499381,CV.Total.SURVEY_LC1_3B73
NA,0.1390946,CV.Total.SURVEY_LC1_3B74
NA,0.0839653,CV.Total.SURVEY_LC1_3B75
NA,0.06386426,CV.Total.SURVEY_LC1_3B82
NA,0.1066309,CV.Total.SURVEY_LC1_3B83
NA,0.2527015,CV.Total.SURVEY_LC1_3B84
0.01055766,NA,CV.Total.SURVEY_LC1_3Bx1
0.08505087,NA,CV.Total.SURVEY_LC1_3Bx2
0.4244903,NA,CV.Total.SURVEY_LC1_3Bxx
NA,0.02602903,CV.Total.SURVEY_LC1_3C10
0.9307772,NA,CV.Total.SURVEY_LC1_3C1x
NA,0.05032373,CV.Total.SURVEY_LC1_3C21
NA,0.06247652,CV.Total.SURVEY_LC1_3C22
NA,0.1278975,CV.Total.SURVEY_LC1_3C23
0.1622456,NA,CV.Total.SURVEY_LC1_3C2x
NA,0.07445552,CV.Total.SURVEY_LC1_3C31
NA,0.1070667,CV.Total.SURVEY_LC1_3C32
NA,0.10571,CV.Total.SURVEY_LC1_3C33
0.1718053,NA,CV.Total.SURVEY_LC1_3C3x
  0,NA,CV.Total.SURVEY_LC1_3Cxx
NA,0.1626638,CV.Total.SURVEY_LC1_3D10
0.391624,NA,CV.Total.SURVEY_LC1_3D1x
NA,0.047358,CV.Total.SURVEY_LC1_3D20
  0,NA,CV.Total.SURVEY_LC1_3D2x
NA,0.06429701,CV.Total.SURVEY_LC1_3E10
NA,0.007293262,CV.Total.SURVEY_LC1_3E20
0.2750665,NA,CV.Total.SURVEY_LC1_3E2x
NA,0.06643644,CV.Total.SURVEY_LC1_3E30
  0,NA,CV.Total.SURVEY_LC1_3Exx
NA,0.03500585,CV.Total.SURVEY_LC1_3F10
NA,0.04959382,CV.Total.SURVEY_LC1_3F20
NA,0.01717826,CV.Total.SURVEY_LC1_3F40
0.5799687,NA,CV.Total.SURVEY_LC1_3F4x
NA,0.01345289,CV.Total.SURVEY_LC1_3G11
NA,0.03315936,CV.Total.SURVEY_LC1_3G21
NA,0.2884165,CV.Total.SURVEY_LC1_3G22
NA,  0,CV.Total.SURVEY_LC1_3G40
NA,0.05567338,CV.Total.SURVEY_LC1_3H11
NA,0.02566127,CV.Total.SURVEY_LC1_3H12
NA,  0,CV.Total.SURVEY_LC1_3H21
NA,  0,CV.Total.SURVEY_LC1_3H23
  0,NA,CV.Total.SURVEY_LC1_3Hxx
0.01050033,0.00399425,CV.Total.SURVEY_LU1_3U111
0.5457768,0.0539980,CV.Total.SURVEY_LU1_3U112
0.17201156,0.03640748,CV.Total.SURVEY_LU1_3U113
0.105477731,0.008000663,CV.Total.SURVEY_LU1_3U120
NA,0.1157513,CV.Total.SURVEY_LU1_3U130
0.00000000,0.03715729,CV.Total.SURVEY_LU1_3U140
NA,0.09063855,CV.Total.SURVEY_LU1_3U150
NA,0.08174455,CV.Total.SURVEY_LU1_3U210
NA,0.3216498,CV.Total.SURVEY_LU1_3U221
NA,0.3808285,CV.Total.SURVEY_LU1_3U222
NA,0.2145332,CV.Total.SURVEY_LU1_3U223
NA,0.2937177,CV.Total.SURVEY_LU1_3U224
NA,0.1585409,CV.Total.SURVEY_LU1_3U225
NA,0.1602177,CV.Total.SURVEY_LU1_3U226
NA,0.2166568,CV.Total.SURVEY_LU1_3U227
NA,0.2340276,CV.Total.SURVEY_LU1_3U228
NA,0.07240609,CV.Total.SURVEY_LU1_3U311
0.70710678,0.02448464,CV.Total.SURVEY_LU1_3U312
NA,0.09033807,CV.Total.SURVEY_LU1_3U313
0.00000000,0.07856519,CV.Total.SURVEY_LU1_3U314
NA,0.2930492,CV.Total.SURVEY_LU1_3U316
0.00000000,0.09222889,CV.Total.SURVEY_LU1_3U317
NA,0.1182718,CV.Total.SURVEY_LU1_3U318
NA,0.07784909,CV.Total.SURVEY_LU1_3U319
NA,0.1066981,CV.Total.SURVEY_LU1_3U321
NA,0.1832428,CV.Total.SURVEY_LU1_3U322
NA,0.1078022,CV.Total.SURVEY_LU1_3U330
0.49394914,0.07416599,CV.Total.SURVEY_LU1_3U341
NA,0.2499247,CV.Total.SURVEY_LU1_3U342
0.26290532,0.05289171,CV.Total.SURVEY_LU1_3U350
0.22488103,0.04000638,CV.Total.SURVEY_LU1_3U361
0.37735599,0.06960525,CV.Total.SURVEY_LU1_3U362
0.31347016,0.02100311,CV.Total.SURVEY_LU1_3U370
NA,0.1198564,CV.Total.SURVEY_LU1_3U411
NA,0.4504312,CV.Total.SURVEY_LU1_3U412
NA,0.4706797,CV.Total.SURVEY_LU1_3U413
NA,0.3033246,CV.Total.SURVEY_LU1_3U414
0.0000000,0.1435865,CV.Total.SURVEY_LU1_3U415
0.11890003,0.04286997,CV.Total.SURVEY_LU1_3U420
0.016796946,0.002813576,CV.Total.settlement0
0.16753737,0.00661974,CV.Total.settlement1
0.16753737,0.00661974,CV.Total.settl_pc
0.010502003,0.002999833,CV.Total.fao_class_name0
0.101988405,0.008470112,CV.Total.fao_class_name1
0.5054095,0.2743254,CV.Total.fao_class_name2
0.21891306,0.04201878,CV.Total.fao_class_name3
0.016822786,0.002875243,CV.Total.lue0
0.14068799,0.01412302,CV.Total.lue1
0.016750915,0.002701354,CV.Total.lud0
0.29019999,0.01676984,CV.Total.lud1
