No,Yes,variable
 3204.485,39716.715,Total.area
   0.000,3060.668,Total.SURVEY_LC1_1A
 3028.03,16246.97,Total.SURVEY_LC1_1B
 155.3954,8412.6545,Total.SURVEY_LC1_1C
  0.0000,843.1507,Total.SURVEY_LC1_1D
  12.02471,8236.47911,Total.SURVEY_LC1_1E
   5.011172,1754.871318,Total.SURVEY_LC1_1F
  4.023886,703.555694,Total.SURVEY_LC1_1G
  0.0000,458.3615,Total.SURVEY_LC1_1H
 3188.34,29859.15,Total.SURVEY_LU1_1U1
  0.0000,141.9127,Total.SURVEY_LU1_1U2
   8.026615,6417.002009,Total.SURVEY_LU1_1U3
   8.117851,3298.652821,Total.SURVEY_LU1_1U4
  0.0000,827.9522,Total.SURVEY_LC1_2A1
   0.000,2095.881,Total.SURVEY_LC1_2A2
  0.0000,136.8349,Total.SURVEY_LC1_2A3
    0.00,10756.95,Total.SURVEY_LC1_2B1
   0.000,1050.525,Total.SURVEY_LC1_2B2
   0.000,1606.399,Total.SURVEY_LC1_2B3
  0.0000,328.0531,Total.SURVEY_LC1_2B4
   0.000,2333.926,Total.SURVEY_LC1_2B5
 0.00000,63.26747,Total.SURVEY_LC1_2B7
  0.000,107.854,Total.SURVEY_LC1_2B8
3028.03,   0.00,Total.SURVEY_LC1_2Bx
   4.112931,4912.828872,Total.SURVEY_LC1_2C1
  97.85912,2671.88076,Total.SURVEY_LC1_2C2
 53.42331,827.94484,Total.SURVEY_LC1_2C3
  0.0000,186.4109,Total.SURVEY_LC1_2D1
  0.0000,656.7398,Total.SURVEY_LC1_2D2
  0.0000,933.9474,Total.SURVEY_LC1_2E1
  12.02471,6723.17791,Total.SURVEY_LC1_2E2
  0.0000,579.3538,Total.SURVEY_LC1_2E3
0.000000,8.686688,Total.SURVEY_LC1_2F1
  0.0000,131.8571,Total.SURVEY_LC1_2F2
   5.011172,1614.327581,Total.SURVEY_LC1_2F4
  4.023886,583.345233,Total.SURVEY_LC1_2G1
 0.00000,85.02908,Total.SURVEY_LC1_2G2
 0.00000,30.28944,Total.SURVEY_LC1_2G3
0.000000,4.891943,Total.SURVEY_LC1_2G4
  0.0000,280.8146,Total.SURVEY_LC1_2H1
  0.0000,177.5469,Total.SURVEY_LC1_2H2
 3049.108,23885.430,Total.SURVEY_LU1_2U11
 139.2325,5878.7471,Total.SURVEY_LU1_2U12
 0.00000,11.84114,Total.SURVEY_LU1_2U13
 0.00000,83.12867,Total.SURVEY_LU1_2U14
 0.00000,29.52219,Total.SURVEY_LU1_2U21
  0.0000,112.3905,Total.SURVEY_LU1_2U22
   0.000,1883.639,Total.SURVEY_LU1_2U31
 0.00000,75.33929,Total.SURVEY_LU1_2U32
 0.00000,75.42902,Total.SURVEY_LU1_2U33
  0.0000,321.9874,Total.SURVEY_LU1_2U34
  4.00273,374.82204,Total.SURVEY_LU1_2U35
   4.023886,1173.690194,Total.SURVEY_LU1_2U36
   0.000,2512.095,Total.SURVEY_LU1_2U37
 0.00000,40.41786,Total.SURVEY_LU1_2U41
   8.117851,3258.234963,Total.SURVEY_LU1_2U42
  0.0000,806.3491,Total.SURVEY_LC1_3A11
 0.00000,14.49052,Total.SURVEY_LC1_3A12
0.000000,7.112624,Total.SURVEY_LC1_3A13
  0.0000,749.8773,Total.SURVEY_LC1_3A21
   0.000,1346.003,Total.SURVEY_LC1_3A22
  0.0000,136.8349,Total.SURVEY_LC1_3A30
   0.000,3263.266,Total.SURVEY_LC1_3B11
 0.00000,10.62705,Total.SURVEY_LC1_3B12
   0.000,4406.524,Total.SURVEY_LC1_3B13
  0.0000,865.6368,Total.SURVEY_LC1_3B14
  0.00,447.73,Total.SURVEY_LC1_3B15
   0.000,1498.622,Total.SURVEY_LC1_3B16
  0.0000,253.9124,Total.SURVEY_LC1_3B18
 0.00000,10.63069,Total.SURVEY_LC1_3B19
  0.0000,510.8154,Total.SURVEY_LC1_3B21
  0.0000,298.8772,Total.SURVEY_LC1_3B22
  0.0000,240.8326,Total.SURVEY_LC1_3B23
   0.000,1585.142,Total.SURVEY_LC1_3B32
0.000000,6.668862,Total.SURVEY_LC1_3B33
 0.00000,14.58887,Total.SURVEY_LC1_3B35
  0.0000,283.9867,Total.SURVEY_LC1_3B41
 0.00000,37.39756,Total.SURVEY_LC1_3B43
0.000000,6.668862,Total.SURVEY_LC1_3B45
  0.000,137.725,Total.SURVEY_LC1_3B51
  0.0000,327.2759,Total.SURVEY_LC1_3B53
 0.00000,22.20926,Total.SURVEY_LC1_3B54
   0.000,1846.716,Total.SURVEY_LC1_3B55
 0.00000,55.14462,Total.SURVEY_LC1_3B71
0.00000,4.06662,Total.SURVEY_LC1_3B72
0.000000,4.056233,Total.SURVEY_LC1_3B75
0.000000,3.991758,Total.SURVEY_LC1_3B82
 0.00000,62.82583,Total.SURVEY_LC1_3B83
 0.00000,41.03639,Total.SURVEY_LC1_3B84
3000.36,   0.00,Total.SURVEY_LC1_3Bx1
22.07626, 0.00000,Total.SURVEY_LC1_3Bx2
5.593167,0.000000,Total.SURVEY_LC1_3Bxx
   0.000,4912.829,Total.SURVEY_LC1_3C10
4.112931,0.000000,Total.SURVEY_LC1_3C1x
   0.000,1683.796,Total.SURVEY_LC1_3C21
  0.000,537.376,Total.SURVEY_LC1_3C22
  0.0000,450.7087,Total.SURVEY_LC1_3C23
97.85912, 0.00000,Total.SURVEY_LC1_3C2x
  0.0000,147.8738,Total.SURVEY_LC1_3C31
  0.0000,209.2848,Total.SURVEY_LC1_3C32
  0.0000,470.7862,Total.SURVEY_LC1_3C33
53.42331, 0.00000,Total.SURVEY_LC1_3C3x
  0.0000,186.4109,Total.SURVEY_LC1_3D10
  0.0000,656.7398,Total.SURVEY_LC1_3D20
  0.0000,933.9474,Total.SURVEY_LC1_3E10
   0.000,6723.178,Total.SURVEY_LC1_3E20
12.02471, 0.00000,Total.SURVEY_LC1_3E2x
  0.0000,579.3538,Total.SURVEY_LC1_3E30
0.000000,8.686688,Total.SURVEY_LC1_3F10
  0.0000,131.8571,Total.SURVEY_LC1_3F20
   0.000,1614.328,Total.SURVEY_LC1_3F40
5.011172,0.000000,Total.SURVEY_LC1_3F4x
  0.0000,527.9697,Total.SURVEY_LC1_3G11
 0.00000,55.37555,Total.SURVEY_LC1_3G12
4.023886,0.000000,Total.SURVEY_LC1_3G1x
 0.00000,76.88884,Total.SURVEY_LC1_3G21
0.000000,8.140239,Total.SURVEY_LC1_3G22
 0.00000,30.28944,Total.SURVEY_LC1_3G30
0.000000,4.891943,Total.SURVEY_LC1_3G40
  0.0000,268.3642,Total.SURVEY_LC1_3H11
 0.00000,12.45033,Total.SURVEY_LC1_3H12
  0.0000,144.1804,Total.SURVEY_LC1_3H21
 0.00000,33.36656,Total.SURVEY_LC1_3H23
 3045.059,23638.403,Total.SURVEY_LU1_3U111
  4.049247,221.638106,Total.SURVEY_LU1_3U112
 0.00000,25.38906,Total.SURVEY_LU1_3U113
 139.2325,5878.7471,Total.SURVEY_LU1_3U120
 0.00000,11.84114,Total.SURVEY_LU1_3U130
 0.00000,83.12867,Total.SURVEY_LU1_3U140
 0.00000,29.52219,Total.SURVEY_LU1_3U210
 0.00000,39.00326,Total.SURVEY_LU1_3U221
 0.00000,18.69509,Total.SURVEY_LU1_3U223
 0.00000,16.48593,Total.SURVEY_LU1_3U224
 0.00000,13.86882,Total.SURVEY_LU1_3U226
 0.0000,24.3374,Total.SURVEY_LU1_3U227
 0.00000,61.48664,Total.SURVEY_LU1_3U311
   0.000,1564.093,Total.SURVEY_LU1_3U312
 0.00000,12.04113,Total.SURVEY_LU1_3U313
 0.0000,34.2249,Total.SURVEY_LU1_3U314
  0.0000,125.7973,Total.SURVEY_LU1_3U317
0.000000,8.058377,Total.SURVEY_LU1_3U318
 0.00000,77.93789,Total.SURVEY_LU1_3U319
 0.00000,21.87344,Total.SURVEY_LU1_3U321
 0.00000,53.46585,Total.SURVEY_LU1_3U322
 0.00000,75.42902,Total.SURVEY_LU1_3U330
  0.0000,282.8142,Total.SURVEY_LU1_3U341
 0.00000,39.17318,Total.SURVEY_LU1_3U342
  4.00273,374.82204,Total.SURVEY_LU1_3U350
  4.023886,976.640292,Total.SURVEY_LU1_3U361
  0.0000,197.0499,Total.SURVEY_LU1_3U362
   0.000,2512.095,Total.SURVEY_LU1_3U370
0.000000,3.975328,Total.SURVEY_LU1_3U414
 0.00000,36.44253,Total.SURVEY_LU1_3U415
   8.117851,3258.234963,Total.SURVEY_LU1_3U420
 3200.482,33967.709,Total.settlement0
   4.00273,5749.00570,Total.settlement1
0.0006746946,0.9690444952,Total.settl_pc
 3053.094,32214.143,Total.fao_class_name0
 151.3904,6532.6286,Total.fao_class_name1
  0.000,252.741,Total.fao_class_name2
  0.0000,717.2025,Total.fao_class_name3
 3196.458,35334.120,Total.lue0
   8.026615,4382.594436,Total.lue1
 3204.485,37457.266,Total.lud0
   0.000,2259.449,Total.lud1
75.81535,77.38512,SE.Total.area
 0.00000,62.71024,SE.Total.SURVEY_LC1_1A
 71.38178,111.48916,SE.Total.SURVEY_LC1_1B
25.60156,66.64097,SE.Total.SURVEY_LC1_1C
 0.00000,30.00181,SE.Total.SURVEY_LC1_1D
 0.00000,97.27562,SE.Total.SURVEY_LC1_1E
 2.542818,55.734884,SE.Total.SURVEY_LC1_1F
0.000000,4.501262,SE.Total.SURVEY_LC1_1G
 0.00000,13.09912,SE.Total.SURVEY_LC1_1H
 75.80603,168.23997,SE.Total.SURVEY_LU1_1U1
 0.00000,33.03107,SE.Total.SURVEY_LU1_1U2
  0.8666164,136.5902697,SE.Total.SURVEY_LU1_1U3
  0.8904758,102.0339120,SE.Total.SURVEY_LU1_1U4
 0.0000,88.1337,SE.Total.SURVEY_LC1_2A1
  0.000,102.162,SE.Total.SURVEY_LC1_2A2
 0.00000,14.29869,SE.Total.SURVEY_LC1_2A3
  0.0000,116.8755,SE.Total.SURVEY_LC1_2B1
 0.0000,48.2689,SE.Total.SURVEY_LC1_2B2
 0.00000,56.09506,SE.Total.SURVEY_LC1_2B3
 0.00000,28.00831,SE.Total.SURVEY_LC1_2B4
 0.00000,65.46672,SE.Total.SURVEY_LC1_2B5
0.000000,9.761054,SE.Total.SURVEY_LC1_2B7
 0.00000,11.98982,SE.Total.SURVEY_LC1_2B8
71.38178, 0.00000,SE.Total.SURVEY_LC1_2Bx
  0.8904758,214.5989410,SE.Total.SURVEY_LC1_2C1
 19.60557,197.06355,SE.Total.SURVEY_LC1_2C2
 16.60073,109.45777,SE.Total.SURVEY_LC1_2C3
 0.00000,15.74354,SE.Total.SURVEY_LC1_2D1
 0.00000,25.97162,SE.Total.SURVEY_LC1_2D2
 0.00000,55.01147,SE.Total.SURVEY_LC1_2E1
 0.00000,93.15942,SE.Total.SURVEY_LC1_2E2
 0.00000,34.47183,SE.Total.SURVEY_LC1_2E3
0,0,SE.Total.SURVEY_LC1_2F1
0,0,SE.Total.SURVEY_LC1_2F2
 2.542818,55.734884,SE.Total.SURVEY_LC1_2F4
 0.00000,15.75372,SE.Total.SURVEY_LC1_2G1
 0.00000,14.74342,SE.Total.SURVEY_LC1_2G2
0.000000,3.994235,SE.Total.SURVEY_LC1_2G3
0.000000,2.324607,SE.Total.SURVEY_LC1_2G4
 0.00000,12.55318,SE.Total.SURVEY_LC1_2H1
0.000000,3.742273,SE.Total.SURVEY_LC1_2H2
 71.40235,108.27512,SE.Total.SURVEY_LU1_2U11
 25.57393,144.54840,SE.Total.SURVEY_LU1_2U12
0,0,SE.Total.SURVEY_LU1_2U13
0.000000,9.723557,SE.Total.SURVEY_LU1_2U14
0.000000,8.730622,SE.Total.SURVEY_LU1_2U21
 0.00000,32.10759,SE.Total.SURVEY_LU1_2U22
  0.0000,105.6883,SE.Total.SURVEY_LU1_2U31
 0.00000,18.03192,SE.Total.SURVEY_LU1_2U32
 0.00000,10.66357,SE.Total.SURVEY_LU1_2U33
 0.00000,39.13397,SE.Total.SURVEY_LU1_2U34
 0.8666164,43.5176459,SE.Total.SURVEY_LU1_2U35
  0.0000,115.6232,SE.Total.SURVEY_LU1_2U36
  0.0000,111.3321,SE.Total.SURVEY_LU1_2U37
0.00000,5.81224,SE.Total.SURVEY_LU1_2U41
  0.8904758,101.8692302,SE.Total.SURVEY_LU1_2U42
 0.00000,87.26031,SE.Total.SURVEY_LC1_3A11
 0.00000,12.16018,SE.Total.SURVEY_LC1_3A12
0.000000,4.483884,SE.Total.SURVEY_LC1_3A13
 0.00000,78.63863,SE.Total.SURVEY_LC1_3A21
  0.0000,100.1482,SE.Total.SURVEY_LC1_3A22
 0.00000,14.29869,SE.Total.SURVEY_LC1_3A30
 0.00000,80.59204,SE.Total.SURVEY_LC1_3B11
0.000000,4.204131,SE.Total.SURVEY_LC1_3B12
 0.00000,87.76458,SE.Total.SURVEY_LC1_3B13
 0.00000,41.10238,SE.Total.SURVEY_LC1_3B14
 0.00000,30.53865,SE.Total.SURVEY_LC1_3B15
 0.00000,58.61553,SE.Total.SURVEY_LC1_3B16
 0.00000,23.38535,SE.Total.SURVEY_LC1_3B18
0.000000,4.204131,SE.Total.SURVEY_LC1_3B19
 0.00000,33.60382,SE.Total.SURVEY_LC1_3B21
 0.00000,24.37932,SE.Total.SURVEY_LC1_3B22
 0.00000,25.80062,SE.Total.SURVEY_LC1_3B23
 0.00000,55.81888,SE.Total.SURVEY_LC1_3B32
0.000000,4.204131,SE.Total.SURVEY_LC1_3B33
0.000000,4.204131,SE.Total.SURVEY_LC1_3B35
 0.00000,26.09222,SE.Total.SURVEY_LC1_3B41
0.00000,9.38055,SE.Total.SURVEY_LC1_3B43
0.000000,4.204131,SE.Total.SURVEY_LC1_3B45
 0.00000,17.77698,SE.Total.SURVEY_LC1_3B51
 0.00000,23.05632,SE.Total.SURVEY_LC1_3B53
0.00000,6.90466,SE.Total.SURVEY_LC1_3B54
 0.00000,59.38996,SE.Total.SURVEY_LC1_3B55
0.000000,9.761054,SE.Total.SURVEY_LC1_3B71
0,0,SE.Total.SURVEY_LC1_3B72
0,0,SE.Total.SURVEY_LC1_3B75
0,0,SE.Total.SURVEY_LC1_3B82
 0.00000,10.16203,SE.Total.SURVEY_LC1_3B83
0.000000,6.363076,SE.Total.SURVEY_LC1_3B84
71.27378, 0.00000,SE.Total.SURVEY_LC1_3Bx1
3.554107,0.000000,SE.Total.SURVEY_LC1_3Bx2
3.020656,0.000000,SE.Total.SURVEY_LC1_3Bxx
  0.0000,214.5989,SE.Total.SURVEY_LC1_3C10
0.8904758,0.0000000,SE.Total.SURVEY_LC1_3C1x
  0.0000,229.7249,SE.Total.SURVEY_LC1_3C21
  0.0000,196.6331,SE.Total.SURVEY_LC1_3C22
 0.00000,45.60376,SE.Total.SURVEY_LC1_3C23
19.60557, 0.00000,SE.Total.SURVEY_LC1_3C2x
 0.00000,17.79162,SE.Total.SURVEY_LC1_3C31
 0.00000,67.04398,SE.Total.SURVEY_LC1_3C32
 0.00000,95.87922,SE.Total.SURVEY_LC1_3C33
16.60073, 0.00000,SE.Total.SURVEY_LC1_3C3x
 0.00000,15.74354,SE.Total.SURVEY_LC1_3D10
 0.00000,25.97162,SE.Total.SURVEY_LC1_3D20
 0.00000,55.01147,SE.Total.SURVEY_LC1_3E10
 0.00000,93.15942,SE.Total.SURVEY_LC1_3E20
0,0,SE.Total.SURVEY_LC1_3E2x
 0.00000,34.47183,SE.Total.SURVEY_LC1_3E30
0,0,SE.Total.SURVEY_LC1_3F10
0,0,SE.Total.SURVEY_LC1_3F20
 0.00000,55.73488,SE.Total.SURVEY_LC1_3F40
2.542818,0.000000,SE.Total.SURVEY_LC1_3F4x
 0.00000,20.36758,SE.Total.SURVEY_LC1_3G11
 0.00000,15.27489,SE.Total.SURVEY_LC1_3G12
0,0,SE.Total.SURVEY_LC1_3G1x
 0.00000,14.74342,SE.Total.SURVEY_LC1_3G21
0,0,SE.Total.SURVEY_LC1_3G22
0.000000,3.994235,SE.Total.SURVEY_LC1_3G30
0.000000,2.324607,SE.Total.SURVEY_LC1_3G40
 0.00000,12.55318,SE.Total.SURVEY_LC1_3H11
0,0,SE.Total.SURVEY_LC1_3H12
0.000000,3.742273,SE.Total.SURVEY_LC1_3H21
0,0,SE.Total.SURVEY_LC1_3H23
 71.39941,109.12301,SE.Total.SURVEY_LU1_3U111
 0.6540125,17.5697374,SE.Total.SURVEY_LU1_3U112
0.000000,2.411202,SE.Total.SURVEY_LU1_3U113
 25.57393,144.54840,SE.Total.SURVEY_LU1_3U120
0,0,SE.Total.SURVEY_LU1_3U130
0.000000,9.723557,SE.Total.SURVEY_LU1_3U140
0.000000,8.730622,SE.Total.SURVEY_LU1_3U210
 0.00000,18.41481,SE.Total.SURVEY_LU1_3U221
 0.00000,12.16018,SE.Total.SURVEY_LU1_3U223
0.000000,8.558369,SE.Total.SURVEY_LU1_3U224
0.000000,2.580714,SE.Total.SURVEY_LU1_3U226
 0.0000,22.2169,SE.Total.SURVEY_LU1_3U227
 0.00000,16.74181,SE.Total.SURVEY_LU1_3U311
  0.0000,103.2588,SE.Total.SURVEY_LU1_3U312
0,0,SE.Total.SURVEY_LU1_3U313
0.000000,8.117884,SE.Total.SURVEY_LU1_3U314
 0.00000,20.80903,SE.Total.SURVEY_LU1_3U317
0,0,SE.Total.SURVEY_LU1_3U318
0.000000,9.784943,SE.Total.SURVEY_LU1_3U319
0.000000,3.133692,SE.Total.SURVEY_LU1_3U321
 0.00000,17.75753,SE.Total.SURVEY_LU1_3U322
 0.00000,10.66357,SE.Total.SURVEY_LU1_3U330
 0.00000,36.74213,SE.Total.SURVEY_LU1_3U341
 0.0000,14.6291,SE.Total.SURVEY_LU1_3U342
 0.8666164,43.5176459,SE.Total.SURVEY_LU1_3U350
  0.0000,113.2317,SE.Total.SURVEY_LU1_3U361
 0.00000,26.72579,SE.Total.SURVEY_LU1_3U362
  0.0000,111.3321,SE.Total.SURVEY_LU1_3U370
0,0,SE.Total.SURVEY_LU1_3U414
0.00000,5.81224,SE.Total.SURVEY_LU1_3U415
  0.8904758,101.8692302,SE.Total.SURVEY_LU1_3U420
 75.81091,108.08726,SE.Total.settlement0
 0.8666164,78.7371960,SE.Total.settlement1
0.0001460757,0.0132718335,SE.Total.settl_pc
 71.40235,122.07084,SE.Total.fao_class_name0
 25.60156,141.61798,SE.Total.fao_class_name1
 0.00000,23.29093,SE.Total.fao_class_name2
  0.0000,114.2642,SE.Total.fao_class_name3
 75.81091,172.40180,SE.Total.lue0
  0.8666164,156.6277418,SE.Total.lue1
 75.81535,131.56794,SE.Total.lud0
  0.0000,107.1061,SE.Total.lud1
 3055.89,39565.04,CI.l(95%).Total.area
   0.000,2937.758,CI.l(95%).Total.SURVEY_LC1_1A
 2888.124,16028.460,CI.l(95%).Total.SURVEY_LC1_1B
 105.2172,8282.0406,CI.l(95%).Total.SURVEY_LC1_1C
  0.0000,784.3482,CI.l(95%).Total.SURVEY_LC1_1D
  12.02471,8045.82239,CI.l(95%).Total.SURVEY_LC1_1E
   0.02734002,1645.63295215,CI.l(95%).Total.SURVEY_LC1_1F
  4.023886,694.733383,CI.l(95%).Total.SURVEY_LC1_1G
  0.0000,432.6877,CI.l(95%).Total.SURVEY_LC1_1H
 3039.763,29529.403,CI.l(95%).Total.SURVEY_LU1_1U1
 0.00000,77.17299,CI.l(95%).Total.SURVEY_LU1_1U2
   6.328078,6149.290000,CI.l(95%).Total.SURVEY_LU1_1U3
   6.37255,3098.67003,CI.l(95%).Total.SURVEY_LU1_1U4
  0.0000,655.2133,CI.l(95%).Total.SURVEY_LC1_2A1
   0.000,1895.647,CI.l(95%).Total.SURVEY_LC1_2A2
  0.00,108.81,CI.l(95%).Total.SURVEY_LC1_2A3
    0.00,10527.88,CI.l(95%).Total.SURVEY_LC1_2B1
  0.0000,955.9199,CI.l(95%).Total.SURVEY_LC1_2B2
   0.000,1496.455,CI.l(95%).Total.SURVEY_LC1_2B3
  0.0000,273.1579,CI.l(95%).Total.SURVEY_LC1_2B4
   0.000,2205.613,CI.l(95%).Total.SURVEY_LC1_2B5
 0.00000,44.13616,CI.l(95%).Total.SURVEY_LC1_2B7
 0.00000,84.35436,CI.l(95%).Total.SURVEY_LC1_2B8
2888.124,   0.000,CI.l(95%).Total.SURVEY_LC1_2Bx
   2.367631,4492.222676,CI.l(95%).Total.SURVEY_LC1_2C1
  59.43291,2285.64330,CI.l(95%).Total.SURVEY_LC1_2C2
 20.88648,613.41156,CI.l(95%).Total.SURVEY_LC1_2C3
  0.0000,155.5541,CI.l(95%).Total.SURVEY_LC1_2D1
  0.0000,605.8363,CI.l(95%).Total.SURVEY_LC1_2D2
  0.0000,826.1269,CI.l(95%).Total.SURVEY_LC1_2E1
  12.02471,6540.58880,CI.l(95%).Total.SURVEY_LC1_2E2
  0.0000,511.7902,CI.l(95%).Total.SURVEY_LC1_2E3
0.000000,8.686688,CI.l(95%).Total.SURVEY_LC1_2F1
  0.0000,131.8571,CI.l(95%).Total.SURVEY_LC1_2F2
   0.02734002,1505.08921452,CI.l(95%).Total.SURVEY_LC1_2F4
  4.023886,552.468505,CI.l(95%).Total.SURVEY_LC1_2G1
 0.00000,56.13251,CI.l(95%).Total.SURVEY_LC1_2G2
 0.00000,22.46089,CI.l(95%).Total.SURVEY_LC1_2G3
0.0000000,0.3357968,CI.l(95%).Total.SURVEY_LC1_2G4
  0.0000,256.2108,CI.l(95%).Total.SURVEY_LC1_2H1
  0.0000,170.2122,CI.l(95%).Total.SURVEY_LC1_2H2
 2909.162,23673.215,CI.l(95%).Total.SURVEY_LU1_2U11
  89.1085,5595.4375,CI.l(95%).Total.SURVEY_LU1_2U12
 0.00000,11.84114,CI.l(95%).Total.SURVEY_LU1_2U13
 0.00000,64.07085,CI.l(95%).Total.SURVEY_LU1_2U14
 0.00000,12.41049,CI.l(95%).Total.SURVEY_LU1_2U21
 0.00000,49.46078,CI.l(95%).Total.SURVEY_LU1_2U22
   0.000,1676.494,CI.l(95%).Total.SURVEY_LU1_2U31
 0.00000,39.99739,CI.l(95%).Total.SURVEY_LU1_2U32
 0.00000,54.52881,CI.l(95%).Total.SURVEY_LU1_2U33
  0.0000,245.2862,CI.l(95%).Total.SURVEY_LU1_2U34
  2.304193,289.529021,CI.l(95%).Total.SURVEY_LU1_2U35
  4.023886,947.072872,CI.l(95%).Total.SURVEY_LU1_2U36
   0.000,2293.888,CI.l(95%).Total.SURVEY_LU1_2U37
 0.00000,29.02608,CI.l(95%).Total.SURVEY_LU1_2U41
   6.37255,3058.57494,CI.l(95%).Total.SURVEY_LU1_2U42
  0.000,635.322,CI.l(95%).Total.SURVEY_LC1_3A11
 0.000000,-9.342986,CI.l(95%).Total.SURVEY_LC1_3A12
 0.000000,-1.675627,CI.l(95%).Total.SURVEY_LC1_3A13
  0.0000,595.7484,CI.l(95%).Total.SURVEY_LC1_3A21
   0.000,1149.717,CI.l(95%).Total.SURVEY_LC1_3A22
  0.00,108.81,CI.l(95%).Total.SURVEY_LC1_3A30
   0.000,3105.309,CI.l(95%).Total.SURVEY_LC1_3B11
0.0000,2.3871,CI.l(95%).Total.SURVEY_LC1_3B12
   0.000,4234.509,CI.l(95%).Total.SURVEY_LC1_3B13
  0.0000,785.0776,CI.l(95%).Total.SURVEY_LC1_3B14
  0.0000,387.8753,CI.l(95%).Total.SURVEY_LC1_3B15
   0.000,1383.737,CI.l(95%).Total.SURVEY_LC1_3B16
  0.000,208.078,CI.l(95%).Total.SURVEY_LC1_3B18
0.000000,2.390743,CI.l(95%).Total.SURVEY_LC1_3B19
  0.0000,444.9531,CI.l(95%).Total.SURVEY_LC1_3B21
  0.0000,251.0946,CI.l(95%).Total.SURVEY_LC1_3B22
  0.0000,190.2643,CI.l(95%).Total.SURVEY_LC1_3B23
   0.000,1475.739,CI.l(95%).Total.SURVEY_LC1_3B32
 0.000000,-1.571083,CI.l(95%).Total.SURVEY_LC1_3B33
0.000000,6.348927,CI.l(95%).Total.SURVEY_LC1_3B35
  0.0000,232.8469,CI.l(95%).Total.SURVEY_LC1_3B41
 0.00000,19.01202,CI.l(95%).Total.SURVEY_LC1_3B43
 0.000000,-1.571083,CI.l(95%).Total.SURVEY_LC1_3B45
  0.0000,102.8828,CI.l(95%).Total.SURVEY_LC1_3B51
  0.0000,282.0864,CI.l(95%).Total.SURVEY_LC1_3B53
0.00000,8.67638,CI.l(95%).Total.SURVEY_LC1_3B54
   0.000,1730.313,CI.l(95%).Total.SURVEY_LC1_3B55
 0.00000,36.01331,CI.l(95%).Total.SURVEY_LC1_3B71
0.00000,4.06662,CI.l(95%).Total.SURVEY_LC1_3B72
0.000000,4.056233,CI.l(95%).Total.SURVEY_LC1_3B75
0.000000,3.991758,CI.l(95%).Total.SURVEY_LC1_3B82
 0.0000,42.9086,CI.l(95%).Total.SURVEY_LC1_3B83
 0.00000,28.56499,CI.l(95%).Total.SURVEY_LC1_3B84
2860.666,   0.000,CI.l(95%).Total.SURVEY_LC1_3Bx1
15.11034, 0.00000,CI.l(95%).Total.SURVEY_LC1_3Bx2
-0.3272088, 0.0000000,CI.l(95%).Total.SURVEY_LC1_3Bxx
   0.000,4492.223,CI.l(95%).Total.SURVEY_LC1_3C10
2.367631,0.000000,CI.l(95%).Total.SURVEY_LC1_3C1x
   0.000,1233.543,CI.l(95%).Total.SURVEY_LC1_3C21
  0.0000,151.9823,CI.l(95%).Total.SURVEY_LC1_3C22
  0.000,361.327,CI.l(95%).Total.SURVEY_LC1_3C23
59.43291, 0.00000,CI.l(95%).Total.SURVEY_LC1_3C2x
  0.0000,113.0029,CI.l(95%).Total.SURVEY_LC1_3C31
 0.00000,77.88097,CI.l(95%).Total.SURVEY_LC1_3C32
  0.0000,282.8664,CI.l(95%).Total.SURVEY_LC1_3C33
20.88648, 0.00000,CI.l(95%).Total.SURVEY_LC1_3C3x
  0.0000,155.5541,CI.l(95%).Total.SURVEY_LC1_3D10
  0.0000,605.8363,CI.l(95%).Total.SURVEY_LC1_3D20
  0.0000,826.1269,CI.l(95%).Total.SURVEY_LC1_3E10
   0.000,6540.589,CI.l(95%).Total.SURVEY_LC1_3E20
12.02471, 0.00000,CI.l(95%).Total.SURVEY_LC1_3E2x
  0.0000,511.7902,CI.l(95%).Total.SURVEY_LC1_3E30
0.000000,8.686688,CI.l(95%).Total.SURVEY_LC1_3F10
  0.0000,131.8571,CI.l(95%).Total.SURVEY_LC1_3F20
   0.000,1505.089,CI.l(95%).Total.SURVEY_LC1_3F40
0.02734002,0.00000000,CI.l(95%).Total.SURVEY_LC1_3F4x
  0.00,488.05,CI.l(95%).Total.SURVEY_LC1_3G11
 0.00000,25.43732,CI.l(95%).Total.SURVEY_LC1_3G12
4.023886,0.000000,CI.l(95%).Total.SURVEY_LC1_3G1x
 0.00000,47.99227,CI.l(95%).Total.SURVEY_LC1_3G21
0.000000,8.140239,CI.l(95%).Total.SURVEY_LC1_3G22
 0.00000,22.46089,CI.l(95%).Total.SURVEY_LC1_3G30
0.0000000,0.3357968,CI.l(95%).Total.SURVEY_LC1_3G40
  0.0000,243.7605,CI.l(95%).Total.SURVEY_LC1_3H11
 0.00000,12.45033,CI.l(95%).Total.SURVEY_LC1_3H12
  0.0000,136.8457,CI.l(95%).Total.SURVEY_LC1_3H21
 0.00000,33.36656,CI.l(95%).Total.SURVEY_LC1_3H23
 2905.118,23424.526,CI.l(95%).Total.SURVEY_LU1_3U111
  2.767407,187.202053,CI.l(95%).Total.SURVEY_LU1_3U112
 0.00000,20.66319,CI.l(95%).Total.SURVEY_LU1_3U113
  89.1085,5595.4375,CI.l(95%).Total.SURVEY_LU1_3U120
 0.00000,11.84114,CI.l(95%).Total.SURVEY_LU1_3U130
 0.00000,64.07085,CI.l(95%).Total.SURVEY_LU1_3U140
 0.00000,12.41049,CI.l(95%).Total.SURVEY_LU1_3U210
0.000000,2.910906,CI.l(95%).Total.SURVEY_LU1_3U221
 0.000000,-5.138419,CI.l(95%).Total.SURVEY_LU1_3U223
 0.000000,-0.288162,CI.l(95%).Total.SURVEY_LU1_3U224
0.000000,8.810716,CI.l(95%).Total.SURVEY_LU1_3U226
  0.00000,-19.20693,CI.l(95%).Total.SURVEY_LU1_3U227
 0.0000,28.6733,CI.l(95%).Total.SURVEY_LU1_3U311
   0.00,1361.71,CI.l(95%).Total.SURVEY_LU1_3U312
 0.00000,12.04113,CI.l(95%).Total.SURVEY_LU1_3U313
 0.00000,18.31414,CI.l(95%).Total.SURVEY_LU1_3U314
 0.00000,85.01234,CI.l(95%).Total.SURVEY_LU1_3U317
0.000000,8.058377,CI.l(95%).Total.SURVEY_LU1_3U318
 0.00000,58.75975,CI.l(95%).Total.SURVEY_LU1_3U319
 0.00000,15.73151,CI.l(95%).Total.SURVEY_LU1_3U321
 0.00000,18.66173,CI.l(95%).Total.SURVEY_LU1_3U322
 0.00000,54.52881,CI.l(95%).Total.SURVEY_LU1_3U330
  0.000,210.801,CI.l(95%).Total.SURVEY_LU1_3U341
 0.00000,10.50067,CI.l(95%).Total.SURVEY_LU1_3U342
  2.304193,289.529021,CI.l(95%).Total.SURVEY_LU1_3U350
  4.023886,754.710297,CI.l(95%).Total.SURVEY_LU1_3U361
  0.0000,144.6683,CI.l(95%).Total.SURVEY_LU1_3U362
   0.000,2293.888,CI.l(95%).Total.SURVEY_LU1_3U370
0.000000,3.975328,CI.l(95%).Total.SURVEY_LU1_3U414
 0.00000,25.05075,CI.l(95%).Total.SURVEY_LU1_3U415
   6.37255,3058.57494,CI.l(95%).Total.SURVEY_LU1_3U420
 3051.896,33755.862,CI.l(95%).Total.settlement0
   2.304193,5594.683632,CI.l(95%).Total.settlement1
0.0003883916,0.9430321795,CI.l(95%).Total.settl_pc
 2913.148,31974.888,CI.l(95%).Total.fao_class_name0
 101.2123,6255.0625,CI.l(95%).Total.fao_class_name1
  0.0000,207.0916,CI.l(95%).Total.fao_class_name2
  0.0000,493.2487,CI.l(95%).Total.fao_class_name3
 3047.872,34996.219,CI.l(95%).Total.lue0
   6.328078,4075.609703,CI.l(95%).Total.lue1
 3055.89,37199.40,CI.l(95%).Total.lud0
   0.000,2049.525,CI.l(95%).Total.lud1
 3353.08,39868.39,CI.u(95%).Total.area
   0.000,3183.578,CI.u(95%).Total.SURVEY_LC1_1A
 3167.935,16465.489,CI.u(95%).Total.SURVEY_LC1_1B
 205.5735,8543.2684,CI.u(95%).Total.SURVEY_LC1_1C
  0.0000,901.9532,CI.u(95%).Total.SURVEY_LC1_1D
  12.02471,8427.13582,CI.u(95%).Total.SURVEY_LC1_1E
   9.995005,1864.109684,CI.u(95%).Total.SURVEY_LC1_1F
  4.023886,712.378005,CI.u(95%).Total.SURVEY_LC1_1G
  0.0000,484.0353,CI.u(95%).Total.SURVEY_LC1_1H
 3336.918,30188.892,CI.u(95%).Total.SURVEY_LU1_1U1
  0.0000,206.6524,CI.u(95%).Total.SURVEY_LU1_1U2
   9.725152,6684.714018,CI.u(95%).Total.SURVEY_LU1_1U3
   9.863151,3498.635614,CI.u(95%).Total.SURVEY_LU1_1U4
   0.000,1000.691,CI.u(95%).Total.SURVEY_LC1_2A1
   0.000,2296.114,CI.u(95%).Total.SURVEY_LC1_2A2
  0.0000,164.8599,CI.u(95%).Total.SURVEY_LC1_2A3
    0.00,10986.02,CI.u(95%).Total.SURVEY_LC1_2B1
   0.000,1145.131,CI.u(95%).Total.SURVEY_LC1_2B2
   0.000,1716.344,CI.u(95%).Total.SURVEY_LC1_2B3
  0.0000,382.9484,CI.u(95%).Total.SURVEY_LC1_2B4
   0.000,2462.238,CI.u(95%).Total.SURVEY_LC1_2B5
 0.00000,82.39879,CI.u(95%).Total.SURVEY_LC1_2B7
  0.0000,131.3536,CI.u(95%).Total.SURVEY_LC1_2B8
3167.935,   0.000,CI.u(95%).Total.SURVEY_LC1_2Bx
   5.858232,5333.435067,CI.u(95%).Total.SURVEY_LC1_2C1
 136.2853,3058.1182,CI.u(95%).Total.SURVEY_LC1_2C2
  85.96014,1042.47812,CI.u(95%).Total.SURVEY_LC1_2C3
  0.0000,217.2677,CI.u(95%).Total.SURVEY_LC1_2D1
  0.0000,707.6432,CI.u(95%).Total.SURVEY_LC1_2D2
   0.000,1041.768,CI.u(95%).Total.SURVEY_LC1_2E1
  12.02471,6905.76701,CI.u(95%).Total.SURVEY_LC1_2E2
  0.0000,646.9173,CI.u(95%).Total.SURVEY_LC1_2E3
0.000000,8.686688,CI.u(95%).Total.SURVEY_LC1_2F1
  0.0000,131.8571,CI.u(95%).Total.SURVEY_LC1_2F2
   9.995005,1723.565947,CI.u(95%).Total.SURVEY_LC1_2F4
  4.023886,614.221960,CI.u(95%).Total.SURVEY_LC1_2G1
  0.0000,113.9256,CI.u(95%).Total.SURVEY_LC1_2G2
 0.000,38.118,CI.u(95%).Total.SURVEY_LC1_2G3
0.00000,9.44809,CI.u(95%).Total.SURVEY_LC1_2G4
  0.0000,305.4184,CI.u(95%).Total.SURVEY_LC1_2H1
  0.0000,184.8817,CI.u(95%).Total.SURVEY_LC1_2H2
 3189.054,24097.646,CI.u(95%).Total.SURVEY_LU1_2U11
 189.3565,6162.0568,CI.u(95%).Total.SURVEY_LU1_2U12
 0.00000,11.84114,CI.u(95%).Total.SURVEY_LU1_2U13
  0.0000,102.1865,CI.u(95%).Total.SURVEY_LU1_2U14
 0.0000,46.6339,CI.u(95%).Total.SURVEY_LU1_2U21
  0.0000,175.3202,CI.u(95%).Total.SURVEY_LU1_2U22
   0.000,2090.785,CI.u(95%).Total.SURVEY_LU1_2U31
  0.0000,110.6812,CI.u(95%).Total.SURVEY_LU1_2U32
 0.00000,96.32923,CI.u(95%).Total.SURVEY_LU1_2U33
  0.0000,398.6886,CI.u(95%).Total.SURVEY_LU1_2U34
  5.701267,460.115059,CI.u(95%).Total.SURVEY_LU1_2U35
   4.023886,1400.307515,CI.u(95%).Total.SURVEY_LU1_2U36
   0.000,2730.302,CI.u(95%).Total.SURVEY_LU1_2U37
 0.00000,51.80964,CI.u(95%).Total.SURVEY_LU1_2U41
   9.863151,3457.894986,CI.u(95%).Total.SURVEY_LU1_2U42
  0.0000,977.3761,CI.u(95%).Total.SURVEY_LC1_3A11
 0.00000,38.32403,CI.u(95%).Total.SURVEY_LC1_3A12
 0.00000,15.90087,CI.u(95%).Total.SURVEY_LC1_3A13
  0.0000,904.0062,CI.u(95%).Total.SURVEY_LC1_3A21
   0.00,1542.29,CI.u(95%).Total.SURVEY_LC1_3A22
  0.0000,164.8599,CI.u(95%).Total.SURVEY_LC1_3A30
   0.000,3421.224,CI.u(95%).Total.SURVEY_LC1_3B11
 0.00000,18.86699,CI.u(95%).Total.SURVEY_LC1_3B12
   0.00,4578.54,CI.u(95%).Total.SURVEY_LC1_3B13
  0.000,946.196,CI.u(95%).Total.SURVEY_LC1_3B14
  0.0000,507.5846,CI.u(95%).Total.SURVEY_LC1_3B15
   0.000,1613.506,CI.u(95%).Total.SURVEY_LC1_3B16
  0.0000,299.7468,CI.u(95%).Total.SURVEY_LC1_3B18
 0.00000,18.87063,CI.u(95%).Total.SURVEY_LC1_3B19
  0.0000,576.6777,CI.u(95%).Total.SURVEY_LC1_3B21
  0.0000,346.6598,CI.u(95%).Total.SURVEY_LC1_3B22
  0.0000,291.4009,CI.u(95%).Total.SURVEY_LC1_3B23
   0.000,1694.545,CI.u(95%).Total.SURVEY_LC1_3B32
 0.00000,14.90881,CI.u(95%).Total.SURVEY_LC1_3B33
 0.00000,22.82882,CI.u(95%).Total.SURVEY_LC1_3B35
  0.0000,335.1265,CI.u(95%).Total.SURVEY_LC1_3B41
 0.0000,55.7831,CI.u(95%).Total.SURVEY_LC1_3B43
 0.00000,14.90881,CI.u(95%).Total.SURVEY_LC1_3B45
  0.0000,172.5672,CI.u(95%).Total.SURVEY_LC1_3B51
  0.0000,372.4655,CI.u(95%).Total.SURVEY_LC1_3B53
 0.00000,35.74215,CI.u(95%).Total.SURVEY_LC1_3B54
   0.000,1963.118,CI.u(95%).Total.SURVEY_LC1_3B55
 0.00000,74.27593,CI.u(95%).Total.SURVEY_LC1_3B71
0.00000,4.06662,CI.u(95%).Total.SURVEY_LC1_3B72
0.000000,4.056233,CI.u(95%).Total.SURVEY_LC1_3B75
0.000000,3.991758,CI.u(95%).Total.SURVEY_LC1_3B82
 0.00000,82.74305,CI.u(95%).Total.SURVEY_LC1_3B83
 0.00000,53.50779,CI.u(95%).Total.SURVEY_LC1_3B84
3140.054,   0.000,CI.u(95%).Total.SURVEY_LC1_3Bx1
29.04218, 0.00000,CI.u(95%).Total.SURVEY_LC1_3Bx2
11.51354, 0.00000,CI.u(95%).Total.SURVEY_LC1_3Bxx
   0.000,5333.435,CI.u(95%).Total.SURVEY_LC1_3C10
5.858232,0.000000,CI.u(95%).Total.SURVEY_LC1_3C1x
   0.000,2134.049,CI.u(95%).Total.SURVEY_LC1_3C21
  0.0000,922.7698,CI.u(95%).Total.SURVEY_LC1_3C22
  0.0000,540.0904,CI.u(95%).Total.SURVEY_LC1_3C23
136.2853,  0.0000,CI.u(95%).Total.SURVEY_LC1_3C2x
  0.0000,182.7448,CI.u(95%).Total.SURVEY_LC1_3C31
  0.0000,340.6885,CI.u(95%).Total.SURVEY_LC1_3C32
  0.0000,658.7061,CI.u(95%).Total.SURVEY_LC1_3C33
85.96014, 0.00000,CI.u(95%).Total.SURVEY_LC1_3C3x
  0.0000,217.2677,CI.u(95%).Total.SURVEY_LC1_3D10
  0.0000,707.6432,CI.u(95%).Total.SURVEY_LC1_3D20
   0.000,1041.768,CI.u(95%).Total.SURVEY_LC1_3E10
   0.000,6905.767,CI.u(95%).Total.SURVEY_LC1_3E20
12.02471, 0.00000,CI.u(95%).Total.SURVEY_LC1_3E2x
  0.0000,646.9173,CI.u(95%).Total.SURVEY_LC1_3E30
0.000000,8.686688,CI.u(95%).Total.SURVEY_LC1_3F10
  0.0000,131.8571,CI.u(95%).Total.SURVEY_LC1_3F20
   0.000,1723.566,CI.u(95%).Total.SURVEY_LC1_3F40
9.995005,0.000000,CI.u(95%).Total.SURVEY_LC1_3F4x
  0.0000,567.8894,CI.u(95%).Total.SURVEY_LC1_3G11
 0.00000,85.31378,CI.u(95%).Total.SURVEY_LC1_3G12
4.023886,0.000000,CI.u(95%).Total.SURVEY_LC1_3G1x
  0.0000,105.7854,CI.u(95%).Total.SURVEY_LC1_3G21
0.000000,8.140239,CI.u(95%).Total.SURVEY_LC1_3G22
 0.000,38.118,CI.u(95%).Total.SURVEY_LC1_3G30
0.00000,9.44809,CI.u(95%).Total.SURVEY_LC1_3G40
  0.000,292.968,CI.u(95%).Total.SURVEY_LC1_3H11
 0.00000,12.45033,CI.u(95%).Total.SURVEY_LC1_3H12
  0.0000,151.5151,CI.u(95%).Total.SURVEY_LC1_3H21
 0.00000,33.36656,CI.u(95%).Total.SURVEY_LC1_3H23
 3184.999,23852.280,CI.u(95%).Total.SURVEY_LU1_3U111
  5.331088,256.074158,CI.u(95%).Total.SURVEY_LU1_3U112
 0.00000,30.11493,CI.u(95%).Total.SURVEY_LU1_3U113
 189.3565,6162.0568,CI.u(95%).Total.SURVEY_LU1_3U120
 0.00000,11.84114,CI.u(95%).Total.SURVEY_LU1_3U130
  0.0000,102.1865,CI.u(95%).Total.SURVEY_LU1_3U140
 0.0000,46.6339,CI.u(95%).Total.SURVEY_LU1_3U210
 0.00000,75.09562,CI.u(95%).Total.SURVEY_LU1_3U221
 0.0000,42.5286,CI.u(95%).Total.SURVEY_LU1_3U223
 0.00000,33.26003,CI.u(95%).Total.SURVEY_LU1_3U224
 0.00000,18.92693,CI.u(95%).Total.SURVEY_LU1_3U226
 0.00000,67.88172,CI.u(95%).Total.SURVEY_LU1_3U227
 0.00000,94.29997,CI.u(95%).Total.SURVEY_LU1_3U311
   0.000,1766.476,CI.u(95%).Total.SURVEY_LU1_3U312
 0.00000,12.04113,CI.u(95%).Total.SURVEY_LU1_3U313
 0.00000,50.13566,CI.u(95%).Total.SURVEY_LU1_3U314
  0.0000,166.5822,CI.u(95%).Total.SURVEY_LU1_3U317
0.000000,8.058377,CI.u(95%).Total.SURVEY_LU1_3U318
 0.00000,97.11603,CI.u(95%).Total.SURVEY_LU1_3U319
 0.00000,28.01536,CI.u(95%).Total.SURVEY_LU1_3U321
 0.00000,88.26998,CI.u(95%).Total.SURVEY_LU1_3U322
 0.00000,96.32923,CI.u(95%).Total.SURVEY_LU1_3U330
  0.0000,354.8275,CI.u(95%).Total.SURVEY_LU1_3U341
 0.00000,67.84569,CI.u(95%).Total.SURVEY_LU1_3U342
  5.701267,460.115059,CI.u(95%).Total.SURVEY_LU1_3U350
   4.023886,1198.570287,CI.u(95%).Total.SURVEY_LU1_3U361
  0.0000,249.4315,CI.u(95%).Total.SURVEY_LU1_3U362
   0.000,2730.302,CI.u(95%).Total.SURVEY_LU1_3U370
0.000000,3.975328,CI.u(95%).Total.SURVEY_LU1_3U414
 0.00000,47.83431,CI.u(95%).Total.SURVEY_LU1_3U415
   9.863151,3457.894986,CI.u(95%).Total.SURVEY_LU1_3U420
 3349.069,34179.556,CI.u(95%).Total.settlement0
   5.701267,5903.327769,CI.u(95%).Total.settlement1
0.0009609977,0.9950568108,CI.u(95%).Total.settl_pc
 3193.041,32453.397,CI.u(95%).Total.fao_class_name0
 201.5686,6810.1947,CI.u(95%).Total.fao_class_name1
  0.0000,298.3904,CI.u(95%).Total.fao_class_name2
  0.0000,941.1563,CI.u(95%).Total.fao_class_name3
 3345.045,35672.022,CI.u(95%).Total.lue0
   9.725152,4689.579169,CI.u(95%).Total.lue1
 3353.08,37715.13,CI.u(95%).Total.lud0
   0.000,2469.373,CI.u(95%).Total.lud1
0.023659138,0.001948427,CV.Total.area
NA,0.02048907,CV.Total.SURVEY_LC1_1A
0.023573671,0.006862149,CV.Total.SURVEY_LC1_1B
0.164751125,0.007921516,CV.Total.SURVEY_LC1_1C
NA,0.03558297,CV.Total.SURVEY_LC1_1D
0.00000000,0.01181034,CV.Total.SURVEY_LC1_1E
0.5074298,0.0317601,CV.Total.SURVEY_LC1_1F
0.000000000,0.006397875,CV.Total.SURVEY_LC1_1G
NA,0.02857814,CV.Total.SURVEY_LC1_1H
0.023776014,0.005634453,CV.Total.SURVEY_LU1_1U1
NA,0.2327562,CV.Total.SURVEY_LU1_1U2
0.10796785,0.02128568,CV.Total.SURVEY_LU1_1U3
0.10969354,0.03093199,CV.Total.SURVEY_LU1_1U4
NA,0.1064478,CV.Total.SURVEY_LC1_2A1
NA,0.04874417,CV.Total.SURVEY_LC1_2A2
NA,0.1044959,CV.Total.SURVEY_LC1_2A3
NA,0.01086512,CV.Total.SURVEY_LC1_2B1
NA,0.0459474,CV.Total.SURVEY_LC1_2B2
NA,0.03491975,CV.Total.SURVEY_LC1_2B3
NA,0.08537736,CV.Total.SURVEY_LC1_2B4
NA,0.02805004,CV.Total.SURVEY_LC1_2B5
NA,0.1542823,CV.Total.SURVEY_LC1_2B7
NA,0.1111671,CV.Total.SURVEY_LC1_2B8
0.02357367,NA,CV.Total.SURVEY_LC1_2Bx
0.21650635,0.04368134,CV.Total.SURVEY_LC1_2C1
0.20034482,0.07375462,CV.Total.SURVEY_LC1_2C2
0.3107394,0.1322042,CV.Total.SURVEY_LC1_2C3
NA,0.08445611,CV.Total.SURVEY_LC1_2D1
NA,0.03954628,CV.Total.SURVEY_LC1_2D2
NA,0.0589021,CV.Total.SURVEY_LC1_2E1
0.00000000,0.01385646,CV.Total.SURVEY_LC1_2E2
NA,0.05950048,CV.Total.SURVEY_LC1_2E3
NA,  0,CV.Total.SURVEY_LC1_2F1
NA,  0,CV.Total.SURVEY_LC1_2F2
0.50742983,0.03452514,CV.Total.SURVEY_LC1_2F4
0.00000000,0.02700583,CV.Total.SURVEY_LC1_2G1
NA,0.1733926,CV.Total.SURVEY_LC1_2G2
NA,0.1318689,CV.Total.SURVEY_LC1_2G3
NA,0.475191,CV.Total.SURVEY_LC1_2G4
NA,0.04470274,CV.Total.SURVEY_LC1_2H1
NA,0.02107765,CV.Total.SURVEY_LC1_2H2
0.023417457,0.004533103,CV.Total.SURVEY_LU1_2U11
0.1836779,0.0245883,CV.Total.SURVEY_LU1_2U12
NA,  0,CV.Total.SURVEY_LU1_2U13
NA,0.11697,CV.Total.SURVEY_LU1_2U14
NA,0.2957308,CV.Total.SURVEY_LU1_2U21
NA,0.2856789,CV.Total.SURVEY_LU1_2U22
NA,0.05610857,CV.Total.SURVEY_LU1_2U31
NA,0.2393428,CV.Total.SURVEY_LU1_2U32
NA,0.1413722,CV.Total.SURVEY_LU1_2U33
NA,0.1215388,CV.Total.SURVEY_LU1_2U34
0.2165064,0.1161022,CV.Total.SURVEY_LU1_2U35
0.00000000,0.09851254,CV.Total.SURVEY_LU1_2U36
NA,0.04431842,CV.Total.SURVEY_LU1_2U37
NA,0.1438038,CV.Total.SURVEY_LU1_2U41
0.10969354,0.03126516,CV.Total.SURVEY_LU1_2U42
NA,0.1082165,CV.Total.SURVEY_LC1_3A11
NA,0.8391814,CV.Total.SURVEY_LC1_3A12
NA,0.6304121,CV.Total.SURVEY_LC1_3A13
NA,0.1048687,CV.Total.SURVEY_LC1_3A21
NA,0.07440412,CV.Total.SURVEY_LC1_3A22
NA,0.1044959,CV.Total.SURVEY_LC1_3A30
NA,0.02469674,CV.Total.SURVEY_LC1_3B11
NA,0.3956068,CV.Total.SURVEY_LC1_3B12
NA,0.01991696,CV.Total.SURVEY_LC1_3B13
NA,0.04748225,CV.Total.SURVEY_LC1_3B14
NA,0.06820774,CV.Total.SURVEY_LC1_3B15
NA,0.03911296,CV.Total.SURVEY_LC1_3B16
NA,0.09210006,CV.Total.SURVEY_LC1_3B18
NA,0.3954712,CV.Total.SURVEY_LC1_3B19
NA,0.06578467,CV.Total.SURVEY_LC1_3B21
NA,0.08156969,CV.Total.SURVEY_LC1_3B22
NA,0.1071309,CV.Total.SURVEY_LC1_3B23
NA,0.03521381,CV.Total.SURVEY_LC1_3B32
NA,0.6304121,CV.Total.SURVEY_LC1_3B33
NA,0.2881738,CV.Total.SURVEY_LC1_3B35
NA,0.09187832,CV.Total.SURVEY_LC1_3B41
NA,0.2508332,CV.Total.SURVEY_LC1_3B43
NA,0.6304121,CV.Total.SURVEY_LC1_3B45
NA,0.1290759,CV.Total.SURVEY_LC1_3B51
NA,0.07044917,CV.Total.SURVEY_LC1_3B53
NA,0.310891,CV.Total.SURVEY_LC1_3B54
NA,0.03215978,CV.Total.SURVEY_LC1_3B55
NA,0.1770083,CV.Total.SURVEY_LC1_3B71
NA,  0,CV.Total.SURVEY_LC1_3B72
NA,  0,CV.Total.SURVEY_LC1_3B75
NA,  0,CV.Total.SURVEY_LC1_3B82
NA,0.1617493,CV.Total.SURVEY_LC1_3B83
NA,0.1550594,CV.Total.SURVEY_LC1_3B84
0.02375507,NA,CV.Total.SURVEY_LC1_3Bx1
0.1609922,NA,CV.Total.SURVEY_LC1_3Bx2
0.5400617,NA,CV.Total.SURVEY_LC1_3Bxx
NA,0.04368134,CV.Total.SURVEY_LC1_3C10
0.2165064,NA,CV.Total.SURVEY_LC1_3C1x
NA,0.1364327,CV.Total.SURVEY_LC1_3C21
NA,0.3659134,CV.Total.SURVEY_LC1_3C22
NA,0.1011823,CV.Total.SURVEY_LC1_3C23
0.2003448,NA,CV.Total.SURVEY_LC1_3C2x
NA,0.1203162,CV.Total.SURVEY_LC1_3C31
NA,0.3203481,CV.Total.SURVEY_LC1_3C32
NA,0.2036576,CV.Total.SURVEY_LC1_3C33
0.3107394,NA,CV.Total.SURVEY_LC1_3C3x
NA,0.08445611,CV.Total.SURVEY_LC1_3D10
NA,0.03954628,CV.Total.SURVEY_LC1_3D20
NA,0.0589021,CV.Total.SURVEY_LC1_3E10
NA,0.01385646,CV.Total.SURVEY_LC1_3E20
  0,NA,CV.Total.SURVEY_LC1_3E2x
NA,0.05950048,CV.Total.SURVEY_LC1_3E30
NA,  0,CV.Total.SURVEY_LC1_3F10
NA,  0,CV.Total.SURVEY_LC1_3F20
NA,0.03452514,CV.Total.SURVEY_LC1_3F40
0.5074298,NA,CV.Total.SURVEY_LC1_3F4x
NA,0.03857718,CV.Total.SURVEY_LC1_3G11
NA,0.2758418,CV.Total.SURVEY_LC1_3G12
  0,NA,CV.Total.SURVEY_LC1_3G1x
NA,0.1917497,CV.Total.SURVEY_LC1_3G21
NA,  0,CV.Total.SURVEY_LC1_3G22
NA,0.1318689,CV.Total.SURVEY_LC1_3G30
NA,0.475191,CV.Total.SURVEY_LC1_3G40
NA,0.04677666,CV.Total.SURVEY_LC1_3H11
NA,  0,CV.Total.SURVEY_LC1_3H12
NA,0.02595549,CV.Total.SURVEY_LC1_3H21
NA,  0,CV.Total.SURVEY_LC1_3H23
0.023447631,0.004616344,CV.Total.SURVEY_LU1_3U111
0.16151457,0.07927219,CV.Total.SURVEY_LU1_3U112
NA,0.09497012,CV.Total.SURVEY_LU1_3U113
0.1836779,0.0245883,CV.Total.SURVEY_LU1_3U120
NA,  0,CV.Total.SURVEY_LU1_3U130
NA,0.11697,CV.Total.SURVEY_LU1_3U140
NA,0.2957308,CV.Total.SURVEY_LU1_3U210
NA,0.472135,CV.Total.SURVEY_LU1_3U221
NA,0.6504476,CV.Total.SURVEY_LU1_3U223
NA,0.5191316,CV.Total.SURVEY_LU1_3U224
NA,0.1860802,CV.Total.SURVEY_LU1_3U226
NA,0.9128709,CV.Total.SURVEY_LU1_3U227
NA,0.2722836,CV.Total.SURVEY_LU1_3U311
NA,0.0660183,CV.Total.SURVEY_LU1_3U312
NA,  0,CV.Total.SURVEY_LU1_3U313
NA,0.2371923,CV.Total.SURVEY_LU1_3U314
NA,0.1654171,CV.Total.SURVEY_LU1_3U317
NA,  0,CV.Total.SURVEY_LU1_3U318
NA,0.125548,CV.Total.SURVEY_LU1_3U319
NA,0.1432647,CV.Total.SURVEY_LU1_3U321
NA,0.3321285,CV.Total.SURVEY_LU1_3U322
NA,0.1413722,CV.Total.SURVEY_LU1_3U330
NA,0.1299161,CV.Total.SURVEY_LU1_3U341
NA,0.3734468,CV.Total.SURVEY_LU1_3U342
0.2165064,0.1161022,CV.Total.SURVEY_LU1_3U350
0.00000,0.11594,CV.Total.SURVEY_LU1_3U361
NA,0.1356295,CV.Total.SURVEY_LU1_3U362
NA,0.04431842,CV.Total.SURVEY_LU1_3U370
NA,  0,CV.Total.SURVEY_LU1_3U414
NA,0.1594906,CV.Total.SURVEY_LU1_3U415
0.10969354,0.03126516,CV.Total.SURVEY_LU1_3U420
0.023687339,0.003182059,CV.Total.settlement0
0.21650635,0.01369579,CV.Total.settlement1
0.21650635,0.01369579,CV.Total.settl_pc
0.023386880,0.003789356,CV.Total.fao_class_name0
0.16910949,0.02167856,CV.Total.fao_class_name1
NA,0.09215335,CV.Total.fao_class_name2
NA,0.1593194,CV.Total.fao_class_name3
0.023717158,0.004879187,CV.Total.lue0
0.10796785,0.03573859,CV.Total.lue1
0.023659138,0.003512481,CV.Total.lud0
NA,0.04740365,CV.Total.lud1
