No,Yes,variable
 22373.01,476111.65,Total.area
   91.7211,19690.5575,Total.SURVEY_LC1_1A
 21226.21,112794.25,Total.SURVEY_LC1_1B
   719.0218,174266.2660,Total.SURVEY_LC1_1C
  157.344,72136.600,Total.SURVEY_LC1_1D
  149.8821,59777.5042,Total.SURVEY_LC1_1E
   14.93241,30999.12567,Total.SURVEY_LC1_1F
  13.89447,5588.51366,Total.SURVEY_LC1_1G
  0.0000,858.8288,Total.SURVEY_LC1_1H
 21765.8,312100.8,Total.SURVEY_LU1_1U1
  4.016586,840.056836,Total.SURVEY_LU1_1U2
  104.6858,23197.3184,Total.SURVEY_LU1_1U3
   498.5044,139973.4412,Total.SURVEY_LU1_1U4
  71.57671,4431.35454,Total.SURVEY_LC1_2A1
    0.00,13815.36,Total.SURVEY_LC1_2A2
   0.000,1443.842,Total.SURVEY_LC1_2A3
20.14439, 0.00000,Total.SURVEY_LC1_2Ax
    0.00,44466.53,Total.SURVEY_LC1_2B1
   0.000,1002.517,Total.SURVEY_LC1_2B2
   0.000,9273.221,Total.SURVEY_LC1_2B3
   0.000,2528.678,Total.SURVEY_LC1_2B4
   0.000,5143.185,Total.SURVEY_LC1_2B5
    0.00,14766.37,Total.SURVEY_LC1_2B7
    0.00,35613.75,Total.SURVEY_LC1_2B8
21226.21,    0.00,Total.SURVEY_LC1_2Bx
   196.6466,101875.4012,Total.SURVEY_LC1_2C1
  338.946,60847.998,Total.SURVEY_LC1_2C2
  183.4291,11542.8672,Total.SURVEY_LC1_2C3
   45.21635,16801.49407,Total.SURVEY_LC1_2D1
  112.1276,55335.1062,Total.SURVEY_LC1_2D2
   14.63409,10616.09950,Total.SURVEY_LC1_2E1
   94.50933,38421.07114,Total.SURVEY_LC1_2E2
   40.73873,10740.33361,Total.SURVEY_LC1_2E3
   0.000,3499.027,Total.SURVEY_LC1_2F1
  0.0000,142.9977,Total.SURVEY_LC1_2F2
   14.93241,27357.10089,Total.SURVEY_LC1_2F4
   0.000,3254.028,Total.SURVEY_LC1_2G1
   0.000,2318.524,Total.SURVEY_LC1_2G2
 0.0000,11.9611,Total.SURVEY_LC1_2G4
0.000000,4.000838,Total.SURVEY_LC1_2G5
13.89447, 0.00000,Total.SURVEY_LC1_2Gx
  0.0000,333.4592,Total.SURVEY_LC1_2H1
  0.0000,525.3696,Total.SURVEY_LC1_2H2
 21321.15,188371.73,Total.SURVEY_LU1_2U11
   444.651,122231.235,Total.SURVEY_LU1_2U12
 0.0000,57.8286,Total.SURVEY_LU1_2U13
  0.0000,806.6503,Total.SURVEY_LU1_2U14
  0.0000,633.3855,Total.SURVEY_LU1_2U15
  0.000,438.302,Total.SURVEY_LU1_2U21
  4.016586,401.754869,Total.SURVEY_LU1_2U22
    4.277014,13373.911040,Total.SURVEY_LU1_2U31
 13.2286,478.6340,Total.SURVEY_LU1_2U32
  0.0000,304.1581,Total.SURVEY_LU1_2U33
 60.04503,494.01275,Total.SURVEY_LU1_2U34
 16.66212,918.48757,Total.SURVEY_LU1_2U35
   4.651489,1800.235419,Total.SURVEY_LU1_2U36
   5.82157,5827.87951,Total.SURVEY_LU1_2U37
  90.24093,6212.53361,Total.SURVEY_LU1_2U41
   408.2635,133760.9076,Total.SURVEY_LU1_2U42
4.016586,0.000000,Total.SURVEY_LC1_3A10
   0.00,3401.72,Total.SURVEY_LC1_3A11
  0.0000,436.9714,Total.SURVEY_LC1_3A12
  0.0000,592.6631,Total.SURVEY_LC1_3A13
67.56012, 0.00000,Total.SURVEY_LC1_3A1x
   0.000,3298.346,Total.SURVEY_LC1_3A21
    0.00,10517.01,Total.SURVEY_LC1_3A22
   0.000,1443.842,Total.SURVEY_LC1_3A30
20.14439, 0.00000,Total.SURVEY_LC1_3Axx
    0.00,12759.13,Total.SURVEY_LC1_3B11
   0.000,3223.605,Total.SURVEY_LC1_3B12
    0.00,18512.66,Total.SURVEY_LC1_3B13
   0.000,1048.614,Total.SURVEY_LC1_3B14
   0.000,3324.821,Total.SURVEY_LC1_3B15
   0.000,4071.231,Total.SURVEY_LC1_3B16
  0.0000,333.0583,Total.SURVEY_LC1_3B17
   0.000,1185.731,Total.SURVEY_LC1_3B18
0.000000,7.676283,Total.SURVEY_LC1_3B19
  0.0000,424.4957,Total.SURVEY_LC1_3B21
  0.0000,192.5681,Total.SURVEY_LC1_3B22
  0.0000,385.4536,Total.SURVEY_LC1_3B23
   0.000,7336.439,Total.SURVEY_LC1_3B31
   0.000,1179.551,Total.SURVEY_LC1_3B32
 0.00000,82.62408,Total.SURVEY_LC1_3B33
  0.0000,404.3953,Total.SURVEY_LC1_3B34
 0.00000,70.03572,Total.SURVEY_LC1_3B35
 0.00000,29.94183,Total.SURVEY_LC1_3B36
  0.0000,170.2345,Total.SURVEY_LC1_3B37
   0.00,1665.04,Total.SURVEY_LC1_3B41
  0.0000,271.6268,Total.SURVEY_LC1_3B42
  0.0000,580.0378,Total.SURVEY_LC1_3B43
 0.00000,11.97288,Total.SURVEY_LC1_3B44
   0.000,2125.532,Total.SURVEY_LC1_3B52
  0.0000,813.1963,Total.SURVEY_LC1_3B53
  0.0000,762.2193,Total.SURVEY_LC1_3B54
   0.000,1442.238,Total.SURVEY_LC1_3B55
  0.000,416.672,Total.SURVEY_LC1_3B71
  0.0000,200.5163,Total.SURVEY_LC1_3B72
  0.0000,209.7377,Total.SURVEY_LC1_3B73
   0.000,9693.914,Total.SURVEY_LC1_3B74
   0.000,1534.454,Total.SURVEY_LC1_3B75
   0.00,1655.32,Total.SURVEY_LC1_3B76
   0.000,1055.758,Total.SURVEY_LC1_3B77
    0.00,25327.86,Total.SURVEY_LC1_3B81
   0.00,9956.49,Total.SURVEY_LC1_3B82
 0.00000,93.61182,Total.SURVEY_LC1_3B83
  0.0000,235.7844,Total.SURVEY_LC1_3B84
16814.26,    0.00,Total.SURVEY_LC1_3Bx1
4338.233,   0.000,Total.SURVEY_LC1_3Bx2
73.72042, 0.00000,Total.SURVEY_LC1_3Bxx
     0.0,101875.4,Total.SURVEY_LC1_3C10
196.6466,  0.0000,Total.SURVEY_LC1_3C1x
24.49457, 0.00000,Total.SURVEY_LC1_3C20
  0.0000,136.5316,Total.SURVEY_LC1_3C21
    0.00,57744.45,Total.SURVEY_LC1_3C22
   0.000,2967.012,Total.SURVEY_LC1_3C23
314.4514,  0.0000,Total.SURVEY_LC1_3C2x
 0.00000,55.34239,Total.SURVEY_LC1_3C31
   0.000,7391.145,Total.SURVEY_LC1_3C32
   0.00,4096.38,Total.SURVEY_LC1_3C33
183.4291,  0.0000,Total.SURVEY_LC1_3C3x
    0.00,16801.49,Total.SURVEY_LC1_3D10
45.21635, 0.00000,Total.SURVEY_LC1_3D1x
    0.00,55335.11,Total.SURVEY_LC1_3D20
112.1276,  0.0000,Total.SURVEY_LC1_3D2x
    0.0,10616.1,Total.SURVEY_LC1_3E10
14.63409, 0.00000,Total.SURVEY_LC1_3E1x
    0.00,38421.07,Total.SURVEY_LC1_3E20
94.50933, 0.00000,Total.SURVEY_LC1_3E2x
    0.00,10740.33,Total.SURVEY_LC1_3E30
40.73873, 0.00000,Total.SURVEY_LC1_3E3x
   0.000,3499.027,Total.SURVEY_LC1_3F10
  0.0000,142.9977,Total.SURVEY_LC1_3F20
    0.0,27357.1,Total.SURVEY_LC1_3F40
14.93241, 0.00000,Total.SURVEY_LC1_3F4x
   0.000,3168.014,Total.SURVEY_LC1_3G11
 0.00000,86.01399,Total.SURVEY_LC1_3G12
   0.000,2301.847,Total.SURVEY_LC1_3G21
 0.00000,16.67693,Total.SURVEY_LC1_3G22
 0.0000,11.9611,Total.SURVEY_LC1_3G40
0.000000,4.000838,Total.SURVEY_LC1_3G50
13.89447, 0.00000,Total.SURVEY_LC1_3Gxx
  0.0000,333.4592,Total.SURVEY_LC1_3H11
  0.0000,410.5113,Total.SURVEY_LC1_3H21
 0.00000,82.49668,Total.SURVEY_LC1_3H22
 0.00000,32.36167,Total.SURVEY_LC1_3H23
 21112.74,177315.81,Total.SURVEY_LU1_3U111
    5.876169,10090.251798,Total.SURVEY_LU1_3U112
202.5375,965.6735,Total.SURVEY_LU1_3U113
   444.651,122231.235,Total.SURVEY_LU1_3U120
 0.0000,57.8286,Total.SURVEY_LU1_3U130
  0.0000,806.6503,Total.SURVEY_LU1_3U140
  0.0000,633.3855,Total.SURVEY_LU1_3U150
  0.000,438.302,Total.SURVEY_LU1_3U210
 0.00000,89.40187,Total.SURVEY_LU1_3U221
4.016586,0.000000,Total.SURVEY_LU1_3U222
 0.00000,45.30624,Total.SURVEY_LU1_3U223
 0.00000,79.05983,Total.SURVEY_LU1_3U224
 0.00000,10.46377,Total.SURVEY_LU1_3U225
  0.0000,158.4024,Total.SURVEY_LU1_3U226
 0.00000,19.12077,Total.SURVEY_LU1_3U227
  0.0000,294.9659,Total.SURVEY_LU1_3U311
    0.00,11020.88,Total.SURVEY_LU1_3U312
  0.000,117.033,Total.SURVEY_LU1_3U313
  0.000,118.845,Total.SURVEY_LU1_3U314
 0.00000,10.97214,Total.SURVEY_LU1_3U316
  4.277014,631.390892,Total.SURVEY_LU1_3U317
  0.0000,120.1698,Total.SURVEY_LU1_3U318
   0.000,1059.658,Total.SURVEY_LU1_3U319
  0.0000,334.0965,Total.SURVEY_LU1_3U321
 13.2286,144.5375,Total.SURVEY_LU1_3U322
  0.0000,304.1581,Total.SURVEY_LU1_3U330
 60.04503,437.43964,Total.SURVEY_LU1_3U341
 0.00000,56.57312,Total.SURVEY_LU1_3U342
 16.66212,918.48757,Total.SURVEY_LU1_3U350
   0.000,1085.434,Total.SURVEY_LU1_3U361
  4.651489,714.801024,Total.SURVEY_LU1_3U362
   5.82157,5827.87951,Total.SURVEY_LU1_3U370
  0.0000,340.7632,Total.SURVEY_LU1_3U411
 0.00000,18.17636,Total.SURVEY_LU1_3U413
  0.0000,271.1193,Total.SURVEY_LU1_3U414
  90.24093,5582.47472,Total.SURVEY_LU1_3U415
   408.2635,133760.9076,Total.SURVEY_LU1_3U420
 22264.31,451317.05,Total.settlement0
  108.7024,24794.6020,Total.settlement1
0.002260614,0.515637223,Total.settl_pc
 21744.5,254065.9,Total.fao_class_name0
   550.6794,135795.2492,Total.fao_class_name1
   56.58909,16485.06558,Total.fao_class_name2
   21.24496,69765.46823,Total.fao_class_name3
 22285.83,467071.03,Total.lue0
  87.18021,9040.61526,Total.lue1
 22351.49,460308.24,Total.lud0
   21.5222,15803.4102,Total.lud1
612.9454,830.4064,SE.Total.area
 27.11283,389.18850,SE.Total.SURVEY_LC1_1A
571.8939,834.2438,SE.Total.SURVEY_LC1_1B
 202.2173,1059.0709,SE.Total.SURVEY_LC1_1C
 80.12073,996.88405,SE.Total.SURVEY_LC1_1D
 42.56991,804.28730,SE.Total.SURVEY_LC1_1E
  7.503497,579.478191,SE.Total.SURVEY_LC1_1F
  2.778894,194.001842,SE.Total.SURVEY_LC1_1G
 0.00000,20.08681,SE.Total.SURVEY_LC1_1H
 596.2119,1689.6039,SE.Total.SURVEY_LU1_1U1
 0.00000,83.98067,SE.Total.SURVEY_LU1_1U2
 59.53181,453.81690,SE.Total.SURVEY_LU1_1U3
 130.2998,1560.9108,SE.Total.SURVEY_LU1_1U4
 24.55067,343.91566,SE.Total.SURVEY_LC1_2A1
  0.0000,448.9762,SE.Total.SURVEY_LC1_2A2
  0.000,157.349,SE.Total.SURVEY_LC1_2A3
11.50524, 0.00000,SE.Total.SURVEY_LC1_2Ax
  0.0000,675.5768,SE.Total.SURVEY_LC1_2B1
  0.0000,135.0186,SE.Total.SURVEY_LC1_2B2
  0.0000,420.7134,SE.Total.SURVEY_LC1_2B3
  0.0000,206.8237,SE.Total.SURVEY_LC1_2B4
  0.0000,293.7755,SE.Total.SURVEY_LC1_2B5
  0.0000,663.3021,SE.Total.SURVEY_LC1_2B7
  0.0000,782.9639,SE.Total.SURVEY_LC1_2B8
571.8939,  0.0000,SE.Total.SURVEY_LC1_2Bx
  96.58971,1621.48889,SE.Total.SURVEY_LC1_2C1
 127.4924,1429.5611,SE.Total.SURVEY_LC1_2C2
123.7253,717.8854,SE.Total.SURVEY_LC1_2C3
 42.92541,744.44523,SE.Total.SURVEY_LC1_2D1
  67.65162,1089.41591,SE.Total.SURVEY_LC1_2D2
  5.221209,440.672074,SE.Total.SURVEY_LC1_2E1
 36.15461,648.78117,SE.Total.SURVEY_LC1_2E2
 21.85818,410.66994,SE.Total.SURVEY_LC1_2E3
  0.0000,191.6183,SE.Total.SURVEY_LC1_2F1
 0.00000,10.83947,SE.Total.SURVEY_LC1_2F2
  7.503497,547.293456,SE.Total.SURVEY_LC1_2F4
 0.00000,46.34686,SE.Total.SURVEY_LC1_2G1
  0.000,192.043,SE.Total.SURVEY_LC1_2G2
0.000000,1.242193,SE.Total.SURVEY_LC1_2G4
0,0,SE.Total.SURVEY_LC1_2G5
2.778894,0.000000,SE.Total.SURVEY_LC1_2Gx
 0.00000,16.33973,SE.Total.SURVEY_LC1_2H1
 0.00000,11.73555,SE.Total.SURVEY_LC1_2H2
 572.9203,1018.6896,SE.Total.SURVEY_LU1_2U11
 165.0368,1516.8945,SE.Total.SURVEY_LU1_2U12
0.000000,4.555607,SE.Total.SURVEY_LU1_2U13
 0.00000,48.32731,SE.Total.SURVEY_LU1_2U14
  0.0000,171.1641,SE.Total.SURVEY_LU1_2U15
 0.00000,56.95824,SE.Total.SURVEY_LU1_2U21
 0.00000,61.87547,SE.Total.SURVEY_LU1_2U22
  0.0000,475.2627,SE.Total.SURVEY_LU1_2U31
 6.144249,87.911536,SE.Total.SURVEY_LU1_2U32
 0.00000,90.12635,SE.Total.SURVEY_LU1_2U33
 58.18651,143.84826,SE.Total.SURVEY_LU1_2U34
 10.11301,161.62097,SE.Total.SURVEY_LU1_2U35
  2.654128,162.124019,SE.Total.SURVEY_LU1_2U36
  3.361085,336.992939,SE.Total.SURVEY_LU1_2U37
 33.98606,365.54603,SE.Total.SURVEY_LU1_2U41
 125.7895,1527.2438,SE.Total.SURVEY_LU1_2U42
0,0,SE.Total.SURVEY_LC1_3A10
  0.0000,305.4477,SE.Total.SURVEY_LC1_3A11
  0.0000,165.8229,SE.Total.SURVEY_LC1_3A12
  0.0000,107.4765,SE.Total.SURVEY_LC1_3A13
24.55067, 0.00000,SE.Total.SURVEY_LC1_3A1x
  0.0000,240.0451,SE.Total.SURVEY_LC1_3A21
  0.0000,441.9907,SE.Total.SURVEY_LC1_3A22
  0.000,157.349,SE.Total.SURVEY_LC1_3A30
11.50524, 0.00000,SE.Total.SURVEY_LC1_3Axx
  0.000,474.046,SE.Total.SURVEY_LC1_3B11
  0.000,219.692,SE.Total.SURVEY_LC1_3B12
  0.000,541.594,SE.Total.SURVEY_LC1_3B13
  0.0000,142.3803,SE.Total.SURVEY_LC1_3B14
  0.0000,254.4161,SE.Total.SURVEY_LC1_3B15
  0.0000,250.5666,SE.Total.SURVEY_LC1_3B16
 0.00000,52.76292,SE.Total.SURVEY_LC1_3B17
  0.0000,149.1947,SE.Total.SURVEY_LC1_3B18
0,0,SE.Total.SURVEY_LC1_3B19
 0.00000,86.48687,SE.Total.SURVEY_LC1_3B21
 0.0000,67.1867,SE.Total.SURVEY_LC1_3B22
 0.00000,79.48368,SE.Total.SURVEY_LC1_3B23
  0.0000,383.4251,SE.Total.SURVEY_LC1_3B31
  0.0000,160.7746,SE.Total.SURVEY_LC1_3B32
 0.00000,36.12504,SE.Total.SURVEY_LC1_3B33
 0.00000,68.74456,SE.Total.SURVEY_LC1_3B34
 0.00000,40.11634,SE.Total.SURVEY_LC1_3B35
 0.00000,20.09625,SE.Total.SURVEY_LC1_3B36
 0.00000,61.49036,SE.Total.SURVEY_LC1_3B37
  0.0000,187.1789,SE.Total.SURVEY_LC1_3B41
 0.00000,65.18479,SE.Total.SURVEY_LC1_3B42
 0.00000,59.78244,SE.Total.SURVEY_LC1_3B43
0,0,SE.Total.SURVEY_LC1_3B44
  0.0000,210.7006,SE.Total.SURVEY_LC1_3B52
  0.0000,145.6738,SE.Total.SURVEY_LC1_3B53
  0.0000,113.5391,SE.Total.SURVEY_LC1_3B54
  0.0000,101.9882,SE.Total.SURVEY_LC1_3B55
 0.00000,88.18695,SE.Total.SURVEY_LC1_3B71
 0.00000,63.96709,SE.Total.SURVEY_LC1_3B72
 0.0000,62.6216,SE.Total.SURVEY_LC1_3B73
  0.0000,593.4216,SE.Total.SURVEY_LC1_3B74
  0.0000,236.2942,SE.Total.SURVEY_LC1_3B75
  0.0000,258.6588,SE.Total.SURVEY_LC1_3B76
  0.0000,195.9496,SE.Total.SURVEY_LC1_3B77
  0.0000,799.8125,SE.Total.SURVEY_LC1_3B81
  0.0000,610.9018,SE.Total.SURVEY_LC1_3B82
 0.00000,40.23481,SE.Total.SURVEY_LC1_3B83
 0.00000,61.76448,SE.Total.SURVEY_LC1_3B84
431.051,  0.000,SE.Total.SURVEY_LC1_3Bx1
385.3776,  0.0000,SE.Total.SURVEY_LC1_3Bx2
27.92325, 0.00000,SE.Total.SURVEY_LC1_3Bxx
   0.000,1621.489,SE.Total.SURVEY_LC1_3C10
96.58971, 0.00000,SE.Total.SURVEY_LC1_3C1x
22.81376, 0.00000,SE.Total.SURVEY_LC1_3C20
 0.00000,67.54299,SE.Total.SURVEY_LC1_3C21
   0.000,1432.671,SE.Total.SURVEY_LC1_3C22
  0.00,333.89,SE.Total.SURVEY_LC1_3C23
125.4347,  0.0000,SE.Total.SURVEY_LC1_3C2x
 0.00000,33.12917,SE.Total.SURVEY_LC1_3C31
  0.0000,596.3563,SE.Total.SURVEY_LC1_3C32
  0.0000,433.1308,SE.Total.SURVEY_LC1_3C33
123.7253,  0.0000,SE.Total.SURVEY_LC1_3C3x
  0.0000,744.4452,SE.Total.SURVEY_LC1_3D10
42.92541, 0.00000,SE.Total.SURVEY_LC1_3D1x
   0.000,1089.416,SE.Total.SURVEY_LC1_3D20
67.65162, 0.00000,SE.Total.SURVEY_LC1_3D2x
  0.0000,440.6721,SE.Total.SURVEY_LC1_3E10
5.221209,0.000000,SE.Total.SURVEY_LC1_3E1x
  0.0000,648.7812,SE.Total.SURVEY_LC1_3E20
36.15461, 0.00000,SE.Total.SURVEY_LC1_3E2x
  0.0000,410.6699,SE.Total.SURVEY_LC1_3E30
21.85818, 0.00000,SE.Total.SURVEY_LC1_3E3x
  0.0000,191.6183,SE.Total.SURVEY_LC1_3F10
 0.00000,10.83947,SE.Total.SURVEY_LC1_3F20
  0.0000,547.2935,SE.Total.SURVEY_LC1_3F40
7.503497,0.000000,SE.Total.SURVEY_LC1_3F4x
 0.00000,46.50949,SE.Total.SURVEY_LC1_3G11
0.000000,7.315709,SE.Total.SURVEY_LC1_3G12
  0.000,192.043,SE.Total.SURVEY_LC1_3G21
0,0,SE.Total.SURVEY_LC1_3G22
0.000000,1.242193,SE.Total.SURVEY_LC1_3G40
0,0,SE.Total.SURVEY_LC1_3G50
2.778894,0.000000,SE.Total.SURVEY_LC1_3Gxx
 0.00000,16.33973,SE.Total.SURVEY_LC1_3H11
 0.0000,11.1172,SE.Total.SURVEY_LC1_3H21
0.00000,3.75912,SE.Total.SURVEY_LC1_3H22
0,0,SE.Total.SURVEY_LC1_3H23
 572.0007,1059.4321,SE.Total.SURVEY_LU1_3U111
  3.160353,375.638261,SE.Total.SURVEY_LU1_3U112
 34.23847,102.75476,SE.Total.SURVEY_LU1_3U113
 165.0368,1516.8945,SE.Total.SURVEY_LU1_3U120
0.000000,4.555607,SE.Total.SURVEY_LU1_3U130
 0.00000,48.32731,SE.Total.SURVEY_LU1_3U140
  0.0000,171.1641,SE.Total.SURVEY_LU1_3U150
 0.00000,56.95824,SE.Total.SURVEY_LU1_3U210
 0.00000,29.66664,SE.Total.SURVEY_LU1_3U221
0,0,SE.Total.SURVEY_LU1_3U222
 0.00000,15.82521,SE.Total.SURVEY_LU1_3U223
 0.00000,31.08966,SE.Total.SURVEY_LU1_3U224
0.000000,3.438509,SE.Total.SURVEY_LU1_3U225
 0.00000,41.93075,SE.Total.SURVEY_LU1_3U226
0,0,SE.Total.SURVEY_LU1_3U227
 0.00000,72.70939,SE.Total.SURVEY_LU1_3U311
  0.0000,442.0262,SE.Total.SURVEY_LU1_3U312
 0.00000,39.75464,SE.Total.SURVEY_LU1_3U313
 0.00000,24.99479,SE.Total.SURVEY_LU1_3U314
0.000000,4.350322,SE.Total.SURVEY_LU1_3U316
 0.00000,89.60551,SE.Total.SURVEY_LU1_3U317
 0.00000,46.15301,SE.Total.SURVEY_LU1_3U318
  0.0000,151.6457,SE.Total.SURVEY_LU1_3U319
 0.00000,81.52988,SE.Total.SURVEY_LU1_3U321
 6.144249,32.887135,SE.Total.SURVEY_LU1_3U322
 0.00000,90.12635,SE.Total.SURVEY_LU1_3U330
 58.18651,142.22032,SE.Total.SURVEY_LU1_3U341
 0.00000,21.58017,SE.Total.SURVEY_LU1_3U342
 10.11301,161.62097,SE.Total.SURVEY_LU1_3U350
  0.0000,127.6741,SE.Total.SURVEY_LU1_3U361
  2.654128,100.224397,SE.Total.SURVEY_LU1_3U362
  3.361085,336.992939,SE.Total.SURVEY_LU1_3U370
 0.00000,93.26414,SE.Total.SURVEY_LU1_3U411
0.000000,3.235842,SE.Total.SURVEY_LU1_3U413
 0.00000,50.34476,SE.Total.SURVEY_LU1_3U414
 33.98606,350.02731,SE.Total.SURVEY_LU1_3U415
 125.7895,1527.2438,SE.Total.SURVEY_LU1_3U420
610.0483,930.7207,SE.Total.settlement0
 59.53181,448.71713,SE.Total.settlement1
0.001238044,0.009331678,SE.Total.settl_pc
 582.0146,1419.6854,SE.Total.fao_class_name0
 183.2871,1323.0246,SE.Total.fao_class_name1
 54.94442,821.37130,SE.Total.fao_class_name2
  18.99399,1269.04364,SE.Total.fao_class_name3
610.0792,907.4870,SE.Total.lue0
 59.21388,377.28871,SE.Total.lue1
612.9146,958.1144,SE.Total.lud0
  6.144249,487.443663,SE.Total.lud1
 21171.66,474484.08,CI.l(95%).Total.area
   38.58093,18927.76207,CI.l(95%).Total.SURVEY_LC1_1A
 20105.32,111159.16,CI.l(95%).Total.SURVEY_LC1_1B
   322.6831,172190.5252,CI.l(95%).Total.SURVEY_LC1_1C
    0.31022,70182.74345,CI.l(95%).Total.SURVEY_LC1_1D
   66.44665,58201.13011,CI.l(95%).Total.SURVEY_LC1_1E
    0.2258256,29863.3692901,CI.l(95%).Total.SURVEY_LC1_1F
   8.447939,5208.277034,CI.l(95%).Total.SURVEY_LC1_1G
  0.0000,819.4594,CI.l(95%).Total.SURVEY_LC1_1H
 20597.25,308789.27,CI.l(95%).Total.SURVEY_LU1_1U1
  4.016586,675.457751,CI.l(95%).Total.SURVEY_LU1_1U2
  -11.99436,22307.85360,CI.l(95%).Total.SURVEY_LU1_1U3
   243.1215,136914.1123,CI.l(95%).Total.SURVEY_LU1_1U4
  23.45829,3757.29223,CI.l(95%).Total.SURVEY_LC1_2A1
    0.00,12935.38,CI.l(95%).Total.SURVEY_LC1_2A2
   0.000,1135.444,CI.l(95%).Total.SURVEY_LC1_2A3
-2.405454, 0.000000,CI.l(95%).Total.SURVEY_LC1_2Ax
    0.00,43142.43,CI.l(95%).Total.SURVEY_LC1_2B1
  0.0000,737.8858,CI.l(95%).Total.SURVEY_LC1_2B2
   0.000,8448.638,CI.l(95%).Total.SURVEY_LC1_2B3
   0.00,2123.31,CI.l(95%).Total.SURVEY_LC1_2B4
   0.000,4567.396,CI.l(95%).Total.SURVEY_LC1_2B5
    0.00,13466.32,CI.l(95%).Total.SURVEY_LC1_2B7
    0.00,34079.17,CI.l(95%).Total.SURVEY_LC1_2B8
20105.32,    0.00,CI.l(95%).Total.SURVEY_LC1_2Bx
    7.334294,98697.341337,CI.l(95%).Total.SURVEY_LC1_2C1
   89.06542,58046.10939,CI.l(95%).Total.SURVEY_LC1_2C2
  -59.06798,10135.83774,CI.l(95%).Total.SURVEY_LC1_2C3
  -38.9159,15342.4082,CI.l(95%).Total.SURVEY_LC1_2D1
  -20.46711,53199.89027,CI.l(95%).Total.SURVEY_LC1_2D2
   4.400707,9752.398102,CI.l(95%).Total.SURVEY_LC1_2E1
   23.64759,37149.48342,CI.l(95%).Total.SURVEY_LC1_2E2
  -2.102525,9935.435312,CI.l(95%).Total.SURVEY_LC1_2E3
   0.000,3123.462,CI.l(95%).Total.SURVEY_LC1_2F1
  0.0000,121.7527,CI.l(95%).Total.SURVEY_LC1_2F2
    0.2258256,26284.4254238,CI.l(95%).Total.SURVEY_LC1_2F4
   0.00,3163.19,CI.l(95%).Total.SURVEY_LC1_2G1
   0.000,1942.126,CI.l(95%).Total.SURVEY_LC1_2G2
0.000000,9.526442,CI.l(95%).Total.SURVEY_LC1_2G4
0.000000,4.000838,CI.l(95%).Total.SURVEY_LC1_2G5
8.447939,0.000000,CI.l(95%).Total.SURVEY_LC1_2Gx
  0.0000,301.4339,CI.l(95%).Total.SURVEY_LC1_2H1
  0.0000,502.3684,CI.l(95%).Total.SURVEY_LC1_2H2
 20198.25,186375.14,CI.l(95%).Total.SURVEY_LU1_2U11
   121.1848,119258.1769,CI.l(95%).Total.SURVEY_LU1_2U12
 0.00000,48.89978,CI.l(95%).Total.SURVEY_LU1_2U13
  0.0000,711.9305,CI.l(95%).Total.SURVEY_LU1_2U14
  0.0000,297.9102,CI.l(95%).Total.SURVEY_LU1_2U15
  0.0000,326.6659,CI.l(95%).Total.SURVEY_LU1_2U21
  4.016586,280.481168,CI.l(95%).Total.SURVEY_LU1_2U22
    4.277014,12442.413270,CI.l(95%).Total.SURVEY_LU1_2U31
  1.186096,306.330511,CI.l(95%).Total.SURVEY_LU1_2U32
  0.0000,127.5137,CI.l(95%).Total.SURVEY_LU1_2U33
-53.99843,212.07534,CI.l(95%).Total.SURVEY_LU1_2U34
 -3.159019,601.716303,CI.l(95%).Total.SURVEY_LU1_2U35
  -0.5505054,1482.4781803,CI.l(95%).Total.SURVEY_LU1_2U36
  -0.7660355,5167.3854907,CI.l(95%).Total.SURVEY_LU1_2U37
  23.62948,5496.07657,CI.l(95%).Total.SURVEY_LU1_2U41
   161.7207,130767.5647,CI.l(95%).Total.SURVEY_LU1_2U42
4.016586,0.000000,CI.l(95%).Total.SURVEY_LC1_3A10
   0.000,2803.053,CI.l(95%).Total.SURVEY_LC1_3A11
  0.0000,111.9646,CI.l(95%).Total.SURVEY_LC1_3A12
  0.0000,382.0129,CI.l(95%).Total.SURVEY_LC1_3A13
19.4417, 0.0000,CI.l(95%).Total.SURVEY_LC1_3A1x
   0.000,2827.867,CI.l(95%).Total.SURVEY_LC1_3A21
   0.000,9650.729,CI.l(95%).Total.SURVEY_LC1_3A22
   0.000,1135.444,CI.l(95%).Total.SURVEY_LC1_3A30
-2.405454, 0.000000,CI.l(95%).Total.SURVEY_LC1_3Axx
    0.00,11830.02,CI.l(95%).Total.SURVEY_LC1_3B11
   0.000,2793.017,CI.l(95%).Total.SURVEY_LC1_3B12
    0.00,17451.16,CI.l(95%).Total.SURVEY_LC1_3B13
  0.0000,769.5539,CI.l(95%).Total.SURVEY_LC1_3B14
   0.000,2826.175,CI.l(95%).Total.SURVEY_LC1_3B15
   0.000,3580.129,CI.l(95%).Total.SURVEY_LC1_3B16
  0.0000,229.6449,CI.l(95%).Total.SURVEY_LC1_3B17
  0.0000,893.3149,CI.l(95%).Total.SURVEY_LC1_3B18
0.000000,7.676283,CI.l(95%).Total.SURVEY_LC1_3B19
  0.0000,254.9845,CI.l(95%).Total.SURVEY_LC1_3B21
 0.00000,60.88454,CI.l(95%).Total.SURVEY_LC1_3B22
  0.0000,229.6685,CI.l(95%).Total.SURVEY_LC1_3B23
   0.000,6584.939,CI.l(95%).Total.SURVEY_LC1_3B31
  0.0000,864.4385,CI.l(95%).Total.SURVEY_LC1_3B32
 0.00000,11.82031,CI.l(95%).Total.SURVEY_LC1_3B33
  0.0000,269.6584,CI.l(95%).Total.SURVEY_LC1_3B34
 0.00000,-8.59085,CI.l(95%).Total.SURVEY_LC1_3B35
 0.000000,-9.446097,CI.l(95%).Total.SURVEY_LC1_3B36
 0.00000,49.71557,CI.l(95%).Total.SURVEY_LC1_3B37
   0.000,1298.176,CI.l(95%).Total.SURVEY_LC1_3B41
  0.000,143.867,CI.l(95%).Total.SURVEY_LC1_3B42
  0.0000,462.8664,CI.l(95%).Total.SURVEY_LC1_3B43
 0.00000,11.97288,CI.l(95%).Total.SURVEY_LC1_3B44
   0.000,1712.566,CI.l(95%).Total.SURVEY_LC1_3B52
  0.0000,527.6809,CI.l(95%).Total.SURVEY_LC1_3B53
  0.0000,539.6867,CI.l(95%).Total.SURVEY_LC1_3B54
   0.000,1242.345,CI.l(95%).Total.SURVEY_LC1_3B55
  0.0000,243.8287,CI.l(95%).Total.SURVEY_LC1_3B71
 0.00000,75.14312,CI.l(95%).Total.SURVEY_LC1_3B72
 0.00000,87.00158,CI.l(95%).Total.SURVEY_LC1_3B73
   0.000,8530.829,CI.l(95%).Total.SURVEY_LC1_3B74
   0.000,1071.326,CI.l(95%).Total.SURVEY_LC1_3B75
   0.000,1148.358,CI.l(95%).Total.SURVEY_LC1_3B76
  0.0000,671.7038,CI.l(95%).Total.SURVEY_LC1_3B77
    0.00,23760.26,CI.l(95%).Total.SURVEY_LC1_3B81
   0.000,8759.145,CI.l(95%).Total.SURVEY_LC1_3B82
 0.00000,14.75304,CI.l(95%).Total.SURVEY_LC1_3B83
  0.0000,114.7282,CI.l(95%).Total.SURVEY_LC1_3B84
15969.42,    0.00,CI.l(95%).Total.SURVEY_LC1_3Bx1
3582.907,   0.000,CI.l(95%).Total.SURVEY_LC1_3Bx2
18.99185, 0.00000,CI.l(95%).Total.SURVEY_LC1_3Bxx
    0.00,98697.34,CI.l(95%).Total.SURVEY_LC1_3C10
7.334294,0.000000,CI.l(95%).Total.SURVEY_LC1_3C1x
-20.21959,  0.00000,CI.l(95%).Total.SURVEY_LC1_3C20
0.00000,4.14978,CI.l(95%).Total.SURVEY_LC1_3C21
    0.00,54936.47,CI.l(95%).Total.SURVEY_LC1_3C22
   0.0,2312.6,CI.l(95%).Total.SURVEY_LC1_3C23
68.60403, 0.00000,CI.l(95%).Total.SURVEY_LC1_3C2x
 0.000000,-9.589597,CI.l(95%).Total.SURVEY_LC1_3C31
   0.000,6222.308,CI.l(95%).Total.SURVEY_LC1_3C32
   0.000,3247.459,CI.l(95%).Total.SURVEY_LC1_3C33
-59.06798,  0.00000,CI.l(95%).Total.SURVEY_LC1_3C3x
    0.00,15342.41,CI.l(95%).Total.SURVEY_LC1_3D10
-38.9159,  0.0000,CI.l(95%).Total.SURVEY_LC1_3D1x
    0.00,53199.89,CI.l(95%).Total.SURVEY_LC1_3D20
-20.46711,  0.00000,CI.l(95%).Total.SURVEY_LC1_3D2x
   0.000,9752.398,CI.l(95%).Total.SURVEY_LC1_3E10
4.400707,0.000000,CI.l(95%).Total.SURVEY_LC1_3E1x
    0.00,37149.48,CI.l(95%).Total.SURVEY_LC1_3E20
23.64759, 0.00000,CI.l(95%).Total.SURVEY_LC1_3E2x
   0.000,9935.435,CI.l(95%).Total.SURVEY_LC1_3E30
-2.102525, 0.000000,CI.l(95%).Total.SURVEY_LC1_3E3x
   0.000,3123.462,CI.l(95%).Total.SURVEY_LC1_3F10
  0.0000,121.7527,CI.l(95%).Total.SURVEY_LC1_3F20
    0.00,26284.43,CI.l(95%).Total.SURVEY_LC1_3F40
0.2258256,0.0000000,CI.l(95%).Total.SURVEY_LC1_3F4x
   0.000,3076.857,CI.l(95%).Total.SURVEY_LC1_3G11
 0.00000,71.67547,CI.l(95%).Total.SURVEY_LC1_3G12
   0.000,1925.449,CI.l(95%).Total.SURVEY_LC1_3G21
 0.00000,16.67693,CI.l(95%).Total.SURVEY_LC1_3G22
0.000000,9.526442,CI.l(95%).Total.SURVEY_LC1_3G40
0.000000,4.000838,CI.l(95%).Total.SURVEY_LC1_3G50
8.447939,0.000000,CI.l(95%).Total.SURVEY_LC1_3Gxx
  0.0000,301.4339,CI.l(95%).Total.SURVEY_LC1_3H11
  0.000,388.722,CI.l(95%).Total.SURVEY_LC1_3H21
 0.00000,75.12894,CI.l(95%).Total.SURVEY_LC1_3H22
 0.00000,32.36167,CI.l(95%).Total.SURVEY_LC1_3H23
 19991.64,175239.36,CI.l(95%).Total.SURVEY_LU1_3U111
  -0.3180093,9354.0143347,CI.l(95%).Total.SURVEY_LU1_3U112
135.4313,764.2778,CI.l(95%).Total.SURVEY_LU1_3U113
   121.1848,119258.1769,CI.l(95%).Total.SURVEY_LU1_3U120
 0.00000,48.89978,CI.l(95%).Total.SURVEY_LU1_3U130
  0.0000,711.9305,CI.l(95%).Total.SURVEY_LU1_3U140
  0.0000,297.9102,CI.l(95%).Total.SURVEY_LU1_3U150
  0.0000,326.6659,CI.l(95%).Total.SURVEY_LU1_3U210
 0.00000,31.25633,CI.l(95%).Total.SURVEY_LU1_3U221
4.016586,0.000000,CI.l(95%).Total.SURVEY_LU1_3U222
 0.0000,14.2894,CI.l(95%).Total.SURVEY_LU1_3U223
 0.00000,18.12522,CI.l(95%).Total.SURVEY_LU1_3U224
0.000000,3.724415,CI.l(95%).Total.SURVEY_LU1_3U225
 0.00000,76.21963,CI.l(95%).Total.SURVEY_LU1_3U226
 0.00000,19.12077,CI.l(95%).Total.SURVEY_LU1_3U227
  0.0000,152.4582,CI.l(95%).Total.SURVEY_LU1_3U311
    0.00,10154.52,CI.l(95%).Total.SURVEY_LU1_3U312
 0.00000,39.11531,CI.l(95%).Total.SURVEY_LU1_3U313
 0.00000,69.85612,CI.l(95%).Total.SURVEY_LU1_3U314
0.000000,2.445669,CI.l(95%).Total.SURVEY_LU1_3U316
  4.277014,455.767329,CI.l(95%).Total.SURVEY_LU1_3U317
 0.00000,29.71154,CI.l(95%).Total.SURVEY_LU1_3U318
  0.0000,762.4382,CI.l(95%).Total.SURVEY_LU1_3U319
  0.0000,174.3009,CI.l(95%).Total.SURVEY_LU1_3U321
 1.186096,80.079871,CI.l(95%).Total.SURVEY_LU1_3U322
  0.0000,127.5137,CI.l(95%).Total.SURVEY_LU1_3U330
-53.99843,158.69293,CI.l(95%).Total.SURVEY_LU1_3U341
 0.00000,14.27677,CI.l(95%).Total.SURVEY_LU1_3U342
 -3.159019,601.716303,CI.l(95%).Total.SURVEY_LU1_3U350
  0.0000,835.1978,CI.l(95%).Total.SURVEY_LU1_3U361
 -0.5505054,518.3648156,CI.l(95%).Total.SURVEY_LU1_3U362
  -0.7660355,5167.3854907,CI.l(95%).Total.SURVEY_LU1_3U370
  0.0000,157.9688,CI.l(95%).Total.SURVEY_LU1_3U411
 0.00000,11.83423,CI.l(95%).Total.SURVEY_LU1_3U413
  0.0000,172.4454,CI.l(95%).Total.SURVEY_LU1_3U414
  23.62948,4896.43380,CI.l(95%).Total.SURVEY_LU1_3U415
   161.7207,130767.5647,CI.l(95%).Total.SURVEY_LU1_3U420
 21068.63,449492.87,CI.l(95%).Total.settlement0
   -7.977778,23915.132604,CI.l(95%).Total.settlement1
-0.0001659087, 0.4973474693,CI.l(95%).Total.settl_pc
 20603.77,251283.33,CI.l(95%).Total.fao_class_name0
   191.4433,133202.1686,CI.l(95%).Total.fao_class_name1
  -51.10,14875.21,CI.l(95%).Total.fao_class_name2
  -15.98258,67278.18839,CI.l(95%).Total.fao_class_name3
 21090.1,465292.4,CI.l(95%).Total.lue0
 -28.87687,8301.14299,CI.l(95%).Total.lue1
 21150.2,458430.4,CI.l(95%).Total.lud0
    9.479697,14848.038223,CI.l(95%).Total.lud1
 23574.36,477739.22,CI.u(95%).Total.area
  144.8613,20453.3530,CI.u(95%).Total.SURVEY_LC1_1A
 22347.11,114429.34,CI.u(95%).Total.SURVEY_LC1_1B
  1115.36,176342.01,CI.u(95%).Total.SURVEY_LC1_1C
  314.3777,74090.4571,CI.u(95%).Total.SURVEY_LC1_1D
  233.3176,61353.8784,CI.u(95%).Total.SURVEY_LC1_1E
   29.639,32134.882,CI.u(95%).Total.SURVEY_LC1_1F
  19.34101,5968.75028,CI.u(95%).Total.SURVEY_LC1_1G
  0.0000,898.1982,CI.u(95%).Total.SURVEY_LC1_1H
 22934.36,315412.40,CI.u(95%).Total.SURVEY_LU1_1U1
   4.016586,1004.655920,CI.u(95%).Total.SURVEY_LU1_1U2
  221.366,24086.783,CI.u(95%).Total.SURVEY_LU1_1U3
   753.8874,143032.7701,CI.u(95%).Total.SURVEY_LU1_1U4
 119.6951,5105.4168,CI.u(95%).Total.SURVEY_LC1_2A1
    0.00,14695.34,CI.u(95%).Total.SURVEY_LC1_2A2
   0.00,1752.24,CI.u(95%).Total.SURVEY_LC1_2A3
42.69424, 0.00000,CI.u(95%).Total.SURVEY_LC1_2Ax
    0.00,45790.64,CI.u(95%).Total.SURVEY_LC1_2B1
   0.000,1267.149,CI.u(95%).Total.SURVEY_LC1_2B2
    0.0,10097.8,CI.u(95%).Total.SURVEY_LC1_2B3
   0.000,2934.045,CI.u(95%).Total.SURVEY_LC1_2B4
   0.000,5718.975,CI.u(95%).Total.SURVEY_LC1_2B5
    0.00,16066.42,CI.u(95%).Total.SURVEY_LC1_2B7
    0.00,37148.33,CI.u(95%).Total.SURVEY_LC1_2B8
22347.11,    0.00,CI.u(95%).Total.SURVEY_LC1_2Bx
   385.959,105053.461,CI.u(95%).Total.SURVEY_LC1_2C1
  588.8266,63649.8858,CI.u(95%).Total.SURVEY_LC1_2C2
  425.9262,12949.8967,CI.u(95%).Total.SURVEY_LC1_2C3
  129.3486,18260.5799,CI.u(95%).Total.SURVEY_LC1_2D1
  244.7224,57470.3222,CI.u(95%).Total.SURVEY_LC1_2D2
   24.86747,11479.80089,CI.u(95%).Total.SURVEY_LC1_2E1
  165.3711,39692.6589,CI.u(95%).Total.SURVEY_LC1_2E2
   83.57998,11545.23190,CI.u(95%).Total.SURVEY_LC1_2E3
   0.000,3874.592,CI.u(95%).Total.SURVEY_LC1_2F1
  0.0000,164.2427,CI.u(95%).Total.SURVEY_LC1_2F2
   29.639,28429.776,CI.u(95%).Total.SURVEY_LC1_2F4
   0.000,3344.866,CI.u(95%).Total.SURVEY_LC1_2G1
   0.000,2694.921,CI.u(95%).Total.SURVEY_LC1_2G2
 0.00000,14.39575,CI.u(95%).Total.SURVEY_LC1_2G4
0.000000,4.000838,CI.u(95%).Total.SURVEY_LC1_2G5
19.34101, 0.00000,CI.u(95%).Total.SURVEY_LC1_2Gx
  0.0000,365.4844,CI.u(95%).Total.SURVEY_LC1_2H1
  0.0000,548.3709,CI.u(95%).Total.SURVEY_LC1_2H2
 22444.05,190368.33,CI.u(95%).Total.SURVEY_LU1_2U11
   768.1172,125204.2938,CI.u(95%).Total.SURVEY_LU1_2U12
 0.00000,66.75743,CI.u(95%).Total.SURVEY_LU1_2U13
  0.0000,901.3701,CI.u(95%).Total.SURVEY_LU1_2U14
  0.0000,968.8609,CI.u(95%).Total.SURVEY_LU1_2U15
  0.0000,549.9381,CI.u(95%).Total.SURVEY_LU1_2U21
  4.016586,523.028571,CI.u(95%).Total.SURVEY_LU1_2U22
    4.277014,14305.408809,CI.u(95%).Total.SURVEY_LU1_2U31
 25.27111,650.93740,CI.u(95%).Total.SURVEY_LU1_2U32
  0.0000,480.8025,CI.u(95%).Total.SURVEY_LU1_2U33
174.0885,775.9502,CI.u(95%).Total.SURVEY_LU1_2U34
  36.48326,1235.25884,CI.u(95%).Total.SURVEY_LU1_2U35
   9.853484,2117.992658,CI.u(95%).Total.SURVEY_LU1_2U36
  12.40918,6488.37354,CI.u(95%).Total.SURVEY_LU1_2U37
 156.8524,6928.9907,CI.u(95%).Total.SURVEY_LU1_2U41
   654.8064,136754.2505,CI.u(95%).Total.SURVEY_LU1_2U42
4.016586,0.000000,CI.u(95%).Total.SURVEY_LC1_3A10
   0.000,4000.387,CI.u(95%).Total.SURVEY_LC1_3A11
  0.0000,761.9783,CI.u(95%).Total.SURVEY_LC1_3A12
  0.0000,803.3132,CI.u(95%).Total.SURVEY_LC1_3A13
115.6785,  0.0000,CI.u(95%).Total.SURVEY_LC1_3A1x
   0.000,3768.826,CI.u(95%).Total.SURVEY_LC1_3A21
    0.0,11383.3,CI.u(95%).Total.SURVEY_LC1_3A22
   0.00,1752.24,CI.u(95%).Total.SURVEY_LC1_3A30
42.69424, 0.00000,CI.u(95%).Total.SURVEY_LC1_3Axx
    0.00,13688.25,CI.u(95%).Total.SURVEY_LC1_3B11
   0.000,3654.194,CI.u(95%).Total.SURVEY_LC1_3B12
    0.00,19574.17,CI.u(95%).Total.SURVEY_LC1_3B13
   0.000,1327.675,CI.u(95%).Total.SURVEY_LC1_3B14
   0.000,3823.468,CI.u(95%).Total.SURVEY_LC1_3B15
   0.000,4562.332,CI.u(95%).Total.SURVEY_LC1_3B16
  0.0000,436.4717,CI.u(95%).Total.SURVEY_LC1_3B17
   0.000,1478.147,CI.u(95%).Total.SURVEY_LC1_3B18
0.000000,7.676283,CI.u(95%).Total.SURVEY_LC1_3B19
  0.0000,594.0068,CI.u(95%).Total.SURVEY_LC1_3B21
  0.0000,324.2516,CI.u(95%).Total.SURVEY_LC1_3B22
  0.0000,541.2388,CI.u(95%).Total.SURVEY_LC1_3B23
   0.000,8087.938,CI.u(95%).Total.SURVEY_LC1_3B31
   0.000,1494.664,CI.u(95%).Total.SURVEY_LC1_3B32
  0.0000,153.4278,CI.u(95%).Total.SURVEY_LC1_3B33
  0.0000,539.1321,CI.u(95%).Total.SURVEY_LC1_3B34
  0.0000,148.6623,CI.u(95%).Total.SURVEY_LC1_3B35
 0.00000,69.32975,CI.u(95%).Total.SURVEY_LC1_3B36
  0.0000,290.7534,CI.u(95%).Total.SURVEY_LC1_3B37
   0.000,2031.904,CI.u(95%).Total.SURVEY_LC1_3B41
  0.0000,399.3867,CI.u(95%).Total.SURVEY_LC1_3B42
  0.0000,697.2092,CI.u(95%).Total.SURVEY_LC1_3B43
 0.00000,11.97288,CI.u(95%).Total.SURVEY_LC1_3B44
   0.000,2538.497,CI.u(95%).Total.SURVEY_LC1_3B52
   0.000,1098.712,CI.u(95%).Total.SURVEY_LC1_3B53
  0.000,984.752,CI.u(95%).Total.SURVEY_LC1_3B54
   0.000,1642.131,CI.u(95%).Total.SURVEY_LC1_3B55
  0.0000,589.5152,CI.u(95%).Total.SURVEY_LC1_3B71
  0.0000,325.8895,CI.u(95%).Total.SURVEY_LC1_3B72
  0.0000,332.4737,CI.u(95%).Total.SURVEY_LC1_3B73
    0,10857,CI.u(95%).Total.SURVEY_LC1_3B74
   0.000,1997.582,CI.u(95%).Total.SURVEY_LC1_3B75
   0.000,2162.282,CI.u(95%).Total.SURVEY_LC1_3B76
   0.000,1439.812,CI.u(95%).Total.SURVEY_LC1_3B77
    0.00,26895.46,CI.u(95%).Total.SURVEY_LC1_3B81
    0.00,11153.84,CI.u(95%).Total.SURVEY_LC1_3B82
  0.0000,172.4706,CI.u(95%).Total.SURVEY_LC1_3B83
  0.0000,356.8406,CI.u(95%).Total.SURVEY_LC1_3B84
17659.1,    0.0,CI.u(95%).Total.SURVEY_LC1_3Bx1
5093.559,   0.000,CI.u(95%).Total.SURVEY_LC1_3Bx2
128.449,  0.000,CI.u(95%).Total.SURVEY_LC1_3Bxx
     0.0,105053.5,CI.u(95%).Total.SURVEY_LC1_3C10
385.959,  0.000,CI.u(95%).Total.SURVEY_LC1_3C1x
69.20872, 0.00000,CI.u(95%).Total.SURVEY_LC1_3C20
  0.0000,268.9134,CI.u(95%).Total.SURVEY_LC1_3C21
    0.00,60552.44,CI.u(95%).Total.SURVEY_LC1_3C22
   0.000,3621.424,CI.u(95%).Total.SURVEY_LC1_3C23
560.2989,  0.0000,CI.u(95%).Total.SURVEY_LC1_3C2x
  0.0000,120.2744,CI.u(95%).Total.SURVEY_LC1_3C31
   0.000,8559.982,CI.u(95%).Total.SURVEY_LC1_3C32
   0.000,4945.301,CI.u(95%).Total.SURVEY_LC1_3C33
425.9262,  0.0000,CI.u(95%).Total.SURVEY_LC1_3C3x
    0.00,18260.58,CI.u(95%).Total.SURVEY_LC1_3D10
129.3486,  0.0000,CI.u(95%).Total.SURVEY_LC1_3D1x
    0.00,57470.32,CI.u(95%).Total.SURVEY_LC1_3D20
244.7224,  0.0000,CI.u(95%).Total.SURVEY_LC1_3D2x
    0.0,11479.8,CI.u(95%).Total.SURVEY_LC1_3E10
24.86747, 0.00000,CI.u(95%).Total.SURVEY_LC1_3E1x
    0.00,39692.66,CI.u(95%).Total.SURVEY_LC1_3E20
165.3711,  0.0000,CI.u(95%).Total.SURVEY_LC1_3E2x
    0.00,11545.23,CI.u(95%).Total.SURVEY_LC1_3E30
83.57998, 0.00000,CI.u(95%).Total.SURVEY_LC1_3E3x
   0.000,3874.592,CI.u(95%).Total.SURVEY_LC1_3F10
  0.0000,164.2427,CI.u(95%).Total.SURVEY_LC1_3F20
    0.00,28429.78,CI.u(95%).Total.SURVEY_LC1_3F40
29.639, 0.000,CI.u(95%).Total.SURVEY_LC1_3F4x
   0.000,3259.171,CI.u(95%).Total.SURVEY_LC1_3G11
  0.0000,100.3525,CI.u(95%).Total.SURVEY_LC1_3G12
   0.000,2678.244,CI.u(95%).Total.SURVEY_LC1_3G21
 0.00000,16.67693,CI.u(95%).Total.SURVEY_LC1_3G22
 0.00000,14.39575,CI.u(95%).Total.SURVEY_LC1_3G40
0.000000,4.000838,CI.u(95%).Total.SURVEY_LC1_3G50
19.34101, 0.00000,CI.u(95%).Total.SURVEY_LC1_3Gxx
  0.0000,365.4844,CI.u(95%).Total.SURVEY_LC1_3H11
  0.0000,432.3006,CI.u(95%).Total.SURVEY_LC1_3H21
 0.00000,89.86441,CI.u(95%).Total.SURVEY_LC1_3H22
 0.00000,32.36167,CI.u(95%).Total.SURVEY_LC1_3H23
 22233.84,179392.26,CI.u(95%).Total.SURVEY_LU1_3U111
   12.07035,10826.48926,CI.u(95%).Total.SURVEY_LU1_3U112
 269.6437,1167.0691,CI.u(95%).Total.SURVEY_LU1_3U113
   768.1172,125204.2938,CI.u(95%).Total.SURVEY_LU1_3U120
 0.00000,66.75743,CI.u(95%).Total.SURVEY_LU1_3U130
  0.0000,901.3701,CI.u(95%).Total.SURVEY_LU1_3U140
  0.0000,968.8609,CI.u(95%).Total.SURVEY_LU1_3U150
  0.0000,549.9381,CI.u(95%).Total.SURVEY_LU1_3U210
  0.0000,147.5474,CI.u(95%).Total.SURVEY_LU1_3U221
4.016586,0.000000,CI.u(95%).Total.SURVEY_LU1_3U222
 0.00000,76.32309,CI.u(95%).Total.SURVEY_LU1_3U223
  0.0000,139.9944,CI.u(95%).Total.SURVEY_LU1_3U224
 0.00000,17.20312,CI.u(95%).Total.SURVEY_LU1_3U225
  0.0000,240.5851,CI.u(95%).Total.SURVEY_LU1_3U226
 0.00000,19.12077,CI.u(95%).Total.SURVEY_LU1_3U227
  0.0000,437.4737,CI.u(95%).Total.SURVEY_LU1_3U311
    0.00,11887.23,CI.u(95%).Total.SURVEY_LU1_3U312
  0.0000,194.9506,CI.u(95%).Total.SURVEY_LU1_3U313
  0.0000,167.8339,CI.u(95%).Total.SURVEY_LU1_3U314
 0.00000,19.49862,CI.u(95%).Total.SURVEY_LU1_3U316
  4.277014,807.014455,CI.u(95%).Total.SURVEY_LU1_3U317
  0.000,210.628,CI.u(95%).Total.SURVEY_LU1_3U318
   0.000,1356.878,CI.u(95%).Total.SURVEY_LU1_3U319
  0.0000,493.8921,CI.u(95%).Total.SURVEY_LU1_3U321
 25.27111,208.99507,CI.u(95%).Total.SURVEY_LU1_3U322
  0.0000,480.8025,CI.u(95%).Total.SURVEY_LU1_3U330
174.0885,716.1863,CI.u(95%).Total.SURVEY_LU1_3U341
 0.00000,98.86947,CI.u(95%).Total.SURVEY_LU1_3U342
  36.48326,1235.25884,CI.u(95%).Total.SURVEY_LU1_3U350
   0.000,1335.671,CI.u(95%).Total.SURVEY_LU1_3U361
  9.853484,911.237232,CI.u(95%).Total.SURVEY_LU1_3U362
  12.40918,6488.37354,CI.u(95%).Total.SURVEY_LU1_3U370
  0.0000,523.5575,CI.u(95%).Total.SURVEY_LU1_3U411
 0.0000,24.5185,CI.u(95%).Total.SURVEY_LU1_3U413
  0.0000,369.7933,CI.u(95%).Total.SURVEY_LU1_3U414
 156.8524,6268.5156,CI.u(95%).Total.SURVEY_LU1_3U415
   654.8064,136754.2505,CI.u(95%).Total.SURVEY_LU1_3U420
 23459.98,453141.23,CI.u(95%).Total.settlement0
  225.3826,25674.0714,CI.u(95%).Total.settlement1
0.004687136,0.533926977,CI.u(95%).Total.settl_pc
 22885.22,256848.40,CI.u(95%).Total.fao_class_name0
   909.9155,138388.3298,CI.u(95%).Total.fao_class_name1
  164.2782,18094.9237,CI.u(95%).Total.fao_class_name2
   58.4725,72252.7481,CI.u(95%).Total.fao_class_name3
 23481.56,468849.68,CI.u(95%).Total.lue0
 203.2373,9780.0875,CI.u(95%).Total.lue1
 23552.78,462186.11,CI.u(95%).Total.lud0
   33.56471,16758.78227,CI.u(95%).Total.lud1
0.027396646,0.001744142,CV.Total.area
0.29560080,0.01976524,CV.Total.SURVEY_LC1_1A
0.026942812,0.007396155,CV.Total.SURVEY_LC1_1B
0.281239475,0.006077314,CV.Total.SURVEY_LC1_1C
0.50920752,0.01381939,CV.Total.SURVEY_LC1_1D
0.28402256,0.01345468,CV.Total.SURVEY_LC1_1E
0.50249741,0.01869337,CV.Total.SURVEY_LC1_1F
0.20000000,0.03471439,CV.Total.SURVEY_LC1_1G
NA,0.02338861,CV.Total.SURVEY_LC1_1H
0.027392140,0.005413648,CV.Total.SURVEY_LU1_1U1
0.00000000,0.09997022,CV.Total.SURVEY_LU1_1U2
0.56867109,0.01956333,CV.Total.SURVEY_LU1_1U3
0.26138147,0.01115148,CV.Total.SURVEY_LU1_1U4
0.3429980,0.0776096,CV.Total.SURVEY_LC1_2A1
NA,0.03249833,CV.Total.SURVEY_LC1_2A2
NA,0.1089794,CV.Total.SURVEY_LC1_2A3
0.5711384,NA,CV.Total.SURVEY_LC1_2Ax
NA,0.01519293,CV.Total.SURVEY_LC1_2B1
NA,0.1346796,CV.Total.SURVEY_LC1_2B2
NA,0.04536864,CV.Total.SURVEY_LC1_2B3
NA,0.08179126,CV.Total.SURVEY_LC1_2B4
NA,0.05711938,CV.Total.SURVEY_LC1_2B5
NA,0.04491978,CV.Total.SURVEY_LC1_2B7
NA,0.02198488,CV.Total.SURVEY_LC1_2B8
0.02694281,NA,CV.Total.SURVEY_LC1_2Bx
0.49118412,0.01591639,CV.Total.SURVEY_LC1_2C1
0.37614380,0.02349397,CV.Total.SURVEY_LC1_2C2
0.67451276,0.06219299,CV.Total.SURVEY_LC1_2C3
0.94933375,0.04430828,CV.Total.SURVEY_LC1_2D1
0.60334480,0.01968761,CV.Total.SURVEY_LC1_2D2
0.35678403,0.04150979,CV.Total.SURVEY_LC1_2E1
0.38255073,0.01688608,CV.Total.SURVEY_LC1_2E2
0.53654557,0.03823624,CV.Total.SURVEY_LC1_2E3
NA,0.0547633,CV.Total.SURVEY_LC1_2F1
NA,0.07580168,CV.Total.SURVEY_LC1_2F2
0.50249741,0.02000554,CV.Total.SURVEY_LC1_2F4
NA,0.01424292,CV.Total.SURVEY_LC1_2G1
NA,0.08282988,CV.Total.SURVEY_LC1_2G2
NA,0.1038528,CV.Total.SURVEY_LC1_2G4
NA,  0,CV.Total.SURVEY_LC1_2G5
0.2,NA,CV.Total.SURVEY_LC1_2Gx
NA,0.04900068,CV.Total.SURVEY_LC1_2H1
NA,0.0223377,CV.Total.SURVEY_LC1_2H2
0.026870983,0.005407869,CV.Total.SURVEY_LU1_2U11
0.37116030,0.01241004,CV.Total.SURVEY_LU1_2U12
NA,0.07877775,CV.Total.SURVEY_LU1_2U13
NA,0.0599111,CV.Total.SURVEY_LU1_2U14
NA,0.2702368,CV.Total.SURVEY_LU1_2U15
NA,0.129952,CV.Total.SURVEY_LU1_2U21
0.000000,0.154013,CV.Total.SURVEY_LU1_2U22
0.00000000,0.03553655,CV.Total.SURVEY_LU1_2U31
0.4644670,0.1836717,CV.Total.SURVEY_LU1_2U32
NA,0.2963141,CV.Total.SURVEY_LU1_2U33
0.9690478,0.2911833,CV.Total.SURVEY_LU1_2U34
0.6069463,0.1759642,CV.Total.SURVEY_LU1_2U35
0.57059740,0.09005712,CV.Total.SURVEY_LU1_2U36
0.57735027,0.05782428,CV.Total.SURVEY_LU1_2U37
0.37661467,0.05884009,CV.Total.SURVEY_LU1_2U41
0.30810854,0.01141771,CV.Total.SURVEY_LU1_2U42
  0,NA,CV.Total.SURVEY_LC1_3A10
NA,0.08979215,CV.Total.SURVEY_LC1_3A11
NA,0.3794822,CV.Total.SURVEY_LC1_3A12
NA,0.1813451,CV.Total.SURVEY_LC1_3A13
0.3633899,NA,CV.Total.SURVEY_LC1_3A1x
NA,0.0727774,CV.Total.SURVEY_LC1_3A21
NA,0.04202625,CV.Total.SURVEY_LC1_3A22
NA,0.1089794,CV.Total.SURVEY_LC1_3A30
0.5711384,NA,CV.Total.SURVEY_LC1_3Axx
NA,0.03715346,CV.Total.SURVEY_LC1_3B11
NA,0.06815101,CV.Total.SURVEY_LC1_3B12
NA,0.02925533,CV.Total.SURVEY_LC1_3B13
NA,0.1357795,CV.Total.SURVEY_LC1_3B14
NA,0.07652024,CV.Total.SURVEY_LC1_3B15
NA,0.06154566,CV.Total.SURVEY_LC1_3B16
NA,0.1584195,CV.Total.SURVEY_LC1_3B17
NA,0.1258251,CV.Total.SURVEY_LC1_3B18
NA,  0,CV.Total.SURVEY_LC1_3B19
NA,0.2037403,CV.Total.SURVEY_LC1_3B21
NA,0.3488985,CV.Total.SURVEY_LC1_3B22
NA,0.2062082,CV.Total.SURVEY_LC1_3B23
NA,0.05226311,CV.Total.SURVEY_LC1_3B31
NA,0.1363016,CV.Total.SURVEY_LC1_3B32
NA,0.4372216,CV.Total.SURVEY_LC1_3B33
NA,0.1699935,CV.Total.SURVEY_LC1_3B34
NA,0.5727982,CV.Total.SURVEY_LC1_3B35
NA,0.6711764,CV.Total.SURVEY_LC1_3B36
NA,0.3612098,CV.Total.SURVEY_LC1_3B37
NA,0.1124171,CV.Total.SURVEY_LC1_3B41
NA,0.2399792,CV.Total.SURVEY_LC1_3B42
NA,0.1030665,CV.Total.SURVEY_LC1_3B43
NA,  0,CV.Total.SURVEY_LC1_3B44
NA,0.09912841,CV.Total.SURVEY_LC1_3B52
NA,0.1791373,CV.Total.SURVEY_LC1_3B53
NA,0.1489586,CV.Total.SURVEY_LC1_3B54
NA,0.07071526,CV.Total.SURVEY_LC1_3B55
NA,0.211646,CV.Total.SURVEY_LC1_3B71
NA,0.3190119,CV.Total.SURVEY_LC1_3B72
NA,0.2985711,CV.Total.SURVEY_LC1_3B73
NA,0.06121589,CV.Total.SURVEY_LC1_3B74
NA,0.1539924,CV.Total.SURVEY_LC1_3B75
NA,0.1562591,CV.Total.SURVEY_LC1_3B76
NA,0.1856009,CV.Total.SURVEY_LC1_3B77
NA,0.03157837,CV.Total.SURVEY_LC1_3B81
NA,0.06135715,CV.Total.SURVEY_LC1_3B82
NA,0.4298048,CV.Total.SURVEY_LC1_3B83
NA,0.2619532,CV.Total.SURVEY_LC1_3B84
0.02563604,NA,CV.Total.SURVEY_LC1_3Bx1
0.08883286,NA,CV.Total.SURVEY_LC1_3Bx2
0.3787723,NA,CV.Total.SURVEY_LC1_3Bxx
NA,0.01591639,CV.Total.SURVEY_LC1_3C10
0.4911841,NA,CV.Total.SURVEY_LC1_3C1x
0.9313806,NA,CV.Total.SURVEY_LC1_3C20
NA,0.4947059,CV.Total.SURVEY_LC1_3C21
NA,0.02481054,CV.Total.SURVEY_LC1_3C22
NA,0.1125341,CV.Total.SURVEY_LC1_3C23
0.3988999,NA,CV.Total.SURVEY_LC1_3C2x
NA,0.598622,CV.Total.SURVEY_LC1_3C31
NA,0.08068524,CV.Total.SURVEY_LC1_3C32
NA,0.105735,CV.Total.SURVEY_LC1_3C33
0.6745128,NA,CV.Total.SURVEY_LC1_3C3x
NA,0.04430828,CV.Total.SURVEY_LC1_3D10
0.9493337,NA,CV.Total.SURVEY_LC1_3D1x
NA,0.01968761,CV.Total.SURVEY_LC1_3D20
0.6033448,NA,CV.Total.SURVEY_LC1_3D2x
NA,0.04150979,CV.Total.SURVEY_LC1_3E10
0.356784,NA,CV.Total.SURVEY_LC1_3E1x
NA,0.01688608,CV.Total.SURVEY_LC1_3E20
0.3825507,NA,CV.Total.SURVEY_LC1_3E2x
NA,0.03823624,CV.Total.SURVEY_LC1_3E30
0.5365456,NA,CV.Total.SURVEY_LC1_3E3x
NA,0.0547633,CV.Total.SURVEY_LC1_3F10
NA,0.07580168,CV.Total.SURVEY_LC1_3F20
NA,0.02000554,CV.Total.SURVEY_LC1_3F40
0.5024974,NA,CV.Total.SURVEY_LC1_3F4x
NA,0.01468096,CV.Total.SURVEY_LC1_3G11
NA,0.08505255,CV.Total.SURVEY_LC1_3G12
NA,0.08342998,CV.Total.SURVEY_LC1_3G21
NA,  0,CV.Total.SURVEY_LC1_3G22
NA,0.1038528,CV.Total.SURVEY_LC1_3G40
NA,  0,CV.Total.SURVEY_LC1_3G50
0.2,NA,CV.Total.SURVEY_LC1_3Gxx
NA,0.04900068,CV.Total.SURVEY_LC1_3H11
NA,0.02708136,CV.Total.SURVEY_LC1_3H21
NA,0.04556693,CV.Total.SURVEY_LC1_3H22
NA,  0,CV.Total.SURVEY_LC1_3H23
0.027092682,0.005974832,CV.Total.SURVEY_LU1_3U111
0.53782543,0.03722784,CV.Total.SURVEY_LU1_3U112
0.1690476,0.1064074,CV.Total.SURVEY_LU1_3U113
0.37116030,0.01241004,CV.Total.SURVEY_LU1_3U120
NA,0.07877775,CV.Total.SURVEY_LU1_3U130
NA,0.0599111,CV.Total.SURVEY_LU1_3U140
NA,0.2702368,CV.Total.SURVEY_LU1_3U150
NA,0.129952,CV.Total.SURVEY_LU1_3U210
NA,0.3318346,CV.Total.SURVEY_LU1_3U221
  0,NA,CV.Total.SURVEY_LU1_3U222
NA,0.3492943,CV.Total.SURVEY_LU1_3U223
NA,0.3932422,CV.Total.SURVEY_LU1_3U224
NA,0.3286109,CV.Total.SURVEY_LU1_3U225
NA,0.2647103,CV.Total.SURVEY_LU1_3U226
NA,  0,CV.Total.SURVEY_LU1_3U227
NA,0.246501,CV.Total.SURVEY_LU1_3U311
NA,0.04010808,CV.Total.SURVEY_LU1_3U312
NA,0.3396875,CV.Total.SURVEY_LU1_3U313
NA,0.2103142,CV.Total.SURVEY_LU1_3U314
NA,0.3964879,CV.Total.SURVEY_LU1_3U316
0.0000000,0.1419176,CV.Total.SURVEY_LU1_3U317
NA,0.384065,CV.Total.SURVEY_LU1_3U318
NA,0.1431081,CV.Total.SURVEY_LU1_3U319
NA,0.2440309,CV.Total.SURVEY_LU1_3U321
0.4644670,0.2275336,CV.Total.SURVEY_LU1_3U322
NA,0.2963141,CV.Total.SURVEY_LU1_3U330
0.9690478,0.3251199,CV.Total.SURVEY_LU1_3U341
NA,0.3814562,CV.Total.SURVEY_LU1_3U342
0.6069463,0.1759642,CV.Total.SURVEY_LU1_3U350
NA,0.1176249,CV.Total.SURVEY_LU1_3U361
0.5705974,0.1402130,CV.Total.SURVEY_LU1_3U362
0.57735027,0.05782428,CV.Total.SURVEY_LU1_3U370
NA,0.2736919,CV.Total.SURVEY_LU1_3U411
NA,0.1780247,CV.Total.SURVEY_LU1_3U413
NA,0.1856923,CV.Total.SURVEY_LU1_3U414
0.3766147,0.0627011,CV.Total.SURVEY_LU1_3U415
0.30810854,0.01141771,CV.Total.SURVEY_LU1_3U420
0.027400281,0.002062233,CV.Total.settlement0
0.54765853,0.01809737,CV.Total.settlement1
0.54765853,0.01809737,CV.Total.settl_pc
0.026766067,0.005587864,CV.Total.fao_class_name0
0.33283815,0.00974279,CV.Total.fao_class_name1
0.97093670,0.04982518,CV.Total.fao_class_name2
0.89404683,0.01819014,CV.Total.fao_class_name3
0.027375208,0.001942931,CV.Total.lue0
0.67921242,0.04173264,CV.Total.lue1
0.027421649,0.002081463,CV.Total.lud0
0.28548419,0.03084421,CV.Total.lud1
