No,Yes,variable
 45148.68,503911.32,Total.area
   62.3911,31450.4687,Total.SURVEY_LC1_1A
 27921.91,122803.60,Total.SURVEY_LC1_1B
 16225.69,168692.47,Total.SURVEY_LC1_1C
   83.11591,15728.76521,Total.SURVEY_LC1_1D
   595.3759,129733.1611,Total.SURVEY_LC1_1E
  178.2845,27944.0993,Total.SURVEY_LC1_1F
  71.11341,6473.12656,Total.SURVEY_LC1_1G
  10.80583,1085.62946,Total.SURVEY_LC1_1H
 42880.24,400830.33,Total.SURVEY_LU1_1U1
  20.92949,1165.09615,Total.SURVEY_LU1_1U2
  838.2095,55643.7148,Total.SURVEY_LU1_1U3
 1409.30,46272.18,Total.SURVEY_LU1_1U4
  14.62575,8153.79971,Total.SURVEY_LC1_2A1
   23.25213,21744.95584,Total.SURVEY_LC1_2A2
   3.970313,1551.713122,Total.SURVEY_LC1_2A3
20.5429, 0.0000,Total.SURVEY_LC1_2Ax
    0.00,66783.48,Total.SURVEY_LC1_2B1
   0.000,4941.506,Total.SURVEY_LC1_2B2
    0.00,21370.57,Total.SURVEY_LC1_2B3
   0.0,2470.5,Total.SURVEY_LC1_2B4
    0,16284,Total.SURVEY_LC1_2B5
   0.000,2805.838,Total.SURVEY_LC1_2B7
   0.000,8147.704,Total.SURVEY_LC1_2B8
27921.91,    0.00,Total.SURVEY_LC1_2Bx
   356.7852,126053.5392,Total.SURVEY_LC1_2C1
 7975.54,20820.07,Total.SURVEY_LC1_2C2
 5492.481,21818.865,Total.SURVEY_LC1_2C3
2400.882,   0.000,Total.SURVEY_LC1_2Cx
   8.901627,6086.092069,Total.SURVEY_LC1_2D1
  19.61919,9642.67314,Total.SURVEY_LC1_2D2
54.59509, 0.00000,Total.SURVEY_LC1_2Dx
   84.80525,12640.88339,Total.SURVEY_LC1_2E1
   159.2363,105739.4143,Total.SURVEY_LC1_2E2
   39.29558,11352.86335,Total.SURVEY_LC1_2E3
312.0388,  0.0000,Total.SURVEY_LC1_2Ex
   0.000,5943.713,Total.SURVEY_LC1_2F1
  8.338296,246.540091,Total.SURVEY_LC1_2F2
0.000000,4.136693,Total.SURVEY_LC1_2F3
   55.57262,21749.70983,Total.SURVEY_LC1_2F4
114.3736,  0.0000,Total.SURVEY_LC1_2Fx
  55.16064,3709.09368,Total.SURVEY_LC1_2G1
  11.99496,2486.81069,Total.SURVEY_LC1_2G2
 0.00000,39.06011,Total.SURVEY_LC1_2G3
  0.0000,238.1621,Total.SURVEY_LC1_2G5
3.957817,0.000000,Total.SURVEY_LC1_2Gx
  0.0000,587.2935,Total.SURVEY_LC1_2H1
  0.0000,498.3359,Total.SURVEY_LC1_2H2
10.80583, 0.00000,Total.SURVEY_LC1_2Hx
 28441.09,257080.48,Total.SURVEY_LU1_2U11
 14297.66,141978.45,Total.SURVEY_LU1_2U12
  4.120802,742.739653,Total.SURVEY_LU1_2U13
121.8425,984.4904,Total.SURVEY_LU1_2U14
15.52084,44.17321,Total.SURVEY_LU1_2U15
 20.92949,483.03300,Total.SURVEY_LU1_2U21
  0.0000,682.0631,Total.SURVEY_LU1_2U22
   49.53805,20468.86850,Total.SURVEY_LU1_2U31
  4.605543,489.384520,Total.SURVEY_LU1_2U32
  4.00098,460.07175,Total.SURVEY_LU1_2U33
  11.66648,1252.15030,Total.SURVEY_LU1_2U34
 136.4183,3280.4228,Total.SURVEY_LU1_2U35
  35.52587,4730.29540,Total.SURVEY_LU1_2U36
  596.4543,24962.5216,Total.SURVEY_LU1_2U37
   8.50915,1254.72236,Total.SURVEY_LU1_2U41
 1400.791,45017.455,Total.SURVEY_LU1_2U42
   0.000,7436.224,Total.SURVEY_LC1_3A11
  0.0000,435.7635,Total.SURVEY_LC1_3A12
  0.0000,281.8123,Total.SURVEY_LC1_3A13
14.62575, 0.00000,Total.SURVEY_LC1_3A1x
   0.000,7632.612,Total.SURVEY_LC1_3A21
    0.00,14112.34,Total.SURVEY_LC1_3A22
23.25213, 0.00000,Total.SURVEY_LC1_3A2x
   0.000,1551.713,Total.SURVEY_LC1_3A30
3.970313,0.000000,Total.SURVEY_LC1_3A3x
20.5429, 0.0000,Total.SURVEY_LC1_3Axx
    0.00,29272.34,Total.SURVEY_LC1_3B11
   0.000,3560.348,Total.SURVEY_LC1_3B12
   0.00,9983.09,Total.SURVEY_LC1_3B13
  0.0000,745.7593,Total.SURVEY_LC1_3B14
  0.0000,936.3731,Total.SURVEY_LC1_3B15
    0.00,19817.76,Total.SURVEY_LC1_3B16
   0.000,1489.464,Total.SURVEY_LC1_3B18
  0.0000,978.3384,Total.SURVEY_LC1_3B19
   0.000,1667.636,Total.SURVEY_LC1_3B21
   0.000,2889.709,Total.SURVEY_LC1_3B22
  0.000,384.161,Total.SURVEY_LC1_3B23
   0.000,6671.594,Total.SURVEY_LC1_3B31
    0.00,11060.74,Total.SURVEY_LC1_3B32
   0.000,1385.591,Total.SURVEY_LC1_3B33
   0.000,2087.233,Total.SURVEY_LC1_3B35
 0.00000,17.58571,Total.SURVEY_LC1_3B36
  0.0000,147.8247,Total.SURVEY_LC1_3B37
   0.000,1340.287,Total.SURVEY_LC1_3B41
 0.00000,35.24751,Total.SURVEY_LC1_3B42
  0.0000,983.7678,Total.SURVEY_LC1_3B43
 0.0000,92.6568,Total.SURVEY_LC1_3B44
 0.00000,18.54018,Total.SURVEY_LC1_3B45
   0.000,1074.121,Total.SURVEY_LC1_3B51
   0.000,3960.798,Total.SURVEY_LC1_3B52
  0.0000,733.2923,Total.SURVEY_LC1_3B53
  0.0000,199.7083,Total.SURVEY_LC1_3B54
    0.00,10316.08,Total.SURVEY_LC1_3B55
   0.000,1045.476,Total.SURVEY_LC1_3B71
  0.0000,220.8262,Total.SURVEY_LC1_3B72
  0.0000,331.6811,Total.SURVEY_LC1_3B73
  0.0000,589.0311,Total.SURVEY_LC1_3B74
  0.0000,606.1939,Total.SURVEY_LC1_3B75
 0.00000,12.62963,Total.SURVEY_LC1_3B76
  0.0000,375.3561,Total.SURVEY_LC1_3B81
   0.000,7327.057,Total.SURVEY_LC1_3B82
  0.0000,111.0521,Total.SURVEY_LC1_3B83
  0.0000,334.2389,Total.SURVEY_LC1_3B84
26308.17,    0.00,Total.SURVEY_LC1_3Bx1
1105.534,   0.000,Total.SURVEY_LC1_3Bx2
508.2005,  0.0000,Total.SURVEY_LC1_3Bxx
     0.0,126053.5,Total.SURVEY_LC1_3C10
356.7852,  0.0000,Total.SURVEY_LC1_3C1x
   0.000,5806.208,Total.SURVEY_LC1_3C21
    0.00,12790.74,Total.SURVEY_LC1_3C22
   0.00,2223.12,Total.SURVEY_LC1_3C23
7975.54,   0.00,Total.SURVEY_LC1_3C2x
   0.000,5823.404,Total.SURVEY_LC1_3C31
    0.00,10176.72,Total.SURVEY_LC1_3C32
   0.000,5818.739,Total.SURVEY_LC1_3C33
5492.481,   0.000,Total.SURVEY_LC1_3C3x
2400.882,   0.000,Total.SURVEY_LC1_3Cxx
   0.000,6086.092,Total.SURVEY_LC1_3D10
8.901627,0.000000,Total.SURVEY_LC1_3D1x
   0.000,9642.673,Total.SURVEY_LC1_3D20
19.61919, 0.00000,Total.SURVEY_LC1_3D2x
54.59509, 0.00000,Total.SURVEY_LC1_3Dxx
    0.00,12640.88,Total.SURVEY_LC1_3E10
84.80525, 0.00000,Total.SURVEY_LC1_3E1x
     0.0,105739.4,Total.SURVEY_LC1_3E20
159.2363,  0.0000,Total.SURVEY_LC1_3E2x
    0.00,11352.86,Total.SURVEY_LC1_3E30
39.29558, 0.00000,Total.SURVEY_LC1_3E3x
312.0388,  0.0000,Total.SURVEY_LC1_3Exx
   0.000,5943.713,Total.SURVEY_LC1_3F10
  0.0000,246.5401,Total.SURVEY_LC1_3F20
8.338296,0.000000,Total.SURVEY_LC1_3F2x
0.000000,4.136693,Total.SURVEY_LC1_3F30
    0.00,21749.71,Total.SURVEY_LC1_3F40
55.57262, 0.00000,Total.SURVEY_LC1_3F4x
114.3736,  0.0000,Total.SURVEY_LC1_3Fxx
4.046842,0.000000,Total.SURVEY_LC1_3G10
   0.000,3533.378,Total.SURVEY_LC1_3G11
  0.0000,175.7158,Total.SURVEY_LC1_3G12
51.1138, 0.0000,Total.SURVEY_LC1_3G1x
   0.000,2455.638,Total.SURVEY_LC1_3G21
 0.0000,31.1722,Total.SURVEY_LC1_3G22
11.99496, 0.00000,Total.SURVEY_LC1_3G2x
 0.00000,39.06011,Total.SURVEY_LC1_3G30
  0.0000,238.1621,Total.SURVEY_LC1_3G50
3.957817,0.000000,Total.SURVEY_LC1_3Gxx
  0.0000,540.9905,Total.SURVEY_LC1_3H11
 0.00000,46.30303,Total.SURVEY_LC1_3H12
  0.0000,340.0396,Total.SURVEY_LC1_3H21
  0.0000,118.9672,Total.SURVEY_LC1_3H22
 0.00000,39.32909,Total.SURVEY_LC1_3H23
10.80583, 0.00000,Total.SURVEY_LC1_3Hxx
 28131.29,253240.84,Total.SURVEY_LU1_3U111
  41.19405,2818.60875,Total.SURVEY_LU1_3U112
 268.6103,1021.0265,Total.SURVEY_LU1_3U113
 14297.66,141978.45,Total.SURVEY_LU1_3U120
  4.120802,742.739653,Total.SURVEY_LU1_3U130
121.8425,984.4904,Total.SURVEY_LU1_3U140
15.52084,44.17321,Total.SURVEY_LU1_3U150
 20.92949,483.03300,Total.SURVEY_LU1_3U210
  0.0000,121.2447,Total.SURVEY_LU1_3U221
0.000000,3.980273,Total.SURVEY_LU1_3U222
  0.0000,133.5804,Total.SURVEY_LU1_3U223
 0.00000,68.15202,Total.SURVEY_LU1_3U224
  0.0000,155.3768,Total.SURVEY_LU1_3U225
  0.0000,138.3227,Total.SURVEY_LU1_3U226
 0.00000,61.40616,Total.SURVEY_LU1_3U227
  7.894963,672.518114,Total.SURVEY_LU1_3U311
   25.41866,15896.32897,Total.SURVEY_LU1_3U312
   8.216412,1089.865845,Total.SURVEY_LU1_3U313
  0.0000,309.0688,Total.SURVEY_LU1_3U314
0.000000,9.005059,Total.SURVEY_LU1_3U315
 0.0000,54.5464,Total.SURVEY_LU1_3U316
   4.037701,1063.508752,Total.SURVEY_LU1_3U317
 0.00000,34.77548,Total.SURVEY_LU1_3U318
   3.970313,1339.251091,Total.SURVEY_LU1_3U319
  0.0000,255.5104,Total.SURVEY_LU1_3U321
  4.605543,233.874117,Total.SURVEY_LU1_3U322
  4.00098,460.07175,Total.SURVEY_LU1_3U330
  11.66648,1080.05674,Total.SURVEY_LU1_3U341
  0.0000,172.0936,Total.SURVEY_LU1_3U342
 136.4183,3280.4228,Total.SURVEY_LU1_3U350
  19.79274,3323.05998,Total.SURVEY_LU1_3U361
  15.73313,1407.23542,Total.SURVEY_LU1_3U362
  596.4543,24962.5216,Total.SURVEY_LU1_3U370
 0.00000,72.08429,Total.SURVEY_LU1_3U411
 0.00000,18.40402,Total.SURVEY_LU1_3U412
 3.956453,78.772110,Total.SURVEY_LU1_3U413
  0.0000,112.5148,Total.SURVEY_LU1_3U414
  4.552697,972.947148,Total.SURVEY_LU1_3U415
 1400.791,45017.455,Total.SURVEY_LU1_3U420
 44317.55,448184.20,Total.settlement0
  831.1299,55727.1240,Total.settlement1
0.01219149,0.81743715,Total.settl_pc
 31705.04,336925.84,Total.fao_class_name0
 13184.18,154603.99,Total.fao_class_name1
   0.000,4840.525,Total.fao_class_name2
 259.4649,7540.9641,Total.fao_class_name3
 44368.62,469685.93,Total.lue0
  780.065,34225.390,Total.lue1
 44947.76,480343.41,Total.lud0
  200.9166,23567.9114,Total.lud1
877.0694,869.8116,SE.Total.area
  9.796565,331.418000,SE.Total.SURVEY_LC1_1A
540.2195,788.3638,SE.Total.SURVEY_LC1_1B
686.1731,890.5782,SE.Total.SURVEY_LC1_1C
 17.62912,394.74611,SE.Total.SURVEY_LC1_1D
 68.20233,809.81917,SE.Total.SURVEY_LC1_1E
 66.33502,521.31518,SE.Total.SURVEY_LC1_1F
12.44834,99.57188,SE.Total.SURVEY_LC1_1G
 4.253482,18.103450,SE.Total.SURVEY_LC1_1H
 863.149,1137.412,SE.Total.SURVEY_LU1_1U1
  9.71111,136.77510,SE.Total.SURVEY_LU1_1U2
112.1746,573.5448,SE.Total.SURVEY_LU1_1U3
145.3348,692.3057,SE.Total.SURVEY_LU1_1U4
  3.059197,482.114417,SE.Total.SURVEY_LC1_2A1
  7.526327,533.876476,SE.Total.SURVEY_LC1_2A2
  0.0000,110.1858,SE.Total.SURVEY_LC1_2A3
5.474342,0.000000,SE.Total.SURVEY_LC1_2Ax
  0.0000,728.9142,SE.Total.SURVEY_LC1_2B1
  0.000,208.204,SE.Total.SURVEY_LC1_2B2
  0.0000,506.6789,SE.Total.SURVEY_LC1_2B3
  0.0000,180.1223,SE.Total.SURVEY_LC1_2B4
  0.0000,427.0251,SE.Total.SURVEY_LC1_2B5
  0.0000,179.0161,SE.Total.SURVEY_LC1_2B7
  0.0000,266.4409,SE.Total.SURVEY_LC1_2B8
540.2195,  0.0000,SE.Total.SURVEY_LC1_2Bx
 233.2716,1450.1053,SE.Total.SURVEY_LC1_2C1
495.4546,956.4033,SE.Total.SURVEY_LC1_2C2
 415.2976,1137.7560,SE.Total.SURVEY_LC1_2C3
217.8365,  0.0000,SE.Total.SURVEY_LC1_2Cx
  1.854149,195.027625,SE.Total.SURVEY_LC1_2D1
  8.807515,353.620024,SE.Total.SURVEY_LC1_2D2
15.15913, 0.00000,SE.Total.SURVEY_LC1_2Dx
 30.3102,390.4705,SE.Total.SURVEY_LC1_2E1
 21.77844,736.24768,SE.Total.SURVEY_LC1_2E2
 15.69717,454.16238,SE.Total.SURVEY_LC1_2E3
54.89664, 0.00000,SE.Total.SURVEY_LC1_2Ex
  0.0000,152.4375,SE.Total.SURVEY_LC1_2F1
 0.00000,60.66307,SE.Total.SURVEY_LC1_2F2
0,0,SE.Total.SURVEY_LC1_2F3
 19.58928,498.07883,SE.Total.SURVEY_LC1_2F4
63.37662, 0.00000,SE.Total.SURVEY_LC1_2Fx
 12.44834,107.83748,SE.Total.SURVEY_LC1_2G1
  0.0000,142.9047,SE.Total.SURVEY_LC1_2G2
0.000000,4.686693,SE.Total.SURVEY_LC1_2G3
 0.00000,19.06236,SE.Total.SURVEY_LC1_2G5
0,0,SE.Total.SURVEY_LC1_2Gx
 0.00000,21.16184,SE.Total.SURVEY_LC1_2H1
 0.00000,15.90525,SE.Total.SURVEY_LC1_2H2
4.253482,0.000000,SE.Total.SURVEY_LC1_2Hx
545.2261,816.5516,SE.Total.SURVEY_LU1_2U11
668.0517,905.2458,SE.Total.SURVEY_LU1_2U12
 0.00000,80.11445,SE.Total.SURVEY_LU1_2U13
63.87373,67.77598,SE.Total.SURVEY_LU1_2U14
13.355666, 5.111144,SE.Total.SURVEY_LU1_2U15
 9.71111,78.15375,SE.Total.SURVEY_LU1_2U21
  0.0000,112.7752,SE.Total.SURVEY_LU1_2U22
  6.656062,551.253350,SE.Total.SURVEY_LU1_2U31
 1.628305,59.348083,SE.Total.SURVEY_LU1_2U32
 0.00000,88.26003,SE.Total.SURVEY_LU1_2U33
  9.464829,151.031191,SE.Total.SURVEY_LU1_2U34
 39.66884,326.68591,SE.Total.SURVEY_LU1_2U35
 10.75464,229.73086,SE.Total.SURVEY_LU1_2U36
103.7243,617.3476,SE.Total.SURVEY_LU1_2U37
  1.517566,162.380248,SE.Total.SURVEY_LU1_2U41
145.3269,675.2231,SE.Total.SURVEY_LU1_2U42
  0.0000,464.5833,SE.Total.SURVEY_LC1_3A11
  0.0000,155.3755,SE.Total.SURVEY_LC1_3A12
 0.00000,56.81097,SE.Total.SURVEY_LC1_3A13
3.059197,0.000000,SE.Total.SURVEY_LC1_3A1x
  0.0000,451.6977,SE.Total.SURVEY_LC1_3A21
  0.0000,487.4653,SE.Total.SURVEY_LC1_3A22
7.526327,0.000000,SE.Total.SURVEY_LC1_3A2x
  0.0000,110.1858,SE.Total.SURVEY_LC1_3A30
0,0,SE.Total.SURVEY_LC1_3A3x
5.474342,0.000000,SE.Total.SURVEY_LC1_3Axx
  0.0000,540.3886,SE.Total.SURVEY_LC1_3B11
  0.0000,225.2204,SE.Total.SURVEY_LC1_3B12
  0.0000,364.9723,SE.Total.SURVEY_LC1_3B13
 0.00000,84.93346,SE.Total.SURVEY_LC1_3B14
  0.0000,109.1607,SE.Total.SURVEY_LC1_3B15
  0.0000,447.2534,SE.Total.SURVEY_LC1_3B16
  0.0000,125.8797,SE.Total.SURVEY_LC1_3B18
  0.0000,136.3245,SE.Total.SURVEY_LC1_3B19
  0.0000,125.2858,SE.Total.SURVEY_LC1_3B21
  0.0000,161.3032,SE.Total.SURVEY_LC1_3B22
 0.00000,61.19351,SE.Total.SURVEY_LC1_3B23
  0.0000,323.6106,SE.Total.SURVEY_LC1_3B31
  0.0000,358.7554,SE.Total.SURVEY_LC1_3B32
  0.0000,157.5305,SE.Total.SURVEY_LC1_3B33
  0.0000,136.4442,SE.Total.SURVEY_LC1_3B35
 0.00000,11.40013,SE.Total.SURVEY_LC1_3B36
 0.00000,47.43393,SE.Total.SURVEY_LC1_3B37
  0.0000,132.9964,SE.Total.SURVEY_LC1_3B41
0.000000,9.586478,SE.Total.SURVEY_LC1_3B42
  0.0000,118.1507,SE.Total.SURVEY_LC1_3B43
 0.00000,27.44345,SE.Total.SURVEY_LC1_3B44
0.000000,3.931518,SE.Total.SURVEY_LC1_3B45
  0.0000,108.3215,SE.Total.SURVEY_LC1_3B51
  0.0000,275.7349,SE.Total.SURVEY_LC1_3B52
 0.00000,83.02878,SE.Total.SURVEY_LC1_3B53
 0.00000,40.29498,SE.Total.SURVEY_LC1_3B54
  0.0000,304.2747,SE.Total.SURVEY_LC1_3B55
  0.0000,102.2447,SE.Total.SURVEY_LC1_3B71
 0.00000,88.11566,SE.Total.SURVEY_LC1_3B72
 0.00000,82.06361,SE.Total.SURVEY_LC1_3B73
 0.00000,76.35906,SE.Total.SURVEY_LC1_3B74
 0.00000,82.23892,SE.Total.SURVEY_LC1_3B75
0.000000,6.206323,SE.Total.SURVEY_LC1_3B76
 0.00000,98.84131,SE.Total.SURVEY_LC1_3B81
  0.000,258.618,SE.Total.SURVEY_LC1_3B82
 0.00000,24.63613,SE.Total.SURVEY_LC1_3B83
 0.00000,71.96374,SE.Total.SURVEY_LC1_3B84
518.5773,  0.0000,SE.Total.SURVEY_LC1_3Bx1
149.9186,  0.0000,SE.Total.SURVEY_LC1_3Bx2
36.23978, 0.00000,SE.Total.SURVEY_LC1_3Bxx
   0.000,1450.105,SE.Total.SURVEY_LC1_3C10
233.2716,  0.0000,SE.Total.SURVEY_LC1_3C1x
  0.0000,624.4546,SE.Total.SURVEY_LC1_3C21
  0.00,680.83,SE.Total.SURVEY_LC1_3C22
  0.0000,289.4712,SE.Total.SURVEY_LC1_3C23
495.4546,  0.0000,SE.Total.SURVEY_LC1_3C2x
  0.0000,561.7662,SE.Total.SURVEY_LC1_3C31
  0.00,786.05,SE.Total.SURVEY_LC1_3C32
  0.0000,684.6651,SE.Total.SURVEY_LC1_3C33
415.2976,  0.0000,SE.Total.SURVEY_LC1_3C3x
217.8365,  0.0000,SE.Total.SURVEY_LC1_3Cxx
  0.0000,195.0276,SE.Total.SURVEY_LC1_3D10
1.854149,0.000000,SE.Total.SURVEY_LC1_3D1x
  0.00,353.62,SE.Total.SURVEY_LC1_3D20
8.807515,0.000000,SE.Total.SURVEY_LC1_3D2x
15.15913, 0.00000,SE.Total.SURVEY_LC1_3Dxx
  0.0000,390.4705,SE.Total.SURVEY_LC1_3E10
30.3102, 0.0000,SE.Total.SURVEY_LC1_3E1x
  0.0000,736.2477,SE.Total.SURVEY_LC1_3E20
21.77844, 0.00000,SE.Total.SURVEY_LC1_3E2x
  0.0000,454.1624,SE.Total.SURVEY_LC1_3E30
15.69717, 0.00000,SE.Total.SURVEY_LC1_3E3x
54.89664, 0.00000,SE.Total.SURVEY_LC1_3Exx
  0.0000,152.4375,SE.Total.SURVEY_LC1_3F10
 0.00000,60.66307,SE.Total.SURVEY_LC1_3F20
0,0,SE.Total.SURVEY_LC1_3F2x
0,0,SE.Total.SURVEY_LC1_3F30
  0.0000,498.0788,SE.Total.SURVEY_LC1_3F40
19.58928, 0.00000,SE.Total.SURVEY_LC1_3F4x
63.37662, 0.00000,SE.Total.SURVEY_LC1_3Fxx
0,0,SE.Total.SURVEY_LC1_3G10
  0.0000,107.6094,SE.Total.SURVEY_LC1_3G11
0.000000,7.009481,SE.Total.SURVEY_LC1_3G12
12.44834, 0.00000,SE.Total.SURVEY_LC1_3G1x
  0.0,142.9,SE.Total.SURVEY_LC1_3G21
0.000000,4.811792,SE.Total.SURVEY_LC1_3G22
0,0,SE.Total.SURVEY_LC1_3G2x
0.000000,4.686693,SE.Total.SURVEY_LC1_3G30
 0.00000,19.06236,SE.Total.SURVEY_LC1_3G50
0,0,SE.Total.SURVEY_LC1_3Gxx
 0.00000,20.91713,SE.Total.SURVEY_LC1_3H11
0.000000,3.710004,SE.Total.SURVEY_LC1_3H12
 0.00000,15.17665,SE.Total.SURVEY_LC1_3H21
0.000000,1.171493,SE.Total.SURVEY_LC1_3H22
0.000000,4.734558,SE.Total.SURVEY_LC1_3H23
4.253482,0.000000,SE.Total.SURVEY_LC1_3Hxx
543.5914,828.4080,SE.Total.SURVEY_LU1_3U111
 16.07337,169.87413,SE.Total.SURVEY_LU1_3U112
42.86628,81.32734,SE.Total.SURVEY_LU1_3U113
668.0517,905.2458,SE.Total.SURVEY_LU1_3U120
 0.00000,80.11445,SE.Total.SURVEY_LU1_3U130
63.87373,67.77598,SE.Total.SURVEY_LU1_3U140
13.355666, 5.111144,SE.Total.SURVEY_LU1_3U150
 9.71111,78.15375,SE.Total.SURVEY_LU1_3U210
 0.00000,76.90857,SE.Total.SURVEY_LU1_3U221
0,0,SE.Total.SURVEY_LU1_3U222
 0.00000,40.06205,SE.Total.SURVEY_LU1_3U223
 0.00000,17.06339,SE.Total.SURVEY_LU1_3U224
 0.0000,52.9405,SE.Total.SURVEY_LU1_3U225
 0.00000,42.99682,SE.Total.SURVEY_LU1_3U226
 0.00000,20.89648,SE.Total.SURVEY_LU1_3U227
  0.0000,101.5676,SE.Total.SURVEY_LU1_3U311
  6.656062,524.124329,SE.Total.SURVEY_LU1_3U312
  0.0000,114.6318,SE.Total.SURVEY_LU1_3U313
 0.00000,29.48885,SE.Total.SURVEY_LU1_3U314
0.000000,6.734017,SE.Total.SURVEY_LU1_3U315
 0.00000,19.43669,SE.Total.SURVEY_LU1_3U316
  0.0000,138.0018,SE.Total.SURVEY_LU1_3U317
0.000000,3.302497,SE.Total.SURVEY_LU1_3U318
  0.0000,149.7781,SE.Total.SURVEY_LU1_3U319
 0.0000,26.6607,SE.Total.SURVEY_LU1_3U321
 1.628305,53.036590,SE.Total.SURVEY_LU1_3U322
 0.00000,88.26003,SE.Total.SURVEY_LU1_3U330
  9.464829,133.011424,SE.Total.SURVEY_LU1_3U341
 0.00000,73.45155,SE.Total.SURVEY_LU1_3U342
 39.66884,326.68591,SE.Total.SURVEY_LU1_3U350
  4.660951,200.882706,SE.Total.SURVEY_LU1_3U361
  9.692149,117.008126,SE.Total.SURVEY_LU1_3U362
103.7243,617.3476,SE.Total.SURVEY_LU1_3U370
0.000000,8.400262,SE.Total.SURVEY_LU1_3U411
 0.00000,12.00721,SE.Total.SURVEY_LU1_3U412
 0.00000,45.88471,SE.Total.SURVEY_LU1_3U413
 0.00000,36.50137,SE.Total.SURVEY_LU1_3U414
  1.517566,150.714773,SE.Total.SURVEY_LU1_3U415
145.3269,675.2231,SE.Total.SURVEY_LU1_3U420
870.7782,984.1609,SE.Total.settlement0
112.4977,511.5184,SE.Total.settlement1
0.001650180,0.007503243,SE.Total.settl_pc
591.2570,819.8427,SE.Total.fao_class_name0
657.1889,845.1376,SE.Total.fao_class_name1
  0.0000,218.8534,SE.Total.fao_class_name2
 77.74981,306.05139,SE.Total.fao_class_name3
 870.8446,1082.9060,SE.Total.lue0
111.9651,671.4440,SE.Total.lue1
 875.8108,1029.6334,SE.Total.lud0
 64.9701,562.0010,SE.Total.lud1
 43429.66,502206.52,CI.l(95%).Total.area
   43.19018,30800.90133,CI.l(95%).Total.SURVEY_LC1_1A
 26863.1,121258.4,CI.l(95%).Total.SURVEY_LC1_1B
 14880.81,166946.97,CI.l(95%).Total.SURVEY_LC1_1C
   48.56348,14955.07706,CI.l(95%).Total.SURVEY_LC1_1D
   461.7017,128145.9446,CI.l(95%).Total.SURVEY_LC1_1E
   48.27028,26922.34031,CI.l(95%).Total.SURVEY_LC1_1F
  46.71512,6277.96926,CI.l(95%).Total.SURVEY_LC1_1G
   2.469163,1050.147346,CI.l(95%).Total.SURVEY_LC1_1H
 41188.5,398601.0,CI.l(95%).Total.SURVEY_LU1_1U1
  1.896062,897.021878,CI.l(95%).Total.SURVEY_LU1_1U2
  618.3513,54519.5876,CI.l(95%).Total.SURVEY_LU1_1U3
 1124.449,44915.283,CI.l(95%).Total.SURVEY_LU1_1U4
   8.629839,7208.872820,CI.l(95%).Total.SURVEY_LC1_2A1
    8.500798,20698.577170,CI.l(95%).Total.SURVEY_LC1_2A2
   3.970313,1335.752911,CI.l(95%).Total.SURVEY_LC1_2A3
9.813392,0.000000,CI.l(95%).Total.SURVEY_LC1_2Ax
    0.00,65354.83,CI.l(95%).Total.SURVEY_LC1_2B1
   0.000,4533.433,CI.l(95%).Total.SURVEY_LC1_2B2
    0.0,20377.5,CI.l(95%).Total.SURVEY_LC1_2B3
   0.000,2117.466,CI.l(95%).Total.SURVEY_LC1_2B4
    0.00,15447.05,CI.l(95%).Total.SURVEY_LC1_2B5
   0.000,2454.973,CI.l(95%).Total.SURVEY_LC1_2B7
   0.00,7625.49,CI.l(95%).Total.SURVEY_LC1_2B8
26863.1,    0.0,CI.l(95%).Total.SURVEY_LC1_2Bx
  -100.4188,123211.3850,CI.l(95%).Total.SURVEY_LC1_2C1
 7004.467,18945.550,CI.l(95%).Total.SURVEY_LC1_2C2
 4678.512,19588.904,CI.l(95%).Total.SURVEY_LC1_2C3
1973.93,   0.00,CI.l(95%).Total.SURVEY_LC1_2Cx
   5.267563,5703.844948,CI.l(95%).Total.SURVEY_LC1_2D1
   2.356774,8949.590632,CI.l(95%).Total.SURVEY_LC1_2D2
24.88374, 0.00000,CI.l(95%).Total.SURVEY_LC1_2Dx
   25.39834,11875.57527,CI.l(95%).Total.SURVEY_LC1_2E1
   116.5513,104296.3954,CI.l(95%).Total.SURVEY_LC1_2E2
    8.529689,10462.721433,CI.l(95%).Total.SURVEY_LC1_2E3
204.4433,  0.0000,CI.l(95%).Total.SURVEY_LC1_2Ex
   0.000,5644.941,CI.l(95%).Total.SURVEY_LC1_2F1
  8.338296,127.642652,CI.l(95%).Total.SURVEY_LC1_2F2
0.000000,4.136693,CI.l(95%).Total.SURVEY_LC1_2F3
   17.17833,20773.49326,CI.l(95%).Total.SURVEY_LC1_2F4
-9.842264, 0.000000,CI.l(95%).Total.SURVEY_LC1_2Fx
  30.76235,3497.73610,CI.l(95%).Total.SURVEY_LC1_2G1
  11.99496,2206.72268,CI.l(95%).Total.SURVEY_LC1_2G2
 0.00000,29.87436,CI.l(95%).Total.SURVEY_LC1_2G3
  0.0000,200.8005,CI.l(95%).Total.SURVEY_LC1_2G5
3.957817,0.000000,CI.l(95%).Total.SURVEY_LC1_2Gx
  0.0000,545.8171,CI.l(95%).Total.SURVEY_LC1_2H1
  0.0000,467.1622,CI.l(95%).Total.SURVEY_LC1_2H2
2.469163,0.000000,CI.l(95%).Total.SURVEY_LC1_2Hx
 27372.47,255480.07,CI.l(95%).Total.SURVEY_LU1_2U11
 12988.31,140204.20,CI.l(95%).Total.SURVEY_LU1_2U12
  4.120802,585.718221,CI.l(95%).Total.SURVEY_LU1_2U13
 -3.347704,851.651948,CI.l(95%).Total.SURVEY_LU1_2U14
-10.65578, 34.15555,CI.l(95%).Total.SURVEY_LU1_2U15
  1.896062,329.854466,CI.l(95%).Total.SURVEY_LU1_2U21
  0.0000,461.0278,CI.l(95%).Total.SURVEY_LU1_2U22
   36.49241,19388.43179,CI.l(95%).Total.SURVEY_LU1_2U31
  1.414123,373.064414,CI.l(95%).Total.SURVEY_LU1_2U32
  4.00098,287.08526,CI.l(95%).Total.SURVEY_LU1_2U33
 -6.884244,956.134601,CI.l(95%).Total.SURVEY_LU1_2U34
  58.66876,2640.13018,CI.l(95%).Total.SURVEY_LU1_2U35
  14.44717,4280.03119,CI.l(95%).Total.SURVEY_LU1_2U36
  393.1585,23752.5425,CI.l(95%).Total.SURVEY_LU1_2U37
  5.534776,936.462921,CI.l(95%).Total.SURVEY_LU1_2U41
 1115.956,43694.042,CI.l(95%).Total.SURVEY_LU1_2U42
   0.000,6525.657,CI.l(95%).Total.SURVEY_LC1_3A11
  0.0000,131.2331,CI.l(95%).Total.SURVEY_LC1_3A12
  0.0000,170.4649,CI.l(95%).Total.SURVEY_LC1_3A13
8.629839,0.000000,CI.l(95%).Total.SURVEY_LC1_3A1x
   0.000,6747.301,CI.l(95%).Total.SURVEY_LC1_3A21
    0.00,13156.93,CI.l(95%).Total.SURVEY_LC1_3A22
8.500798,0.000000,CI.l(95%).Total.SURVEY_LC1_3A2x
   0.000,1335.753,CI.l(95%).Total.SURVEY_LC1_3A30
3.970313,0.000000,CI.l(95%).Total.SURVEY_LC1_3A3x
9.813392,0.000000,CI.l(95%).Total.SURVEY_LC1_3Axx
    0.0,28213.2,CI.l(95%).Total.SURVEY_LC1_3B11
   0.000,3118.925,CI.l(95%).Total.SURVEY_LC1_3B12
   0.000,9267.757,CI.l(95%).Total.SURVEY_LC1_3B13
  0.0000,579.2928,CI.l(95%).Total.SURVEY_LC1_3B14
  0.0000,722.4219,CI.l(95%).Total.SURVEY_LC1_3B15
    0.00,18941.16,CI.l(95%).Total.SURVEY_LC1_3B16
   0.000,1242.744,CI.l(95%).Total.SURVEY_LC1_3B18
  0.0000,711.1472,CI.l(95%).Total.SURVEY_LC1_3B19
   0.00,1422.08,CI.l(95%).Total.SURVEY_LC1_3B21
   0.00,2573.56,CI.l(95%).Total.SURVEY_LC1_3B22
  0.0000,264.2239,CI.l(95%).Total.SURVEY_LC1_3B23
   0.000,6037.329,CI.l(95%).Total.SURVEY_LC1_3B31
    0.00,10357.59,CI.l(95%).Total.SURVEY_LC1_3B32
   0.000,1076.837,CI.l(95%).Total.SURVEY_LC1_3B33
   0.000,1819.807,CI.l(95%).Total.SURVEY_LC1_3B35
 0.000000,-4.758129,CI.l(95%).Total.SURVEY_LC1_3B36
 0.00000,54.85587,CI.l(95%).Total.SURVEY_LC1_3B37
   0.000,1079.619,CI.l(95%).Total.SURVEY_LC1_3B41
 0.00000,16.45836,CI.l(95%).Total.SURVEY_LC1_3B42
  0.0000,752.1968,CI.l(95%).Total.SURVEY_LC1_3B43
 0.00000,38.86862,CI.l(95%).Total.SURVEY_LC1_3B44
 0.00000,10.83455,CI.l(95%).Total.SURVEY_LC1_3B45
  0.0000,861.8152,CI.l(95%).Total.SURVEY_LC1_3B51
   0.000,3420.368,CI.l(95%).Total.SURVEY_LC1_3B52
  0.0000,570.5588,CI.l(95%).Total.SURVEY_LC1_3B53
  0.0000,120.7316,CI.l(95%).Total.SURVEY_LC1_3B54
   0.000,9719.716,CI.l(95%).Total.SURVEY_LC1_3B55
  0.0000,845.0803,CI.l(95%).Total.SURVEY_LC1_3B71
 0.00000,48.12268,CI.l(95%).Total.SURVEY_LC1_3B72
  0.0000,170.8394,CI.l(95%).Total.SURVEY_LC1_3B73
  0.0000,439.3701,CI.l(95%).Total.SURVEY_LC1_3B74
  0.0000,445.0086,CI.l(95%).Total.SURVEY_LC1_3B75
0.000000,0.465458,CI.l(95%).Total.SURVEY_LC1_3B76
  0.0000,181.6307,CI.l(95%).Total.SURVEY_LC1_3B81
   0.000,6820.175,CI.l(95%).Total.SURVEY_LC1_3B82
 0.00000,62.76615,CI.l(95%).Total.SURVEY_LC1_3B83
  0.0000,193.1926,CI.l(95%).Total.SURVEY_LC1_3B84
25291.78,    0.00,CI.l(95%).Total.SURVEY_LC1_3Bx1
811.6986,  0.0000,CI.l(95%).Total.SURVEY_LC1_3Bx2
437.1718,  0.0000,CI.l(95%).Total.SURVEY_LC1_3Bxx
     0.0,123211.4,CI.l(95%).Total.SURVEY_LC1_3C10
-100.4188,   0.0000,CI.l(95%).Total.SURVEY_LC1_3C1x
   0.0,4582.3,CI.l(95%).Total.SURVEY_LC1_3C21
    0.00,11456.34,CI.l(95%).Total.SURVEY_LC1_3C22
   0.000,1655.767,CI.l(95%).Total.SURVEY_LC1_3C23
7004.467,   0.000,CI.l(95%).Total.SURVEY_LC1_3C2x
   0.000,4722.362,CI.l(95%).Total.SURVEY_LC1_3C31
   0.000,8636.092,CI.l(95%).Total.SURVEY_LC1_3C32
   0.00,4476.82,CI.l(95%).Total.SURVEY_LC1_3C33
4678.512,   0.000,CI.l(95%).Total.SURVEY_LC1_3C3x
1973.93,   0.00,CI.l(95%).Total.SURVEY_LC1_3Cxx
   0.000,5703.845,CI.l(95%).Total.SURVEY_LC1_3D10
5.267563,0.000000,CI.l(95%).Total.SURVEY_LC1_3D1x
   0.000,8949.591,CI.l(95%).Total.SURVEY_LC1_3D20
2.356774,0.000000,CI.l(95%).Total.SURVEY_LC1_3D2x
24.88374, 0.00000,CI.l(95%).Total.SURVEY_LC1_3Dxx
    0.00,11875.58,CI.l(95%).Total.SURVEY_LC1_3E10
25.39834, 0.00000,CI.l(95%).Total.SURVEY_LC1_3E1x
     0.0,104296.4,CI.l(95%).Total.SURVEY_LC1_3E20
116.5513,  0.0000,CI.l(95%).Total.SURVEY_LC1_3E2x
    0.00,10462.72,CI.l(95%).Total.SURVEY_LC1_3E30
8.529689,0.000000,CI.l(95%).Total.SURVEY_LC1_3E3x
204.4433,  0.0000,CI.l(95%).Total.SURVEY_LC1_3Exx
   0.000,5644.941,CI.l(95%).Total.SURVEY_LC1_3F10
  0.0000,127.6427,CI.l(95%).Total.SURVEY_LC1_3F20
8.338296,0.000000,CI.l(95%).Total.SURVEY_LC1_3F2x
0.000000,4.136693,CI.l(95%).Total.SURVEY_LC1_3F30
    0.00,20773.49,CI.l(95%).Total.SURVEY_LC1_3F40
17.17833, 0.00000,CI.l(95%).Total.SURVEY_LC1_3F4x
-9.842264, 0.000000,CI.l(95%).Total.SURVEY_LC1_3Fxx
4.046842,0.000000,CI.l(95%).Total.SURVEY_LC1_3G10
   0.000,3322.467,CI.l(95%).Total.SURVEY_LC1_3G11
  0.0000,161.9775,CI.l(95%).Total.SURVEY_LC1_3G12
26.71551, 0.00000,CI.l(95%).Total.SURVEY_LC1_3G1x
   0.00,2175.56,CI.l(95%).Total.SURVEY_LC1_3G21
 0.00000,21.74126,CI.l(95%).Total.SURVEY_LC1_3G22
11.99496, 0.00000,CI.l(95%).Total.SURVEY_LC1_3G2x
 0.00000,29.87436,CI.l(95%).Total.SURVEY_LC1_3G30
  0.0000,200.8005,CI.l(95%).Total.SURVEY_LC1_3G50
3.957817,0.000000,CI.l(95%).Total.SURVEY_LC1_3Gxx
  0.0000,499.9937,CI.l(95%).Total.SURVEY_LC1_3H11
 0.00000,39.03156,CI.l(95%).Total.SURVEY_LC1_3H12
  0.000,310.294,CI.l(95%).Total.SURVEY_LC1_3H21
  0.0000,116.6711,CI.l(95%).Total.SURVEY_LC1_3H22
 0.00000,30.04952,CI.l(95%).Total.SURVEY_LC1_3H23
2.469163,0.000000,CI.l(95%).Total.SURVEY_LC1_3Hxx
 27065.87,251617.19,CI.l(95%).Total.SURVEY_LU1_3U111
   9.690826,2485.661573,CI.l(95%).Total.SURVEY_LU1_3U112
184.5940,861.6279,CI.l(95%).Total.SURVEY_LU1_3U113
 12988.31,140204.20,CI.l(95%).Total.SURVEY_LU1_3U120
  4.120802,585.718221,CI.l(95%).Total.SURVEY_LU1_3U130
 -3.347704,851.651948,CI.l(95%).Total.SURVEY_LU1_3U140
-10.65578, 34.15555,CI.l(95%).Total.SURVEY_LU1_3U150
  1.896062,329.854466,CI.l(95%).Total.SURVEY_LU1_3U210
  0.00000,-29.49331,CI.l(95%).Total.SURVEY_LU1_3U221
0.000000,3.980273,CI.l(95%).Total.SURVEY_LU1_3U222
 0.00000,55.06025,CI.l(95%).Total.SURVEY_LU1_3U223
 0.0000,34.7084,CI.l(95%).Total.SURVEY_LU1_3U224
 0.00000,51.61537,CI.l(95%).Total.SURVEY_LU1_3U225
 0.00000,54.05051,CI.l(95%).Total.SURVEY_LU1_3U226
 0.00000,20.44982,CI.l(95%).Total.SURVEY_LU1_3U227
  7.894963,473.449293,CI.l(95%).Total.SURVEY_LU1_3U311
   12.37302,14869.06416,CI.l(95%).Total.SURVEY_LU1_3U312
  8.216412,865.191596,CI.l(95%).Total.SURVEY_LU1_3U313
  0.0000,251.2717,CI.l(95%).Total.SURVEY_LU1_3U314
 0.000000,-4.193373,CI.l(95%).Total.SURVEY_LU1_3U315
 0.0000,16.4512,CI.l(95%).Total.SURVEY_LU1_3U316
  4.037701,793.030224,CI.l(95%).Total.SURVEY_LU1_3U317
 0.0000,28.3027,CI.l(95%).Total.SURVEY_LU1_3U318
   3.970313,1045.691392,CI.l(95%).Total.SURVEY_LU1_3U319
  0.0000,203.2564,CI.l(95%).Total.SURVEY_LU1_3U321
  1.414123,129.924310,CI.l(95%).Total.SURVEY_LU1_3U322
  4.00098,287.08526,CI.l(95%).Total.SURVEY_LU1_3U330
 -6.884244,819.359137,CI.l(95%).Total.SURVEY_LU1_3U341
 0.00000,28.13118,CI.l(95%).Total.SURVEY_LU1_3U342
  58.66876,2640.13018,CI.l(95%).Total.SURVEY_LU1_3U350
  10.65744,2929.33711,CI.l(95%).Total.SURVEY_LU1_3U361
  -3.263132,1177.903702,CI.l(95%).Total.SURVEY_LU1_3U362
  393.1585,23752.5425,CI.l(95%).Total.SURVEY_LU1_3U370
 0.00000,55.62008,CI.l(95%).Total.SURVEY_LU1_3U411
 0.000000,-5.129671,CI.l(95%).Total.SURVEY_LU1_3U412
  3.956453,-11.160264,CI.l(95%).Total.SURVEY_LU1_3U413
 0.00000,40.97342,CI.l(95%).Total.SURVEY_LU1_3U414
  1.578323,677.551621,CI.l(95%).Total.SURVEY_LU1_3U415
 1115.956,43694.042,CI.l(95%).Total.SURVEY_LU1_3U420
 42610.86,446255.28,CI.l(95%).Total.settlement0
  610.6385,54724.5664,CI.l(95%).Total.settlement1
0.008957193,0.802731065,CI.l(95%).Total.settl_pc
 30546.2,335319.0,CI.l(95%).Total.fao_class_name0
 11896.11,152947.55,CI.l(95%).Total.fao_class_name1
   0.000,4411.581,CI.l(95%).Total.fao_class_name2
 107.0781,6941.1144,CI.l(95%).Total.fao_class_name3
 42661.79,467563.47,CI.l(95%).Total.lue0
  560.6174,32909.3841,CI.l(95%).Total.lue1
 43231.21,478325.36,CI.l(95%).Total.lud0
   73.57752,22466.40957,CI.l(95%).Total.lud1
 46867.71,505616.12,CI.u(95%).Total.area
   81.59201,32100.03602,CI.u(95%).Total.SURVEY_LC1_1A
 28980.72,124348.76,CI.u(95%).Total.SURVEY_LC1_1B
 17570.56,170437.97,CI.u(95%).Total.SURVEY_LC1_1C
  117.6683,16502.4534,CI.u(95%).Total.SURVEY_LC1_1D
   729.05,131320.38,CI.u(95%).Total.SURVEY_LC1_1E
  308.2988,28965.8582,CI.u(95%).Total.SURVEY_LC1_1F
  95.5117,6668.2839,CI.u(95%).Total.SURVEY_LC1_1G
  19.14251,1121.11156,CI.u(95%).Total.SURVEY_LC1_1H
 44571.98,403059.62,CI.u(95%).Total.SURVEY_LU1_1U1
  39.96291,1433.17042,CI.u(95%).Total.SURVEY_LU1_1U2
 1058.068,56767.842,CI.u(95%).Total.SURVEY_LU1_1U3
 1694.151,47629.072,CI.u(95%).Total.SURVEY_LU1_1U4
  20.62167,9098.72661,CI.u(95%).Total.SURVEY_LC1_2A1
   38.00346,22791.33450,CI.u(95%).Total.SURVEY_LC1_2A2
   3.970313,1767.673333,CI.u(95%).Total.SURVEY_LC1_2A3
31.27242, 0.00000,CI.u(95%).Total.SURVEY_LC1_2Ax
    0.00,68212.12,CI.u(95%).Total.SURVEY_LC1_2B1
   0.000,5349.578,CI.u(95%).Total.SURVEY_LC1_2B2
    0.00,22363.64,CI.u(95%).Total.SURVEY_LC1_2B3
   0.000,2823.533,CI.u(95%).Total.SURVEY_LC1_2B4
    0.00,17120.96,CI.u(95%).Total.SURVEY_LC1_2B5
   0.000,3156.703,CI.u(95%).Total.SURVEY_LC1_2B7
   0.000,8669.919,CI.u(95%).Total.SURVEY_LC1_2B8
28980.72,    0.00,CI.u(95%).Total.SURVEY_LC1_2Bx
   813.9891,128895.6934,CI.u(95%).Total.SURVEY_LC1_2C1
 8946.613,22694.583,CI.u(95%).Total.SURVEY_LC1_2C2
 6306.449,24048.826,CI.u(95%).Total.SURVEY_LC1_2C3
2827.834,   0.000,CI.u(95%).Total.SURVEY_LC1_2Cx
  12.53569,6468.33919,CI.u(95%).Total.SURVEY_LC1_2D1
   36.8816,10335.7557,CI.u(95%).Total.SURVEY_LC1_2D2
84.30645, 0.00000,CI.u(95%).Total.SURVEY_LC1_2Dx
  144.2122,13406.1915,CI.u(95%).Total.SURVEY_LC1_2E1
   201.9212,107182.4333,CI.u(95%).Total.SURVEY_LC1_2E2
   70.06146,12243.00526,CI.u(95%).Total.SURVEY_LC1_2E3
419.6342,  0.0000,CI.u(95%).Total.SURVEY_LC1_2Ex
   0.000,6242.485,CI.u(95%).Total.SURVEY_LC1_2F1
  8.338296,365.437529,CI.u(95%).Total.SURVEY_LC1_2F2
0.000000,4.136693,CI.u(95%).Total.SURVEY_LC1_2F3
   93.96691,22725.92640,CI.u(95%).Total.SURVEY_LC1_2F4
238.5895,  0.0000,CI.u(95%).Total.SURVEY_LC1_2Fx
  79.55893,3920.45126,CI.u(95%).Total.SURVEY_LC1_2G1
  11.99496,2766.89870,CI.u(95%).Total.SURVEY_LC1_2G2
 0.00000,48.24586,CI.u(95%).Total.SURVEY_LC1_2G3
  0.0000,275.5236,CI.u(95%).Total.SURVEY_LC1_2G5
3.957817,0.000000,CI.u(95%).Total.SURVEY_LC1_2Gx
  0.00,628.77,CI.u(95%).Total.SURVEY_LC1_2H1
  0.0000,529.5096,CI.u(95%).Total.SURVEY_LC1_2H2
19.14251, 0.00000,CI.u(95%).Total.SURVEY_LC1_2Hx
 29509.72,258680.89,CI.u(95%).Total.SURVEY_LU1_2U11
 15607.02,143752.70,CI.u(95%).Total.SURVEY_LU1_2U12
  4.120802,899.761085,CI.u(95%).Total.SURVEY_LU1_2U13
 247.0327,1117.3289,CI.u(95%).Total.SURVEY_LU1_2U14
41.69747,54.19087,CI.u(95%).Total.SURVEY_LU1_2U15
 39.96291,636.21153,CI.u(95%).Total.SURVEY_LU1_2U21
  0.0000,903.0985,CI.u(95%).Total.SURVEY_LU1_2U22
   62.58369,21549.30521,CI.u(95%).Total.SURVEY_LU1_2U31
  7.796962,605.704626,CI.u(95%).Total.SURVEY_LU1_2U32
  4.00098,633.05824,CI.u(95%).Total.SURVEY_LU1_2U33
  30.2172,1548.1660,CI.u(95%).Total.SURVEY_LU1_2U34
 214.1678,3920.7154,CI.u(95%).Total.SURVEY_LU1_2U35
  56.60457,5180.55960,CI.u(95%).Total.SURVEY_LU1_2U36
  799.7502,26172.5007,CI.u(95%).Total.SURVEY_LU1_2U37
  11.48352,1572.98180,CI.u(95%).Total.SURVEY_LU1_2U41
 1685.627,46340.868,CI.u(95%).Total.SURVEY_LU1_2U42
   0.00,8346.79,CI.u(95%).Total.SURVEY_LC1_3A11
  0.0000,740.2939,CI.u(95%).Total.SURVEY_LC1_3A12
  0.0000,393.1598,CI.u(95%).Total.SURVEY_LC1_3A13
20.62167, 0.00000,CI.u(95%).Total.SURVEY_LC1_3A1x
   0.000,8517.924,CI.u(95%).Total.SURVEY_LC1_3A21
    0.00,15067.76,CI.u(95%).Total.SURVEY_LC1_3A22
38.00346, 0.00000,CI.u(95%).Total.SURVEY_LC1_3A2x
   0.000,1767.673,CI.u(95%).Total.SURVEY_LC1_3A30
3.970313,0.000000,CI.u(95%).Total.SURVEY_LC1_3A3x
31.27242, 0.00000,CI.u(95%).Total.SURVEY_LC1_3Axx
    0.00,30331.48,CI.u(95%).Total.SURVEY_LC1_3B11
   0.000,4001.772,CI.u(95%).Total.SURVEY_LC1_3B12
    0.00,10698.42,CI.u(95%).Total.SURVEY_LC1_3B13
  0.0000,912.2258,CI.u(95%).Total.SURVEY_LC1_3B14
   0.000,1150.324,CI.u(95%).Total.SURVEY_LC1_3B15
    0.00,20694.36,CI.u(95%).Total.SURVEY_LC1_3B16
   0.000,1736.184,CI.u(95%).Total.SURVEY_LC1_3B18
   0.00,1245.53,CI.u(95%).Total.SURVEY_LC1_3B19
   0.000,1913.191,CI.u(95%).Total.SURVEY_LC1_3B21
   0.000,3205.857,CI.u(95%).Total.SURVEY_LC1_3B22
  0.0000,504.0981,CI.u(95%).Total.SURVEY_LC1_3B23
   0.000,7305.859,CI.u(95%).Total.SURVEY_LC1_3B31
    0.00,11763.89,CI.u(95%).Total.SURVEY_LC1_3B32
   0.000,1694.345,CI.u(95%).Total.SURVEY_LC1_3B33
   0.000,2354.658,CI.u(95%).Total.SURVEY_LC1_3B35
 0.00000,39.92955,CI.u(95%).Total.SURVEY_LC1_3B36
  0.0000,240.7935,CI.u(95%).Total.SURVEY_LC1_3B37
   0.000,1600.956,CI.u(95%).Total.SURVEY_LC1_3B41
 0.00000,54.03666,CI.u(95%).Total.SURVEY_LC1_3B42
   0.000,1215.339,CI.u(95%).Total.SURVEY_LC1_3B43
  0.000,146.445,CI.u(95%).Total.SURVEY_LC1_3B44
 0.00000,26.24581,CI.u(95%).Total.SURVEY_LC1_3B45
   0.000,1286.428,CI.u(95%).Total.SURVEY_LC1_3B51
   0.000,4501.229,CI.u(95%).Total.SURVEY_LC1_3B52
  0.0000,896.0257,CI.u(95%).Total.SURVEY_LC1_3B53
  0.000,278.685,CI.u(95%).Total.SURVEY_LC1_3B54
    0.00,10912.45,CI.u(95%).Total.SURVEY_LC1_3B55
   0.000,1245.872,CI.u(95%).Total.SURVEY_LC1_3B71
  0.0000,393.5297,CI.u(95%).Total.SURVEY_LC1_3B72
  0.0000,492.5228,CI.u(95%).Total.SURVEY_LC1_3B73
  0.0000,738.6921,CI.u(95%).Total.SURVEY_LC1_3B74
  0.0000,767.3792,CI.u(95%).Total.SURVEY_LC1_3B75
 0.0000,24.7938,CI.u(95%).Total.SURVEY_LC1_3B76
  0.0000,569.0815,CI.u(95%).Total.SURVEY_LC1_3B81
   0.000,7833.939,CI.u(95%).Total.SURVEY_LC1_3B82
  0.000,159.338,CI.u(95%).Total.SURVEY_LC1_3B83
  0.0000,475.2853,CI.u(95%).Total.SURVEY_LC1_3B84
27324.56,    0.00,CI.u(95%).Total.SURVEY_LC1_3Bx1
1399.369,   0.000,CI.u(95%).Total.SURVEY_LC1_3Bx2
579.2291,  0.0000,CI.u(95%).Total.SURVEY_LC1_3Bxx
     0.0,128895.7,CI.u(95%).Total.SURVEY_LC1_3C10
813.9891,  0.0000,CI.u(95%).Total.SURVEY_LC1_3C1x
   0.000,7030.117,CI.u(95%).Total.SURVEY_LC1_3C21
    0.00,14125.14,CI.u(95%).Total.SURVEY_LC1_3C22
   0.000,2790.473,CI.u(95%).Total.SURVEY_LC1_3C23
8946.613,   0.000,CI.u(95%).Total.SURVEY_LC1_3C2x
   0.000,6924.445,CI.u(95%).Total.SURVEY_LC1_3C31
    0.00,11717.35,CI.u(95%).Total.SURVEY_LC1_3C32
   0.000,7160.658,CI.u(95%).Total.SURVEY_LC1_3C33
6306.449,   0.000,CI.u(95%).Total.SURVEY_LC1_3C3x
2827.834,   0.000,CI.u(95%).Total.SURVEY_LC1_3Cxx
   0.000,6468.339,CI.u(95%).Total.SURVEY_LC1_3D10
12.53569, 0.00000,CI.u(95%).Total.SURVEY_LC1_3D1x
    0.00,10335.76,CI.u(95%).Total.SURVEY_LC1_3D20
36.8816, 0.0000,CI.u(95%).Total.SURVEY_LC1_3D2x
84.30645, 0.00000,CI.u(95%).Total.SURVEY_LC1_3Dxx
    0.00,13406.19,CI.u(95%).Total.SURVEY_LC1_3E10
144.2122,  0.0000,CI.u(95%).Total.SURVEY_LC1_3E1x
     0.0,107182.4,CI.u(95%).Total.SURVEY_LC1_3E20
201.9212,  0.0000,CI.u(95%).Total.SURVEY_LC1_3E2x
    0.00,12243.01,CI.u(95%).Total.SURVEY_LC1_3E30
70.06146, 0.00000,CI.u(95%).Total.SURVEY_LC1_3E3x
419.6342,  0.0000,CI.u(95%).Total.SURVEY_LC1_3Exx
   0.000,6242.485,CI.u(95%).Total.SURVEY_LC1_3F10
  0.0000,365.4375,CI.u(95%).Total.SURVEY_LC1_3F20
8.338296,0.000000,CI.u(95%).Total.SURVEY_LC1_3F2x
0.000000,4.136693,CI.u(95%).Total.SURVEY_LC1_3F30
    0.00,22725.93,CI.u(95%).Total.SURVEY_LC1_3F40
93.96691, 0.00000,CI.u(95%).Total.SURVEY_LC1_3F4x
238.5895,  0.0000,CI.u(95%).Total.SURVEY_LC1_3Fxx
4.046842,0.000000,CI.u(95%).Total.SURVEY_LC1_3G10
   0.000,3744.288,CI.u(95%).Total.SURVEY_LC1_3G11
  0.0000,189.4541,CI.u(95%).Total.SURVEY_LC1_3G12
75.51209, 0.00000,CI.u(95%).Total.SURVEY_LC1_3G1x
   0.000,2735.717,CI.u(95%).Total.SURVEY_LC1_3G21
 0.00000,40.60313,CI.u(95%).Total.SURVEY_LC1_3G22
11.99496, 0.00000,CI.u(95%).Total.SURVEY_LC1_3G2x
 0.00000,48.24586,CI.u(95%).Total.SURVEY_LC1_3G30
  0.0000,275.5236,CI.u(95%).Total.SURVEY_LC1_3G50
3.957817,0.000000,CI.u(95%).Total.SURVEY_LC1_3Gxx
  0.0000,581.9873,CI.u(95%).Total.SURVEY_LC1_3H11
 0.00000,53.57451,CI.u(95%).Total.SURVEY_LC1_3H12
  0.0000,369.7853,CI.u(95%).Total.SURVEY_LC1_3H21
  0.0000,121.2633,CI.u(95%).Total.SURVEY_LC1_3H22
 0.00000,48.60865,CI.u(95%).Total.SURVEY_LC1_3H23
19.14251, 0.00000,CI.u(95%).Total.SURVEY_LC1_3Hxx
 29196.71,254864.49,CI.u(95%).Total.SURVEY_LU1_3U111
  72.69727,3151.55592,CI.u(95%).Total.SURVEY_LU1_3U112
 352.6267,1180.4252,CI.u(95%).Total.SURVEY_LU1_3U113
 15607.02,143752.70,CI.u(95%).Total.SURVEY_LU1_3U120
  4.120802,899.761085,CI.u(95%).Total.SURVEY_LU1_3U130
 247.0327,1117.3289,CI.u(95%).Total.SURVEY_LU1_3U140
41.69747,54.19087,CI.u(95%).Total.SURVEY_LU1_3U150
 39.96291,636.21153,CI.u(95%).Total.SURVEY_LU1_3U210
  0.0000,271.9827,CI.u(95%).Total.SURVEY_LU1_3U221
0.000000,3.980273,CI.u(95%).Total.SURVEY_LU1_3U222
  0.0000,212.1006,CI.u(95%).Total.SURVEY_LU1_3U223
  0.0000,101.5956,CI.u(95%).Total.SURVEY_LU1_3U224
  0.0000,259.1383,CI.u(95%).Total.SURVEY_LU1_3U225
  0.0000,222.5949,CI.u(95%).Total.SURVEY_LU1_3U226
  0.0000,102.3625,CI.u(95%).Total.SURVEY_LU1_3U227
  7.894963,871.586935,CI.u(95%).Total.SURVEY_LU1_3U311
   38.4643,16923.5938,CI.u(95%).Total.SURVEY_LU1_3U312
   8.216412,1314.540093,CI.u(95%).Total.SURVEY_LU1_3U313
  0.0000,366.8659,CI.u(95%).Total.SURVEY_LU1_3U314
 0.00000,22.20349,CI.u(95%).Total.SURVEY_LU1_3U315
 0.00000,92.64161,CI.u(95%).Total.SURVEY_LU1_3U316
   4.037701,1333.987281,CI.u(95%).Total.SURVEY_LU1_3U317
 0.00000,41.24826,CI.u(95%).Total.SURVEY_LU1_3U318
   3.970313,1632.810790,CI.u(95%).Total.SURVEY_LU1_3U319
  0.0000,307.7644,CI.u(95%).Total.SURVEY_LU1_3U321
  7.796962,337.823923,CI.u(95%).Total.SURVEY_LU1_3U322
  4.00098,633.05824,CI.u(95%).Total.SURVEY_LU1_3U330
  30.2172,1340.7543,CI.u(95%).Total.SURVEY_LU1_3U341
  0.0000,316.0559,CI.u(95%).Total.SURVEY_LU1_3U342
 214.1678,3920.7154,CI.u(95%).Total.SURVEY_LU1_3U350
  28.92804,3716.78285,CI.u(95%).Total.SURVEY_LU1_3U361
  34.7294,1636.5671,CI.u(95%).Total.SURVEY_LU1_3U362
  799.7502,26172.5007,CI.u(95%).Total.SURVEY_LU1_3U370
 0.0000,88.5485,CI.u(95%).Total.SURVEY_LU1_3U411
 0.00000,41.93772,CI.u(95%).Total.SURVEY_LU1_3U412
  3.956453,168.704483,CI.u(95%).Total.SURVEY_LU1_3U413
  0.0000,184.0562,CI.u(95%).Total.SURVEY_LU1_3U414
   7.527072,1268.342674,CI.u(95%).Total.SURVEY_LU1_3U415
 1685.627,46340.868,CI.u(95%).Total.SURVEY_LU1_3U420
 46024.24,450113.12,CI.u(95%).Total.settlement0
 1051.621,56729.682,CI.u(95%).Total.settlement1
0.01542578,0.83214324,CI.u(95%).Total.settl_pc
 32863.88,338532.70,CI.u(95%).Total.fao_class_name0
 14472.24,156260.43,CI.u(95%).Total.fao_class_name1
   0.00,5269.47,CI.u(95%).Total.fao_class_name2
 411.8517,8140.8138,CI.u(95%).Total.fao_class_name3
 46075.44,471808.39,CI.u(95%).Total.lue0
  999.5126,35541.3961,CI.u(95%).Total.lue1
 46664.32,482361.45,CI.u(95%).Total.lud0
  328.2556,24669.4131,CI.u(95%).Total.lud1
0.01942625,0.00172612,CV.Total.area
0.15701864,0.01053778,CV.Total.SURVEY_LC1_1A
0.019347515,0.006419713,CV.Total.SURVEY_LC1_1B
0.04228931,0.00527930,CV.Total.SURVEY_LC1_1C
0.21210279,0.02509708,CV.Total.SURVEY_LC1_1D
0.114553404,0.006242191,CV.Total.SURVEY_LC1_1E
0.37207391,0.01865564,CV.Total.SURVEY_LC1_1F
0.17504907,0.01538235,CV.Total.SURVEY_LC1_1G
0.39362827,0.01667553,CV.Total.SURVEY_LC1_1H
0.020129295,0.002837639,CV.Total.SURVEY_LU1_1U1
0.4639918,0.1173938,CV.Total.SURVEY_LU1_1U2
0.13382645,0.01030745,CV.Total.SURVEY_LU1_1U3
0.1031255,0.0149616,CV.Total.SURVEY_LU1_1U4
0.20916505,0.05912758,CV.Total.SURVEY_LC1_2A1
0.32368335,0.02455174,CV.Total.SURVEY_LC1_2A2
0.00000000,0.07100913,CV.Total.SURVEY_LC1_2A3
0.2664833,NA,CV.Total.SURVEY_LC1_2Ax
NA,0.01091459,CV.Total.SURVEY_LC1_2B1
NA,0.04213371,CV.Total.SURVEY_LC1_2B2
NA,0.02370919,CV.Total.SURVEY_LC1_2B3
NA,0.07290927,CV.Total.SURVEY_LC1_2B4
NA,0.0262236,CV.Total.SURVEY_LC1_2B5
NA,0.0638013,CV.Total.SURVEY_LC1_2B7
NA,0.03270135,CV.Total.SURVEY_LC1_2B8
0.01934751,NA,CV.Total.SURVEY_LC1_2Bx
0.65381533,0.01150388,CV.Total.SURVEY_LC1_2C1
0.06212176,0.04593661,CV.Total.SURVEY_LC1_2C2
0.07561203,0.05214552,CV.Total.SURVEY_LC1_2C3
0.09073188,NA,CV.Total.SURVEY_LC1_2Cx
0.2082932,0.0320448,CV.Total.SURVEY_LC1_2D1
0.44892357,0.03667241,CV.Total.SURVEY_LC1_2D2
0.2776648,NA,CV.Total.SURVEY_LC1_2Dx
0.35740951,0.03088949,CV.Total.SURVEY_LC1_2E1
0.13676807,0.00696285,CV.Total.SURVEY_LC1_2E2
0.39946404,0.04000421,CV.Total.SURVEY_LC1_2E3
0.1759289,NA,CV.Total.SURVEY_LC1_2Ex
NA,0.02564685,CV.Total.SURVEY_LC1_2F1
0.0000000,0.2460576,CV.Total.SURVEY_LC1_2F2
NA,  0,CV.Total.SURVEY_LC1_2F3
0.35249881,0.02290048,CV.Total.SURVEY_LC1_2F4
0.5541192,NA,CV.Total.SURVEY_LC1_2Fx
0.22567426,0.02907381,CV.Total.SURVEY_LC1_2G1
0.00000000,0.05746504,CV.Total.SURVEY_LC1_2G2
NA,0.1199867,CV.Total.SURVEY_LC1_2G3
NA,0.08003945,CV.Total.SURVEY_LC1_2G5
  0,NA,CV.Total.SURVEY_LC1_2Gx
NA,0.03603282,CV.Total.SURVEY_LC1_2H1
NA,0.03191673,CV.Total.SURVEY_LC1_2H2
0.3936283,NA,CV.Total.SURVEY_LC1_2Hx
0.019170362,0.003176249,CV.Total.SURVEY_LU1_2U11
0.046724534,0.006375938,CV.Total.SURVEY_LU1_2U12
0.0000000,0.1078634,CV.Total.SURVEY_LU1_2U13
0.52423191,0.06884372,CV.Total.SURVEY_LU1_2U14
0.8604987,0.1157069,CV.Total.SURVEY_LU1_2U15
0.4639918,0.1617980,CV.Total.SURVEY_LU1_2U21
NA,0.1653442,CV.Total.SURVEY_LU1_2U22
0.13436261,0.02693131,CV.Total.SURVEY_LU1_2U31
0.3535534,0.1212709,CV.Total.SURVEY_LU1_2U32
0.0000000,0.1918397,CV.Total.SURVEY_LU1_2U33
0.8112841,0.1206175,CV.Total.SURVEY_LU1_2U34
0.29078836,0.09958653,CV.Total.SURVEY_LU1_2U35
0.30272692,0.04856586,CV.Total.SURVEY_LU1_2U36
0.17390147,0.02473098,CV.Total.SURVEY_LU1_2U37
0.1783452,0.1294153,CV.Total.SURVEY_LU1_2U41
0.10374630,0.01499914,CV.Total.SURVEY_LU1_2U42
NA,0.0624757,CV.Total.SURVEY_LC1_3A11
NA,0.3565593,CV.Total.SURVEY_LC1_3A12
NA,0.2015915,CV.Total.SURVEY_LC1_3A13
0.2091651,NA,CV.Total.SURVEY_LC1_3A1x
NA,0.05917996,CV.Total.SURVEY_LC1_3A21
NA,0.03454177,CV.Total.SURVEY_LC1_3A22
0.3236834,NA,CV.Total.SURVEY_LC1_3A2x
NA,0.07100913,CV.Total.SURVEY_LC1_3A30
  0,NA,CV.Total.SURVEY_LC1_3A3x
0.2664833,NA,CV.Total.SURVEY_LC1_3Axx
NA,0.01846072,CV.Total.SURVEY_LC1_3B11
NA,0.06325795,CV.Total.SURVEY_LC1_3B12
NA,0.03655905,CV.Total.SURVEY_LC1_3B13
NA,0.1138886,CV.Total.SURVEY_LC1_3B14
NA,0.1165783,CV.Total.SURVEY_LC1_3B15
NA,0.02256831,CV.Total.SURVEY_LC1_3B16
NA,0.08451339,CV.Total.SURVEY_LC1_3B18
NA,0.1393429,CV.Total.SURVEY_LC1_3B19
NA,0.0751278,CV.Total.SURVEY_LC1_3B21
NA,0.05581987,CV.Total.SURVEY_LC1_3B22
NA,0.1592913,CV.Total.SURVEY_LC1_3B23
NA,0.04850573,CV.Total.SURVEY_LC1_3B31
NA,0.03243502,CV.Total.SURVEY_LC1_3B32
NA,0.1136919,CV.Total.SURVEY_LC1_3B33
NA,0.06537084,CV.Total.SURVEY_LC1_3B35
NA,0.6482609,CV.Total.SURVEY_LC1_3B36
NA,0.3208797,CV.Total.SURVEY_LC1_3B37
NA,0.09922976,CV.Total.SURVEY_LC1_3B41
NA,0.2719761,CV.Total.SURVEY_LC1_3B42
NA,0.1201002,CV.Total.SURVEY_LC1_3B43
NA,0.2961839,CV.Total.SURVEY_LC1_3B44
NA,0.2120539,CV.Total.SURVEY_LC1_3B45
NA,0.1008466,CV.Total.SURVEY_LC1_3B51
NA,0.069616,CV.Total.SURVEY_LC1_3B52
NA,0.1132274,CV.Total.SURVEY_LC1_3B53
NA,0.2017691,CV.Total.SURVEY_LC1_3B54
NA,0.02949518,CV.Total.SURVEY_LC1_3B55
NA,0.09779725,CV.Total.SURVEY_LC1_3B71
NA,0.3990272,CV.Total.SURVEY_LC1_3B72
NA,0.2474172,CV.Total.SURVEY_LC1_3B73
NA,0.129635,CV.Total.SURVEY_LC1_3B74
NA,0.1356644,CV.Total.SURVEY_LC1_3B75
NA,0.4914098,CV.Total.SURVEY_LC1_3B76
NA,0.2633268,CV.Total.SURVEY_LC1_3B81
NA,0.0352963,CV.Total.SURVEY_LC1_3B82
NA,0.2218431,CV.Total.SURVEY_LC1_3B83
NA,0.2153063,CV.Total.SURVEY_LC1_3B84
0.01971164,NA,CV.Total.SURVEY_LC1_3Bx1
0.1356074,NA,CV.Total.SURVEY_LC1_3Bx2
0.07131001,NA,CV.Total.SURVEY_LC1_3Bxx
NA,0.01150388,CV.Total.SURVEY_LC1_3C10
0.6538153,NA,CV.Total.SURVEY_LC1_3C1x
NA,0.1075495,CV.Total.SURVEY_LC1_3C21
NA,0.05322836,CV.Total.SURVEY_LC1_3C22
NA,0.1302094,CV.Total.SURVEY_LC1_3C23
0.06212176,NA,CV.Total.SURVEY_LC1_3C2x
NA,0.09646697,CV.Total.SURVEY_LC1_3C31
NA,0.07724,CV.Total.SURVEY_LC1_3C32
NA,0.1176655,CV.Total.SURVEY_LC1_3C33
0.07561203,NA,CV.Total.SURVEY_LC1_3C3x
0.09073188,NA,CV.Total.SURVEY_LC1_3Cxx
NA,0.0320448,CV.Total.SURVEY_LC1_3D10
0.2082932,NA,CV.Total.SURVEY_LC1_3D1x
NA,0.03667241,CV.Total.SURVEY_LC1_3D20
0.4489236,NA,CV.Total.SURVEY_LC1_3D2x
0.2776648,NA,CV.Total.SURVEY_LC1_3Dxx
NA,0.03088949,CV.Total.SURVEY_LC1_3E10
0.3574095,NA,CV.Total.SURVEY_LC1_3E1x
NA,0.00696285,CV.Total.SURVEY_LC1_3E20
0.1367681,NA,CV.Total.SURVEY_LC1_3E2x
NA,0.04000421,CV.Total.SURVEY_LC1_3E30
0.399464,NA,CV.Total.SURVEY_LC1_3E3x
0.1759289,NA,CV.Total.SURVEY_LC1_3Exx
NA,0.02564685,CV.Total.SURVEY_LC1_3F10
NA,0.2460576,CV.Total.SURVEY_LC1_3F20
  0,NA,CV.Total.SURVEY_LC1_3F2x
NA,  0,CV.Total.SURVEY_LC1_3F30
NA,0.02290048,CV.Total.SURVEY_LC1_3F40
0.3524988,NA,CV.Total.SURVEY_LC1_3F4x
0.5541192,NA,CV.Total.SURVEY_LC1_3Fxx
  0,NA,CV.Total.SURVEY_LC1_3G10
NA,0.03045512,CV.Total.SURVEY_LC1_3G11
NA,0.03989101,CV.Total.SURVEY_LC1_3G12
0.2435416,NA,CV.Total.SURVEY_LC1_3G1x
NA,0.0581926,CV.Total.SURVEY_LC1_3G21
NA,0.1543617,CV.Total.SURVEY_LC1_3G22
  0,NA,CV.Total.SURVEY_LC1_3G2x
NA,0.1199867,CV.Total.SURVEY_LC1_3G30
NA,0.08003945,CV.Total.SURVEY_LC1_3G50
  0,NA,CV.Total.SURVEY_LC1_3Gxx
NA,0.03866451,CV.Total.SURVEY_LC1_3H11
NA,0.08012443,CV.Total.SURVEY_LC1_3H12
NA,0.04463199,CV.Total.SURVEY_LC1_3H21
NA,0.009847197,CV.Total.SURVEY_LC1_3H22
NA,0.1203831,CV.Total.SURVEY_LC1_3H23
0.3936283,NA,CV.Total.SURVEY_LC1_3Hxx
0.019323375,0.003271226,CV.Total.SURVEY_LU1_3U111
0.39018665,0.06026879,CV.Total.SURVEY_LU1_3U112
0.15958538,0.07965252,CV.Total.SURVEY_LU1_3U113
0.046724534,0.006375938,CV.Total.SURVEY_LU1_3U120
0.0000000,0.1078634,CV.Total.SURVEY_LU1_3U130
0.52423191,0.06884372,CV.Total.SURVEY_LU1_3U140
0.8604987,0.1157069,CV.Total.SURVEY_LU1_3U150
0.4639918,0.1617980,CV.Total.SURVEY_LU1_3U210
NA,0.6343251,CV.Total.SURVEY_LU1_3U221
NA,  0,CV.Total.SURVEY_LU1_3U222
NA,0.2999096,CV.Total.SURVEY_LU1_3U223
NA,0.2503724,CV.Total.SURVEY_LU1_3U224
NA,0.3407232,CV.Total.SURVEY_LU1_3U225
NA,0.3108442,CV.Total.SURVEY_LU1_3U226
NA,0.3402993,CV.Total.SURVEY_LU1_3U227
0.0000000,0.1510258,CV.Total.SURVEY_LU1_3U311
0.26185728,0.03297141,CV.Total.SURVEY_LU1_3U312
0.0000000,0.1051798,CV.Total.SURVEY_LU1_3U313
NA,0.09541193,CV.Total.SURVEY_LU1_3U314
NA,0.7478038,CV.Total.SURVEY_LU1_3U315
NA,0.356333,CV.Total.SURVEY_LU1_3U316
0.0000000,0.1297608,CV.Total.SURVEY_LU1_3U317
NA,0.09496626,CV.Total.SURVEY_LU1_3U318
0.0000000,0.1118372,CV.Total.SURVEY_LU1_3U319
NA,0.1043429,CV.Total.SURVEY_LU1_3U321
0.3535534,0.2267741,CV.Total.SURVEY_LU1_3U322
0.0000000,0.1918397,CV.Total.SURVEY_LU1_3U330
0.8112841,0.1231523,CV.Total.SURVEY_LU1_3U341
NA,0.4268117,CV.Total.SURVEY_LU1_3U342
0.29078836,0.09958653,CV.Total.SURVEY_LU1_3U350
0.23548794,0.06045112,CV.Total.SURVEY_LU1_3U361
0.61603434,0.08314751,CV.Total.SURVEY_LU1_3U362
0.17390147,0.02473098,CV.Total.SURVEY_LU1_3U370
NA,0.1165339,CV.Total.SURVEY_LU1_3U411
NA,0.652423,CV.Total.SURVEY_LU1_3U412
0.0000000,0.5824994,CV.Total.SURVEY_LU1_3U413
NA,0.324414,CV.Total.SURVEY_LU1_3U414
0.3333333,0.1549054,CV.Total.SURVEY_LU1_3U415
0.10374630,0.01499914,CV.Total.SURVEY_LU1_3U420
0.019648608,0.002195885,CV.Total.settlement0
0.135355092,0.009178984,CV.Total.settlement1
0.135355092,0.009178984,CV.Total.settl_pc
0.018648678,0.002433303,CV.Total.fao_class_name0
0.049846788,0.005466467,CV.Total.fao_class_name1
NA,0.04521274,CV.Total.fao_class_name2
0.29965442,0.04058518,CV.Total.fao_class_name3
0.019627491,0.002305596,CV.Total.lue0
0.1435331,0.0196183,CV.Total.lue1
0.019485081,0.002143536,CV.Total.lud0
0.32336855,0.02384603,CV.Total.lud1
