HR0.No,HR0.Yes,variable
No,Yes,flag_two
 2768.359,53825.641,Total.area
   0.00,1735.32,Total.SURVEY_LC1_1A
1454.888,6689.633,Total.SURVEY_LC1_1B
 1309.195,25765.053,Total.SURVEY_LC1_1C
   4.275766,7165.328621,Total.SURVEY_LC1_1D
   0.000,9499.782,Total.SURVEY_LC1_1E
   0.000,2260.394,Total.SURVEY_LC1_1F
  0.0000,516.2304,Total.SURVEY_LC1_1G
  0.0000,193.9011,Total.SURVEY_LC1_1H
 2114.70,31154.41,Total.SURVEY_LU1_1U1
 0.00000,71.73753,Total.SURVEY_LU1_1U2
   4.354262,2989.316021,Total.SURVEY_LU1_1U3
  649.304,19610.176,Total.SURVEY_LU1_1U4
  0.0000,513.3704,Total.SURVEY_LC1_2A1
   0.000,1144.185,Total.SURVEY_LC1_2A2
 0.00000,77.76476,Total.SURVEY_LC1_2A3
   0.000,3692.845,Total.SURVEY_LC1_2B1
  0.000,158.711,Total.SURVEY_LC1_2B2
  0.0000,941.4342,Total.SURVEY_LC1_2B3
 0.00000,77.74216,Total.SURVEY_LC1_2B4
  0.0000,496.0383,Total.SURVEY_LC1_2B5
  0.0000,621.0109,Total.SURVEY_LC1_2B7
  0.0000,701.8509,Total.SURVEY_LC1_2B8
1454.888,   0.000,Total.SURVEY_LC1_2Bx
    0.00,21446.18,Total.SURVEY_LC1_2C1
 397.113,1775.123,Total.SURVEY_LC1_2C2
 912.0816,2543.7489,Total.SURVEY_LC1_2C3
   0.000,3406.612,Total.SURVEY_LC1_2D1
   0.000,3758.716,Total.SURVEY_LC1_2D2
4.275766,0.000000,Total.SURVEY_LC1_2Dx
   0.000,2517.623,Total.SURVEY_LC1_2E1
   0.000,5280.097,Total.SURVEY_LC1_2E2
   0.000,1702.061,Total.SURVEY_LC1_2E3
  0.0000,424.5476,Total.SURVEY_LC1_2F1
 0.00000,24.83411,Total.SURVEY_LC1_2F2
   0.000,1811.012,Total.SURVEY_LC1_2F4
  0.0000,203.1865,Total.SURVEY_LC1_2G1
  0.0000,296.8015,Total.SURVEY_LC1_2G2
0.000000,4.001862,Total.SURVEY_LC1_2G3
 0.00000,12.24051,Total.SURVEY_LC1_2G4
  0.000,172.437,Total.SURVEY_LC1_2H1
 0.0000,21.4641,Total.SURVEY_LC1_2H2
 1454.888,13705.243,Total.SURVEY_LU1_2U11
  659.8121,17301.3172,Total.SURVEY_LU1_2U12
  0.0000,116.2708,Total.SURVEY_LU1_2U13
 0.00000,20.43147,Total.SURVEY_LU1_2U14
 0.00000,11.14938,Total.SURVEY_LU1_2U15
 0.00000,23.43843,Total.SURVEY_LU1_2U21
 0.0000,48.2991,Total.SURVEY_LU1_2U22
   0.000,1143.298,Total.SURVEY_LU1_2U31
 0.00000,58.85454,Total.SURVEY_LU1_2U32
 0.00000,34.24067,Total.SURVEY_LU1_2U33
  0.0000,139.7876,Total.SURVEY_LU1_2U34
  4.354262,196.063010,Total.SURVEY_LU1_2U35
  0.0000,264.7602,Total.SURVEY_LU1_2U36
   0.000,1152.312,Total.SURVEY_LU1_2U37
  0.000,233.227,Total.SURVEY_LU1_2U41
  649.304,19376.949,Total.SURVEY_LU1_2U42
  0.0000,475.1813,Total.SURVEY_LC1_3A11
 0.00000,26.00725,Total.SURVEY_LC1_3A12
 0.00000,12.18191,Total.SURVEY_LC1_3A13
  0.0000,480.1139,Total.SURVEY_LC1_3A21
  0.0000,664.0708,Total.SURVEY_LC1_3A22
 0.00000,77.76476,Total.SURVEY_LC1_3A30
  0.0000,575.0287,Total.SURVEY_LC1_3B11
 0.00000,21.71418,Total.SURVEY_LC1_3B12
  0.0000,238.2372,Total.SURVEY_LC1_3B13
0.000000,5.001925,Total.SURVEY_LC1_3B14
 0.00000,88.08734,Total.SURVEY_LC1_3B15
   0.00,2702.86,Total.SURVEY_LC1_3B16
 0.00000,24.63974,Total.SURVEY_LC1_3B18
 0.00000,37.27596,Total.SURVEY_LC1_3B19
 0.00000,97.16054,Total.SURVEY_LC1_3B21
 0.00000,61.55045,Total.SURVEY_LC1_3B22
  0.0000,352.3594,Total.SURVEY_LC1_3B31
 0.0000,61.8079,Total.SURVEY_LC1_3B32
  0.0000,483.6562,Total.SURVEY_LC1_3B33
 0.00000,15.09733,Total.SURVEY_LC1_3B36
 0.00000,28.51331,Total.SURVEY_LC1_3B37
 0.00000,19.49591,Total.SURVEY_LC1_3B41
 0.00000,58.24625,Total.SURVEY_LC1_3B43
 0.00000,52.68493,Total.SURVEY_LC1_3B51
  0.000,103.147,Total.SURVEY_LC1_3B52
 0.00000,27.91128,Total.SURVEY_LC1_3B53
  0.0000,312.2951,Total.SURVEY_LC1_3B55
  0.0000,111.4575,Total.SURVEY_LC1_3B71
 0.00000,32.00085,Total.SURVEY_LC1_3B72
 0.00000,29.99939,Total.SURVEY_LC1_3B73
  0.0000,189.9934,Total.SURVEY_LC1_3B74
  0.0000,253.5243,Total.SURVEY_LC1_3B75
0.000000,4.035446,Total.SURVEY_LC1_3B77
  0.0000,429.5517,Total.SURVEY_LC1_3B81
  0.0000,250.5908,Total.SURVEY_LC1_3B82
 0.00000,10.33947,Total.SURVEY_LC1_3B83
 0.00000,11.36894,Total.SURVEY_LC1_3B84
1339.673,   0.000,Total.SURVEY_LC1_3Bx1
115.2149,  0.0000,Total.SURVEY_LC1_3Bx2
    0.00,21446.18,Total.SURVEY_LC1_3C10
  0.0000,492.6077,Total.SURVEY_LC1_3C21
   0.000,1106.171,Total.SURVEY_LC1_3C22
  0.0000,176.3437,Total.SURVEY_LC1_3C23
397.113,  0.000,Total.SURVEY_LC1_3C2x
  0.0000,495.2116,Total.SURVEY_LC1_3C31
  0.0000,425.3164,Total.SURVEY_LC1_3C32
   0.000,1623.221,Total.SURVEY_LC1_3C33
912.0816,  0.0000,Total.SURVEY_LC1_3C3x
   0.000,3406.612,Total.SURVEY_LC1_3D10
   0.000,3758.716,Total.SURVEY_LC1_3D20
4.275766,0.000000,Total.SURVEY_LC1_3Dxx
   0.000,2517.623,Total.SURVEY_LC1_3E10
   0.000,5280.097,Total.SURVEY_LC1_3E20
   0.000,1702.061,Total.SURVEY_LC1_3E30
  0.0000,424.5476,Total.SURVEY_LC1_3F10
 0.00000,24.83411,Total.SURVEY_LC1_3F20
   0.000,1811.012,Total.SURVEY_LC1_3F40
  0.0000,203.1865,Total.SURVEY_LC1_3G11
  0.0000,296.8015,Total.SURVEY_LC1_3G21
0.000000,4.001862,Total.SURVEY_LC1_3G30
 0.00000,12.24051,Total.SURVEY_LC1_3G40
  0.000,172.437,Total.SURVEY_LC1_3H11
 0.00000,13.46038,Total.SURVEY_LC1_3H21
0.000000,8.003723,Total.SURVEY_LC1_3H22
 1401.776,12946.461,Total.SURVEY_LU1_3U111
  0.000,497.836,Total.SURVEY_LU1_3U112
 53.1125,260.9458,Total.SURVEY_LU1_3U113
  659.8121,17301.3172,Total.SURVEY_LU1_3U120
  0.0000,116.2708,Total.SURVEY_LU1_3U130
 0.00000,20.43147,Total.SURVEY_LU1_3U140
 0.00000,11.14938,Total.SURVEY_LU1_3U150
 0.00000,23.43843,Total.SURVEY_LU1_3U210
 0.00000,13.92571,Total.SURVEY_LU1_3U221
 0.00000,10.31244,Total.SURVEY_LU1_3U223
0.000000,3.942217,Total.SURVEY_LU1_3U224
 0.00000,16.18094,Total.SURVEY_LU1_3U226
0.000000,3.937795,Total.SURVEY_LU1_3U227
 0.00000,23.32673,Total.SURVEY_LU1_3U311
  0.0000,794.7765,Total.SURVEY_LU1_3U312
  0.0000,150.2697,Total.SURVEY_LU1_3U313
 0.00000,26.83626,Total.SURVEY_LU1_3U314
 0.00000,25.95258,Total.SURVEY_LU1_3U317
 0.00000,71.47212,Total.SURVEY_LU1_3U318
 0.00000,50.66397,Total.SURVEY_LU1_3U319
 0.00000,37.54065,Total.SURVEY_LU1_3U321
 0.00000,21.31388,Total.SURVEY_LU1_3U322
 0.00000,34.24067,Total.SURVEY_LU1_3U330
  0.0000,139.7876,Total.SURVEY_LU1_3U341
  4.354262,196.063010,Total.SURVEY_LU1_3U350
  0.0000,185.1855,Total.SURVEY_LU1_3U361
 0.00000,79.57466,Total.SURVEY_LU1_3U362
   0.000,1152.312,Total.SURVEY_LU1_3U370
 0.00000,23.77655,Total.SURVEY_LU1_3U411
 0.00000,26.00725,Total.SURVEY_LU1_3U412
0.000000,4.544505,Total.SURVEY_LU1_3U413
 0.00000,88.13446,Total.SURVEY_LU1_3U414
 0.00000,90.76428,Total.SURVEY_LU1_3U415
  649.304,19376.949,Total.SURVEY_LU1_3U420
 2764.004,50971.849,Total.settlement0
   4.354262,2853.792708,Total.settlement1
0.001130715,0.741072776,Total.settl_pc
 1470.891,23216.743,Total.fao_class_name0
 1297.467,25677.260,Total.fao_class_name1
   0.000,4028.274,Total.fao_class_name2
  0.0000,903.3651,Total.fao_class_name3
 2764.004,52072.719,Total.lue0
   4.354262,1752.922908,Total.lue1
 2768.359,52497.079,Total.lud0
   0.000,1328.562,Total.lud1
210.0723,215.1979,SE.Total.area
 0.00000,80.86501,SE.Total.SURVEY_LC1_1A
140.7268,193.4699,SE.Total.SURVEY_LC1_1B
155.9695,236.6088,SE.Total.SURVEY_LC1_1C
  0.0000,166.2583,SE.Total.SURVEY_LC1_1D
  0.0000,179.7383,SE.Total.SURVEY_LC1_1E
  0.0000,152.2584,SE.Total.SURVEY_LC1_1F
 0.00000,10.88806,SE.Total.SURVEY_LC1_1G
0.000000,7.748421,SE.Total.SURVEY_LC1_1H
187.9416,365.8729,SE.Total.SURVEY_LU1_1U1
 0.00000,15.32239,SE.Total.SURVEY_LU1_1U2
 0.00000,92.10975,SE.Total.SURVEY_LU1_1U3
 97.62402,325.22379,SE.Total.SURVEY_LU1_1U4
 0.00000,78.52306,SE.Total.SURVEY_LC1_2A1
 0.00000,85.02831,SE.Total.SURVEY_LC1_2A2
0.000000,9.529406,SE.Total.SURVEY_LC1_2A3
  0.000,170.964,SE.Total.SURVEY_LC1_2B1
 0.00000,47.94392,SE.Total.SURVEY_LC1_2B2
  0.0000,108.9363,SE.Total.SURVEY_LC1_2B3
 0.00000,18.51735,SE.Total.SURVEY_LC1_2B4
 0.0000,68.1849,SE.Total.SURVEY_LC1_2B5
 0.00000,66.03074,SE.Total.SURVEY_LC1_2B7
 0.00000,63.04679,SE.Total.SURVEY_LC1_2B8
140.7268,  0.0000,SE.Total.SURVEY_LC1_2Bx
  0.0000,304.9985,SE.Total.SURVEY_LC1_2C1
 78.98912,146.50206,SE.Total.SURVEY_LC1_2C2
136.7473,206.1677,SE.Total.SURVEY_LC1_2C3
  0.0000,111.6445,SE.Total.SURVEY_LC1_2D1
  0.0000,137.1078,SE.Total.SURVEY_LC1_2D2
0,0,SE.Total.SURVEY_LC1_2Dx
  0.0000,106.6952,SE.Total.SURVEY_LC1_2E1
  0.0000,143.9526,SE.Total.SURVEY_LC1_2E2
  0.0000,111.3955,SE.Total.SURVEY_LC1_2E3
 0.00000,23.51771,SE.Total.SURVEY_LC1_2F1
0,0,SE.Total.SURVEY_LC1_2F2
  0.0000,150.4318,SE.Total.SURVEY_LC1_2F4
 0.00000,15.88038,SE.Total.SURVEY_LC1_2G1
 0.00000,18.14138,SE.Total.SURVEY_LC1_2G2
0,0,SE.Total.SURVEY_LC1_2G3
0,0,SE.Total.SURVEY_LC1_2G4
0.000000,7.748421,SE.Total.SURVEY_LC1_2H1
0,0,SE.Total.SURVEY_LC1_2H2
140.7268,182.0369,SE.Total.SURVEY_LU1_2U11
124.5715,322.3794,SE.Total.SURVEY_LU1_2U12
 0.00000,15.34941,SE.Total.SURVEY_LU1_2U13
0,0,SE.Total.SURVEY_LU1_2U14
0.000000,3.957762,SE.Total.SURVEY_LU1_2U15
0.000000,7.980319,SE.Total.SURVEY_LU1_2U21
 0.00000,13.08411,SE.Total.SURVEY_LU1_2U22
 0.00000,80.08789,SE.Total.SURVEY_LU1_2U31
0.000000,8.012548,SE.Total.SURVEY_LU1_2U32
0.000000,9.075558,SE.Total.SURVEY_LU1_2U33
 0.00000,48.90831,SE.Total.SURVEY_LU1_2U34
 0.00000,40.99476,SE.Total.SURVEY_LU1_2U35
 0.00000,40.82913,SE.Total.SURVEY_LU1_2U36
 0.00000,88.37371,SE.Total.SURVEY_LU1_2U37
 0.00000,37.64115,SE.Total.SURVEY_LU1_2U41
 97.62402,324.22654,SE.Total.SURVEY_LU1_2U42
 0.00000,76.31768,SE.Total.SURVEY_LC1_3A11
 0.00000,23.78967,SE.Total.SURVEY_LC1_3A12
0.000000,9.946486,SE.Total.SURVEY_LC1_3A13
 0.0000,64.6206,SE.Total.SURVEY_LC1_3A21
 0.00000,64.23923,SE.Total.SURVEY_LC1_3A22
0.000000,9.529406,SE.Total.SURVEY_LC1_3A30
 0.00000,85.72708,SE.Total.SURVEY_LC1_3B11
 0.00000,10.65955,SE.Total.SURVEY_LC1_3B12
 0.00000,55.13339,SE.Total.SURVEY_LC1_3B13
0.000000,2.522068,SE.Total.SURVEY_LC1_3B14
 0.00000,34.51658,SE.Total.SURVEY_LC1_3B15
  0.0000,152.5708,SE.Total.SURVEY_LC1_3B16
 0.00000,14.28385,SE.Total.SURVEY_LC1_3B18
 0.00000,24.66332,SE.Total.SURVEY_LC1_3B19
 0.00000,33.95621,SE.Total.SURVEY_LC1_3B21
 0.00000,34.18061,SE.Total.SURVEY_LC1_3B22
 0.00000,73.89198,SE.Total.SURVEY_LC1_3B31
 0.00000,26.24224,SE.Total.SURVEY_LC1_3B32
 0.00000,78.48604,SE.Total.SURVEY_LC1_3B33
0.000000,9.498722,SE.Total.SURVEY_LC1_3B36
 0.0000,13.5505,SE.Total.SURVEY_LC1_3B37
0.000000,9.498722,SE.Total.SURVEY_LC1_3B41
 0.0000,15.9159,SE.Total.SURVEY_LC1_3B43
 0.00000,14.04559,SE.Total.SURVEY_LC1_3B51
 0.00000,28.75752,SE.Total.SURVEY_LC1_3B52
 0.00000,10.93182,SE.Total.SURVEY_LC1_3B53
 0.00000,59.67732,SE.Total.SURVEY_LC1_3B55
 0.00000,20.11916,SE.Total.SURVEY_LC1_3B71
 0.00000,14.80018,SE.Total.SURVEY_LC1_3B72
0.000000,9.291332,SE.Total.SURVEY_LC1_3B73
 0.00000,40.36561,SE.Total.SURVEY_LC1_3B74
 0.00000,47.47974,SE.Total.SURVEY_LC1_3B75
0,0,SE.Total.SURVEY_LC1_3B77
 0.00000,54.33988,SE.Total.SURVEY_LC1_3B81
 0.00000,49.70403,SE.Total.SURVEY_LC1_3B82
0.000000,3.265017,SE.Total.SURVEY_LC1_3B83
0.000000,9.319008,SE.Total.SURVEY_LC1_3B84
139.6722,  0.0000,SE.Total.SURVEY_LC1_3Bx1
17.888, 0.000,SE.Total.SURVEY_LC1_3Bx2
  0.0000,304.9985,SE.Total.SURVEY_LC1_3C10
 0.00000,93.81478,SE.Total.SURVEY_LC1_3C21
  0.0000,109.0825,SE.Total.SURVEY_LC1_3C22
 0.00000,46.07074,SE.Total.SURVEY_LC1_3C23
78.98912, 0.00000,SE.Total.SURVEY_LC1_3C2x
  0.0000,106.7068,SE.Total.SURVEY_LC1_3C31
 0.00000,67.23375,SE.Total.SURVEY_LC1_3C32
  0.0000,171.7155,SE.Total.SURVEY_LC1_3C33
136.7473,  0.0000,SE.Total.SURVEY_LC1_3C3x
  0.0000,111.6445,SE.Total.SURVEY_LC1_3D10
  0.0000,137.1078,SE.Total.SURVEY_LC1_3D20
0,0,SE.Total.SURVEY_LC1_3Dxx
  0.0000,106.6952,SE.Total.SURVEY_LC1_3E10
  0.0000,143.9526,SE.Total.SURVEY_LC1_3E20
  0.0000,111.3955,SE.Total.SURVEY_LC1_3E30
 0.00000,23.51771,SE.Total.SURVEY_LC1_3F10
0,0,SE.Total.SURVEY_LC1_3F20
  0.0000,150.4318,SE.Total.SURVEY_LC1_3F40
 0.00000,15.88038,SE.Total.SURVEY_LC1_3G11
 0.00000,18.14138,SE.Total.SURVEY_LC1_3G21
0,0,SE.Total.SURVEY_LC1_3G30
0,0,SE.Total.SURVEY_LC1_3G40
0.000000,7.748421,SE.Total.SURVEY_LC1_3H11
0,0,SE.Total.SURVEY_LC1_3H21
0,0,SE.Total.SURVEY_LC1_3H22
140.0918,191.0099,SE.Total.SURVEY_LU1_3U111
 0.00000,71.29421,SE.Total.SURVEY_LU1_3U112
13.89478,37.91334,SE.Total.SURVEY_LU1_3U113
124.5715,322.3794,SE.Total.SURVEY_LU1_3U120
 0.00000,15.34941,SE.Total.SURVEY_LU1_3U130
0,0,SE.Total.SURVEY_LU1_3U140
0.000000,3.957762,SE.Total.SURVEY_LU1_3U150
0.000000,7.980319,SE.Total.SURVEY_LU1_3U210
0.000000,7.819003,SE.Total.SURVEY_LU1_3U221
0.000000,3.276205,SE.Total.SURVEY_LU1_3U223
0,0,SE.Total.SURVEY_LU1_3U224
0.000000,9.966122,SE.Total.SURVEY_LU1_3U226
0,0,SE.Total.SURVEY_LU1_3U227
 0.00000,10.01985,SE.Total.SURVEY_LU1_3U311
 0.00000,73.36749,SE.Total.SURVEY_LU1_3U312
 0.00000,27.61339,SE.Total.SURVEY_LU1_3U313
0.000000,2.745839,SE.Total.SURVEY_LU1_3U314
0.000000,8.744277,SE.Total.SURVEY_LU1_3U317
 0.00000,15.91878,SE.Total.SURVEY_LU1_3U318
0.000000,9.084463,SE.Total.SURVEY_LU1_3U319
0.000000,5.311567,SE.Total.SURVEY_LU1_3U321
0.000000,5.999015,SE.Total.SURVEY_LU1_3U322
0.000000,9.075558,SE.Total.SURVEY_LU1_3U330
 0.00000,48.90831,SE.Total.SURVEY_LU1_3U341
 0.00000,40.99476,SE.Total.SURVEY_LU1_3U350
 0.00000,32.38835,SE.Total.SURVEY_LU1_3U361
 0.00000,25.09305,SE.Total.SURVEY_LU1_3U362
 0.00000,88.37371,SE.Total.SURVEY_LU1_3U370
0.000000,8.157518,SE.Total.SURVEY_LU1_3U411
 0.00000,23.78967,SE.Total.SURVEY_LU1_3U412
0,0,SE.Total.SURVEY_LU1_3U413
 0.00000,14.67305,SE.Total.SURVEY_LU1_3U414
 0.00000,23.85965,SE.Total.SURVEY_LU1_3U415
 97.62402,324.22654,SE.Total.SURVEY_LU1_3U420
210.0723,227.9668,SE.Total.settlement0
 0.00000,84.79942,SE.Total.settlement1
0.00000000,0.02202071,SE.Total.settl_pc
140.8183,232.0375,SE.Total.fao_class_name0
155.8938,228.9560,SE.Total.fao_class_name1
  0.0000,129.2542,SE.Total.fao_class_name2
 0.00000,88.17247,SE.Total.fao_class_name3
210.0723,228.7064,SE.Total.lue0
 0.00000,88.40269,SE.Total.lue1
210.0723,229.4108,SE.Total.lud0
 0.0000,81.5417,SE.Total.lud1
 2356.624,53403.861,CI.l(95%).Total.area
   0.000,1576.827,CI.l(95%).Total.SURVEY_LC1_1A
1179.069,6310.439,CI.l(95%).Total.SURVEY_LC1_1B
 1003.50,25301.31,CI.l(95%).Total.SURVEY_LC1_1C
   4.275766,6839.468304,CI.l(95%).Total.SURVEY_LC1_1D
   0.000,9147.501,CI.l(95%).Total.SURVEY_LC1_1E
   0.000,1961.973,CI.l(95%).Total.SURVEY_LC1_1F
  0.0000,494.8902,CI.l(95%).Total.SURVEY_LC1_1G
  0.0000,178.7144,CI.l(95%).Total.SURVEY_LC1_1H
 1746.341,30437.314,CI.l(95%).Total.SURVEY_LU1_1U1
 0.00000,41.70621,CI.l(95%).Total.SURVEY_LU1_1U2
   4.354262,2808.784238,CI.l(95%).Total.SURVEY_LU1_1U3
  457.9644,18972.7490,CI.l(95%).Total.SURVEY_LU1_1U4
  0.0000,359.4681,CI.l(95%).Total.SURVEY_LC1_2A1
  0.0000,977.5323,CI.l(95%).Total.SURVEY_LC1_2A2
 0.00000,59.08747,CI.l(95%).Total.SURVEY_LC1_2A3
   0.000,3357.762,CI.l(95%).Total.SURVEY_LC1_2B1
 0.00000,64.74262,CI.l(95%).Total.SURVEY_LC1_2B2
  0.0000,727.9229,CI.l(95%).Total.SURVEY_LC1_2B3
 0.00000,41.44882,CI.l(95%).Total.SURVEY_LC1_2B4
  0.0000,362.3984,CI.l(95%).Total.SURVEY_LC1_2B5
  0.000,491.593,CI.l(95%).Total.SURVEY_LC1_2B7
  0.0000,578.2815,CI.l(95%).Total.SURVEY_LC1_2B8
1179.069,   0.000,CI.l(95%).Total.SURVEY_LC1_2Bx
    0.00,20848.39,CI.l(95%).Total.SURVEY_LC1_2C1
 242.2971,1487.9839,CI.l(95%).Total.SURVEY_LC1_2C2
 644.0619,2139.6675,CI.l(95%).Total.SURVEY_LC1_2C3
   0.000,3187.793,CI.l(95%).Total.SURVEY_LC1_2D1
   0.00,3489.99,CI.l(95%).Total.SURVEY_LC1_2D2
4.275766,0.000000,CI.l(95%).Total.SURVEY_LC1_2Dx
   0.000,2308.505,CI.l(95%).Total.SURVEY_LC1_2E1
   0.000,4997.956,CI.l(95%).Total.SURVEY_LC1_2E2
   0.00,1483.73,CI.l(95%).Total.SURVEY_LC1_2E3
  0.0000,378.4538,CI.l(95%).Total.SURVEY_LC1_2F1
 0.00000,24.83411,CI.l(95%).Total.SURVEY_LC1_2F2
   0.000,1516.171,CI.l(95%).Total.SURVEY_LC1_2F4
  0.0000,172.0616,CI.l(95%).Total.SURVEY_LC1_2G1
  0.0000,261.2451,CI.l(95%).Total.SURVEY_LC1_2G2
0.000000,4.001862,CI.l(95%).Total.SURVEY_LC1_2G3
 0.00000,12.24051,CI.l(95%).Total.SURVEY_LC1_2G4
  0.0000,157.2503,CI.l(95%).Total.SURVEY_LC1_2H1
 0.0000,21.4641,CI.l(95%).Total.SURVEY_LC1_2H2
 1179.069,13348.457,CI.l(95%).Total.SURVEY_LU1_2U11
  415.6565,16669.4652,CI.l(95%).Total.SURVEY_LU1_2U12
 0.00000,86.18654,CI.l(95%).Total.SURVEY_LU1_2U13
 0.00000,20.43147,CI.l(95%).Total.SURVEY_LU1_2U14
0.000000,3.392306,CI.l(95%).Total.SURVEY_LU1_2U15
0.000000,7.797295,CI.l(95%).Total.SURVEY_LU1_2U21
 0.00000,22.65472,CI.l(95%).Total.SURVEY_LU1_2U22
  0.0000,986.3285,CI.l(95%).Total.SURVEY_LU1_2U31
 0.00000,43.15023,CI.l(95%).Total.SURVEY_LU1_2U32
 0.0000,16.4529,CI.l(95%).Total.SURVEY_LU1_2U33
 0.00000,43.92911,CI.l(95%).Total.SURVEY_LU1_2U34
  4.354262,115.714758,CI.l(95%).Total.SURVEY_LU1_2U35
  0.0000,184.7365,CI.l(95%).Total.SURVEY_LU1_2U36
  0.0000,979.1028,CI.l(95%).Total.SURVEY_LU1_2U37
  0.0000,159.4517,CI.l(95%).Total.SURVEY_LU1_2U41
  457.9644,18741.4765,CI.l(95%).Total.SURVEY_LU1_2U42
  0.0000,325.6014,CI.l(95%).Total.SURVEY_LC1_3A11
  0.00000,-20.61964,CI.l(95%).Total.SURVEY_LC1_3A12
 0.000000,-7.312847,CI.l(95%).Total.SURVEY_LC1_3A13
  0.0000,353.4598,CI.l(95%).Total.SURVEY_LC1_3A21
  0.0000,538.1642,CI.l(95%).Total.SURVEY_LC1_3A22
 0.00000,59.08747,CI.l(95%).Total.SURVEY_LC1_3A30
  0.0000,407.0067,CI.l(95%).Total.SURVEY_LC1_3B11
0.0000000,0.8218428,CI.l(95%).Total.SURVEY_LC1_3B12
  0.0000,130.1777,CI.l(95%).Total.SURVEY_LC1_3B13
0.00000000,0.05876247,CI.l(95%).Total.SURVEY_LC1_3B14
 0.00000,20.43609,CI.l(95%).Total.SURVEY_LC1_3B15
   0.000,2403.827,CI.l(95%).Total.SURVEY_LC1_3B16
 0.000000,-3.356088,CI.l(95%).Total.SURVEY_LC1_3B18
  0.00000,-11.06326,CI.l(95%).Total.SURVEY_LC1_3B19
 0.00000,30.60759,CI.l(95%).Total.SURVEY_LC1_3B21
 0.000000,-5.442319,CI.l(95%).Total.SURVEY_LC1_3B22
  0.0000,207.5338,CI.l(95%).Total.SURVEY_LC1_3B31
 0.00000,10.37406,CI.l(95%).Total.SURVEY_LC1_3B32
  0.0000,329.8264,CI.l(95%).Total.SURVEY_LC1_3B33
 0.000000,-3.519823,CI.l(95%).Total.SURVEY_LC1_3B36
0.000000,1.954814,CI.l(95%).Total.SURVEY_LC1_3B37
0.0000000,0.8787518,CI.l(95%).Total.SURVEY_LC1_3B41
 0.00000,27.05166,CI.l(95%).Total.SURVEY_LC1_3B43
 0.00000,25.15609,CI.l(95%).Total.SURVEY_LC1_3B51
 0.00000,46.78328,CI.l(95%).Total.SURVEY_LC1_3B52
0.000000,6.485307,CI.l(95%).Total.SURVEY_LC1_3B53
  0.0000,195.3297,CI.l(95%).Total.SURVEY_LC1_3B55
 0.00000,72.02468,CI.l(95%).Total.SURVEY_LC1_3B71
0.000000,2.993037,CI.l(95%).Total.SURVEY_LC1_3B72
 0.00000,11.78872,CI.l(95%).Total.SURVEY_LC1_3B73
  0.0000,110.8782,CI.l(95%).Total.SURVEY_LC1_3B74
  0.0000,160.4657,CI.l(95%).Total.SURVEY_LC1_3B75
0.000000,4.035446,CI.l(95%).Total.SURVEY_LC1_3B77
  0.0000,323.0475,CI.l(95%).Total.SURVEY_LC1_3B81
  0.0000,153.1727,CI.l(95%).Total.SURVEY_LC1_3B82
0.000000,3.940158,CI.l(95%).Total.SURVEY_LC1_3B83
 0.000000,-6.895975,CI.l(95%).Total.SURVEY_LC1_3B84
1065.921,   0.000,CI.l(95%).Total.SURVEY_LC1_3Bx1
80.15505, 0.00000,CI.l(95%).Total.SURVEY_LC1_3Bx2
    0.00,20848.39,CI.l(95%).Total.SURVEY_LC1_3C10
  0.0000,308.7341,CI.l(95%).Total.SURVEY_LC1_3C21
  0.0000,892.3735,CI.l(95%).Total.SURVEY_LC1_3C22
 0.0000,86.0467,CI.l(95%).Total.SURVEY_LC1_3C23
242.2971,  0.0000,CI.l(95%).Total.SURVEY_LC1_3C2x
  0.0000,286.0701,CI.l(95%).Total.SURVEY_LC1_3C31
  0.0000,293.5407,CI.l(95%).Total.SURVEY_LC1_3C32
   0.000,1286.665,CI.l(95%).Total.SURVEY_LC1_3C33
644.0619,  0.0000,CI.l(95%).Total.SURVEY_LC1_3C3x
   0.000,3187.793,CI.l(95%).Total.SURVEY_LC1_3D10
   0.00,3489.99,CI.l(95%).Total.SURVEY_LC1_3D20
4.275766,0.000000,CI.l(95%).Total.SURVEY_LC1_3Dxx
   0.000,2308.505,CI.l(95%).Total.SURVEY_LC1_3E10
   0.000,4997.956,CI.l(95%).Total.SURVEY_LC1_3E20
   0.00,1483.73,CI.l(95%).Total.SURVEY_LC1_3E30
  0.0000,378.4538,CI.l(95%).Total.SURVEY_LC1_3F10
 0.00000,24.83411,CI.l(95%).Total.SURVEY_LC1_3F20
   0.000,1516.171,CI.l(95%).Total.SURVEY_LC1_3F40
  0.0000,172.0616,CI.l(95%).Total.SURVEY_LC1_3G11
  0.0000,261.2451,CI.l(95%).Total.SURVEY_LC1_3G21
0.000000,4.001862,CI.l(95%).Total.SURVEY_LC1_3G30
 0.00000,12.24051,CI.l(95%).Total.SURVEY_LC1_3G40
  0.0000,157.2503,CI.l(95%).Total.SURVEY_LC1_3H11
 0.00000,13.46038,CI.l(95%).Total.SURVEY_LC1_3H21
0.000000,8.003723,CI.l(95%).Total.SURVEY_LC1_3H22
 1127.201,12572.089,CI.l(95%).Total.SURVEY_LU1_3U111
  0.0000,358.1019,CI.l(95%).Total.SURVEY_LU1_3U112
 25.87923,186.63705,CI.l(95%).Total.SURVEY_LU1_3U113
  415.6565,16669.4652,CI.l(95%).Total.SURVEY_LU1_3U120
 0.00000,86.18654,CI.l(95%).Total.SURVEY_LU1_3U130
 0.00000,20.43147,CI.l(95%).Total.SURVEY_LU1_3U140
0.000000,3.392306,CI.l(95%).Total.SURVEY_LU1_3U150
0.000000,7.797295,CI.l(95%).Total.SURVEY_LU1_3U210
 0.000000,-1.399251,CI.l(95%).Total.SURVEY_LU1_3U221
0.000000,3.891191,CI.l(95%).Total.SURVEY_LU1_3U223
0.000000,3.942217,CI.l(95%).Total.SURVEY_LU1_3U224
 0.000000,-3.352299,CI.l(95%).Total.SURVEY_LU1_3U226
0.000000,3.937795,CI.l(95%).Total.SURVEY_LU1_3U227
0.000000,3.688181,CI.l(95%).Total.SURVEY_LU1_3U311
  0.0000,650.9789,CI.l(95%).Total.SURVEY_LU1_3U312
 0.00000,96.14849,CI.l(95%).Total.SURVEY_LU1_3U313
 0.00000,21.45451,CI.l(95%).Total.SURVEY_LU1_3U314
0.000000,8.814115,CI.l(95%).Total.SURVEY_LU1_3U317
 0.00000,40.27188,CI.l(95%).Total.SURVEY_LU1_3U318
 0.00000,32.85875,CI.l(95%).Total.SURVEY_LU1_3U319
 0.00000,27.13017,CI.l(95%).Total.SURVEY_LU1_3U321
0.000000,9.556032,CI.l(95%).Total.SURVEY_LU1_3U322
 0.0000,16.4529,CI.l(95%).Total.SURVEY_LU1_3U330
 0.00000,43.92911,CI.l(95%).Total.SURVEY_LU1_3U341
  4.354262,115.714758,CI.l(95%).Total.SURVEY_LU1_3U350
  0.0000,121.7055,CI.l(95%).Total.SURVEY_LU1_3U361
 0.00000,30.39317,CI.l(95%).Total.SURVEY_LU1_3U362
  0.0000,979.1028,CI.l(95%).Total.SURVEY_LU1_3U370
0.000000,7.788106,CI.l(95%).Total.SURVEY_LU1_3U411
  0.00000,-20.61964,CI.l(95%).Total.SURVEY_LU1_3U412
0.000000,4.544505,CI.l(95%).Total.SURVEY_LU1_3U413
 0.00000,59.37581,CI.l(95%).Total.SURVEY_LU1_3U414
 0.00000,44.00021,CI.l(95%).Total.SURVEY_LU1_3U415
  457.9644,18741.4765,CI.l(95%).Total.SURVEY_LU1_3U420
 2352.27,50525.04,CI.l(95%).Total.settlement0
   4.354262,2687.588889,CI.l(95%).Total.settlement1
0.001130715,0.697912975,CI.l(95%).Total.settl_pc
 1194.892,22761.958,CI.l(95%).Total.fao_class_name0
  991.9211,25228.5142,CI.l(95%).Total.fao_class_name1
   0.00,3774.94,CI.l(95%).Total.fao_class_name2
  0.0000,730.5502,CI.l(95%).Total.fao_class_name3
 2352.27,51624.46,CI.l(95%).Total.lue0
   4.354262,1579.656826,CI.l(95%).Total.lue1
 2356.624,52047.442,CI.l(95%).Total.lud0
   0.000,1168.743,CI.l(95%).Total.lud1
 3180.093,54247.422,CI.u(95%).Total.area
   0.000,1893.812,CI.u(95%).Total.SURVEY_LC1_1A
1730.708,7068.827,CI.u(95%).Total.SURVEY_LC1_1B
 1614.889,26228.797,CI.u(95%).Total.SURVEY_LC1_1C
   4.275766,7491.188939,CI.u(95%).Total.SURVEY_LC1_1D
   0.000,9852.062,CI.u(95%).Total.SURVEY_LC1_1E
   0.000,2558.815,CI.u(95%).Total.SURVEY_LC1_1F
  0.0000,537.5706,CI.u(95%).Total.SURVEY_LC1_1G
  0.0000,209.0877,CI.u(95%).Total.SURVEY_LC1_1H
 2483.059,31871.510,CI.u(95%).Total.SURVEY_LU1_1U1
  0.0000,101.7689,CI.u(95%).Total.SURVEY_LU1_1U2
   4.354262,3169.847804,CI.u(95%).Total.SURVEY_LU1_1U3
  840.6435,20247.6029,CI.u(95%).Total.SURVEY_LU1_1U4
  0.0000,667.2728,CI.u(95%).Total.SURVEY_LC1_2A1
   0.000,1310.837,CI.u(95%).Total.SURVEY_LC1_2A2
 0.00000,96.44206,CI.u(95%).Total.SURVEY_LC1_2A3
   0.000,4027.929,CI.u(95%).Total.SURVEY_LC1_2B1
  0.0000,252.6793,CI.u(95%).Total.SURVEY_LC1_2B2
   0.000,1154.945,CI.u(95%).Total.SURVEY_LC1_2B3
  0.0000,114.0355,CI.u(95%).Total.SURVEY_LC1_2B4
  0.0000,629.6783,CI.u(95%).Total.SURVEY_LC1_2B5
  0.0000,750.4288,CI.u(95%).Total.SURVEY_LC1_2B7
  0.0000,825.4204,CI.u(95%).Total.SURVEY_LC1_2B8
1730.708,   0.000,CI.u(95%).Total.SURVEY_LC1_2Bx
    0.00,22043.97,CI.u(95%).Total.SURVEY_LC1_2C1
 551.9288,2062.2615,CI.u(95%).Total.SURVEY_LC1_2C2
1180.101,2947.830,CI.u(95%).Total.SURVEY_LC1_2C3
   0.000,3625.432,CI.u(95%).Total.SURVEY_LC1_2D1
   0.000,4027.443,CI.u(95%).Total.SURVEY_LC1_2D2
4.275766,0.000000,CI.u(95%).Total.SURVEY_LC1_2Dx
   0.000,2726.742,CI.u(95%).Total.SURVEY_LC1_2E1
   0.000,5562.239,CI.u(95%).Total.SURVEY_LC1_2E2
   0.000,1920.392,CI.u(95%).Total.SURVEY_LC1_2E3
  0.0000,470.6415,CI.u(95%).Total.SURVEY_LC1_2F1
 0.00000,24.83411,CI.u(95%).Total.SURVEY_LC1_2F2
   0.000,2105.853,CI.u(95%).Total.SURVEY_LC1_2F4
  0.0000,234.3115,CI.u(95%).Total.SURVEY_LC1_2G1
  0.000,332.358,CI.u(95%).Total.SURVEY_LC1_2G2
0.000000,4.001862,CI.u(95%).Total.SURVEY_LC1_2G3
 0.00000,12.24051,CI.u(95%).Total.SURVEY_LC1_2G4
  0.0000,187.6236,CI.u(95%).Total.SURVEY_LC1_2H1
 0.0000,21.4641,CI.u(95%).Total.SURVEY_LC1_2H2
 1730.708,14062.029,CI.u(95%).Total.SURVEY_LU1_2U11
  903.9678,17933.1691,CI.u(95%).Total.SURVEY_LU1_2U12
  0.0000,146.3551,CI.u(95%).Total.SURVEY_LU1_2U13
 0.00000,20.43147,CI.u(95%).Total.SURVEY_LU1_2U14
 0.00000,18.90645,CI.u(95%).Total.SURVEY_LU1_2U15
 0.00000,39.07957,CI.u(95%).Total.SURVEY_LU1_2U21
 0.00000,73.94348,CI.u(95%).Total.SURVEY_LU1_2U22
   0.000,1300.267,CI.u(95%).Total.SURVEY_LU1_2U31
 0.00000,74.55884,CI.u(95%).Total.SURVEY_LU1_2U32
 0.00000,52.02844,CI.u(95%).Total.SURVEY_LU1_2U33
  0.0000,235.6462,CI.u(95%).Total.SURVEY_LU1_2U34
  4.354262,276.411262,CI.u(95%).Total.SURVEY_LU1_2U35
  0.0000,344.7838,CI.u(95%).Total.SURVEY_LU1_2U36
   0.000,1325.521,CI.u(95%).Total.SURVEY_LU1_2U37
  0.0000,307.0023,CI.u(95%).Total.SURVEY_LU1_2U41
  840.6435,20012.4212,CI.u(95%).Total.SURVEY_LU1_2U42
  0.0000,624.7612,CI.u(95%).Total.SURVEY_LC1_3A11
 0.00000,72.63415,CI.u(95%).Total.SURVEY_LC1_3A12
 0.00000,31.67666,CI.u(95%).Total.SURVEY_LC1_3A13
  0.0000,606.7679,CI.u(95%).Total.SURVEY_LC1_3A21
  0.0000,789.9774,CI.u(95%).Total.SURVEY_LC1_3A22
 0.00000,96.44206,CI.u(95%).Total.SURVEY_LC1_3A30
  0.0000,743.0507,CI.u(95%).Total.SURVEY_LC1_3B11
 0.00000,42.60652,CI.u(95%).Total.SURVEY_LC1_3B12
  0.0000,346.2967,CI.u(95%).Total.SURVEY_LC1_3B13
0.000000,9.945088,CI.u(95%).Total.SURVEY_LC1_3B14
  0.0000,155.7386,CI.u(95%).Total.SURVEY_LC1_3B15
   0.000,3001.894,CI.u(95%).Total.SURVEY_LC1_3B16
 0.00000,52.63556,CI.u(95%).Total.SURVEY_LC1_3B18
 0.00000,85.61518,CI.u(95%).Total.SURVEY_LC1_3B19
  0.0000,163.7135,CI.u(95%).Total.SURVEY_LC1_3B21
  0.0000,128.5432,CI.u(95%).Total.SURVEY_LC1_3B22
  0.0000,497.1851,CI.u(95%).Total.SURVEY_LC1_3B31
  0.0000,113.2417,CI.u(95%).Total.SURVEY_LC1_3B32
  0.000,637.486,CI.u(95%).Total.SURVEY_LC1_3B33
 0.00000,33.71449,CI.u(95%).Total.SURVEY_LC1_3B36
 0.0000,55.0718,CI.u(95%).Total.SURVEY_LC1_3B37
 0.00000,38.11306,CI.u(95%).Total.SURVEY_LC1_3B41
 0.00000,89.44085,CI.u(95%).Total.SURVEY_LC1_3B43
 0.00000,80.21377,CI.u(95%).Total.SURVEY_LC1_3B51
  0.0000,159.5107,CI.u(95%).Total.SURVEY_LC1_3B52
 0.00000,49.33724,CI.u(95%).Total.SURVEY_LC1_3B53
  0.0000,429.2605,CI.u(95%).Total.SURVEY_LC1_3B55
  0.0000,150.8903,CI.u(95%).Total.SURVEY_LC1_3B71
 0.00000,61.00867,CI.u(95%).Total.SURVEY_LC1_3B72
 0.00000,48.21007,CI.u(95%).Total.SURVEY_LC1_3B73
  0.0000,269.1085,CI.u(95%).Total.SURVEY_LC1_3B74
  0.0000,346.5829,CI.u(95%).Total.SURVEY_LC1_3B75
0.000000,4.035446,CI.u(95%).Total.SURVEY_LC1_3B77
  0.0000,536.0559,CI.u(95%).Total.SURVEY_LC1_3B81
  0.0000,348.0089,CI.u(95%).Total.SURVEY_LC1_3B82
 0.00000,16.73879,CI.u(95%).Total.SURVEY_LC1_3B83
 0.00000,29.63386,CI.u(95%).Total.SURVEY_LC1_3B84
1613.426,   0.000,CI.u(95%).Total.SURVEY_LC1_3Bx1
150.2747,  0.0000,CI.u(95%).Total.SURVEY_LC1_3Bx2
    0.00,22043.97,CI.u(95%).Total.SURVEY_LC1_3C10
  0.0000,676.4813,CI.u(95%).Total.SURVEY_LC1_3C21
   0.000,1319.969,CI.u(95%).Total.SURVEY_LC1_3C22
  0.0000,266.6407,CI.u(95%).Total.SURVEY_LC1_3C23
551.9288,  0.0000,CI.u(95%).Total.SURVEY_LC1_3C2x
  0.0000,704.3531,CI.u(95%).Total.SURVEY_LC1_3C31
  0.0000,557.0921,CI.u(95%).Total.SURVEY_LC1_3C32
   0.000,1959.777,CI.u(95%).Total.SURVEY_LC1_3C33
1180.101,   0.000,CI.u(95%).Total.SURVEY_LC1_3C3x
   0.000,3625.432,CI.u(95%).Total.SURVEY_LC1_3D10
   0.000,4027.443,CI.u(95%).Total.SURVEY_LC1_3D20
4.275766,0.000000,CI.u(95%).Total.SURVEY_LC1_3Dxx
   0.000,2726.742,CI.u(95%).Total.SURVEY_LC1_3E10
   0.000,5562.239,CI.u(95%).Total.SURVEY_LC1_3E20
   0.000,1920.392,CI.u(95%).Total.SURVEY_LC1_3E30
  0.0000,470.6415,CI.u(95%).Total.SURVEY_LC1_3F10
 0.00000,24.83411,CI.u(95%).Total.SURVEY_LC1_3F20
   0.000,2105.853,CI.u(95%).Total.SURVEY_LC1_3F40
  0.0000,234.3115,CI.u(95%).Total.SURVEY_LC1_3G11
  0.000,332.358,CI.u(95%).Total.SURVEY_LC1_3G21
0.000000,4.001862,CI.u(95%).Total.SURVEY_LC1_3G30
 0.00000,12.24051,CI.u(95%).Total.SURVEY_LC1_3G40
  0.0000,187.6236,CI.u(95%).Total.SURVEY_LC1_3H11
 0.00000,13.46038,CI.u(95%).Total.SURVEY_LC1_3H21
0.000000,8.003723,CI.u(95%).Total.SURVEY_LC1_3H22
 1676.351,13320.834,CI.u(95%).Total.SURVEY_LU1_3U111
  0.00,637.57,CI.u(95%).Total.SURVEY_LU1_3U112
 80.34578,335.25461,CI.u(95%).Total.SURVEY_LU1_3U113
  903.9678,17933.1691,CI.u(95%).Total.SURVEY_LU1_3U120
  0.0000,146.3551,CI.u(95%).Total.SURVEY_LU1_3U130
 0.00000,20.43147,CI.u(95%).Total.SURVEY_LU1_3U140
 0.00000,18.90645,CI.u(95%).Total.SURVEY_LU1_3U150
 0.00000,39.07957,CI.u(95%).Total.SURVEY_LU1_3U210
 0.00000,29.25068,CI.u(95%).Total.SURVEY_LU1_3U221
 0.00000,16.73368,CI.u(95%).Total.SURVEY_LU1_3U223
0.000000,3.942217,CI.u(95%).Total.SURVEY_LU1_3U224
 0.00000,35.71418,CI.u(95%).Total.SURVEY_LU1_3U226
0.000000,3.937795,CI.u(95%).Total.SURVEY_LU1_3U227
 0.00000,42.96529,CI.u(95%).Total.SURVEY_LU1_3U311
  0.0000,938.5741,CI.u(95%).Total.SURVEY_LU1_3U312
  0.000,204.391,CI.u(95%).Total.SURVEY_LU1_3U313
 0.000,32.218,CI.u(95%).Total.SURVEY_LU1_3U314
 0.00000,43.09105,CI.u(95%).Total.SURVEY_LU1_3U317
  0.0000,102.6724,CI.u(95%).Total.SURVEY_LU1_3U318
 0.00000,68.46919,CI.u(95%).Total.SURVEY_LU1_3U319
 0.00000,47.95113,CI.u(95%).Total.SURVEY_LU1_3U321
 0.00000,33.07174,CI.u(95%).Total.SURVEY_LU1_3U322
 0.00000,52.02844,CI.u(95%).Total.SURVEY_LU1_3U330
  0.0000,235.6462,CI.u(95%).Total.SURVEY_LU1_3U341
  4.354262,276.411262,CI.u(95%).Total.SURVEY_LU1_3U350
  0.0000,248.6655,CI.u(95%).Total.SURVEY_LU1_3U361
  0.0000,128.7561,CI.u(95%).Total.SURVEY_LU1_3U362
   0.000,1325.521,CI.u(95%).Total.SURVEY_LU1_3U370
 0.00000,39.76499,CI.u(95%).Total.SURVEY_LU1_3U411
 0.00000,72.63415,CI.u(95%).Total.SURVEY_LU1_3U412
0.000000,4.544505,CI.u(95%).Total.SURVEY_LU1_3U413
  0.0000,116.8931,CI.u(95%).Total.SURVEY_LU1_3U414
  0.0000,137.5283,CI.u(95%).Total.SURVEY_LU1_3U415
  840.6435,20012.4212,CI.u(95%).Total.SURVEY_LU1_3U420
 3175.738,51418.655,CI.u(95%).Total.settlement0
   4.354262,3019.996526,CI.u(95%).Total.settlement1
0.001130715,0.784232577,CI.u(95%).Total.settl_pc
 1746.89,23671.53,CI.u(95%).Total.fao_class_name0
 1603.014,26126.005,CI.u(95%).Total.fao_class_name1
   0.000,4281.607,CI.u(95%).Total.fao_class_name2
   0.00,1076.18,CI.u(95%).Total.fao_class_name3
 3175.738,52520.975,CI.u(95%).Total.lue0
   4.354262,1926.188989,CI.u(95%).Total.lue1
 3180.093,52946.716,CI.u(95%).Total.lud0
   0.000,1488.381,CI.u(95%).Total.lud1
0.075883358,0.003998056,CV.Total.area
NA,0.04659948,CV.Total.SURVEY_LC1_1A
0.09672686,0.02892086,CV.Total.SURVEY_LC1_1B
0.119133966,0.009183325,CV.Total.SURVEY_LC1_1C
0.00000000,0.02320317,CV.Total.SURVEY_LC1_1D
NA,0.01892026,CV.Total.SURVEY_LC1_1E
NA,0.0673592,CV.Total.SURVEY_LC1_1F
NA,0.02109147,CV.Total.SURVEY_LC1_1G
NA,0.03996069,CV.Total.SURVEY_LC1_1H
0.08887388,0.01174385,CV.Total.SURVEY_LU1_1U1
NA,0.2135895,CV.Total.SURVEY_LU1_1U2
0.00000000,0.03081298,CV.Total.SURVEY_LU1_1U3
0.15035180,0.01658444,CV.Total.SURVEY_LU1_1U4
NA,0.1529559,CV.Total.SURVEY_LC1_2A1
NA,0.07431345,CV.Total.SURVEY_LC1_2A2
NA,0.1225414,CV.Total.SURVEY_LC1_2A3
NA,0.04629601,CV.Total.SURVEY_LC1_2B1
NA,0.3020832,CV.Total.SURVEY_LC1_2B2
NA,0.1157131,CV.Total.SURVEY_LC1_2B3
NA,0.2381893,CV.Total.SURVEY_LC1_2B4
NA,0.1374589,CV.Total.SURVEY_LC1_2B5
NA,0.1063278,CV.Total.SURVEY_LC1_2B7
NA,0.08982932,CV.Total.SURVEY_LC1_2B8
0.09672686,NA,CV.Total.SURVEY_LC1_2Bx
NA,0.01422158,CV.Total.SURVEY_LC1_2C1
0.19890843,0.08253067,CV.Total.SURVEY_LC1_2C2
0.14992875,0.08104878,CV.Total.SURVEY_LC1_2C3
NA,0.03277288,CV.Total.SURVEY_LC1_2D1
NA,0.03647731,CV.Total.SURVEY_LC1_2D2
  0,NA,CV.Total.SURVEY_LC1_2Dx
NA,0.04237932,CV.Total.SURVEY_LC1_2E1
NA,0.02726324,CV.Total.SURVEY_LC1_2E2
NA,0.06544743,CV.Total.SURVEY_LC1_2E3
NA,0.05539475,CV.Total.SURVEY_LC1_2F1
NA,  0,CV.Total.SURVEY_LC1_2F2
NA,0.08306504,CV.Total.SURVEY_LC1_2F4
NA,0.07815664,CV.Total.SURVEY_LC1_2G1
NA,0.06112294,CV.Total.SURVEY_LC1_2G2
NA,  0,CV.Total.SURVEY_LC1_2G3
NA,  0,CV.Total.SURVEY_LC1_2G4
NA,0.0449348,CV.Total.SURVEY_LC1_2H1
NA,  0,CV.Total.SURVEY_LC1_2H2
0.09672686,0.01328228,CV.Total.SURVEY_LU1_2U11
0.18879846,0.01863323,CV.Total.SURVEY_LU1_2U12
NA,0.1320143,CV.Total.SURVEY_LU1_2U13
NA,  0,CV.Total.SURVEY_LU1_2U14
NA,0.3549761,CV.Total.SURVEY_LU1_2U15
NA,0.3404801,CV.Total.SURVEY_LU1_2U21
NA,0.2708976,CV.Total.SURVEY_LU1_2U22
NA,0.07004989,CV.Total.SURVEY_LU1_2U31
NA,0.1361415,CV.Total.SURVEY_LU1_2U32
NA,0.265052,CV.Total.SURVEY_LU1_2U33
NA,0.3498758,CV.Total.SURVEY_LU1_2U34
0.0000000,0.2090897,CV.Total.SURVEY_LU1_2U35
NA,0.1542118,CV.Total.SURVEY_LU1_2U36
NA,0.07669251,CV.Total.SURVEY_LU1_2U37
NA,0.1613927,CV.Total.SURVEY_LU1_2U41
0.15035180,0.01673259,CV.Total.SURVEY_LU1_2U42
NA,0.1606075,CV.Total.SURVEY_LC1_3A11
NA,0.914732,CV.Total.SURVEY_LC1_3A12
NA,0.8164966,CV.Total.SURVEY_LC1_3A13
NA,0.1345943,CV.Total.SURVEY_LC1_3A21
NA,0.09673551,CV.Total.SURVEY_LC1_3A22
NA,0.1225414,CV.Total.SURVEY_LC1_3A30
NA,0.1490831,CV.Total.SURVEY_LC1_3B11
NA,0.4909028,CV.Total.SURVEY_LC1_3B12
NA,0.2314223,CV.Total.SURVEY_LC1_3B13
NA,0.5042195,CV.Total.SURVEY_LC1_3B14
NA,0.391845,CV.Total.SURVEY_LC1_3B15
NA,0.05644789,CV.Total.SURVEY_LC1_3B16
NA,0.5797078,CV.Total.SURVEY_LC1_3B18
NA,0.6616414,CV.Total.SURVEY_LC1_3B19
NA,0.3494856,CV.Total.SURVEY_LC1_3B21
NA,0.5553268,CV.Total.SURVEY_LC1_3B22
NA,0.2097063,CV.Total.SURVEY_LC1_3B31
NA,0.4245774,CV.Total.SURVEY_LC1_3B32
NA,0.1622765,CV.Total.SURVEY_LC1_3B33
NA,0.6291657,CV.Total.SURVEY_LC1_3B36
NA,0.4752343,CV.Total.SURVEY_LC1_3B37
NA,0.4872163,CV.Total.SURVEY_LC1_3B41
NA,0.2732519,CV.Total.SURVEY_LC1_3B43
NA,0.2665959,CV.Total.SURVEY_LC1_3B51
NA,0.2788014,CV.Total.SURVEY_LC1_3B52
NA,0.3916631,CV.Total.SURVEY_LC1_3B53
NA,0.1910927,CV.Total.SURVEY_LC1_3B55
NA,0.1805097,CV.Total.SURVEY_LC1_3B71
NA,0.4624932,CV.Total.SURVEY_LC1_3B72
NA,0.3097173,CV.Total.SURVEY_LC1_3B73
NA,0.212458,CV.Total.SURVEY_LC1_3B74
NA,0.1872789,CV.Total.SURVEY_LC1_3B75
NA,  0,CV.Total.SURVEY_LC1_3B77
NA,0.1265037,CV.Total.SURVEY_LC1_3B81
NA,0.1983474,CV.Total.SURVEY_LC1_3B82
NA,0.3157817,CV.Total.SURVEY_LC1_3B83
NA,0.8196898,CV.Total.SURVEY_LC1_3B84
0.1042584,NA,CV.Total.SURVEY_LC1_3Bx1
0.1552577,NA,CV.Total.SURVEY_LC1_3Bx2
NA,0.01422158,CV.Total.SURVEY_LC1_3C10
NA,0.1904452,CV.Total.SURVEY_LC1_3C21
NA,0.09861269,CV.Total.SURVEY_LC1_3C22
NA,0.2612554,CV.Total.SURVEY_LC1_3C23
0.1989084,NA,CV.Total.SURVEY_LC1_3C2x
NA,0.2154772,CV.Total.SURVEY_LC1_3C31
NA,0.1580794,CV.Total.SURVEY_LC1_3C32
NA,0.1057869,CV.Total.SURVEY_LC1_3C33
0.1499288,NA,CV.Total.SURVEY_LC1_3C3x
NA,0.03277288,CV.Total.SURVEY_LC1_3D10
NA,0.03647731,CV.Total.SURVEY_LC1_3D20
  0,NA,CV.Total.SURVEY_LC1_3Dxx
NA,0.04237932,CV.Total.SURVEY_LC1_3E10
NA,0.02726324,CV.Total.SURVEY_LC1_3E20
NA,0.06544743,CV.Total.SURVEY_LC1_3E30
NA,0.05539475,CV.Total.SURVEY_LC1_3F10
NA,  0,CV.Total.SURVEY_LC1_3F20
NA,0.08306504,CV.Total.SURVEY_LC1_3F40
NA,0.07815664,CV.Total.SURVEY_LC1_3G11
NA,0.06112294,CV.Total.SURVEY_LC1_3G21
NA,  0,CV.Total.SURVEY_LC1_3G30
NA,  0,CV.Total.SURVEY_LC1_3G40
NA,0.0449348,CV.Total.SURVEY_LC1_3H11
NA,  0,CV.Total.SURVEY_LC1_3H21
NA,  0,CV.Total.SURVEY_LC1_3H22
0.09993883,0.01475383,CV.Total.SURVEY_LU1_3U111
NA,0.1432082,CV.Total.SURVEY_LU1_3U112
0.2616104,0.1452920,CV.Total.SURVEY_LU1_3U113
0.18879846,0.01863323,CV.Total.SURVEY_LU1_3U120
NA,0.1320143,CV.Total.SURVEY_LU1_3U130
NA,  0,CV.Total.SURVEY_LU1_3U140
NA,0.3549761,CV.Total.SURVEY_LU1_3U150
NA,0.3404801,CV.Total.SURVEY_LU1_3U210
NA,0.5614796,CV.Total.SURVEY_LU1_3U221
NA,0.3176946,CV.Total.SURVEY_LU1_3U223
NA,  0,CV.Total.SURVEY_LU1_3U224
NA,0.6159173,CV.Total.SURVEY_LU1_3U226
NA,  0,CV.Total.SURVEY_LU1_3U227
NA,0.4295438,CV.Total.SURVEY_LU1_3U311
NA,0.0923121,CV.Total.SURVEY_LU1_3U312
NA,0.1837588,CV.Total.SURVEY_LU1_3U313
NA,0.1023182,CV.Total.SURVEY_LU1_3U314
NA,0.3369328,CV.Total.SURVEY_LU1_3U317
NA,0.2227271,CV.Total.SURVEY_LU1_3U318
NA,0.1793082,CV.Total.SURVEY_LU1_3U319
NA,0.1414884,CV.Total.SURVEY_LU1_3U321
NA,0.2814604,CV.Total.SURVEY_LU1_3U322
NA,0.265052,CV.Total.SURVEY_LU1_3U330
NA,0.3498758,CV.Total.SURVEY_LU1_3U341
0.0000000,0.2090897,CV.Total.SURVEY_LU1_3U350
NA,0.1748968,CV.Total.SURVEY_LU1_3U361
NA,0.3153398,CV.Total.SURVEY_LU1_3U362
NA,0.07669251,CV.Total.SURVEY_LU1_3U370
NA,0.3430909,CV.Total.SURVEY_LU1_3U411
NA,0.914732,CV.Total.SURVEY_LU1_3U412
NA,  0,CV.Total.SURVEY_LU1_3U413
NA,0.1664848,CV.Total.SURVEY_LU1_3U414
NA,0.2628749,CV.Total.SURVEY_LU1_3U415
0.15035180,0.01673259,CV.Total.SURVEY_LU1_3U420
0.076002901,0.004472405,CV.Total.settlement0
0.00000000,0.02971464,CV.Total.settlement1
0.00000000,0.02971464,CV.Total.settl_pc
0.095736707,0.009994406,CV.Total.fao_class_name0
0.120152409,0.008916684,CV.Total.fao_class_name1
NA,0.03208674,CV.Total.fao_class_name2
NA,0.09760447,CV.Total.fao_class_name3
0.076002901,0.004392058,CV.Total.lue0
0.00000000,0.05043159,CV.Total.lue1
0.075883358,0.004369973,CV.Total.lud0
NA,0.0613759,CV.Total.lud1
