No,Yes,variable
 1005.857,68941.143,Total.area
   0.000,3258.255,Total.SURVEY_LC1_1A
 691.1206,2913.2263,Total.SURVEY_LC1_1B
 257.5617,8770.7427,Total.SURVEY_LC1_1C
  14.01629,8286.60385,Total.SURVEY_LC1_1D
   43.15799,41648.29396,Total.SURVEY_LC1_1E
  0.00,772.72,Total.SURVEY_LC1_1F
   0.000,1600.654,Total.SURVEY_LC1_1G
   0.000,1690.648,Total.SURVEY_LC1_1H
  968.9665,48164.9793,Total.SURVEY_LU1_1U1
 0.00000,68.08025,Total.SURVEY_LU1_1U2
  11.57123,5299.85583,Total.SURVEY_LU1_1U3
   25.31878,15408.22811,Total.SURVEY_LU1_1U4
  0.0000,797.7357,Total.SURVEY_LC1_2A1
   0.00,2419.87,Total.SURVEY_LC1_2A2
 0.00000,40.64932,Total.SURVEY_LC1_2A3
   0.000,1963.493,Total.SURVEY_LC1_2B1
  0.0000,163.2921,Total.SURVEY_LC1_2B2
  0.0000,127.8518,Total.SURVEY_LC1_2B3
 0.00000,93.99469,Total.SURVEY_LC1_2B4
  0.0000,528.4293,Total.SURVEY_LC1_2B5
 0.00000,16.14118,Total.SURVEY_LC1_2B7
 0.00000,20.02413,Total.SURVEY_LC1_2B8
691.1206,  0.0000,Total.SURVEY_LC1_2Bx
  15.09784,4146.87549,Total.SURVEY_LC1_2C1
 184.2169,4071.0103,Total.SURVEY_LC1_2C2
 46.27256,552.85691,Total.SURVEY_LC1_2C3
11.97437, 0.00000,Total.SURVEY_LC1_2Cx
  3.955119,538.154483,Total.SURVEY_LC1_2D1
  10.06117,7748.44936,Total.SURVEY_LC1_2D2
  0.0000,872.4991,Total.SURVEY_LC1_2E1
   43.15799,40410.61959,Total.SURVEY_LC1_2E2
  0.0000,365.1752,Total.SURVEY_LC1_2E3
  0.000,235.343,Total.SURVEY_LC1_2F1
 0.0000,15.5452,Total.SURVEY_LC1_2F2
  0.0000,521.8319,Total.SURVEY_LC1_2F4
   0.000,1338.729,Total.SURVEY_LC1_2G1
  0.0000,247.8511,Total.SURVEY_LC1_2G2
0.00000,8.06859,Total.SURVEY_LC1_2G3
0.000000,6.005867,Total.SURVEY_LC1_2G4
   0.000,1639.842,Total.SURVEY_LC1_2H1
 0.00000,50.80537,Total.SURVEY_LC1_2H2
  734.2786,41822.7222,Total.SURVEY_LU1_2U11
 234.688,5915.280,Total.SURVEY_LU1_2U12
0.000000,7.169051,Total.SURVEY_LU1_2U13
  0.0000,411.2587,Total.SURVEY_LU1_2U14
0.000000,8.549335,Total.SURVEY_LU1_2U15
 0.00000,16.78188,Total.SURVEY_LU1_2U21
 0.00000,51.29837,Total.SURVEY_LU1_2U22
   0.000,1585.121,Total.SURVEY_LU1_2U31
 0.00000,60.32357,Total.SURVEY_LU1_2U32
  0.0000,107.0236,Total.SURVEY_LU1_2U33
  0.000,143.222,Total.SURVEY_LU1_2U34
 0.00000,86.51513,Total.SURVEY_LU1_2U35
  11.57123,1419.39766,Total.SURVEY_LU1_2U36
   0.000,1898.253,Total.SURVEY_LU1_2U37
   0.000,1902.206,Total.SURVEY_LU1_2U41
   25.31878,13506.02195,Total.SURVEY_LU1_2U42
  0.0000,788.5205,Total.SURVEY_LC1_3A11
0.000000,4.621425,Total.SURVEY_LC1_3A12
0.000000,4.593787,Total.SURVEY_LC1_3A13
  0.000,814.984,Total.SURVEY_LC1_3A21
   0.000,1604.886,Total.SURVEY_LC1_3A22
 0.00000,40.64932,Total.SURVEY_LC1_3A30
  0.0000,432.1389,Total.SURVEY_LC1_3B11
 0.00000,21.44932,Total.SURVEY_LC1_3B12
   0.000,1214.282,Total.SURVEY_LC1_3B13
0.000000,8.410043,Total.SURVEY_LC1_3B14
  0.0000,175.1643,Total.SURVEY_LC1_3B15
  0.0000,112.0485,Total.SURVEY_LC1_3B16
 0.00000,64.64577,Total.SURVEY_LC1_3B21
 0.00000,13.95195,Total.SURVEY_LC1_3B22
 0.00000,84.69441,Total.SURVEY_LC1_3B23
  0.0000,120.1605,Total.SURVEY_LC1_3B32
0.000000,7.691345,Total.SURVEY_LC1_3B37
 0.00000,76.17488,Total.SURVEY_LC1_3B41
 0.00000,17.81981,Total.SURVEY_LC1_3B43
0.000000,8.906434,Total.SURVEY_LC1_3B51
0.000000,4.543428,Total.SURVEY_LC1_3B52
0.000000,9.097715,Total.SURVEY_LC1_3B53
0.000000,4.250623,Total.SURVEY_LC1_3B54
  0.0000,501.6311,Total.SURVEY_LC1_3B55
 0.00000,16.14118,Total.SURVEY_LC1_3B71
0.00000,3.80138,Total.SURVEY_LC1_3B83
 0.00000,16.22275,Total.SURVEY_LC1_3B84
686.4192,  0.0000,Total.SURVEY_LC1_3Bx1
4.701413,0.000000,Total.SURVEY_LC1_3Bxx
   0.000,4146.875,Total.SURVEY_LC1_3C10
15.09784, 0.00000,Total.SURVEY_LC1_3C1x
   0.000,3775.625,Total.SURVEY_LC1_3C21
  0.0000,185.0436,Total.SURVEY_LC1_3C22
  0.0000,110.3418,Total.SURVEY_LC1_3C23
184.2169,  0.0000,Total.SURVEY_LC1_3C2x
  0.0000,332.4774,Total.SURVEY_LC1_3C31
 0.00000,23.71542,Total.SURVEY_LC1_3C32
  0.0000,196.6641,Total.SURVEY_LC1_3C33
46.27256, 0.00000,Total.SURVEY_LC1_3C3x
11.97437, 0.00000,Total.SURVEY_LC1_3Cxx
  0.0000,538.1545,Total.SURVEY_LC1_3D10
3.955119,0.000000,Total.SURVEY_LC1_3D1x
   0.000,7748.449,Total.SURVEY_LC1_3D20
10.06117, 0.00000,Total.SURVEY_LC1_3D2x
  0.0000,872.4991,Total.SURVEY_LC1_3E10
    0.00,40410.62,Total.SURVEY_LC1_3E20
43.15799, 0.00000,Total.SURVEY_LC1_3E2x
  0.0000,365.1752,Total.SURVEY_LC1_3E30
  0.000,235.343,Total.SURVEY_LC1_3F10
 0.0000,15.5452,Total.SURVEY_LC1_3F20
  0.0000,521.8319,Total.SURVEY_LC1_3F40
   0.000,1338.729,Total.SURVEY_LC1_3G11
  0.0000,247.8511,Total.SURVEY_LC1_3G21
0.00000,8.06859,Total.SURVEY_LC1_3G30
0.000000,6.005867,Total.SURVEY_LC1_3G40
  0.0000,114.6346,Total.SURVEY_LC1_3H11
   0.000,1525.208,Total.SURVEY_LC1_3H12
0.000000,7.980525,Total.SURVEY_LC1_3H21
 0.00000,42.82484,Total.SURVEY_LC1_3H23
  734.2786,41593.3856,Total.SURVEY_LU1_3U111
  0.0000,220.4718,Total.SURVEY_LU1_3U112
0.000000,8.864795,Total.SURVEY_LU1_3U113
 234.688,5915.280,Total.SURVEY_LU1_3U120
0.000000,7.169051,Total.SURVEY_LU1_3U130
  0.0000,411.2587,Total.SURVEY_LU1_3U140
0.000000,8.549335,Total.SURVEY_LU1_3U150
 0.00000,16.78188,Total.SURVEY_LU1_3U210
 0.00000,15.19838,Total.SURVEY_LU1_3U221
0.000000,6.542841,Total.SURVEY_LU1_3U223
0.000000,9.242851,Total.SURVEY_LU1_3U225
0.000000,4.638207,Total.SURVEY_LU1_3U226
 0.00000,15.67609,Total.SURVEY_LU1_3U227
 0.00000,19.41378,Total.SURVEY_LU1_3U311
   0.000,1508.872,Total.SURVEY_LU1_3U312
 0.0000,11.8512,Total.SURVEY_LU1_3U313
0.00000,3.89811,Total.SURVEY_LU1_3U314
0.000000,9.231993,Total.SURVEY_LU1_3U317
 0.00000,10.15304,Total.SURVEY_LU1_3U318
 0.00000,21.70115,Total.SURVEY_LU1_3U319
 0.00000,46.04218,Total.SURVEY_LU1_3U321
 0.00000,14.28139,Total.SURVEY_LU1_3U322
  0.0000,107.0236,Total.SURVEY_LU1_3U330
  0.0000,118.4671,Total.SURVEY_LU1_3U341
 0.00000,24.75493,Total.SURVEY_LU1_3U342
 0.00000,86.51513,Total.SURVEY_LU1_3U350
  3.660987,989.616291,Total.SURVEY_LU1_3U361
  7.910238,429.781365,Total.SURVEY_LU1_3U362
   0.000,1898.253,Total.SURVEY_LU1_3U370
 0.00000,21.94352,Total.SURVEY_LU1_3U411
 0.00000,11.38136,Total.SURVEY_LU1_3U412
 0.00000,34.28652,Total.SURVEY_LU1_3U413
 0.00000,47.38559,Total.SURVEY_LU1_3U414
   0.000,1787.209,Total.SURVEY_LU1_3U415
   25.31878,13506.02195,Total.SURVEY_LU1_3U420
  997.9463,64062.3798,Total.settlement0
   7.910238,4878.763697,Total.settlement1
0.001500597,0.925516623,Total.settl_pc
  789.1514,61428.2666,Total.fao_class_name0
 213.0441,7066.4261,Total.fao_class_name1
  0.0000,272.8369,Total.fao_class_name2
  3.660987,173.613833,Total.fao_class_name3
  994.2853,65393.7558,Total.lue0
  11.57123,3547.38769,Total.lue1
 1005.857,66709.336,Total.lud0
   0.000,2231.807,Total.lud1
81.25018,90.66039,SE.Total.area
  0.0000,129.1469,SE.Total.SURVEY_LC1_1A
 49.44708,128.27359,SE.Total.SURVEY_LC1_1B
 63.90517,261.61190,SE.Total.SURVEY_LC1_1C
  7.619101,229.369177,SE.Total.SURVEY_LC1_1D
  4.002745,340.024131,SE.Total.SURVEY_LC1_1E
 0.00000,76.73057,SE.Total.SURVEY_LC1_1F
 0.0000,42.7973,SE.Total.SURVEY_LC1_1G
 0.00000,58.61514,SE.Total.SURVEY_LC1_1H
 80.89216,326.39648,SE.Total.SURVEY_LU1_1U1
0.000000,6.613796,SE.Total.SURVEY_LU1_1U2
  0.0000,198.6618,SE.Total.SURVEY_LU1_1U3
  7.619101,261.638398,SE.Total.SURVEY_LU1_1U4
 0.00000,88.18216,SE.Total.SURVEY_LC1_2A1
  0.0000,124.4862,SE.Total.SURVEY_LC1_2A2
0.000000,4.311342,SE.Total.SURVEY_LC1_2A3
 0.00000,76.24141,SE.Total.SURVEY_LC1_2B1
0.000000,7.185278,SE.Total.SURVEY_LC1_2B2
0.000000,7.868132,SE.Total.SURVEY_LC1_2B3
0.000000,5.752602,SE.Total.SURVEY_LC1_2B4
  0.0000,103.6122,SE.Total.SURVEY_LC1_2B5
0,0,SE.Total.SURVEY_LC1_2B7
0.000000,1.685078,SE.Total.SURVEY_LC1_2B8
49.44708, 0.00000,SE.Total.SURVEY_LC1_2Bx
  0.0000,203.0616,SE.Total.SURVEY_LC1_2C1
 60.47092,243.26246,SE.Total.SURVEY_LC1_2C2
21.17751,98.45755,SE.Total.SURVEY_LC1_2C3
0,0,SE.Total.SURVEY_LC1_2Cx
 0.0000,91.2131,SE.Total.SURVEY_LC1_2D1
  7.619101,217.306015,SE.Total.SURVEY_LC1_2D2
  0.0000,118.4227,SE.Total.SURVEY_LC1_2E1
  4.002745,342.772665,SE.Total.SURVEY_LC1_2E2
 0.00000,52.40674,SE.Total.SURVEY_LC1_2E3
 0.00000,30.03634,SE.Total.SURVEY_LC1_2F1
0,0,SE.Total.SURVEY_LC1_2F2
 0.00000,70.62182,SE.Total.SURVEY_LC1_2F4
 0.00000,18.96358,SE.Total.SURVEY_LC1_2G1
 0.00000,42.88371,SE.Total.SURVEY_LC1_2G2
0,0,SE.Total.SURVEY_LC1_2G3
0,0,SE.Total.SURVEY_LC1_2G4
 0.00000,58.42695,SE.Total.SURVEY_LC1_2H1
0.000000,4.693246,SE.Total.SURVEY_LC1_2H2
 49.59722,312.55243,SE.Total.SURVEY_LU1_2U11
 63.90517,237.16011,SE.Total.SURVEY_LU1_2U12
0.000000,4.693246,SE.Total.SURVEY_LU1_2U13
 0.00000,33.88156,SE.Total.SURVEY_LU1_2U14
0.000000,1.607383,SE.Total.SURVEY_LU1_2U15
0,0,SE.Total.SURVEY_LU1_2U21
0.000000,6.613796,SE.Total.SURVEY_LU1_2U22
 0.00000,78.87189,SE.Total.SURVEY_LU1_2U31
0.000000,7.194344,SE.Total.SURVEY_LU1_2U32
 0.00000,53.29928,SE.Total.SURVEY_LU1_2U33
 0.00000,40.11192,SE.Total.SURVEY_LU1_2U34
 0.00000,25.37794,SE.Total.SURVEY_LU1_2U35
  0.0000,117.5834,SE.Total.SURVEY_LU1_2U36
  0.0000,154.7189,SE.Total.SURVEY_LU1_2U37
  0.0000,102.1134,SE.Total.SURVEY_LU1_2U41
  7.619101,250.828165,SE.Total.SURVEY_LU1_2U42
 0.00000,88.18216,SE.Total.SURVEY_LC1_3A11
0,0,SE.Total.SURVEY_LC1_3A12
0,0,SE.Total.SURVEY_LC1_3A13
 0.00000,89.46009,SE.Total.SURVEY_LC1_3A21
 0.00000,96.85492,SE.Total.SURVEY_LC1_3A22
0.000000,4.311342,SE.Total.SURVEY_LC1_3A30
 0.0000,10.9442,SE.Total.SURVEY_LC1_3B11
0.00000,1.31304,SE.Total.SURVEY_LC1_3B12
 0.00000,68.96537,SE.Total.SURVEY_LC1_3B13
0,0,SE.Total.SURVEY_LC1_3B14
 0.00000,30.90963,SE.Total.SURVEY_LC1_3B15
0.00000,6.27112,SE.Total.SURVEY_LC1_3B16
0.00000,4.01541,SE.Total.SURVEY_LC1_3B21
0.000000,2.631555,SE.Total.SURVEY_LC1_3B22
0.000000,5.380975,SE.Total.SURVEY_LC1_3B23
0.000000,5.781402,SE.Total.SURVEY_LC1_3B32
0.000000,5.336937,SE.Total.SURVEY_LC1_3B37
0.000000,5.198803,SE.Total.SURVEY_LC1_3B41
0.000000,2.504538,SE.Total.SURVEY_LC1_3B43
0.000000,1.913447,SE.Total.SURVEY_LC1_3B51
0.0000000,0.8825935,SE.Total.SURVEY_LC1_3B52
0.000000,2.051186,SE.Total.SURVEY_LC1_3B53
0,0,SE.Total.SURVEY_LC1_3B54
  0.0000,103.5717,SE.Total.SURVEY_LC1_3B55
0,0,SE.Total.SURVEY_LC1_3B71
0,0,SE.Total.SURVEY_LC1_3B83
0.000000,1.685078,SE.Total.SURVEY_LC1_3B84
49.41113, 0.00000,SE.Total.SURVEY_LC1_3Bx1
1.913447,0.000000,SE.Total.SURVEY_LC1_3Bxx
  0.0000,203.0616,SE.Total.SURVEY_LC1_3C10
0,0,SE.Total.SURVEY_LC1_3C1x
  0.0000,242.5544,SE.Total.SURVEY_LC1_3C21
 0.00000,34.83683,SE.Total.SURVEY_LC1_3C22
 0.00000,32.69427,SE.Total.SURVEY_LC1_3C23
60.47092, 0.00000,SE.Total.SURVEY_LC1_3C2x
 0.00000,89.30451,SE.Total.SURVEY_LC1_3C31
0.000000,9.262218,SE.Total.SURVEY_LC1_3C32
 0.00000,41.11627,SE.Total.SURVEY_LC1_3C33
21.17751, 0.00000,SE.Total.SURVEY_LC1_3C3x
0,0,SE.Total.SURVEY_LC1_3Cxx
 0.0000,91.2131,SE.Total.SURVEY_LC1_3D10
0,0,SE.Total.SURVEY_LC1_3D1x
  0.000,217.306,SE.Total.SURVEY_LC1_3D20
7.619101,0.000000,SE.Total.SURVEY_LC1_3D2x
  0.0000,118.4227,SE.Total.SURVEY_LC1_3E10
  0.0000,342.7727,SE.Total.SURVEY_LC1_3E20
4.002745,0.000000,SE.Total.SURVEY_LC1_3E2x
 0.00000,52.40674,SE.Total.SURVEY_LC1_3E30
 0.00000,30.03634,SE.Total.SURVEY_LC1_3F10
0,0,SE.Total.SURVEY_LC1_3F20
 0.00000,70.62182,SE.Total.SURVEY_LC1_3F40
 0.00000,18.96358,SE.Total.SURVEY_LC1_3G11
 0.00000,42.88371,SE.Total.SURVEY_LC1_3G21
0,0,SE.Total.SURVEY_LC1_3G30
0,0,SE.Total.SURVEY_LC1_3G40
 0.00000,19.98949,SE.Total.SURVEY_LC1_3H11
 0.00000,54.93094,SE.Total.SURVEY_LC1_3H12
0,0,SE.Total.SURVEY_LC1_3H21
0.000000,4.693246,SE.Total.SURVEY_LC1_3H23
 49.59722,314.22624,SE.Total.SURVEY_LU1_3U111
 0.0000,39.7446,SE.Total.SURVEY_LU1_3U112
0.0000000,0.9273711,SE.Total.SURVEY_LU1_3U113
 63.90517,237.16011,SE.Total.SURVEY_LU1_3U120
0.000000,4.693246,SE.Total.SURVEY_LU1_3U130
 0.00000,33.88156,SE.Total.SURVEY_LU1_3U140
0.000000,1.607383,SE.Total.SURVEY_LU1_3U150
0,0,SE.Total.SURVEY_LU1_3U210
0.000000,2.675755,SE.Total.SURVEY_LU1_3U221
0.000000,4.011673,SE.Total.SURVEY_LU1_3U223
0,0,SE.Total.SURVEY_LU1_3U225
0,0,SE.Total.SURVEY_LU1_3U226
0.000000,4.705977,SE.Total.SURVEY_LU1_3U227
0.000000,4.394085,SE.Total.SURVEY_LU1_3U311
 0.00000,78.79951,SE.Total.SURVEY_LU1_3U312
0,0,SE.Total.SURVEY_LU1_3U313
0,0,SE.Total.SURVEY_LU1_3U314
0,0,SE.Total.SURVEY_LU1_3U317
0.000000,3.916761,SE.Total.SURVEY_LU1_3U318
0.000000,1.913447,SE.Total.SURVEY_LU1_3U319
0.000000,6.068954,SE.Total.SURVEY_LU1_3U321
0.000000,3.863469,SE.Total.SURVEY_LU1_3U322
 0.00000,53.29928,SE.Total.SURVEY_LU1_3U330
 0.00000,38.81322,SE.Total.SURVEY_LU1_3U341
 0.0000,11.6462,SE.Total.SURVEY_LU1_3U342
 0.00000,25.37794,SE.Total.SURVEY_LU1_3U350
 0.00000,90.59912,SE.Total.SURVEY_LU1_3U361
 0.00000,76.06515,SE.Total.SURVEY_LU1_3U362
  0.0000,154.7189,SE.Total.SURVEY_LU1_3U370
 0.0000,10.8999,SE.Total.SURVEY_LU1_3U411
0.00000,4.43459,SE.Total.SURVEY_LU1_3U412
 0.00000,21.78815,SE.Total.SURVEY_LU1_3U413
0.00000,9.53264,SE.Total.SURVEY_LU1_3U414
 0.00000,98.61815,SE.Total.SURVEY_LU1_3U415
  7.619101,250.828165,SE.Total.SURVEY_LU1_3U420
 81.25018,211.39413,SE.Total.settlement0
  0.0000,189.6284,SE.Total.settlement1
0.0000000,0.0359731,SE.Total.settl_pc
 51.40206,239.98655,SE.Total.fao_class_name0
 62.95809,235.53806,SE.Total.fao_class_name1
 0.00000,44.70005,SE.Total.fao_class_name2
 0.00000,69.60958,SE.Total.fao_class_name3
 81.25018,212.24142,SE.Total.lue0
  0.0000,191.1462,SE.Total.lue1
 81.25018,136.33069,SE.Total.lud0
  0.0000,101.1065,SE.Total.lud1
  846.6091,68763.4523,CI.l(95%).Total.area
   0.000,3005.131,CI.l(95%).Total.SURVEY_LC1_1A
 594.2061,2661.8147,CI.l(95%).Total.SURVEY_LC1_1B
 132.3099,8257.9929,CI.l(95%).Total.SURVEY_LC1_1C
  -0.9168719,7837.0485217,CI.l(95%).Total.SURVEY_LC1_1D
   35.31275,40981.85891,CI.l(95%).Total.SURVEY_LC1_1E
  0.0000,622.3309,CI.l(95%).Total.SURVEY_LC1_1F
   0.000,1516.773,CI.l(95%).Total.SURVEY_LC1_1G
   0.000,1575.764,CI.l(95%).Total.SURVEY_LC1_1H
  810.4208,47525.2539,CI.l(95%).Total.SURVEY_LU1_1U1
 0.00000,55.11745,CI.l(95%).Total.SURVEY_LU1_1U2
  11.57123,4910.48589,CI.l(95%).Total.SURVEY_LU1_1U3
   10.38562,14895.42627,CI.l(95%).Total.SURVEY_LU1_1U4
  0.0000,624.9019,CI.l(95%).Total.SURVEY_LC1_2A1
   0.000,2175.881,CI.l(95%).Total.SURVEY_LC1_2A2
 0.00000,32.19924,CI.l(95%).Total.SURVEY_LC1_2A3
   0.000,1814.063,CI.l(95%).Total.SURVEY_LC1_2B1
  0.0000,149.2092,CI.l(95%).Total.SURVEY_LC1_2B2
  0.0000,112.4306,CI.l(95%).Total.SURVEY_LC1_2B3
 0.0000,82.7198,CI.l(95%).Total.SURVEY_LC1_2B4
  0.0000,325.3532,CI.l(95%).Total.SURVEY_LC1_2B5
 0.00000,16.14118,CI.l(95%).Total.SURVEY_LC1_2B7
 0.00000,16.72144,CI.l(95%).Total.SURVEY_LC1_2B8
594.2061,  0.0000,CI.l(95%).Total.SURVEY_LC1_2Bx
  15.09784,3748.88197,CI.l(95%).Total.SURVEY_LC1_2C1
  65.69611,3594.22470,CI.l(95%).Total.SURVEY_LC1_2C2
  4.765409,359.883655,CI.l(95%).Total.SURVEY_LC1_2C3
11.97437, 0.00000,CI.l(95%).Total.SURVEY_LC1_2Cx
  3.955119,359.380093,CI.l(95%).Total.SURVEY_LC1_2D1
  -4.871991,7322.537402,CI.l(95%).Total.SURVEY_LC1_2D2
  0.0000,640.3948,CI.l(95%).Total.SURVEY_LC1_2E1
   35.31275,39738.79751,CI.l(95%).Total.SURVEY_LC1_2E2
  0.0000,262.4599,CI.l(95%).Total.SURVEY_LC1_2E3
  0.0000,176.4728,CI.l(95%).Total.SURVEY_LC1_2F1
 0.0000,15.5452,CI.l(95%).Total.SURVEY_LC1_2F2
  0.0000,383.4156,CI.l(95%).Total.SURVEY_LC1_2F4
   0.000,1301.561,CI.l(95%).Total.SURVEY_LC1_2G1
  0.0000,163.8006,CI.l(95%).Total.SURVEY_LC1_2G2
0.00000,8.06859,CI.l(95%).Total.SURVEY_LC1_2G3
0.000000,6.005867,CI.l(95%).Total.SURVEY_LC1_2G4
   0.000,1525.328,CI.l(95%).Total.SURVEY_LC1_2H1
 0.00000,41.60677,CI.l(95%).Total.SURVEY_LC1_2H2
  637.0698,41210.1307,CI.l(95%).Total.SURVEY_LU1_2U11
 109.4362,5450.4547,CI.l(95%).Total.SURVEY_LU1_2U12
 0.000000,-2.029541,CI.l(95%).Total.SURVEY_LU1_2U13
  0.0000,344.8521,CI.l(95%).Total.SURVEY_LU1_2U14
0.000000,5.398922,CI.l(95%).Total.SURVEY_LU1_2U15
 0.00000,16.78188,CI.l(95%).Total.SURVEY_LU1_2U21
 0.00000,38.33557,CI.l(95%).Total.SURVEY_LU1_2U22
   0.000,1430.535,CI.l(95%).Total.SURVEY_LU1_2U31
 0.00000,46.22291,CI.l(95%).Total.SURVEY_LU1_2U32
0.000000,2.558917,CI.l(95%).Total.SURVEY_LU1_2U33
 0.00000,64.60412,CI.l(95%).Total.SURVEY_LU1_2U34
 0.00000,36.77528,CI.l(95%).Total.SURVEY_LU1_2U35
  11.57123,1188.93852,CI.l(95%).Total.SURVEY_LU1_2U36
   0.000,1595.009,CI.l(95%).Total.SURVEY_LU1_2U37
   0.000,1702.067,CI.l(95%).Total.SURVEY_LU1_2U41
   10.38562,13014.40778,CI.l(95%).Total.SURVEY_LU1_2U42
  0.0000,615.6866,CI.l(95%).Total.SURVEY_LC1_3A11
0.000000,4.621425,CI.l(95%).Total.SURVEY_LC1_3A12
0.000000,4.593787,CI.l(95%).Total.SURVEY_LC1_3A13
  0.0000,639.6454,CI.l(95%).Total.SURVEY_LC1_3A21
   0.000,1415.054,CI.l(95%).Total.SURVEY_LC1_3A22
 0.00000,32.19924,CI.l(95%).Total.SURVEY_LC1_3A30
  0.0000,410.6886,CI.l(95%).Total.SURVEY_LC1_3B11
 0.00000,18.87581,CI.l(95%).Total.SURVEY_LC1_3B12
   0.000,1079.112,CI.l(95%).Total.SURVEY_LC1_3B13
0.000000,8.410043,CI.l(95%).Total.SURVEY_LC1_3B14
  0.0000,114.5826,CI.l(95%).Total.SURVEY_LC1_3B15
 0.00000,99.75736,CI.l(95%).Total.SURVEY_LC1_3B16
 0.00000,56.77571,CI.l(95%).Total.SURVEY_LC1_3B21
0.000000,8.794201,CI.l(95%).Total.SURVEY_LC1_3B22
 0.00000,74.14789,CI.l(95%).Total.SURVEY_LC1_3B23
  0.0000,108.8291,CI.l(95%).Total.SURVEY_LC1_3B32
 0.00000,-2.76886,CI.l(95%).Total.SURVEY_LC1_3B37
 0.00000,65.98541,CI.l(95%).Total.SURVEY_LC1_3B41
 0.00000,12.91101,CI.l(95%).Total.SURVEY_LC1_3B43
0.000000,5.156147,CI.l(95%).Total.SURVEY_LC1_3B51
0.000000,2.813577,CI.l(95%).Total.SURVEY_LC1_3B52
0.000000,5.077465,CI.l(95%).Total.SURVEY_LC1_3B53
0.000000,4.250623,CI.l(95%).Total.SURVEY_LC1_3B54
  0.0000,298.6343,CI.l(95%).Total.SURVEY_LC1_3B55
 0.00000,16.14118,CI.l(95%).Total.SURVEY_LC1_3B71
0.00000,3.80138,CI.l(95%).Total.SURVEY_LC1_3B83
 0.00000,12.92006,CI.l(95%).Total.SURVEY_LC1_3B84
589.5751,  0.0000,CI.l(95%).Total.SURVEY_LC1_3Bx1
0.9511254,0.0000000,CI.l(95%).Total.SURVEY_LC1_3Bxx
   0.000,3748.882,CI.l(95%).Total.SURVEY_LC1_3C10
15.09784, 0.00000,CI.l(95%).Total.SURVEY_LC1_3C1x
   0.000,3300.227,CI.l(95%).Total.SURVEY_LC1_3C21
  0.0000,116.7647,CI.l(95%).Total.SURVEY_LC1_3C22
 0.00000,46.26221,CI.l(95%).Total.SURVEY_LC1_3C23
65.69611, 0.00000,CI.l(95%).Total.SURVEY_LC1_3C2x
  0.0000,157.4438,CI.l(95%).Total.SURVEY_LC1_3C31
0.000000,5.561804,CI.l(95%).Total.SURVEY_LC1_3C32
  0.0000,116.0777,CI.l(95%).Total.SURVEY_LC1_3C33
4.765409,0.000000,CI.l(95%).Total.SURVEY_LC1_3C3x
11.97437, 0.00000,CI.l(95%).Total.SURVEY_LC1_3Cxx
  0.0000,359.3801,CI.l(95%).Total.SURVEY_LC1_3D10
3.955119,0.000000,CI.l(95%).Total.SURVEY_LC1_3D1x
   0.000,7322.537,CI.l(95%).Total.SURVEY_LC1_3D20
-4.871991, 0.000000,CI.l(95%).Total.SURVEY_LC1_3D2x
  0.0000,640.3948,CI.l(95%).Total.SURVEY_LC1_3E10
    0.0,39738.8,CI.l(95%).Total.SURVEY_LC1_3E20
35.31275, 0.00000,CI.l(95%).Total.SURVEY_LC1_3E2x
  0.0000,262.4599,CI.l(95%).Total.SURVEY_LC1_3E30
  0.0000,176.4728,CI.l(95%).Total.SURVEY_LC1_3F10
 0.0000,15.5452,CI.l(95%).Total.SURVEY_LC1_3F20
  0.0000,383.4156,CI.l(95%).Total.SURVEY_LC1_3F40
   0.000,1301.561,CI.l(95%).Total.SURVEY_LC1_3G11
  0.0000,163.8006,CI.l(95%).Total.SURVEY_LC1_3G21
0.00000,8.06859,CI.l(95%).Total.SURVEY_LC1_3G30
0.000000,6.005867,CI.l(95%).Total.SURVEY_LC1_3G40
 0.00000,75.45588,CI.l(95%).Total.SURVEY_LC1_3H11
   0.000,1417.545,CI.l(95%).Total.SURVEY_LC1_3H12
0.000000,7.980525,CI.l(95%).Total.SURVEY_LC1_3H21
 0.00000,33.62625,CI.l(95%).Total.SURVEY_LC1_3H23
  637.0698,40977.5135,CI.l(95%).Total.SURVEY_LU1_3U111
  0.0000,142.5738,CI.l(95%).Total.SURVEY_LU1_3U112
0.000000,7.047181,CI.l(95%).Total.SURVEY_LU1_3U113
 109.4362,5450.4547,CI.l(95%).Total.SURVEY_LU1_3U120
 0.000000,-2.029541,CI.l(95%).Total.SURVEY_LU1_3U130
  0.0000,344.8521,CI.l(95%).Total.SURVEY_LU1_3U140
0.000000,5.398922,CI.l(95%).Total.SURVEY_LU1_3U150
 0.00000,16.78188,CI.l(95%).Total.SURVEY_LU1_3U210
0.000000,9.953999,CI.l(95%).Total.SURVEY_LU1_3U221
 0.000000,-1.319894,CI.l(95%).Total.SURVEY_LU1_3U223
0.000000,9.242851,CI.l(95%).Total.SURVEY_LU1_3U225
0.000000,4.638207,CI.l(95%).Total.SURVEY_LU1_3U226
0.000000,6.452545,CI.l(95%).Total.SURVEY_LU1_3U227
 0.00000,10.80154,CI.l(95%).Total.SURVEY_LU1_3U311
   0.000,1354.428,CI.l(95%).Total.SURVEY_LU1_3U312
 0.0000,11.8512,CI.l(95%).Total.SURVEY_LU1_3U313
0.00000,3.89811,CI.l(95%).Total.SURVEY_LU1_3U314
0.000000,9.231993,CI.l(95%).Total.SURVEY_LU1_3U317
0.000000,2.476327,CI.l(95%).Total.SURVEY_LU1_3U318
 0.00000,17.95087,CI.l(95%).Total.SURVEY_LU1_3U319
 0.00000,34.14725,CI.l(95%).Total.SURVEY_LU1_3U321
0.000000,6.709127,CI.l(95%).Total.SURVEY_LU1_3U322
0.000000,2.558917,CI.l(95%).Total.SURVEY_LU1_3U330
 0.0000,42.3946,CI.l(95%).Total.SURVEY_LU1_3U341
0.000000,1.928803,CI.l(95%).Total.SURVEY_LU1_3U342
 0.00000,36.77528,CI.l(95%).Total.SURVEY_LU1_3U350
  3.660987,812.045278,CI.l(95%).Total.SURVEY_LU1_3U361
  7.910238,280.696402,CI.l(95%).Total.SURVEY_LU1_3U362
   0.000,1595.009,CI.l(95%).Total.SURVEY_LU1_3U370
0.0000000,0.5801067,CI.l(95%).Total.SURVEY_LU1_3U411
0.000000,2.689721,CI.l(95%).Total.SURVEY_LU1_3U412
 0.000000,-8.417459,CI.l(95%).Total.SURVEY_LU1_3U413
 0.00000,28.70196,CI.l(95%).Total.SURVEY_LU1_3U414
   0.000,1593.921,CI.l(95%).Total.SURVEY_LU1_3U415
   10.38562,13014.40778,CI.l(95%).Total.SURVEY_LU1_3U420
  838.6989,63648.0549,CI.l(95%).Total.settlement0
   7.910238,4507.098787,CI.l(95%).Total.settlement1
0.001500597,0.855010635,CI.l(95%).Total.settl_pc
  688.4053,60957.9016,CI.l(95%).Total.fao_class_name0
  89.64853,6604.78002,CI.l(95%).Total.fao_class_name1
  0.0000,185.2264,CI.l(95%).Total.fao_class_name2
 3.660987,37.181562,CI.l(95%).Total.fao_class_name3
  835.0379,64977.7702,CI.l(95%).Total.lue0
  11.57123,3172.74797,CI.l(95%).Total.lue1
  846.6091,66442.1331,CI.l(95%).Total.lud0
   0.000,2033.642,CI.l(95%).Total.lud1
 1165.104,69118.835,CI.u(95%).Total.area
   0.000,3511.378,CI.u(95%).Total.SURVEY_LC1_1A
 788.0351,3164.6379,CI.u(95%).Total.SURVEY_LC1_1B
 382.8135,9283.4926,CI.u(95%).Total.SURVEY_LC1_1C
  28.94946,8736.15917,CI.u(95%).Total.SURVEY_LC1_1D
   51.00323,42314.72901,CI.u(95%).Total.SURVEY_LC1_1E
  0.0000,923.1092,CI.u(95%).Total.SURVEY_LC1_1F
   0.000,1684.535,CI.u(95%).Total.SURVEY_LC1_1G
   0.000,1805.531,CI.u(95%).Total.SURVEY_LC1_1H
 1127.512,48804.705,CI.u(95%).Total.SURVEY_LU1_1U1
 0.00000,81.04305,CI.u(95%).Total.SURVEY_LU1_1U2
  11.57123,5689.22577,CI.u(95%).Total.SURVEY_LU1_1U3
   40.25195,15921.02994,CI.u(95%).Total.SURVEY_LU1_1U4
  0.0000,970.5696,CI.u(95%).Total.SURVEY_LC1_2A1
   0.000,2663.858,CI.u(95%).Total.SURVEY_LC1_2A2
 0.00000,49.09939,CI.u(95%).Total.SURVEY_LC1_2A3
   0.000,2112.923,CI.u(95%).Total.SURVEY_LC1_2B1
  0.000,177.375,CI.u(95%).Total.SURVEY_LC1_2B2
  0.0000,143.2731,CI.u(95%).Total.SURVEY_LC1_2B3
  0.0000,105.2696,CI.u(95%).Total.SURVEY_LC1_2B4
  0.0000,731.5054,CI.u(95%).Total.SURVEY_LC1_2B5
 0.00000,16.14118,CI.u(95%).Total.SURVEY_LC1_2B7
 0.00000,23.32683,CI.u(95%).Total.SURVEY_LC1_2B8
788.0351,  0.0000,CI.u(95%).Total.SURVEY_LC1_2Bx
  15.09784,4544.86901,CI.u(95%).Total.SURVEY_LC1_2C1
 302.7377,4547.7960,CI.u(95%).Total.SURVEY_LC1_2C2
 87.77971,745.83017,CI.u(95%).Total.SURVEY_LC1_2C3
11.97437, 0.00000,CI.u(95%).Total.SURVEY_LC1_2Cx
  3.955119,716.928873,CI.u(95%).Total.SURVEY_LC1_2D1
  24.99434,8174.36133,CI.u(95%).Total.SURVEY_LC1_2D2
   0.000,1104.603,CI.u(95%).Total.SURVEY_LC1_2E1
   51.00323,41082.44167,CI.u(95%).Total.SURVEY_LC1_2E2
  0.0000,467.8906,CI.u(95%).Total.SURVEY_LC1_2E3
  0.0000,294.2131,CI.u(95%).Total.SURVEY_LC1_2F1
 0.0000,15.5452,CI.u(95%).Total.SURVEY_LC1_2F2
  0.0000,660.2481,CI.u(95%).Total.SURVEY_LC1_2F4
   0.000,1375.896,CI.u(95%).Total.SURVEY_LC1_2G1
  0.0000,331.9016,CI.u(95%).Total.SURVEY_LC1_2G2
0.00000,8.06859,CI.u(95%).Total.SURVEY_LC1_2G3
0.000000,6.005867,CI.u(95%).Total.SURVEY_LC1_2G4
   0.000,1754.357,CI.u(95%).Total.SURVEY_LC1_2H1
 0.00000,60.00396,CI.u(95%).Total.SURVEY_LC1_2H2
  831.4873,42435.3137,CI.u(95%).Total.SURVEY_LU1_2U11
 359.9398,6380.1052,CI.u(95%).Total.SURVEY_LU1_2U12
 0.00000,16.36764,CI.u(95%).Total.SURVEY_LU1_2U13
  0.0000,477.6654,CI.u(95%).Total.SURVEY_LU1_2U14
 0.00000,11.69975,CI.u(95%).Total.SURVEY_LU1_2U15
 0.00000,16.78188,CI.u(95%).Total.SURVEY_LU1_2U21
 0.00000,64.26117,CI.u(95%).Total.SURVEY_LU1_2U22
   0.000,1739.707,CI.u(95%).Total.SURVEY_LU1_2U31
 0.00000,74.42422,CI.u(95%).Total.SURVEY_LU1_2U32
  0.0000,211.4883,CI.u(95%).Total.SURVEY_LU1_2U33
  0.00,221.84,CI.u(95%).Total.SURVEY_LU1_2U34
  0.000,136.255,CI.u(95%).Total.SURVEY_LU1_2U35
  11.57123,1649.85679,CI.u(95%).Total.SURVEY_LU1_2U36
   0.000,2201.496,CI.u(95%).Total.SURVEY_LU1_2U37
   0.000,2102.345,CI.u(95%).Total.SURVEY_LU1_2U41
   40.25195,13997.63612,CI.u(95%).Total.SURVEY_LU1_2U42
  0.0000,961.3544,CI.u(95%).Total.SURVEY_LC1_3A11
0.000000,4.621425,CI.u(95%).Total.SURVEY_LC1_3A12
0.000000,4.593787,CI.u(95%).Total.SURVEY_LC1_3A13
  0.0000,990.3225,CI.u(95%).Total.SURVEY_LC1_3A21
   0.000,1794.718,CI.u(95%).Total.SURVEY_LC1_3A22
 0.00000,49.09939,CI.u(95%).Total.SURVEY_LC1_3A30
  0.0000,453.5891,CI.u(95%).Total.SURVEY_LC1_3B11
 0.00000,24.02283,CI.u(95%).Total.SURVEY_LC1_3B12
   0.000,1349.452,CI.u(95%).Total.SURVEY_LC1_3B13
0.000000,8.410043,CI.u(95%).Total.SURVEY_LC1_3B14
  0.0000,235.7461,CI.u(95%).Total.SURVEY_LC1_3B15
  0.0000,124.3397,CI.u(95%).Total.SURVEY_LC1_3B16
 0.00000,72.51583,CI.u(95%).Total.SURVEY_LC1_3B21
 0.00000,19.10971,CI.u(95%).Total.SURVEY_LC1_3B22
 0.00000,95.24092,CI.u(95%).Total.SURVEY_LC1_3B23
  0.0000,131.4918,CI.u(95%).Total.SURVEY_LC1_3B32
 0.00000,18.15155,CI.u(95%).Total.SURVEY_LC1_3B37
 0.00000,86.36434,CI.u(95%).Total.SURVEY_LC1_3B41
 0.00000,22.72862,CI.u(95%).Total.SURVEY_LC1_3B43
 0.00000,12.65672,CI.u(95%).Total.SURVEY_LC1_3B51
0.00000,6.27328,CI.u(95%).Total.SURVEY_LC1_3B52
 0.00000,13.11797,CI.u(95%).Total.SURVEY_LC1_3B53
0.000000,4.250623,CI.u(95%).Total.SURVEY_LC1_3B54
  0.0000,704.6279,CI.u(95%).Total.SURVEY_LC1_3B55
 0.00000,16.14118,CI.u(95%).Total.SURVEY_LC1_3B71
0.00000,3.80138,CI.u(95%).Total.SURVEY_LC1_3B83
 0.00000,19.52545,CI.u(95%).Total.SURVEY_LC1_3B84
783.2632,  0.0000,CI.u(95%).Total.SURVEY_LC1_3Bx1
8.451701,0.000000,CI.u(95%).Total.SURVEY_LC1_3Bxx
   0.000,4544.869,CI.u(95%).Total.SURVEY_LC1_3C10
15.09784, 0.00000,CI.u(95%).Total.SURVEY_LC1_3C1x
   0.000,4251.023,CI.u(95%).Total.SURVEY_LC1_3C21
  0.0000,253.3225,CI.u(95%).Total.SURVEY_LC1_3C22
  0.0000,174.4214,CI.u(95%).Total.SURVEY_LC1_3C23
302.7377,  0.0000,CI.u(95%).Total.SURVEY_LC1_3C2x
  0.000,507.511,CI.u(95%).Total.SURVEY_LC1_3C31
 0.00000,41.86903,CI.u(95%).Total.SURVEY_LC1_3C32
  0.0000,277.2505,CI.u(95%).Total.SURVEY_LC1_3C33
87.77971, 0.00000,CI.u(95%).Total.SURVEY_LC1_3C3x
11.97437, 0.00000,CI.u(95%).Total.SURVEY_LC1_3Cxx
  0.0000,716.9289,CI.u(95%).Total.SURVEY_LC1_3D10
3.955119,0.000000,CI.u(95%).Total.SURVEY_LC1_3D1x
   0.000,8174.361,CI.u(95%).Total.SURVEY_LC1_3D20
24.99434, 0.00000,CI.u(95%).Total.SURVEY_LC1_3D2x
   0.000,1104.603,CI.u(95%).Total.SURVEY_LC1_3E10
    0.00,41082.44,CI.u(95%).Total.SURVEY_LC1_3E20
51.00323, 0.00000,CI.u(95%).Total.SURVEY_LC1_3E2x
  0.0000,467.8906,CI.u(95%).Total.SURVEY_LC1_3E30
  0.0000,294.2131,CI.u(95%).Total.SURVEY_LC1_3F10
 0.0000,15.5452,CI.u(95%).Total.SURVEY_LC1_3F20
  0.0000,660.2481,CI.u(95%).Total.SURVEY_LC1_3F40
   0.000,1375.896,CI.u(95%).Total.SURVEY_LC1_3G11
  0.0000,331.9016,CI.u(95%).Total.SURVEY_LC1_3G21
0.00000,8.06859,CI.u(95%).Total.SURVEY_LC1_3G30
0.000000,6.005867,CI.u(95%).Total.SURVEY_LC1_3G40
  0.0000,153.8132,CI.u(95%).Total.SURVEY_LC1_3H11
   0.00,1632.87,CI.u(95%).Total.SURVEY_LC1_3H12
0.000000,7.980525,CI.u(95%).Total.SURVEY_LC1_3H21
 0.00000,52.02343,CI.u(95%).Total.SURVEY_LC1_3H23
  831.4873,42209.2577,CI.u(95%).Total.SURVEY_LU1_3U111
  0.0000,298.3697,CI.u(95%).Total.SURVEY_LU1_3U112
 0.00000,10.68241,CI.u(95%).Total.SURVEY_LU1_3U113
 359.9398,6380.1052,CI.u(95%).Total.SURVEY_LU1_3U120
 0.00000,16.36764,CI.u(95%).Total.SURVEY_LU1_3U130
  0.0000,477.6654,CI.u(95%).Total.SURVEY_LU1_3U140
 0.00000,11.69975,CI.u(95%).Total.SURVEY_LU1_3U150
 0.00000,16.78188,CI.u(95%).Total.SURVEY_LU1_3U210
 0.00000,20.44277,CI.u(95%).Total.SURVEY_LU1_3U221
 0.00000,14.40558,CI.u(95%).Total.SURVEY_LU1_3U223
0.000000,9.242851,CI.u(95%).Total.SURVEY_LU1_3U225
0.000000,4.638207,CI.u(95%).Total.SURVEY_LU1_3U226
 0.00000,24.89963,CI.u(95%).Total.SURVEY_LU1_3U227
 0.00000,28.02603,CI.u(95%).Total.SURVEY_LU1_3U311
   0.000,1663.316,CI.u(95%).Total.SURVEY_LU1_3U312
 0.0000,11.8512,CI.u(95%).Total.SURVEY_LU1_3U313
0.00000,3.89811,CI.u(95%).Total.SURVEY_LU1_3U314
0.000000,9.231993,CI.u(95%).Total.SURVEY_LU1_3U317
 0.00000,17.82975,CI.u(95%).Total.SURVEY_LU1_3U318
 0.00000,25.45144,CI.u(95%).Total.SURVEY_LU1_3U319
 0.00000,57.93711,CI.u(95%).Total.SURVEY_LU1_3U321
 0.00000,21.85365,CI.u(95%).Total.SURVEY_LU1_3U322
  0.0000,211.4883,CI.u(95%).Total.SURVEY_LU1_3U330
  0.0000,194.5396,CI.u(95%).Total.SURVEY_LU1_3U341
 0.00000,47.58106,CI.u(95%).Total.SURVEY_LU1_3U342
  0.000,136.255,CI.u(95%).Total.SURVEY_LU1_3U350
   3.660987,1167.187303,CI.u(95%).Total.SURVEY_LU1_3U361
  7.910238,578.866328,CI.u(95%).Total.SURVEY_LU1_3U362
   0.000,2201.496,CI.u(95%).Total.SURVEY_LU1_3U370
 0.00000,43.30692,CI.u(95%).Total.SURVEY_LU1_3U411
 0.00000,20.07299,CI.u(95%).Total.SURVEY_LU1_3U412
 0.00000,76.99051,CI.u(95%).Total.SURVEY_LU1_3U413
 0.00000,66.06922,CI.u(95%).Total.SURVEY_LU1_3U414
   0.000,1980.497,CI.u(95%).Total.SURVEY_LU1_3U415
   40.25195,13997.63612,CI.u(95%).Total.SURVEY_LU1_3U420
 1157.194,64476.705,CI.u(95%).Total.settlement0
   7.910238,5250.428607,CI.u(95%).Total.settlement1
0.001500597,0.996022610,CI.u(95%).Total.settl_pc
  889.8976,61898.6316,CI.u(95%).Total.fao_class_name0
 336.4397,7528.0723,CI.u(95%).Total.fao_class_name1
  0.0000,360.4474,CI.u(95%).Total.fao_class_name2
  3.660987,310.046103,CI.u(95%).Total.fao_class_name3
 1153.533,65809.741,CI.u(95%).Total.lue0
  11.57123,3922.02742,CI.u(95%).Total.lue1
 1165.104,66976.540,CI.u(95%).Total.lud0
   0.000,2429.972,CI.u(95%).Total.lud1
0.08077711,0.00131504,CV.Total.area
NA,0.03963684,CV.Total.SURVEY_LC1_1A
0.07154625,0.04403145,CV.Total.SURVEY_LC1_1B
0.24811596,0.02982779,CV.Total.SURVEY_LC1_1C
0.54358893,0.02767952,CV.Total.SURVEY_LC1_1D
0.092746327,0.008164179,CV.Total.SURVEY_LC1_1E
NA,0.09929931,CV.Total.SURVEY_LC1_1F
NA,0.02673738,CV.Total.SURVEY_LC1_1G
NA,0.03467023,CV.Total.SURVEY_LC1_1H
0.083482922,0.006776635,CV.Total.SURVEY_LU1_1U1
NA,0.09714705,CV.Total.SURVEY_LU1_1U2
0.00000000,0.03748438,CV.Total.SURVEY_LU1_1U3
0.30092684,0.01698043,CV.Total.SURVEY_LU1_1U4
NA,0.1105406,CV.Total.SURVEY_LC1_2A1
NA,0.05144336,CV.Total.SURVEY_LC1_2A2
NA,0.1060619,CV.Total.SURVEY_LC1_2A3
NA,0.03882948,CV.Total.SURVEY_LC1_2B1
NA,0.0440026,CV.Total.SURVEY_LC1_2B2
NA,0.06154102,CV.Total.SURVEY_LC1_2B3
NA,0.06120135,CV.Total.SURVEY_LC1_2B4
NA,0.1960757,CV.Total.SURVEY_LC1_2B5
NA,  0,CV.Total.SURVEY_LC1_2B7
NA,0.08415234,CV.Total.SURVEY_LC1_2B8
0.07154625,NA,CV.Total.SURVEY_LC1_2Bx
0.00000000,0.04896739,CV.Total.SURVEY_LC1_2C1
0.32825927,0.05975481,CV.Total.SURVEY_LC1_2C2
0.4576688,0.1780887,CV.Total.SURVEY_LC1_2C3
  0,NA,CV.Total.SURVEY_LC1_2Cx
0.0000000,0.1694924,CV.Total.SURVEY_LC1_2D1
0.7572776,0.0280451,CV.Total.SURVEY_LC1_2D2
NA,0.1357282,CV.Total.SURVEY_LC1_2E1
0.092746327,0.008482242,CV.Total.SURVEY_LC1_2E2
NA,0.1435112,CV.Total.SURVEY_LC1_2E3
NA,0.1276279,CV.Total.SURVEY_LC1_2F1
NA,  0,CV.Total.SURVEY_LC1_2F2
NA,0.1353344,CV.Total.SURVEY_LC1_2F4
NA,0.01416537,CV.Total.SURVEY_LC1_2G1
NA,0.1730221,CV.Total.SURVEY_LC1_2G2
NA,  0,CV.Total.SURVEY_LC1_2G3
NA,  0,CV.Total.SURVEY_LC1_2G4
NA,0.03562961,CV.Total.SURVEY_LC1_2H1
NA,0.09237697,CV.Total.SURVEY_LC1_2H2
0.067545517,0.007473268,CV.Total.SURVEY_LU1_2U11
0.2722984,0.0400928,CV.Total.SURVEY_LU1_2U12
NA,0.6546537,CV.Total.SURVEY_LU1_2U13
NA,0.08238503,CV.Total.SURVEY_LU1_2U14
NA,0.1880127,CV.Total.SURVEY_LU1_2U15
NA,  0,CV.Total.SURVEY_LU1_2U21
NA,0.128928,CV.Total.SURVEY_LU1_2U22
NA,0.04975765,CV.Total.SURVEY_LU1_2U31
NA,0.1192626,CV.Total.SURVEY_LU1_2U32
NA,0.4980143,CV.Total.SURVEY_LU1_2U33
NA,0.2800681,CV.Total.SURVEY_LU1_2U34
NA,0.2933353,CV.Total.SURVEY_LU1_2U35
0.00000000,0.08284032,CV.Total.SURVEY_LU1_2U36
NA,0.08150594,CV.Total.SURVEY_LU1_2U37
NA,0.05368159,CV.Total.SURVEY_LU1_2U41
0.30092684,0.01857158,CV.Total.SURVEY_LU1_2U42
NA,0.1118324,CV.Total.SURVEY_LC1_3A11
NA,  0,CV.Total.SURVEY_LC1_3A12
NA,  0,CV.Total.SURVEY_LC1_3A13
NA,0.1097691,CV.Total.SURVEY_LC1_3A21
NA,0.06035004,CV.Total.SURVEY_LC1_3A22
NA,0.1060619,CV.Total.SURVEY_LC1_3A30
NA,0.02532565,CV.Total.SURVEY_LC1_3B11
NA,0.06121594,CV.Total.SURVEY_LC1_3B12
NA,0.05679518,CV.Total.SURVEY_LC1_3B13
NA,  0,CV.Total.SURVEY_LC1_3B14
NA,0.1764608,CV.Total.SURVEY_LC1_3B15
NA,0.05596789,CV.Total.SURVEY_LC1_3B16
NA,0.06211404,CV.Total.SURVEY_LC1_3B21
NA,0.1886155,CV.Total.SURVEY_LC1_3B22
NA,0.06353401,CV.Total.SURVEY_LC1_3B23
NA,0.048114,CV.Total.SURVEY_LC1_3B32
NA,0.6938887,CV.Total.SURVEY_LC1_3B37
NA,0.06824826,CV.Total.SURVEY_LC1_3B41
NA,0.1405479,CV.Total.SURVEY_LC1_3B43
NA,0.2148387,CV.Total.SURVEY_LC1_3B51
NA,0.1942572,CV.Total.SURVEY_LC1_3B52
NA,0.2254616,CV.Total.SURVEY_LC1_3B53
NA,  0,CV.Total.SURVEY_LC1_3B54
NA,0.2064699,CV.Total.SURVEY_LC1_3B55
NA,  0,CV.Total.SURVEY_LC1_3B71
NA,  0,CV.Total.SURVEY_LC1_3B83
NA,0.1038713,CV.Total.SURVEY_LC1_3B84
0.0719839,NA,CV.Total.SURVEY_LC1_3Bx1
0.4069941,NA,CV.Total.SURVEY_LC1_3Bxx
NA,0.04896739,CV.Total.SURVEY_LC1_3C10
  0,NA,CV.Total.SURVEY_LC1_3C1x
NA,0.06424219,CV.Total.SURVEY_LC1_3C21
NA,0.1882628,CV.Total.SURVEY_LC1_3C22
NA,0.2963,CV.Total.SURVEY_LC1_3C23
0.3282593,NA,CV.Total.SURVEY_LC1_3C2x
NA,0.2686033,CV.Total.SURVEY_LC1_3C31
NA,0.3905568,CV.Total.SURVEY_LC1_3C32
NA,0.2090685,CV.Total.SURVEY_LC1_3C33
0.4576688,NA,CV.Total.SURVEY_LC1_3C3x
  0,NA,CV.Total.SURVEY_LC1_3Cxx
NA,0.1694924,CV.Total.SURVEY_LC1_3D10
  0,NA,CV.Total.SURVEY_LC1_3D1x
NA,0.0280451,CV.Total.SURVEY_LC1_3D20
0.7572776,NA,CV.Total.SURVEY_LC1_3D2x
NA,0.1357282,CV.Total.SURVEY_LC1_3E10
NA,0.008482242,CV.Total.SURVEY_LC1_3E20
0.09274633,NA,CV.Total.SURVEY_LC1_3E2x
NA,0.1435112,CV.Total.SURVEY_LC1_3E30
NA,0.1276279,CV.Total.SURVEY_LC1_3F10
NA,  0,CV.Total.SURVEY_LC1_3F20
NA,0.1353344,CV.Total.SURVEY_LC1_3F40
NA,0.01416537,CV.Total.SURVEY_LC1_3G11
NA,0.1730221,CV.Total.SURVEY_LC1_3G21
NA,  0,CV.Total.SURVEY_LC1_3G30
NA,  0,CV.Total.SURVEY_LC1_3G40
NA,0.1743757,CV.Total.SURVEY_LC1_3H11
NA,0.03601538,CV.Total.SURVEY_LC1_3H12
NA,  0,CV.Total.SURVEY_LC1_3H21
NA,0.1095917,CV.Total.SURVEY_LC1_3H23
0.067545517,0.007554717,CV.Total.SURVEY_LU1_3U111
NA,0.1802707,CV.Total.SURVEY_LU1_3U112
NA,0.1046128,CV.Total.SURVEY_LU1_3U113
0.2722984,0.0400928,CV.Total.SURVEY_LU1_3U120
NA,0.6546537,CV.Total.SURVEY_LU1_3U130
NA,0.08238503,CV.Total.SURVEY_LU1_3U140
NA,0.1880127,CV.Total.SURVEY_LU1_3U150
NA,  0,CV.Total.SURVEY_LU1_3U210
NA,0.1760553,CV.Total.SURVEY_LU1_3U221
NA,0.6131393,CV.Total.SURVEY_LU1_3U223
NA,  0,CV.Total.SURVEY_LU1_3U225
NA,  0,CV.Total.SURVEY_LU1_3U226
NA,0.3002009,CV.Total.SURVEY_LU1_3U227
NA,0.2263384,CV.Total.SURVEY_LU1_3U311
NA,0.05222413,CV.Total.SURVEY_LU1_3U312
NA,  0,CV.Total.SURVEY_LU1_3U313
NA,  0,CV.Total.SURVEY_LU1_3U314
NA,  0,CV.Total.SURVEY_LU1_3U317
NA,0.3857723,CV.Total.SURVEY_LU1_3U318
NA,0.0881726,CV.Total.SURVEY_LU1_3U319
NA,0.1318129,CV.Total.SURVEY_LU1_3U321
NA,0.2705248,CV.Total.SURVEY_LU1_3U322
NA,0.4980143,CV.Total.SURVEY_LU1_3U330
NA,0.3276287,CV.Total.SURVEY_LU1_3U341
NA,0.4704597,CV.Total.SURVEY_LU1_3U342
NA,0.2933353,CV.Total.SURVEY_LU1_3U350
0.00000000,0.09154975,CV.Total.SURVEY_LU1_3U361
0.0000000,0.1769857,CV.Total.SURVEY_LU1_3U362
NA,0.08150594,CV.Total.SURVEY_LU1_3U370
NA,0.4967253,CV.Total.SURVEY_LU1_3U411
NA,0.3896363,CV.Total.SURVEY_LU1_3U412
NA,0.6354726,CV.Total.SURVEY_LU1_3U413
NA,0.2011717,CV.Total.SURVEY_LU1_3U414
NA,0.05517997,CV.Total.SURVEY_LU1_3U415
0.30092684,0.01857158,CV.Total.SURVEY_LU1_3U420
0.081417387,0.003299817,CV.Total.settlement0
0.00000000,0.03886813,CV.Total.settlement1
0.00000000,0.03886813,CV.Total.settl_pc
0.065135857,0.003906777,CV.Total.fao_class_name0
0.29551667,0.03333199,CV.Total.fao_class_name1
NA,0.1638343,CV.Total.fao_class_name2
0.0000000,0.4009449,CV.Total.fao_class_name3
0.081717169,0.003245591,CV.Total.lue0
0.00000000,0.05388366,CV.Total.lue1
0.080777106,0.002043652,CV.Total.lud0
NA,0.04530255,CV.Total.lud1
