No,Yes,variable
 10636.26,291436.74,Total.area
  109.4985,19710.9015,Total.SURVEY_LC1_1A
 9978.409,75331.324,Total.SURVEY_LC1_1B
   450.6936,107523.1867,Total.SURVEY_LC1_1C
   18.15891,18764.51570,Total.SURVEY_LC1_1D
   70.26282,50705.22378,Total.SURVEY_LC1_1E
    5.174404,14155.943712,Total.SURVEY_LC1_1F
   4.063797,4749.736283,Total.SURVEY_LC1_1G
  0.0000,495.9068,Total.SURVEY_LC1_1H
 10307.94,179495.00,Total.SURVEY_LU1_1U1
  15.88052,1355.81529,Total.SURVEY_LU1_1U2
  126.881,26780.726,Total.SURVEY_LU1_1U3
  185.5596,83805.1993,Total.SURVEY_LU1_1U4
  51.21048,6818.18011,Total.SURVEY_LC1_2A1
   54.13901,12316.09538,Total.SURVEY_LC1_2A2
  4.148976,576.625989,Total.SURVEY_LC1_2A3
    0.00,27059.19,Total.SURVEY_LC1_2B1
  0.0000,773.4212,Total.SURVEY_LC1_2B2
   0.000,3768.785,Total.SURVEY_LC1_2B3
   0.000,2212.502,Total.SURVEY_LC1_2B4
    0.00,12437.36,Total.SURVEY_LC1_2B5
   0.000,5805.116,Total.SURVEY_LC1_2B7
    0.00,23274.95,Total.SURVEY_LC1_2B8
9978.409,   0.000,Total.SURVEY_LC1_2Bx
   75.87076,83130.58557,Total.SURVEY_LC1_2C1
  159.5081,14683.4202,Total.SURVEY_LC1_2C2
 167.2954,9709.1809,Total.SURVEY_LC1_2C3
48.01943, 0.00000,Total.SURVEY_LC1_2Cx
   3.984187,7873.958437,Total.SURVEY_LC1_2D1
    4.257515,10890.557266,Total.SURVEY_LC1_2D2
9.917211,0.000000,Total.SURVEY_LC1_2Dx
  25.94872,9325.21422,Total.SURVEY_LC1_2E1
   12.1088,31660.7119,Total.SURVEY_LC1_2E2
   4.21245,9719.29770,Total.SURVEY_LC1_2E3
27.99285, 0.00000,Total.SURVEY_LC1_2Ex
   0.000,6322.822,Total.SURVEY_LC1_2F1
  0.0000,200.7698,Total.SURVEY_LC1_2F2
 0.00000,12.56757,Total.SURVEY_LC1_2F3
   5.174404,7619.784252,Total.SURVEY_LC1_2F4
   0.000,2317.781,Total.SURVEY_LC1_2G1
   4.063797,2017.149022,Total.SURVEY_LC1_2G2
 0.00000,40.88408,Total.SURVEY_LC1_2G3
 0.00000,36.18282,Total.SURVEY_LC1_2G4
  0.0000,337.7398,Total.SURVEY_LC1_2G5
  0.0000,320.3524,Total.SURVEY_LC1_2H1
  0.0000,175.5544,Total.SURVEY_LC1_2H2
 10000.83,114103.66,Total.SURVEY_LU1_2U11
  302.9509,64546.2898,Total.SURVEY_LU1_2U12
  0.0000,203.3604,Total.SURVEY_LU1_2U13
  4.159565,596.977066,Total.SURVEY_LU1_2U14
 0.00000,44.70862,Total.SURVEY_LU1_2U15
  0.0000,340.7721,Total.SURVEY_LU1_2U21
  15.88052,1015.04318,Total.SURVEY_LU1_2U22
   5.174404,9727.787721,Total.SURVEY_LU1_2U31
  4.148976,441.203521,Total.SURVEY_LU1_2U32
 40.16446,349.23299,Total.SURVEY_LU1_2U33
   0.00,1392.41,Total.SURVEY_LU1_2U34
  4.262286,918.615164,Total.SURVEY_LU1_2U35
   0.000,2429.421,Total.SURVEY_LU1_2U36
   73.13089,11522.05520,Total.SURVEY_LU1_2U37
  22.67832,2919.46127,Total.SURVEY_LU1_2U41
  162.8813,80885.7380,Total.SURVEY_LU1_2U42
   0.000,5874.022,Total.SURVEY_LC1_3A11
  0.0000,404.9273,Total.SURVEY_LC1_3A12
  0.0000,539.2305,Total.SURVEY_LC1_3A13
51.21048, 0.00000,Total.SURVEY_LC1_3A1x
   0.000,5430.195,Total.SURVEY_LC1_3A21
   0.000,6885.901,Total.SURVEY_LC1_3A22
54.13901, 0.00000,Total.SURVEY_LC1_3A2x
  0.000,576.626,Total.SURVEY_LC1_3A30
4.148976,0.000000,Total.SURVEY_LC1_3A3x
   0.000,6186.852,Total.SURVEY_LC1_3B11
   0.00,6879.49,Total.SURVEY_LC1_3B12
   0.000,2130.512,Total.SURVEY_LC1_3B13
  0.0000,640.9628,Total.SURVEY_LC1_3B15
   0.000,9266.073,Total.SURVEY_LC1_3B16
   0.00,1483.97,Total.SURVEY_LC1_3B17
  0.0000,182.4832,Total.SURVEY_LC1_3B18
  0.0000,288.8442,Total.SURVEY_LC1_3B19
  0.0000,244.3552,Total.SURVEY_LC1_3B21
  0.0000,396.9742,Total.SURVEY_LC1_3B22
  0.0000,132.0918,Total.SURVEY_LC1_3B23
   0.000,1031.842,Total.SURVEY_LC1_3B31
  0.0000,128.2222,Total.SURVEY_LC1_3B32
   0.000,2464.928,Total.SURVEY_LC1_3B33
 0.00000,11.83786,Total.SURVEY_LC1_3B35
 0.0000,51.8974,Total.SURVEY_LC1_3B36
 0.00000,80.05791,Total.SURVEY_LC1_3B37
  0.0000,535.8665,Total.SURVEY_LC1_3B41
  0.0000,598.7679,Total.SURVEY_LC1_3B42
   0.000,1059.114,Total.SURVEY_LC1_3B43
0.000000,8.586962,Total.SURVEY_LC1_3B44
 0.00000,10.16656,Total.SURVEY_LC1_3B45
  0.0000,167.1992,Total.SURVEY_LC1_3B51
   0.000,5754.757,Total.SURVEY_LC1_3B52
  0.0000,875.6277,Total.SURVEY_LC1_3B53
   0.000,2675.759,Total.SURVEY_LC1_3B54
   0.00,2964.02,Total.SURVEY_LC1_3B55
  0.0000,565.3364,Total.SURVEY_LC1_3B71
  0.0000,296.8568,Total.SURVEY_LC1_3B72
  0.0000,378.6621,Total.SURVEY_LC1_3B73
   0.000,2371.456,Total.SURVEY_LC1_3B74
   0.000,1740.165,Total.SURVEY_LC1_3B75
  0.000,372.545,Total.SURVEY_LC1_3B76
 0.00000,80.09478,Total.SURVEY_LC1_3B77
    0.00,15746.56,Total.SURVEY_LC1_3B81
   0.000,7297.179,Total.SURVEY_LC1_3B82
  0.000,227.166,Total.SURVEY_LC1_3B83
0.000000,4.041191,Total.SURVEY_LC1_3B84
7829.618,   0.000,Total.SURVEY_LC1_3Bx1
2095.22,   0.00,Total.SURVEY_LC1_3Bx2
53.5711, 0.0000,Total.SURVEY_LC1_3Bxx
    0.00,83130.59,Total.SURVEY_LC1_3C10
75.87076, 0.00000,Total.SURVEY_LC1_3C1x
   0.000,5870.935,Total.SURVEY_LC1_3C21
   0.000,4279.448,Total.SURVEY_LC1_3C22
   0.000,4533.037,Total.SURVEY_LC1_3C23
159.5081,  0.0000,Total.SURVEY_LC1_3C2x
   0.00,1469.58,Total.SURVEY_LC1_3C31
   0.000,2622.105,Total.SURVEY_LC1_3C32
   0.000,5617.496,Total.SURVEY_LC1_3C33
167.2954,  0.0000,Total.SURVEY_LC1_3C3x
48.01943, 0.00000,Total.SURVEY_LC1_3Cxx
   0.000,7873.958,Total.SURVEY_LC1_3D10
3.984187,0.000000,Total.SURVEY_LC1_3D1x
    0.00,10890.56,Total.SURVEY_LC1_3D20
4.257515,0.000000,Total.SURVEY_LC1_3D2x
9.917211,0.000000,Total.SURVEY_LC1_3Dxx
   0.000,9325.214,Total.SURVEY_LC1_3E10
25.94872, 0.00000,Total.SURVEY_LC1_3E1x
    0.00,31660.71,Total.SURVEY_LC1_3E20
12.1088, 0.0000,Total.SURVEY_LC1_3E2x
   0.000,9719.298,Total.SURVEY_LC1_3E30
4.21245,0.00000,Total.SURVEY_LC1_3E3x
27.99285, 0.00000,Total.SURVEY_LC1_3Exx
   0.000,6322.822,Total.SURVEY_LC1_3F10
  0.0000,200.7698,Total.SURVEY_LC1_3F20
 0.00000,12.56757,Total.SURVEY_LC1_3F30
   0.000,7619.784,Total.SURVEY_LC1_3F40
5.174404,0.000000,Total.SURVEY_LC1_3F4x
   0.000,2238.616,Total.SURVEY_LC1_3G11
 0.00000,79.16437,Total.SURVEY_LC1_3G12
4.063797,0.000000,Total.SURVEY_LC1_3G20
   0.000,2013.043,Total.SURVEY_LC1_3G21
0.000000,4.106055,Total.SURVEY_LC1_3G22
 0.00000,40.88408,Total.SURVEY_LC1_3G30
 0.00000,36.18282,Total.SURVEY_LC1_3G40
  0.0000,337.7398,Total.SURVEY_LC1_3G50
  0.0000,308.2744,Total.SURVEY_LC1_3H11
 0.00000,12.07804,Total.SURVEY_LC1_3H12
 0.00000,94.22218,Total.SURVEY_LC1_3H21
 0.00000,81.33224,Total.SURVEY_LC1_3H22
  9716.684,104386.315,Total.SURVEY_LU1_3U111
  51.78149,8334.87628,Total.SURVEY_LU1_3U112
 232.3641,1382.4706,Total.SURVEY_LU1_3U113
  302.9509,64546.2898,Total.SURVEY_LU1_3U120
  0.0000,203.3604,Total.SURVEY_LU1_3U130
  4.159565,596.977066,Total.SURVEY_LU1_3U140
 0.00000,44.70862,Total.SURVEY_LU1_3U150
  0.0000,340.7721,Total.SURVEY_LU1_3U210
  0.0000,118.0041,Total.SURVEY_LU1_3U221
 0.00000,33.35502,Total.SURVEY_LU1_3U222
 15.88052,143.67775,Total.SURVEY_LU1_3U223
  0.0000,248.5377,Total.SURVEY_LU1_3U224
  0.000,153.682,Total.SURVEY_LU1_3U225
  0.0000,193.0833,Total.SURVEY_LU1_3U226
  0.0000,120.5916,Total.SURVEY_LU1_3U227
0.000000,4.111732,Total.SURVEY_LU1_3U228
  0.0000,434.8975,Total.SURVEY_LU1_3U311
   5.174404,7247.533746,Total.SURVEY_LU1_3U312
  0.0000,951.5931,Total.SURVEY_LU1_3U313
  0.0000,167.2406,Total.SURVEY_LU1_3U314
 0.00000,19.54525,Total.SURVEY_LU1_3U316
  0.0000,571.8595,Total.SURVEY_LU1_3U317
  0.000,184.166,Total.SURVEY_LU1_3U318
  0.000,150.952,Total.SURVEY_LU1_3U319
  4.148976,292.105116,Total.SURVEY_LU1_3U321
  0.0000,149.0984,Total.SURVEY_LU1_3U322
 40.16446,349.23299,Total.SURVEY_LU1_3U330
   0.0,1360.8,Total.SURVEY_LU1_3U341
 0.00000,31.60998,Total.SURVEY_LU1_3U342
  4.262286,918.615164,Total.SURVEY_LU1_3U350
   0.000,1791.407,Total.SURVEY_LU1_3U361
  0.0000,638.0144,Total.SURVEY_LU1_3U362
   73.13089,11522.05520,Total.SURVEY_LU1_3U370
  4.085317,431.504576,Total.SURVEY_LU1_3U411
  0.0000,135.4387,Total.SURVEY_LU1_3U412
 0.00000,29.91951,Total.SURVEY_LU1_3U413
  0.0000,507.4279,Total.SURVEY_LU1_3U414
  18.593,1815.171,Total.SURVEY_LU1_3U415
  162.8813,80885.7380,Total.SURVEY_LU1_3U420
 10493.5,263712.8,Total.settlement0
  142.7615,27723.9072,Total.settlement1
0.002419802,0.469919026,Total.settl_pc
 10250.18,160893.71,Total.fao_class_name0
   366.7052,100845.2739,Total.fao_class_name1
   0.000,6794.527,Total.fao_class_name2
   19.37188,22903.22541,Total.fao_class_name3
 10558.87,275174.24,Total.lue0
   77.39317,16262.50222,Total.lue1
 10566.73,278965.72,Total.lud0
   69.52792,12471.01659,Total.lud1
433.5436,434.9148,SE.Total.area
 37.98269,311.80680,SE.Total.SURVEY_LC1_1A
428.7296,715.4779,SE.Total.SURVEY_LC1_1B
 50.36961,335.29732,SE.Total.SURVEY_LC1_1C
  7.795924,280.162053,SE.Total.SURVEY_LC1_1D
 11.96758,615.10617,SE.Total.SURVEY_LC1_1E
  2.214778,434.069229,SE.Total.SURVEY_LC1_1F
 0.00000,57.89848,SE.Total.SURVEY_LC1_1G
 0.00000,14.27932,SE.Total.SURVEY_LC1_1H
431.1200,706.4685,SE.Total.SURVEY_LU1_1U1
 13.59926,146.49254,SE.Total.SURVEY_LU1_1U2
 36.75161,369.17547,SE.Total.SURVEY_LU1_1U3
 24.39974,558.04385,SE.Total.SURVEY_LU1_1U4
 34.41956,378.54806,SE.Total.SURVEY_LC1_2A1
 16.06173,387.34891,SE.Total.SURVEY_LC1_2A2
 0.00000,81.55059,SE.Total.SURVEY_LC1_2A3
  0.0000,687.0512,SE.Total.SURVEY_LC1_2B1
  0.0000,160.7492,SE.Total.SURVEY_LC1_2B2
  0.0000,337.2176,SE.Total.SURVEY_LC1_2B3
  0.0000,237.6794,SE.Total.SURVEY_LC1_2B4
  0.0000,498.4864,SE.Total.SURVEY_LC1_2B5
  0.0000,399.4544,SE.Total.SURVEY_LC1_2B7
  0.0000,542.8763,SE.Total.SURVEY_LC1_2B8
428.7296,  0.0000,SE.Total.SURVEY_LC1_2Bx
 18.0462,432.2178,SE.Total.SURVEY_LC1_2C1
 30.79292,283.34476,SE.Total.SURVEY_LC1_2C2
 33.26023,245.52109,SE.Total.SURVEY_LC1_2C3
12.86772, 0.00000,SE.Total.SURVEY_LC1_2Cx
  0.0000,228.4607,SE.Total.SURVEY_LC1_2D1
  0.9520093,223.0019435,SE.Total.SURVEY_LC1_2D2
7.737578,0.000000,SE.Total.SURVEY_LC1_2Dx
  7.453717,279.076124,SE.Total.SURVEY_LC1_2E1
  0.0000,446.1928,SE.Total.SURVEY_LC1_2E2
  0.5579526,403.7478631,SE.Total.SURVEY_LC1_2E3
9.346326,0.000000,SE.Total.SURVEY_LC1_2Ex
  0.0000,210.3944,SE.Total.SURVEY_LC1_2F1
 0.00000,18.29537,SE.Total.SURVEY_LC1_2F2
0.000000,6.221109,SE.Total.SURVEY_LC1_2F3
  2.214778,379.256137,SE.Total.SURVEY_LC1_2F4
 0.0000,96.6413,SE.Total.SURVEY_LC1_2G1
 0.00000,90.74957,SE.Total.SURVEY_LC1_2G2
0,0,SE.Total.SURVEY_LC1_2G3
0,0,SE.Total.SURVEY_LC1_2G4
 0.00000,15.46389,SE.Total.SURVEY_LC1_2G5
 0.00000,14.15223,SE.Total.SURVEY_LC1_2H1
0.000000,1.900923,SE.Total.SURVEY_LC1_2H2
428.7917,597.2787,SE.Total.SURVEY_LU1_2U11
 44.81097,437.69801,SE.Total.SURVEY_LU1_2U12
 0.00000,23.86234,SE.Total.SURVEY_LU1_2U13
 0.00000,36.34726,SE.Total.SURVEY_LU1_2U14
 0.00000,13.68882,SE.Total.SURVEY_LU1_2U15
 0.00000,47.69067,SE.Total.SURVEY_LU1_2U21
 13.59926,138.72347,SE.Total.SURVEY_LU1_2U22
  2.214778,350.784699,SE.Total.SURVEY_LU1_2U31
 0.00000,53.19372,SE.Total.SURVEY_LU1_2U32
34.13823,92.73837,SE.Total.SURVEY_LU1_2U33
  0.0000,160.1169,SE.Total.SURVEY_LU1_2U34
  0.000,137.055,SE.Total.SURVEY_LU1_2U35
  0.0000,171.3652,SE.Total.SURVEY_LU1_2U36
 13.42969,369.74497,SE.Total.SURVEY_LU1_2U37
  3.409187,211.172937,SE.Total.SURVEY_LU1_2U41
 24.1604,520.7317,SE.Total.SURVEY_LU1_2U42
  0.0000,361.4638,SE.Total.SURVEY_LC1_3A11
  0.0000,121.8637,SE.Total.SURVEY_LC1_3A12
 0.00000,81.92545,SE.Total.SURVEY_LC1_3A13
34.41956, 0.00000,SE.Total.SURVEY_LC1_3A1x
  0.0000,310.4908,SE.Total.SURVEY_LC1_3A21
  0.0000,309.6082,SE.Total.SURVEY_LC1_3A22
16.06173, 0.00000,SE.Total.SURVEY_LC1_3A2x
 0.00000,81.55059,SE.Total.SURVEY_LC1_3A30
0,0,SE.Total.SURVEY_LC1_3A3x
  0.0000,440.9177,SE.Total.SURVEY_LC1_3B11
  0.0000,385.0844,SE.Total.SURVEY_LC1_3B12
  0.0000,236.7927,SE.Total.SURVEY_LC1_3B13
 0.00000,84.63741,SE.Total.SURVEY_LC1_3B15
  0.0000,515.7603,SE.Total.SURVEY_LC1_3B16
  0.0000,243.1586,SE.Total.SURVEY_LC1_3B17
  0.0000,105.1447,SE.Total.SURVEY_LC1_3B18
 0.00000,99.53306,SE.Total.SURVEY_LC1_3B19
 0.00000,90.16052,SE.Total.SURVEY_LC1_3B21
  0.0000,124.6208,SE.Total.SURVEY_LC1_3B22
 0.00000,49.00762,SE.Total.SURVEY_LC1_3B23
  0.000,181.161,SE.Total.SURVEY_LC1_3B31
 0.00000,57.98091,SE.Total.SURVEY_LC1_3B32
  0.0000,278.3184,SE.Total.SURVEY_LC1_3B33
0,0,SE.Total.SURVEY_LC1_3B35
 0.0000,16.7846,SE.Total.SURVEY_LC1_3B36
 0.00000,45.31665,SE.Total.SURVEY_LC1_3B37
  0.0000,110.0469,SE.Total.SURVEY_LC1_3B41
  0.0000,148.1558,SE.Total.SURVEY_LC1_3B42
  0.0000,151.6153,SE.Total.SURVEY_LC1_3B43
0.000000,6.247933,SE.Total.SURVEY_LC1_3B44
0.000000,3.452076,SE.Total.SURVEY_LC1_3B45
 0.00000,33.12086,SE.Total.SURVEY_LC1_3B51
  0.000,371.391,SE.Total.SURVEY_LC1_3B52
 0.00000,92.34963,SE.Total.SURVEY_LC1_3B53
  0.0000,212.5429,SE.Total.SURVEY_LC1_3B54
  0.0000,266.8647,SE.Total.SURVEY_LC1_3B55
 0.00000,85.94603,SE.Total.SURVEY_LC1_3B71
 0.00000,84.49574,SE.Total.SURVEY_LC1_3B72
  0.0000,148.0581,SE.Total.SURVEY_LC1_3B73
  0.0000,261.2215,SE.Total.SURVEY_LC1_3B74
  0.0000,247.1985,SE.Total.SURVEY_LC1_3B75
  0.0000,140.3687,SE.Total.SURVEY_LC1_3B76
 0.0000,19.5201,SE.Total.SURVEY_LC1_3B77
  0.0000,527.0989,SE.Total.SURVEY_LC1_3B81
  0.0000,404.5328,SE.Total.SURVEY_LC1_3B82
 0.00000,86.80691,SE.Total.SURVEY_LC1_3B83
0,0,SE.Total.SURVEY_LC1_3B84
357.0085,  0.0000,SE.Total.SURVEY_LC1_3Bx1
239.3746,  0.0000,SE.Total.SURVEY_LC1_3Bx2
14.61366, 0.00000,SE.Total.SURVEY_LC1_3Bxx
  0.0000,432.2178,SE.Total.SURVEY_LC1_3C10
18.0462, 0.0000,SE.Total.SURVEY_LC1_3C1x
  0.0000,158.4321,SE.Total.SURVEY_LC1_3C21
  0.0000,209.3469,SE.Total.SURVEY_LC1_3C22
  0.0000,160.8797,SE.Total.SURVEY_LC1_3C23
30.79292, 0.00000,SE.Total.SURVEY_LC1_3C2x
 0.00000,80.63429,SE.Total.SURVEY_LC1_3C31
  0.0000,147.2735,SE.Total.SURVEY_LC1_3C32
  0.0000,188.8077,SE.Total.SURVEY_LC1_3C33
33.26023, 0.00000,SE.Total.SURVEY_LC1_3C3x
12.86772, 0.00000,SE.Total.SURVEY_LC1_3Cxx
  0.0000,228.4607,SE.Total.SURVEY_LC1_3D10
0,0,SE.Total.SURVEY_LC1_3D1x
  0.0000,223.0019,SE.Total.SURVEY_LC1_3D20
0.9520093,0.0000000,SE.Total.SURVEY_LC1_3D2x
7.737578,0.000000,SE.Total.SURVEY_LC1_3Dxx
  0.0000,279.0761,SE.Total.SURVEY_LC1_3E10
7.453717,0.000000,SE.Total.SURVEY_LC1_3E1x
  0.0000,446.1928,SE.Total.SURVEY_LC1_3E20
0,0,SE.Total.SURVEY_LC1_3E2x
  0.0000,403.7479,SE.Total.SURVEY_LC1_3E30
0.5579526,0.0000000,SE.Total.SURVEY_LC1_3E3x
9.346326,0.000000,SE.Total.SURVEY_LC1_3Exx
  0.0000,210.3944,SE.Total.SURVEY_LC1_3F10
 0.00000,18.29537,SE.Total.SURVEY_LC1_3F20
0.000000,6.221109,SE.Total.SURVEY_LC1_3F30
  0.0000,379.2561,SE.Total.SURVEY_LC1_3F40
2.214778,0.000000,SE.Total.SURVEY_LC1_3F4x
 0.00000,96.68715,SE.Total.SURVEY_LC1_3G11
0.000000,2.977477,SE.Total.SURVEY_LC1_3G12
0,0,SE.Total.SURVEY_LC1_3G20
 0.00000,90.74957,SE.Total.SURVEY_LC1_3G21
0,0,SE.Total.SURVEY_LC1_3G22
0,0,SE.Total.SURVEY_LC1_3G30
0,0,SE.Total.SURVEY_LC1_3G40
 0.00000,15.46389,SE.Total.SURVEY_LC1_3G50
 0.00000,14.15223,SE.Total.SURVEY_LC1_3H11
0,0,SE.Total.SURVEY_LC1_3H12
0.000000,1.900923,SE.Total.SURVEY_LC1_3H21
0,0,SE.Total.SURVEY_LC1_3H22
427.5091,688.9456,SE.Total.SURVEY_LU1_3U111
 45.53856,377.51867,SE.Total.SURVEY_LU1_3U112
 17.45804,154.78372,SE.Total.SURVEY_LU1_3U113
 44.81097,437.69801,SE.Total.SURVEY_LU1_3U120
 0.00000,23.86234,SE.Total.SURVEY_LU1_3U130
 0.00000,36.34726,SE.Total.SURVEY_LU1_3U140
 0.00000,13.68882,SE.Total.SURVEY_LU1_3U150
 0.00000,47.69067,SE.Total.SURVEY_LU1_3U210
 0.0000,50.8967,SE.Total.SURVEY_LU1_3U221
 0.00000,14.94891,SE.Total.SURVEY_LU1_3U222
13.59926,58.13132,SE.Total.SURVEY_LU1_3U223
 0.00000,83.15889,SE.Total.SURVEY_LU1_3U224
 0.00000,71.12768,SE.Total.SURVEY_LU1_3U225
 0.00000,57.75718,SE.Total.SURVEY_LU1_3U226
 0.00000,51.44899,SE.Total.SURVEY_LU1_3U227
0,0,SE.Total.SURVEY_LU1_3U228
 0.00000,78.41885,SE.Total.SURVEY_LU1_3U311
  2.214778,314.692797,SE.Total.SURVEY_LU1_3U312
  0.0000,120.8613,SE.Total.SURVEY_LU1_3U313
 0.00000,15.69914,SE.Total.SURVEY_LU1_3U314
 0.00000,17.29874,SE.Total.SURVEY_LU1_3U316
  0.0000,102.8154,SE.Total.SURVEY_LU1_3U317
 0.00000,18.04633,SE.Total.SURVEY_LU1_3U318
 0.00000,22.37261,SE.Total.SURVEY_LU1_3U319
 0.00000,39.23805,SE.Total.SURVEY_LU1_3U321
 0.00000,35.91951,SE.Total.SURVEY_LU1_3U322
34.13823,92.73837,SE.Total.SURVEY_LU1_3U330
  0.000,159.887,SE.Total.SURVEY_LU1_3U341
0.000000,9.306152,SE.Total.SURVEY_LU1_3U342
  0.000,137.055,SE.Total.SURVEY_LU1_3U350
  0.0000,157.3769,SE.Total.SURVEY_LU1_3U361
 0.00000,69.53404,SE.Total.SURVEY_LU1_3U362
 13.42969,369.74497,SE.Total.SURVEY_LU1_3U370
  0.0000,131.9617,SE.Total.SURVEY_LU1_3U411
 0.00000,41.65561,SE.Total.SURVEY_LU1_3U412
0.000000,6.269759,SE.Total.SURVEY_LU1_3U413
  0.0000,100.5898,SE.Total.SURVEY_LU1_3U414
  3.409187,130.663825,SE.Total.SURVEY_LU1_3U415
 24.1604,520.7317,SE.Total.SURVEY_LU1_3U420
431.7705,522.0754,SE.Total.settlement0
 39.1870,309.5809,SE.Total.settlement1
0.0006642179,0.0052473828,SE.Total.settl_pc
430.8089,658.6996,SE.Total.fao_class_name0
 48.0919,352.5657,SE.Total.fao_class_name1
  0.0000,225.1045,SE.Total.fao_class_name2
  7.682112,525.979390,SE.Total.fao_class_name3
433.3369,585.3623,SE.Total.lue0
 13.42969,398.84331,SE.Total.lue1
431.9779,568.1062,SE.Total.lud0
 36.81391,372.84387,SE.Total.lud1
  9786.532,290584.321,CI.l(95%).Total.area
   35.05375,19099.77137,CI.l(95%).Total.SURVEY_LC1_1A
 9138.115,73929.013,CI.l(95%).Total.SURVEY_LC1_1B
   351.971,106866.016,CI.l(95%).Total.SURVEY_LC1_1C
    2.879182,18215.408169,CI.l(95%).Total.SURVEY_LC1_1D
   46.80679,49499.63783,CI.l(95%).Total.SURVEY_LC1_1E
    0.8335178,13305.1836564,CI.l(95%).Total.SURVEY_LC1_1F
   4.063797,4636.257346,CI.l(95%).Total.SURVEY_LC1_1G
  0.0000,467.9199,CI.l(95%).Total.SURVEY_LC1_1H
  9462.96,178110.34,CI.l(95%).Total.SURVEY_LU1_1U1
 -10.77355,1068.69520,CI.l(95%).Total.SURVEY_LU1_1U2
   54.84918,26057.15583,CI.l(95%).Total.SURVEY_LU1_1U3
  137.737,82711.453,CI.l(95%).Total.SURVEY_LU1_1U4
 -16.25061,6076.23955,CI.l(95%).Total.SURVEY_LC1_2A1
   22.6586,11556.9055,CI.l(95%).Total.SURVEY_LC1_2A2
  4.148976,416.789772,CI.l(95%).Total.SURVEY_LC1_2A3
    0.00,25712.59,CI.l(95%).Total.SURVEY_LC1_2B1
  0.0000,458.3584,CI.l(95%).Total.SURVEY_LC1_2B2
   0.000,3107.851,CI.l(95%).Total.SURVEY_LC1_2B3
   0.000,1746.659,CI.l(95%).Total.SURVEY_LC1_2B4
    0.00,11460.35,CI.l(95%).Total.SURVEY_LC1_2B5
   0.0,5022.2,CI.l(95%).Total.SURVEY_LC1_2B7
    0.00,22210.93,CI.l(95%).Total.SURVEY_LC1_2B8
9138.115,   0.000,CI.l(95%).Total.SURVEY_LC1_2Bx
   40.50086,82283.45427,CI.l(95%).Total.SURVEY_LC1_2C1
   99.15505,14128.07468,CI.l(95%).Total.SURVEY_LC1_2C2
 102.1065,9227.9684,CI.l(95%).Total.SURVEY_LC1_2C3
22.79916, 0.00000,CI.l(95%).Total.SURVEY_LC1_2Cx
   3.984187,7426.183704,CI.l(95%).Total.SURVEY_LC1_2D1
    2.391611,10453.481488,CI.l(95%).Total.SURVEY_LC1_2D2
-5.248164, 0.000000,CI.l(95%).Total.SURVEY_LC1_2Dx
  11.3397,8778.2351,CI.l(95%).Total.SURVEY_LC1_2E1
   12.1088,30786.1901,CI.l(95%).Total.SURVEY_LC1_2E2
   3.118883,8927.966434,CI.l(95%).Total.SURVEY_LC1_2E3
9.674385,0.000000,CI.l(95%).Total.SURVEY_LC1_2Ex
   0.000,5910.457,CI.l(95%).Total.SURVEY_LC1_2F1
  0.0000,164.9116,CI.l(95%).Total.SURVEY_LC1_2F2
0.0000000,0.3744178,CI.l(95%).Total.SURVEY_LC1_2F3
   0.8335178,6876.4558825,CI.l(95%).Total.SURVEY_LC1_2F4
   0.000,2128.367,CI.l(95%).Total.SURVEY_LC1_2G1
   4.063797,1839.283131,CI.l(95%).Total.SURVEY_LC1_2G2
 0.00000,40.88408,CI.l(95%).Total.SURVEY_LC1_2G3
 0.00000,36.18282,CI.l(95%).Total.SURVEY_LC1_2G4
  0.0000,307.4311,CI.l(95%).Total.SURVEY_LC1_2G5
  0.0000,292.6146,CI.l(95%).Total.SURVEY_LC1_2H1
  0.0000,171.8287,CI.l(95%).Total.SURVEY_LC1_2H2
  9160.413,112933.017,CI.l(95%).Total.SURVEY_LU1_2U11
  215.123,63688.417,CI.l(95%).Total.SURVEY_LU1_2U12
  0.0000,156.5911,CI.l(95%).Total.SURVEY_LU1_2U13
  4.159565,525.737742,CI.l(95%).Total.SURVEY_LU1_2U14
 0.00000,17.87902,CI.l(95%).Total.SURVEY_LU1_2U15
  0.0000,247.3001,CI.l(95%).Total.SURVEY_LU1_2U21
-10.77355,743.15017,CI.l(95%).Total.SURVEY_LU1_2U22
   0.8335178,9040.2623438,CI.l(95%).Total.SURVEY_LU1_2U31
  4.148976,336.945743,CI.l(95%).Total.SURVEY_LU1_2U32
-26.74525,167.46912,CI.l(95%).Total.SURVEY_LU1_2U33
   0.000,1078.587,CI.l(95%).Total.SURVEY_LU1_2U34
  4.262286,649.992276,CI.l(95%).Total.SURVEY_LU1_2U35
   0.000,2093.552,CI.l(95%).Total.SURVEY_LU1_2U36
   46.80918,10797.36838,CI.l(95%).Total.SURVEY_LU1_2U37
  15.99643,2505.56992,CI.l(95%).Total.SURVEY_LU1_2U41
  115.5278,79865.1225,CI.l(95%).Total.SURVEY_LU1_2U42
   0.000,5165.566,CI.l(95%).Total.SURVEY_LC1_3A11
  0.0000,166.0789,CI.l(95%).Total.SURVEY_LC1_3A12
  0.0000,378.6596,CI.l(95%).Total.SURVEY_LC1_3A13
-16.25061,  0.00000,CI.l(95%).Total.SURVEY_LC1_3A1x
   0.000,4821.644,CI.l(95%).Total.SURVEY_LC1_3A21
   0.00,6279.08,CI.l(95%).Total.SURVEY_LC1_3A22
22.6586, 0.0000,CI.l(95%).Total.SURVEY_LC1_3A2x
  0.0000,416.7898,CI.l(95%).Total.SURVEY_LC1_3A30
4.148976,0.000000,CI.l(95%).Total.SURVEY_LC1_3A3x
   0.000,5322.669,CI.l(95%).Total.SURVEY_LC1_3B11
   0.000,6124.738,CI.l(95%).Total.SURVEY_LC1_3B12
   0.000,1666.407,CI.l(95%).Total.SURVEY_LC1_3B13
  0.0000,475.0765,CI.l(95%).Total.SURVEY_LC1_3B15
   0.000,8255.201,CI.l(95%).Total.SURVEY_LC1_3B16
   0.000,1007.388,CI.l(95%).Total.SURVEY_LC1_3B17
  0.00000,-23.59659,CI.l(95%).Total.SURVEY_LC1_3B18
 0.00000,93.76302,CI.l(95%).Total.SURVEY_LC1_3B19
 0.00000,67.64382,CI.l(95%).Total.SURVEY_LC1_3B21
  0.000,152.722,CI.l(95%).Total.SURVEY_LC1_3B22
 0.00000,36.03862,CI.l(95%).Total.SURVEY_LC1_3B23
  0.0000,676.7733,CI.l(95%).Total.SURVEY_LC1_3B31
 0.00000,14.58171,CI.l(95%).Total.SURVEY_LC1_3B32
   0.000,1919.433,CI.l(95%).Total.SURVEY_LC1_3B33
 0.00000,11.83786,CI.l(95%).Total.SURVEY_LC1_3B35
 0.00000,19.00019,CI.l(95%).Total.SURVEY_LC1_3B36
 0.000000,-8.761102,CI.l(95%).Total.SURVEY_LC1_3B37
  0.0000,320.1785,CI.l(95%).Total.SURVEY_LC1_3B41
  0.000,308.388,CI.l(95%).Total.SURVEY_LC1_3B42
  0.0000,761.9531,CI.l(95%).Total.SURVEY_LC1_3B43
 0.000000,-3.658761,CI.l(95%).Total.SURVEY_LC1_3B44
0.000000,3.400614,CI.l(95%).Total.SURVEY_LC1_3B45
  0.0000,102.2835,CI.l(95%).Total.SURVEY_LC1_3B51
   0.000,5026.844,CI.l(95%).Total.SURVEY_LC1_3B52
  0.0000,694.6258,CI.l(95%).Total.SURVEY_LC1_3B53
   0.000,2259.183,CI.l(95%).Total.SURVEY_LC1_3B54
   0.000,2440.975,CI.l(95%).Total.SURVEY_LC1_3B55
  0.0000,396.8853,CI.l(95%).Total.SURVEY_LC1_3B71
  0.0000,131.2482,CI.l(95%).Total.SURVEY_LC1_3B72
 0.00000,88.47356,CI.l(95%).Total.SURVEY_LC1_3B73
   0.000,1859.471,CI.l(95%).Total.SURVEY_LC1_3B74
   0.000,1255.665,CI.l(95%).Total.SURVEY_LC1_3B75
 0.0000,97.4275,CI.l(95%).Total.SURVEY_LC1_3B76
 0.00000,41.83608,CI.l(95%).Total.SURVEY_LC1_3B77
    0.00,14713.47,CI.l(95%).Total.SURVEY_LC1_3B81
   0.00,6504.31,CI.l(95%).Total.SURVEY_LC1_3B82
 0.00000,57.02754,CI.l(95%).Total.SURVEY_LC1_3B83
0.000000,4.041191,CI.l(95%).Total.SURVEY_LC1_3B84
7129.894,   0.000,CI.l(95%).Total.SURVEY_LC1_3Bx1
1626.054,   0.000,CI.l(95%).Total.SURVEY_LC1_3Bx2
24.92885, 0.00000,CI.l(95%).Total.SURVEY_LC1_3Bxx
    0.00,82283.45,CI.l(95%).Total.SURVEY_LC1_3C10
40.50086, 0.00000,CI.l(95%).Total.SURVEY_LC1_3C1x
   0.000,5560.414,CI.l(95%).Total.SURVEY_LC1_3C21
   0.000,3869.135,CI.l(95%).Total.SURVEY_LC1_3C22
   0.000,4217.719,CI.l(95%).Total.SURVEY_LC1_3C23
99.15505, 0.00000,CI.l(95%).Total.SURVEY_LC1_3C2x
   0.00,1311.54,CI.l(95%).Total.SURVEY_LC1_3C31
   0.000,2333.454,CI.l(95%).Total.SURVEY_LC1_3C32
   0.000,5247.439,CI.l(95%).Total.SURVEY_LC1_3C33
102.1065,  0.0000,CI.l(95%).Total.SURVEY_LC1_3C3x
22.79916, 0.00000,CI.l(95%).Total.SURVEY_LC1_3Cxx
   0.000,7426.184,CI.l(95%).Total.SURVEY_LC1_3D10
3.984187,0.000000,CI.l(95%).Total.SURVEY_LC1_3D1x
    0.00,10453.48,CI.l(95%).Total.SURVEY_LC1_3D20
2.391611,0.000000,CI.l(95%).Total.SURVEY_LC1_3D2x
-5.248164, 0.000000,CI.l(95%).Total.SURVEY_LC1_3Dxx
   0.000,8778.235,CI.l(95%).Total.SURVEY_LC1_3E10
11.3397, 0.0000,CI.l(95%).Total.SURVEY_LC1_3E1x
    0.00,30786.19,CI.l(95%).Total.SURVEY_LC1_3E20
12.1088, 0.0000,CI.l(95%).Total.SURVEY_LC1_3E2x
   0.000,8927.966,CI.l(95%).Total.SURVEY_LC1_3E30
3.118883,0.000000,CI.l(95%).Total.SURVEY_LC1_3E3x
9.674385,0.000000,CI.l(95%).Total.SURVEY_LC1_3Exx
   0.000,5910.457,CI.l(95%).Total.SURVEY_LC1_3F10
  0.0000,164.9116,CI.l(95%).Total.SURVEY_LC1_3F20
0.0000000,0.3744178,CI.l(95%).Total.SURVEY_LC1_3F30
   0.000,6876.456,CI.l(95%).Total.SURVEY_LC1_3F40
0.8335178,0.0000000,CI.l(95%).Total.SURVEY_LC1_3F4x
   0.000,2049.113,CI.l(95%).Total.SURVEY_LC1_3G11
 0.00000,73.32862,CI.l(95%).Total.SURVEY_LC1_3G12
4.063797,0.000000,CI.l(95%).Total.SURVEY_LC1_3G20
   0.000,1835.177,CI.l(95%).Total.SURVEY_LC1_3G21
0.000000,4.106055,CI.l(95%).Total.SURVEY_LC1_3G22
 0.00000,40.88408,CI.l(95%).Total.SURVEY_LC1_3G30
 0.00000,36.18282,CI.l(95%).Total.SURVEY_LC1_3G40
  0.0000,307.4311,CI.l(95%).Total.SURVEY_LC1_3G50
  0.0000,280.5365,CI.l(95%).Total.SURVEY_LC1_3H11
 0.00000,12.07804,CI.l(95%).Total.SURVEY_LC1_3H12
 0.00000,90.49644,CI.l(95%).Total.SURVEY_LC1_3H21
 0.00000,81.33224,CI.l(95%).Total.SURVEY_LC1_3H22
  8878.782,103036.006,CI.l(95%).Total.SURVEY_LU1_3U111
 -37.47245,7594.95328,CI.l(95%).Total.SURVEY_LU1_3U112
 198.147,1079.100,CI.l(95%).Total.SURVEY_LU1_3U113
  215.123,63688.417,CI.l(95%).Total.SURVEY_LU1_3U120
  0.0000,156.5911,CI.l(95%).Total.SURVEY_LU1_3U130
  4.159565,525.737742,CI.l(95%).Total.SURVEY_LU1_3U140
 0.00000,17.87902,CI.l(95%).Total.SURVEY_LU1_3U150
  0.0000,247.3001,CI.l(95%).Total.SURVEY_LU1_3U210
 0.00000,18.24836,CI.l(95%).Total.SURVEY_LU1_3U221
0.000000,4.055687,CI.l(95%).Total.SURVEY_LU1_3U222
-10.77355, 29.74246,CI.l(95%).Total.SURVEY_LU1_3U223
 0.00000,85.54931,CI.l(95%).Total.SURVEY_LU1_3U224
 0.00000,14.27431,CI.l(95%).Total.SURVEY_LU1_3U225
 0.00000,79.88127,CI.l(95%).Total.SURVEY_LU1_3U226
 0.00000,19.75345,CI.l(95%).Total.SURVEY_LU1_3U227
0.000000,4.111732,CI.l(95%).Total.SURVEY_LU1_3U228
  0.0000,281.1994,CI.l(95%).Total.SURVEY_LU1_3U311
   0.8335178,6630.7471987,CI.l(95%).Total.SURVEY_LU1_3U312
  0.0000,714.7092,CI.l(95%).Total.SURVEY_LU1_3U313
  0.0000,136.4709,CI.l(95%).Total.SURVEY_LU1_3U314
  0.00000,-14.35966,CI.l(95%).Total.SURVEY_LU1_3U316
  0.000,370.345,CI.l(95%).Total.SURVEY_LU1_3U317
  0.0000,148.7959,CI.l(95%).Total.SURVEY_LU1_3U318
  0.0000,107.1025,CI.l(95%).Total.SURVEY_LU1_3U319
  4.148976,215.199950,CI.l(95%).Total.SURVEY_LU1_3U321
 0.00000,78.69747,CI.l(95%).Total.SURVEY_LU1_3U322
-26.74525,167.46912,CI.l(95%).Total.SURVEY_LU1_3U330
   0.000,1047.428,CI.l(95%).Total.SURVEY_LU1_3U341
 0.00000,13.37025,CI.l(95%).Total.SURVEY_LU1_3U342
  4.262286,649.992276,CI.l(95%).Total.SURVEY_LU1_3U350
   0.000,1482.954,CI.l(95%).Total.SURVEY_LU1_3U361
  0.0000,501.7302,CI.l(95%).Total.SURVEY_LU1_3U362
   46.80918,10797.36838,CI.l(95%).Total.SURVEY_LU1_3U370
  4.085317,172.864491,CI.l(95%).Total.SURVEY_LU1_3U411
 0.00000,53.79525,CI.l(95%).Total.SURVEY_LU1_3U412
 0.00000,17.63101,CI.l(95%).Total.SURVEY_LU1_3U413
  0.0000,310.2755,CI.l(95%).Total.SURVEY_LU1_3U414
  11.91111,1559.07418,CI.l(95%).Total.SURVEY_LU1_3U415
  115.5278,79865.1225,CI.l(95%).Total.SURVEY_LU1_3U420
  9647.245,262689.582,CI.l(95%).Total.settlement0
   65.95642,27117.13982,CI.l(95%).Total.settlement1
0.001117959,0.459634345,CI.l(95%).Total.settl_pc
  9405.814,159602.685,CI.l(95%).Total.fao_class_name0
   272.4468,100154.2577,CI.l(95%).Total.fao_class_name1
   0.00,6353.33,CI.l(95%).Total.fao_class_name2
    4.31522,21872.32475,CI.l(95%).Total.fao_class_name3
  9709.544,274026.947,CI.l(95%).Total.lue0
   51.07146,15480.78370,CI.l(95%).Total.lue1
  9720.072,277852.254,CI.l(95%).Total.lud0
   -2.626023,11740.256033,CI.l(95%).Total.lud1
 11485.99,292289.16,CI.u(95%).Total.area
  183.9432,20322.0316,CI.u(95%).Total.SURVEY_LC1_1A
10818.70,76733.64,CI.u(95%).Total.SURVEY_LC1_1B
   549.4162,108180.3573,CI.u(95%).Total.SURVEY_LC1_1C
   33.43864,19313.62324,CI.u(95%).Total.SURVEY_LC1_1D
   93.71885,51910.80973,CI.u(95%).Total.SURVEY_LC1_1E
    9.515289,15006.703769,CI.u(95%).Total.SURVEY_LC1_1F
   4.063797,4863.215220,CI.u(95%).Total.SURVEY_LC1_1G
  0.0000,523.8938,CI.u(95%).Total.SURVEY_LC1_1H
 11152.92,180879.65,CI.u(95%).Total.SURVEY_LU1_1U1
  42.53458,1642.93538,CI.u(95%).Total.SURVEY_LU1_1U2
  198.9128,27504.2971,CI.u(95%).Total.SURVEY_LU1_1U3
  233.3823,84898.9451,CI.u(95%).Total.SURVEY_LU1_1U4
 118.6716,7560.1207,CI.u(95%).Total.SURVEY_LC1_2A1
   85.61943,13075.28529,CI.u(95%).Total.SURVEY_LC1_2A2
  4.148976,736.462205,CI.u(95%).Total.SURVEY_LC1_2A3
    0.00,28405.78,CI.u(95%).Total.SURVEY_LC1_2B1
   0.000,1088.484,CI.u(95%).Total.SURVEY_LC1_2B2
   0.00,4429.72,CI.u(95%).Total.SURVEY_LC1_2B3
   0.000,2678.345,CI.u(95%).Total.SURVEY_LC1_2B4
    0.00,13414.38,CI.u(95%).Total.SURVEY_LC1_2B5
   0.000,6588.032,CI.u(95%).Total.SURVEY_LC1_2B7
    0.00,24338.97,CI.u(95%).Total.SURVEY_LC1_2B8
10818.7,    0.0,CI.u(95%).Total.SURVEY_LC1_2Bx
  111.2407,83977.7169,CI.u(95%).Total.SURVEY_LC1_2C1
  219.8611,15238.7657,CI.u(95%).Total.SURVEY_LC1_2C2
  232.4842,10190.3934,CI.u(95%).Total.SURVEY_LC1_2C3
73.23971, 0.00000,CI.u(95%).Total.SURVEY_LC1_2Cx
   3.984187,8321.733169,CI.u(95%).Total.SURVEY_LC1_2D1
    6.123419,11327.633044,CI.u(95%).Total.SURVEY_LC1_2D2
25.08259, 0.00000,CI.u(95%).Total.SURVEY_LC1_2Dx
  40.55774,9872.19337,CI.u(95%).Total.SURVEY_LC1_2E1
   12.1088,32535.2336,CI.u(95%).Total.SURVEY_LC1_2E2
    5.306017,10510.628975,CI.u(95%).Total.SURVEY_LC1_2E3
46.31131, 0.00000,CI.u(95%).Total.SURVEY_LC1_2Ex
   0.000,6735.187,CI.u(95%).Total.SURVEY_LC1_2F1
  0.0000,236.6281,CI.u(95%).Total.SURVEY_LC1_2F2
 0.00000,24.76072,CI.u(95%).Total.SURVEY_LC1_2F3
   9.515289,8363.112621,CI.u(95%).Total.SURVEY_LC1_2F4
   0.000,2507.194,CI.u(95%).Total.SURVEY_LC1_2G1
   4.063797,2195.014913,CI.u(95%).Total.SURVEY_LC1_2G2
 0.00000,40.88408,CI.u(95%).Total.SURVEY_LC1_2G3
 0.00000,36.18282,CI.u(95%).Total.SURVEY_LC1_2G4
  0.0000,368.0484,CI.u(95%).Total.SURVEY_LC1_2G5
  0.0000,348.0903,CI.u(95%).Total.SURVEY_LC1_2H1
  0.0000,179.2802,CI.u(95%).Total.SURVEY_LC1_2H2
 10841.25,115274.31,CI.u(95%).Total.SURVEY_LU1_2U11
  390.7787,65404.1621,CI.u(95%).Total.SURVEY_LU1_2U12
  0.0000,250.1297,CI.u(95%).Total.SURVEY_LU1_2U13
  4.159565,668.216391,CI.u(95%).Total.SURVEY_LU1_2U14
 0.00000,71.53822,CI.u(95%).Total.SURVEY_LU1_2U15
  0.0000,434.2441,CI.u(95%).Total.SURVEY_LU1_2U21
  42.53458,1286.93619,CI.u(95%).Total.SURVEY_LU1_2U22
    9.515289,10415.313097,CI.u(95%).Total.SURVEY_LU1_2U31
  4.148976,545.461300,CI.u(95%).Total.SURVEY_LU1_2U32
107.0742,530.9969,CI.u(95%).Total.SURVEY_LU1_2U33
   0.000,1706.234,CI.u(95%).Total.SURVEY_LU1_2U34
   4.262286,1187.238053,CI.u(95%).Total.SURVEY_LU1_2U35
   0.000,2765.291,CI.u(95%).Total.SURVEY_LU1_2U36
   99.4526,12246.7420,CI.u(95%).Total.SURVEY_LU1_2U37
  29.3602,3333.3526,CI.u(95%).Total.SURVEY_LU1_2U41
  210.2348,81906.3535,CI.u(95%).Total.SURVEY_LU1_2U42
   0.000,6582.478,CI.u(95%).Total.SURVEY_LC1_3A11
  0.0000,643.7757,CI.u(95%).Total.SURVEY_LC1_3A12
  0.0000,699.8014,CI.u(95%).Total.SURVEY_LC1_3A13
118.6716,  0.0000,CI.u(95%).Total.SURVEY_LC1_3A1x
   0.000,6038.745,CI.u(95%).Total.SURVEY_LC1_3A21
   0.000,7492.722,CI.u(95%).Total.SURVEY_LC1_3A22
85.61943, 0.00000,CI.u(95%).Total.SURVEY_LC1_3A2x
  0.0000,736.4622,CI.u(95%).Total.SURVEY_LC1_3A30
4.148976,0.000000,CI.u(95%).Total.SURVEY_LC1_3A3x
   0.000,7051.035,CI.u(95%).Total.SURVEY_LC1_3B11
   0.000,7634.241,CI.u(95%).Total.SURVEY_LC1_3B12
   0.000,2594.618,CI.u(95%).Total.SURVEY_LC1_3B13
  0.0000,806.8491,CI.u(95%).Total.SURVEY_LC1_3B15
    0.00,10276.94,CI.u(95%).Total.SURVEY_LC1_3B16
   0.000,1960.552,CI.u(95%).Total.SURVEY_LC1_3B17
  0.0000,388.5631,CI.u(95%).Total.SURVEY_LC1_3B18
  0.0000,483.9254,CI.u(95%).Total.SURVEY_LC1_3B19
  0.0000,421.0666,CI.u(95%).Total.SURVEY_LC1_3B21
  0.0000,641.2264,CI.u(95%).Total.SURVEY_LC1_3B22
  0.000,228.145,CI.u(95%).Total.SURVEY_LC1_3B23
   0.000,1386.912,CI.u(95%).Total.SURVEY_LC1_3B31
  0.0000,241.8627,CI.u(95%).Total.SURVEY_LC1_3B32
   0.000,3010.422,CI.u(95%).Total.SURVEY_LC1_3B33
 0.00000,11.83786,CI.u(95%).Total.SURVEY_LC1_3B35
 0.00000,84.79462,CI.u(95%).Total.SURVEY_LC1_3B36
  0.0000,168.8769,CI.u(95%).Total.SURVEY_LC1_3B37
  0.0000,751.5544,CI.u(95%).Total.SURVEY_LC1_3B41
  0.0000,889.1479,CI.u(95%).Total.SURVEY_LC1_3B42
   0.000,1356.274,CI.u(95%).Total.SURVEY_LC1_3B43
 0.00000,20.83268,CI.u(95%).Total.SURVEY_LC1_3B44
 0.0000,16.9325,CI.u(95%).Total.SURVEY_LC1_3B45
  0.0000,232.1149,CI.u(95%).Total.SURVEY_LC1_3B51
   0.00,6482.67,CI.u(95%).Total.SURVEY_LC1_3B52
   0.00,1056.63,CI.u(95%).Total.SURVEY_LC1_3B53
   0.000,3092.336,CI.u(95%).Total.SURVEY_LC1_3B54
   0.000,3487.066,CI.u(95%).Total.SURVEY_LC1_3B55
  0.0000,733.7875,CI.u(95%).Total.SURVEY_LC1_3B71
  0.0000,462.4654,CI.u(95%).Total.SURVEY_LC1_3B72
  0.0000,668.8505,CI.u(95%).Total.SURVEY_LC1_3B73
   0.000,2883.441,CI.u(95%).Total.SURVEY_LC1_3B74
   0.000,2224.665,CI.u(95%).Total.SURVEY_LC1_3B75
  0.0000,647.6626,CI.u(95%).Total.SURVEY_LC1_3B76
  0.0000,118.3535,CI.u(95%).Total.SURVEY_LC1_3B77
    0.00,16779.66,CI.u(95%).Total.SURVEY_LC1_3B81
   0.000,8090.049,CI.u(95%).Total.SURVEY_LC1_3B82
  0.0000,397.3044,CI.u(95%).Total.SURVEY_LC1_3B83
0.000000,4.041191,CI.u(95%).Total.SURVEY_LC1_3B84
8529.342,   0.000,CI.u(95%).Total.SURVEY_LC1_3Bx1
2564.386,   0.000,CI.u(95%).Total.SURVEY_LC1_3Bx2
82.21336, 0.00000,CI.u(95%).Total.SURVEY_LC1_3Bxx
    0.00,83977.72,CI.u(95%).Total.SURVEY_LC1_3C10
111.2407,  0.0000,CI.u(95%).Total.SURVEY_LC1_3C1x
   0.000,6181.457,CI.u(95%).Total.SURVEY_LC1_3C21
   0.00,4689.76,CI.u(95%).Total.SURVEY_LC1_3C22
   0.000,4848.356,CI.u(95%).Total.SURVEY_LC1_3C23
219.8611,  0.0000,CI.u(95%).Total.SURVEY_LC1_3C2x
   0.000,1627.621,CI.u(95%).Total.SURVEY_LC1_3C31
   0.000,2910.756,CI.u(95%).Total.SURVEY_LC1_3C32
   0.000,5987.552,CI.u(95%).Total.SURVEY_LC1_3C33
232.4842,  0.0000,CI.u(95%).Total.SURVEY_LC1_3C3x
73.23971, 0.00000,CI.u(95%).Total.SURVEY_LC1_3Cxx
   0.000,8321.733,CI.u(95%).Total.SURVEY_LC1_3D10
3.984187,0.000000,CI.u(95%).Total.SURVEY_LC1_3D1x
    0.00,11327.63,CI.u(95%).Total.SURVEY_LC1_3D20
6.123419,0.000000,CI.u(95%).Total.SURVEY_LC1_3D2x
25.08259, 0.00000,CI.u(95%).Total.SURVEY_LC1_3Dxx
   0.000,9872.193,CI.u(95%).Total.SURVEY_LC1_3E10
40.55774, 0.00000,CI.u(95%).Total.SURVEY_LC1_3E1x
    0.00,32535.23,CI.u(95%).Total.SURVEY_LC1_3E20
12.1088, 0.0000,CI.u(95%).Total.SURVEY_LC1_3E2x
    0.00,10510.63,CI.u(95%).Total.SURVEY_LC1_3E30
5.306017,0.000000,CI.u(95%).Total.SURVEY_LC1_3E3x
46.31131, 0.00000,CI.u(95%).Total.SURVEY_LC1_3Exx
   0.000,6735.187,CI.u(95%).Total.SURVEY_LC1_3F10
  0.0000,236.6281,CI.u(95%).Total.SURVEY_LC1_3F20
 0.00000,24.76072,CI.u(95%).Total.SURVEY_LC1_3F30
   0.000,8363.113,CI.u(95%).Total.SURVEY_LC1_3F40
9.515289,0.000000,CI.u(95%).Total.SURVEY_LC1_3F4x
   0.00,2428.12,CI.u(95%).Total.SURVEY_LC1_3G11
 0.00000,85.00012,CI.u(95%).Total.SURVEY_LC1_3G12
4.063797,0.000000,CI.u(95%).Total.SURVEY_LC1_3G20
   0.000,2190.909,CI.u(95%).Total.SURVEY_LC1_3G21
0.000000,4.106055,CI.u(95%).Total.SURVEY_LC1_3G22
 0.00000,40.88408,CI.u(95%).Total.SURVEY_LC1_3G30
 0.00000,36.18282,CI.u(95%).Total.SURVEY_LC1_3G40
  0.0000,368.0484,CI.u(95%).Total.SURVEY_LC1_3G50
  0.0000,336.0122,CI.u(95%).Total.SURVEY_LC1_3H11
 0.00000,12.07804,CI.u(95%).Total.SURVEY_LC1_3H12
 0.00000,97.94792,CI.u(95%).Total.SURVEY_LC1_3H21
 0.00000,81.33224,CI.u(95%).Total.SURVEY_LC1_3H22
 10554.59,105736.62,CI.u(95%).Total.SURVEY_LU1_3U111
 141.0354,9074.7993,CI.u(95%).Total.SURVEY_LU1_3U112
 266.5812,1685.8411,CI.u(95%).Total.SURVEY_LU1_3U113
  390.7787,65404.1621,CI.u(95%).Total.SURVEY_LU1_3U120
  0.0000,250.1297,CI.u(95%).Total.SURVEY_LU1_3U130
  4.159565,668.216391,CI.u(95%).Total.SURVEY_LU1_3U140
 0.00000,71.53822,CI.u(95%).Total.SURVEY_LU1_3U150
  0.0000,434.2441,CI.u(95%).Total.SURVEY_LU1_3U210
  0.0000,217.7598,CI.u(95%).Total.SURVEY_LU1_3U221
 0.00000,62.65435,CI.u(95%).Total.SURVEY_LU1_3U222
 42.53458,257.61304,CI.u(95%).Total.SURVEY_LU1_3U223
  0.0000,411.5262,CI.u(95%).Total.SURVEY_LU1_3U224
  0.0000,293.0897,CI.u(95%).Total.SURVEY_LU1_3U225
  0.0000,306.2852,CI.u(95%).Total.SURVEY_LU1_3U226
  0.0000,221.4298,CI.u(95%).Total.SURVEY_LU1_3U227
0.000000,4.111732,CI.u(95%).Total.SURVEY_LU1_3U228
  0.0000,588.5956,CI.u(95%).Total.SURVEY_LU1_3U311
   9.515289,7864.320294,CI.u(95%).Total.SURVEY_LU1_3U312
   0.000,1188.477,CI.u(95%).Total.SURVEY_LU1_3U313
  0.0000,198.0103,CI.u(95%).Total.SURVEY_LU1_3U314
 0.00000,53.45016,CI.u(95%).Total.SURVEY_LU1_3U316
  0.000,773.374,CI.u(95%).Total.SURVEY_LU1_3U317
  0.0000,219.5362,CI.u(95%).Total.SURVEY_LU1_3U318
  0.0000,194.8015,CI.u(95%).Total.SURVEY_LU1_3U319
  4.148976,369.010283,CI.u(95%).Total.SURVEY_LU1_3U321
  0.0000,219.4993,CI.u(95%).Total.SURVEY_LU1_3U322
107.0742,530.9969,CI.u(95%).Total.SURVEY_LU1_3U330
   0.000,1674.173,CI.u(95%).Total.SURVEY_LU1_3U341
 0.0000,49.8497,CI.u(95%).Total.SURVEY_LU1_3U342
   4.262286,1187.238053,CI.u(95%).Total.SURVEY_LU1_3U350
   0.00,2099.86,CI.u(95%).Total.SURVEY_LU1_3U361
  0.0000,774.2986,CI.u(95%).Total.SURVEY_LU1_3U362
   99.4526,12246.7420,CI.u(95%).Total.SURVEY_LU1_3U370
  4.085317,690.144662,CI.u(95%).Total.SURVEY_LU1_3U411
  0.0000,217.0823,CI.u(95%).Total.SURVEY_LU1_3U412
 0.00000,42.20801,CI.u(95%).Total.SURVEY_LU1_3U413
  0.0000,704.5802,CI.u(95%).Total.SURVEY_LU1_3U414
  25.27488,2071.26696,CI.u(95%).Total.SURVEY_LU1_3U415
  210.2348,81906.3535,CI.u(95%).Total.SURVEY_LU1_3U420
 11339.75,264736.08,CI.u(95%).Total.settlement0
  219.5666,28330.6746,CI.u(95%).Total.settlement1
0.003721645,0.480203707,CI.u(95%).Total.settl_pc
 11094.55,162184.74,CI.u(95%).Total.fao_class_name0
   460.9636,101536.2900,CI.u(95%).Total.fao_class_name1
   0.000,7235.724,CI.u(95%).Total.fao_class_name2
   34.42855,23934.12607,CI.u(95%).Total.fao_class_name3
 11408.19,276321.53,CI.u(95%).Total.lue0
  103.7149,17044.2207,CI.u(95%).Total.lue1
 11413.39,280079.19,CI.u(95%).Total.lud0
  141.6819,13201.7771,CI.u(95%).Total.lud1
0.040760897,0.001492313,CV.Total.area
0.3468788,0.0158190,CV.Total.SURVEY_LC1_1A
0.042965726,0.009497748,CV.Total.SURVEY_LC1_1B
0.111760193,0.003118372,CV.Total.SURVEY_LC1_1C
0.42931670,0.01493042,CV.Total.SURVEY_LC1_1D
0.17032596,0.01213102,CV.Total.SURVEY_LC1_1E
0.42802583,0.03066339,CV.Total.SURVEY_LC1_1F
0.00000000,0.01218983,CV.Total.SURVEY_LC1_1G
NA,0.02879437,CV.Total.SURVEY_LC1_1H
0.041824070,0.003935868,CV.Total.SURVEY_LU1_1U1
0.8563488,0.1080476,CV.Total.SURVEY_LU1_1U2
0.28965414,0.01378512,CV.Total.SURVEY_LU1_1U3
0.131492708,0.006658821,CV.Total.SURVEY_LU1_1U4
0.6721194,0.0555204,CV.Total.SURVEY_LC1_2A1
0.29667573,0.03145063,CV.Total.SURVEY_LC1_2A2
0.0000000,0.1414272,CV.Total.SURVEY_LC1_2A3
NA,0.02539068,CV.Total.SURVEY_LC1_2B1
NA,0.2078418,CV.Total.SURVEY_LC1_2B2
NA,0.08947646,CV.Total.SURVEY_LC1_2B3
NA,0.1074256,CV.Total.SURVEY_LC1_2B4
NA,0.04007975,CV.Total.SURVEY_LC1_2B5
NA,0.06881075,CV.Total.SURVEY_LC1_2B7
NA,0.02332449,CV.Total.SURVEY_LC1_2B8
0.04296573,NA,CV.Total.SURVEY_LC1_2Bx
0.237854464,0.005199263,CV.Total.SURVEY_LC1_2C1
0.19304932,0.01929692,CV.Total.SURVEY_LC1_2C2
0.19881141,0.02528752,CV.Total.SURVEY_LC1_2C3
0.2679691,NA,CV.Total.SURVEY_LC1_2Cx
0.00000000,0.02901472,CV.Total.SURVEY_LC1_2D1
0.22360680,0.02047663,CV.Total.SURVEY_LC1_2D2
0.7802172,NA,CV.Total.SURVEY_LC1_2Dx
0.28724796,0.02992705,CV.Total.SURVEY_LC1_2E1
0.00000000,0.01409295,CV.Total.SURVEY_LC1_2E2
0.13245324,0.04154085,CV.Total.SURVEY_LC1_2E3
0.3338826,NA,CV.Total.SURVEY_LC1_2Ex
NA,0.03327539,CV.Total.SURVEY_LC1_2F1
NA,0.09112607,CV.Total.SURVEY_LC1_2F2
NA,0.495013,CV.Total.SURVEY_LC1_2F3
0.42802583,0.04977256,CV.Total.SURVEY_LC1_2F4
NA,0.04169562,CV.Total.SURVEY_LC1_2G1
0.00000000,0.04498903,CV.Total.SURVEY_LC1_2G2
NA,  0,CV.Total.SURVEY_LC1_2G3
NA,  0,CV.Total.SURVEY_LC1_2G4
NA,0.0457864,CV.Total.SURVEY_LC1_2G5
NA,0.04417706,CV.Total.SURVEY_LC1_2H1
NA,0.01082811,CV.Total.SURVEY_LC1_2H2
0.042875614,0.005234527,CV.Total.SURVEY_LU1_2U11
0.147914982,0.006781149,CV.Total.SURVEY_LU1_2U12
NA,0.1173401,CV.Total.SURVEY_LU1_2U13
0.00000000,0.06088553,CV.Total.SURVEY_LU1_2U14
NA,0.3061786,CV.Total.SURVEY_LU1_2U15
NA,0.1399489,CV.Total.SURVEY_LU1_2U21
0.8563488,0.1366676,CV.Total.SURVEY_LU1_2U22
0.42802583,0.03606007,CV.Total.SURVEY_LU1_2U31
0.000000,0.120565,CV.Total.SURVEY_LU1_2U32
0.8499612,0.2655487,CV.Total.SURVEY_LU1_2U33
NA,0.1149926,CV.Total.SURVEY_LU1_2U34
0.0000000,0.1491974,CV.Total.SURVEY_LU1_2U35
NA,0.07053746,CV.Total.SURVEY_LU1_2U36
0.18363911,0.03209019,CV.Total.SURVEY_LU1_2U37
0.15032807,0.07233284,CV.Total.SURVEY_LU1_2U41
0.148331283,0.006437869,CV.Total.SURVEY_LU1_2U42
NA,0.061536,CV.Total.SURVEY_LC1_3A11
NA,0.300952,CV.Total.SURVEY_LC1_3A12
NA,0.1519303,CV.Total.SURVEY_LC1_3A13
0.6721194,NA,CV.Total.SURVEY_LC1_3A1x
NA,0.05717857,CV.Total.SURVEY_LC1_3A21
NA,0.04496263,CV.Total.SURVEY_LC1_3A22
0.2966757,NA,CV.Total.SURVEY_LC1_3A2x
NA,0.1414272,CV.Total.SURVEY_LC1_3A30
  0,NA,CV.Total.SURVEY_LC1_3A3x
NA,0.0712669,CV.Total.SURVEY_LC1_3B11
NA,0.05597572,CV.Total.SURVEY_LC1_3B12
NA,0.1111436,CV.Total.SURVEY_LC1_3B13
NA,0.1320473,CV.Total.SURVEY_LC1_3B15
NA,0.05566115,CV.Total.SURVEY_LC1_3B16
NA,0.1638567,CV.Total.SURVEY_LC1_3B17
NA,0.5761883,CV.Total.SURVEY_LC1_3B18
NA,0.3445908,CV.Total.SURVEY_LC1_3B19
NA,0.3689732,CV.Total.SURVEY_LC1_3B21
NA,0.3139266,CV.Total.SURVEY_LC1_3B22
NA,0.3710119,CV.Total.SURVEY_LC1_3B23
NA,0.1755705,CV.Total.SURVEY_LC1_3B31
NA,0.4521909,CV.Total.SURVEY_LC1_3B32
NA,0.1129114,CV.Total.SURVEY_LC1_3B33
NA,  0,CV.Total.SURVEY_LC1_3B35
NA,0.3234189,CV.Total.SURVEY_LC1_3B36
NA,0.5660484,CV.Total.SURVEY_LC1_3B37
NA,0.2053625,CV.Total.SURVEY_LC1_3B41
NA,0.2474344,CV.Total.SURVEY_LC1_3B42
NA,0.143153,CV.Total.SURVEY_LC1_3B43
NA,0.7276069,CV.Total.SURVEY_LC1_3B44
NA,0.3395521,CV.Total.SURVEY_LC1_3B45
NA,0.1980922,CV.Total.SURVEY_LC1_3B51
NA,0.06453635,CV.Total.SURVEY_LC1_3B52
NA,0.1054668,CV.Total.SURVEY_LC1_3B53
NA,0.07943275,CV.Total.SURVEY_LC1_3B54
NA,0.09003471,CV.Total.SURVEY_LC1_3B55
NA,0.1520264,CV.Total.SURVEY_LC1_3B71
NA,0.2846346,CV.Total.SURVEY_LC1_3B72
NA,0.3910032,CV.Total.SURVEY_LC1_3B73
NA,0.1101524,CV.Total.SURVEY_LC1_3B74
NA,0.1420546,CV.Total.SURVEY_LC1_3B75
NA,0.3767831,CV.Total.SURVEY_LC1_3B76
NA,0.2437126,CV.Total.SURVEY_LC1_3B77
NA,0.0334739,CV.Total.SURVEY_LC1_3B81
NA,0.05543688,CV.Total.SURVEY_LC1_3B82
NA,0.3821299,CV.Total.SURVEY_LC1_3B83
NA,  0,CV.Total.SURVEY_LC1_3B84
0.04559718,NA,CV.Total.SURVEY_LC1_3Bx1
0.114248,NA,CV.Total.SURVEY_LC1_3Bx2
0.27279,NA,CV.Total.SURVEY_LC1_3Bxx
NA,0.005199263,CV.Total.SURVEY_LC1_3C10
0.2378545,NA,CV.Total.SURVEY_LC1_3C1x
NA,0.02698584,CV.Total.SURVEY_LC1_3C21
NA,0.04891913,CV.Total.SURVEY_LC1_3C22
NA,0.03549049,CV.Total.SURVEY_LC1_3C23
0.1930493,NA,CV.Total.SURVEY_LC1_3C2x
NA,0.05486892,CV.Total.SURVEY_LC1_3C31
NA,0.05616615,CV.Total.SURVEY_LC1_3C32
NA,0.03361065,CV.Total.SURVEY_LC1_3C33
0.1988114,NA,CV.Total.SURVEY_LC1_3C3x
0.2679691,NA,CV.Total.SURVEY_LC1_3Cxx
NA,0.02901472,CV.Total.SURVEY_LC1_3D10
  0,NA,CV.Total.SURVEY_LC1_3D1x
NA,0.02047663,CV.Total.SURVEY_LC1_3D20
0.2236068,NA,CV.Total.SURVEY_LC1_3D2x
0.7802172,NA,CV.Total.SURVEY_LC1_3Dxx
NA,0.02992705,CV.Total.SURVEY_LC1_3E10
0.287248,NA,CV.Total.SURVEY_LC1_3E1x
NA,0.01409295,CV.Total.SURVEY_LC1_3E20
  0,NA,CV.Total.SURVEY_LC1_3E2x
NA,0.04154085,CV.Total.SURVEY_LC1_3E30
0.1324532,NA,CV.Total.SURVEY_LC1_3E3x
0.3338826,NA,CV.Total.SURVEY_LC1_3Exx
NA,0.03327539,CV.Total.SURVEY_LC1_3F10
NA,0.09112607,CV.Total.SURVEY_LC1_3F20
NA,0.495013,CV.Total.SURVEY_LC1_3F30
NA,0.04977256,CV.Total.SURVEY_LC1_3F40
0.4280258,NA,CV.Total.SURVEY_LC1_3F4x
NA,0.04319059,CV.Total.SURVEY_LC1_3G11
NA,0.03761133,CV.Total.SURVEY_LC1_3G12
  0,NA,CV.Total.SURVEY_LC1_3G20
NA,0.04508079,CV.Total.SURVEY_LC1_3G21
NA,  0,CV.Total.SURVEY_LC1_3G22
NA,  0,CV.Total.SURVEY_LC1_3G30
NA,  0,CV.Total.SURVEY_LC1_3G40
NA,0.0457864,CV.Total.SURVEY_LC1_3G50
NA,0.0459079,CV.Total.SURVEY_LC1_3H11
NA,  0,CV.Total.SURVEY_LC1_3H12
NA,0.0201749,CV.Total.SURVEY_LC1_3H21
NA,  0,CV.Total.SURVEY_LC1_3H22
0.043997425,0.006599961,CV.Total.SURVEY_LU1_3U111
0.87943708,0.04529385,CV.Total.SURVEY_LU1_3U112
0.07513228,0.11196168,CV.Total.SURVEY_LU1_3U113
0.147914982,0.006781149,CV.Total.SURVEY_LU1_3U120
NA,0.1173401,CV.Total.SURVEY_LU1_3U130
0.00000000,0.06088553,CV.Total.SURVEY_LU1_3U140
NA,0.3061786,CV.Total.SURVEY_LU1_3U150
NA,0.1399489,CV.Total.SURVEY_LU1_3U210
NA,0.4313131,CV.Total.SURVEY_LU1_3U221
NA,0.4481758,CV.Total.SURVEY_LU1_3U222
0.8563488,0.4045951,CV.Total.SURVEY_LU1_3U223
NA,0.3345926,CV.Total.SURVEY_LU1_3U224
NA,0.4628237,CV.Total.SURVEY_LU1_3U225
NA,0.299131,CV.Total.SURVEY_LU1_3U226
NA,0.4266382,CV.Total.SURVEY_LU1_3U227
NA,  0,CV.Total.SURVEY_LU1_3U228
NA,0.1803157,CV.Total.SURVEY_LU1_3U311
0.42802583,0.04342067,CV.Total.SURVEY_LU1_3U312
NA,0.1270095,CV.Total.SURVEY_LU1_3U313
NA,0.09387157,CV.Total.SURVEY_LU1_3U314
NA,0.8850612,CV.Total.SURVEY_LU1_3U316
NA,0.1797914,CV.Total.SURVEY_LU1_3U317
NA,0.09798944,CV.Total.SURVEY_LU1_3U318
NA,0.1482101,CV.Total.SURVEY_LU1_3U319
0.0000000,0.1343285,CV.Total.SURVEY_LU1_3U321
NA,0.2409114,CV.Total.SURVEY_LU1_3U322
0.8499612,0.2655487,CV.Total.SURVEY_LU1_3U330
NA,0.1174948,CV.Total.SURVEY_LU1_3U341
NA,0.2944055,CV.Total.SURVEY_LU1_3U342
0.0000000,0.1491974,CV.Total.SURVEY_LU1_3U350
NA,0.08785101,CV.Total.SURVEY_LU1_3U361
NA,0.1089851,CV.Total.SURVEY_LU1_3U362
0.18363911,0.03209019,CV.Total.SURVEY_LU1_3U370
0.0000000,0.3058175,CV.Total.SURVEY_LU1_3U411
NA,0.3075605,CV.Total.SURVEY_LU1_3U412
NA,0.2095542,CV.Total.SURVEY_LU1_3U413
NA,0.1982346,CV.Total.SURVEY_LU1_3U414
0.18335867,0.07198432,CV.Total.SURVEY_LU1_3U415
0.148331283,0.006437869,CV.Total.SURVEY_LU1_3U420
0.041146470,0.001979712,CV.Total.settlement0
0.27449270,0.01116657,CV.Total.settlement1
0.27449270,0.01116657,CV.Total.settl_pc
0.042029384,0.004094005,CV.Total.fao_class_name0
0.131145947,0.003496106,CV.Total.fao_class_name1
NA,0.03313027,CV.Total.fao_class_name2
0.3965599,0.0229653,CV.Total.fao_class_name3
0.041040086,0.002127242,CV.Total.lue0
0.17352553,0.02452533,CV.Total.lue1
0.040880934,0.002036473,CV.Total.lud0
0.52948388,0.02989683,CV.Total.lud1
