No,Yes,variable
 2340.562,35050.438,Total.area
   4.36294,6084.28055,Total.SURVEY_LC1_1A
2181.781,6078.445,Total.SURVEY_LC1_1B
 138.2093,5232.8087,Total.SURVEY_LC1_1C
  0.0000,688.2214,Total.SURVEY_LC1_1D
    3.822799,12523.542385,Total.SURVEY_LC1_1E
   7.957978,1435.977831,Total.SURVEY_LC1_1F
   4.427939,2631.337308,Total.SURVEY_LC1_1G
  0.000,375.825,Total.SURVEY_LC1_1H
 2293.721,20756.635,Total.SURVEY_LU1_1U1
  0.0000,321.1212,Total.SURVEY_LU1_1U2
   42.41275,11638.60205,Total.SURVEY_LU1_1U3
   4.427939,2334.079991,Total.SURVEY_LU1_1U4
   0.000,2011.903,Total.SURVEY_LC1_2A1
   0.000,3805.009,Total.SURVEY_LC1_2A2
  0.0000,267.3691,Total.SURVEY_LC1_2A3
4.36294,0.00000,Total.SURVEY_LC1_2Ax
   0.000,2300.156,Total.SURVEY_LC1_2B1
   0.000,1712.948,Total.SURVEY_LC1_2B2
  0.0000,122.3791,Total.SURVEY_LC1_2B3
  0.0000,456.7759,Total.SURVEY_LC1_2B4
   0.000,1169.324,Total.SURVEY_LC1_2B5
  0.0000,227.5971,Total.SURVEY_LC1_2B7
 0.00000,89.26529,Total.SURVEY_LC1_2B8
2181.781,   0.000,Total.SURVEY_LC1_2Bx
   0.000,3456.011,Total.SURVEY_LC1_2C1
 69.05699,776.09483,Total.SURVEY_LC1_2C2
  69.15235,1000.70277,Total.SURVEY_LC1_2C3
  0.0000,131.0646,Total.SURVEY_LC1_2D1
  0.0000,557.1568,Total.SURVEY_LC1_2D2
  0.0000,422.8589,Total.SURVEY_LC1_2E1
    3.822799,11739.188952,Total.SURVEY_LC1_2E2
  0.0000,361.4945,Total.SURVEY_LC1_2E3
  0.0000,161.3327,Total.SURVEY_LC1_2F2
   7.957978,1274.645138,Total.SURVEY_LC1_2F4
   0.000,1609.774,Total.SURVEY_LC1_2G1
  4.427939,971.811009,Total.SURVEY_LC1_2G2
 0.0000,41.7229,Total.SURVEY_LC1_2G3
0.000000,8.028986,Total.SURVEY_LC1_2G4
  0.0000,271.0915,Total.SURVEY_LC1_2H1
  0.0000,104.7335,Total.SURVEY_LC1_2H2
 2193.561,18238.657,Total.SURVEY_LU1_2U11
 100.1595,2486.5877,Total.SURVEY_LU1_2U12
 0.00000,13.47913,Total.SURVEY_LU1_2U13
 0.00000,17.91163,Total.SURVEY_LU1_2U14
 0.00000,45.68446,Total.SURVEY_LU1_2U21
  0.0000,275.4367,Total.SURVEY_LU1_2U22
   0.000,4308.521,Total.SURVEY_LU1_2U31
  0.0000,108.5073,Total.SURVEY_LU1_2U32
  0.000,216.998,Total.SURVEY_LU1_2U33
  0.0000,820.2652,Total.SURVEY_LU1_2U34
  3.814543,442.908439,Total.SURVEY_LU1_2U35
  34.23527,2734.17409,Total.SURVEY_LU1_2U36
   4.36294,3007.22813,Total.SURVEY_LU1_2U37
 0.00000,98.58632,Total.SURVEY_LU1_2U41
   4.427939,2235.493672,Total.SURVEY_LU1_2U42
   0.000,1470.102,Total.SURVEY_LC1_3A11
  0.0000,318.2763,Total.SURVEY_LC1_3A12
  0.0000,223.5242,Total.SURVEY_LC1_3A13
   0.0,1876.9,Total.SURVEY_LC1_3A21
   0.000,1928.109,Total.SURVEY_LC1_3A22
  0.0000,267.3691,Total.SURVEY_LC1_3A30
4.36294,0.00000,Total.SURVEY_LC1_3Axx
  0.0000,625.2595,Total.SURVEY_LC1_3B11
0.000000,3.978989,Total.SURVEY_LC1_3B12
  0.0000,140.8055,Total.SURVEY_LC1_3B13
 0.00000,36.51672,Total.SURVEY_LC1_3B14
0.000000,8.289671,Total.SURVEY_LC1_3B15
   0.000,1430.449,Total.SURVEY_LC1_3B16
 0.00000,15.85523,Total.SURVEY_LC1_3B18
 0.00000,39.00094,Total.SURVEY_LC1_3B19
  0.000,968.042,Total.SURVEY_LC1_3B21
  0.0000,486.1591,Total.SURVEY_LC1_3B22
  0.0000,258.7472,Total.SURVEY_LC1_3B23
0.000000,3.903829,Total.SURVEY_LC1_3B31
 0.00000,52.84783,Total.SURVEY_LC1_3B32
 0.00000,61.85335,Total.SURVEY_LC1_3B35
0.000000,3.774126,Total.SURVEY_LC1_3B37
 0.0000,19.2214,Total.SURVEY_LC1_3B41
  0.0000,271.7907,Total.SURVEY_LC1_3B43
  0.0000,150.7288,Total.SURVEY_LC1_3B44
 0.000,15.035,Total.SURVEY_LC1_3B45
 0.00000,42.36548,Total.SURVEY_LC1_3B51
 0.00000,30.26593,Total.SURVEY_LC1_3B52
 0.00000,69.69813,Total.SURVEY_LC1_3B53
 0.00000,11.45101,Total.SURVEY_LC1_3B54
   0.000,1015.543,Total.SURVEY_LC1_3B55
  0.0000,106.8637,Total.SURVEY_LC1_3B71
 0.00000,77.10721,Total.SURVEY_LC1_3B72
 0.00000,19.18736,Total.SURVEY_LC1_3B73
 0.00000,24.43883,Total.SURVEY_LC1_3B75
 0.00000,81.06225,Total.SURVEY_LC1_3B83
0.000000,8.203045,Total.SURVEY_LC1_3B84
2101.707,   0.000,Total.SURVEY_LC1_3Bx1
80.07351, 0.00000,Total.SURVEY_LC1_3Bx2
   0.000,3456.011,Total.SURVEY_LC1_3C10
  0.0000,178.2859,Total.SURVEY_LC1_3C21
  0.0000,499.1274,Total.SURVEY_LC1_3C22
 0.00000,98.68157,Total.SURVEY_LC1_3C23
69.05699, 0.00000,Total.SURVEY_LC1_3C2x
 0.00000,60.65095,Total.SURVEY_LC1_3C31
  0.0000,437.3369,Total.SURVEY_LC1_3C32
  0.0000,502.7149,Total.SURVEY_LC1_3C33
69.15235, 0.00000,Total.SURVEY_LC1_3C3x
  0.0000,131.0646,Total.SURVEY_LC1_3D10
  0.0000,557.1568,Total.SURVEY_LC1_3D20
  0.0000,422.8589,Total.SURVEY_LC1_3E10
    0.00,11739.19,Total.SURVEY_LC1_3E20
3.822799,0.000000,Total.SURVEY_LC1_3E2x
  0.0000,361.4945,Total.SURVEY_LC1_3E30
  0.0000,161.3327,Total.SURVEY_LC1_3F20
   0.000,1274.645,Total.SURVEY_LC1_3F40
7.957978,0.000000,Total.SURVEY_LC1_3F4x
   0.000,1565.486,Total.SURVEY_LC1_3G11
 0.00000,44.28802,Total.SURVEY_LC1_3G12
  0.0000,959.5996,Total.SURVEY_LC1_3G21
 0.00000,12.21137,Total.SURVEY_LC1_3G22
4.427939,0.000000,Total.SURVEY_LC1_3G2x
 0.0000,41.7229,Total.SURVEY_LC1_3G30
0.000000,8.028986,Total.SURVEY_LC1_3G40
  0.0000,250.9936,Total.SURVEY_LC1_3H11
 0.00000,20.09795,Total.SURVEY_LC1_3H12
 0.00000,62.25912,Total.SURVEY_LC1_3H21
 0.00000,42.47438,Total.SURVEY_LC1_3H23
 2181.955,18116.094,Total.SURVEY_LU1_3U111
 0.0000,62.9414,Total.SURVEY_LU1_3U112
11.60661,59.62097,Total.SURVEY_LU1_3U113
 100.1595,2486.5877,Total.SURVEY_LU1_3U120
 0.00000,13.47913,Total.SURVEY_LU1_3U130
 0.00000,17.91163,Total.SURVEY_LU1_3U140
 0.00000,45.68446,Total.SURVEY_LU1_3U210
 0.00000,46.38666,Total.SURVEY_LU1_3U221
0.000000,7.732735,Total.SURVEY_LU1_3U222
 0.00000,54.20426,Total.SURVEY_LU1_3U223
 0.00000,31.42801,Total.SURVEY_LU1_3U224
 0.00000,38.83278,Total.SURVEY_LU1_3U225
 0.00000,79.42062,Total.SURVEY_LU1_3U226
 0.00000,17.43165,Total.SURVEY_LU1_3U227
  0.0000,145.2795,Total.SURVEY_LU1_3U311
   0.00,2765.04,Total.SURVEY_LU1_3U312
  0.0000,772.6189,Total.SURVEY_LU1_3U313
 0.00000,53.51761,Total.SURVEY_LU1_3U314
0.000000,3.794297,Total.SURVEY_LU1_3U316
  0.0000,273.3034,Total.SURVEY_LU1_3U317
  0.0000,174.5484,Total.SURVEY_LU1_3U318
  0.000,120.419,Total.SURVEY_LU1_3U319
 0.00000,53.06796,Total.SURVEY_LU1_3U321
 0.0000,55.4393,Total.SURVEY_LU1_3U322
  0.000,216.998,Total.SURVEY_LU1_3U330
  0.0000,795.4528,Total.SURVEY_LU1_3U341
 0.00000,24.81238,Total.SURVEY_LU1_3U342
  3.814543,442.908439,Total.SURVEY_LU1_3U350
  34.23527,2368.48883,Total.SURVEY_LU1_3U361
  0.0000,365.6853,Total.SURVEY_LU1_3U362
   4.36294,3007.22813,Total.SURVEY_LU1_3U370
 0.00000,14.90412,Total.SURVEY_LU1_3U411
0.000000,7.702445,Total.SURVEY_LU1_3U414
 0.00000,75.97975,Total.SURVEY_LU1_3U415
   4.427939,2235.493672,Total.SURVEY_LU1_3U420
 2332.384,25469.119,Total.settlement0
   8.177483,9581.319310,Total.settlement1
0.000459118,0.537935140,Total.settl_pc
 2202.352,30949.671,Total.fao_class_name0
 103.9741,3024.2461,Total.fao_class_name1
 0.00000,87.74342,Total.fao_class_name2
 34.23527,988.77737,Total.fao_class_name3
 2298.149,28045.862,Total.lue0
  42.41275,7004.57588,Total.lue1
 2340.562,30077.379,Total.lud0
   0.000,4973.059,Total.lud1
46.57656,49.18003,SE.Total.area
 0.0000,49.1121,SE.Total.SURVEY_LC1_1A
 5.598402,15.980499,SE.Total.SURVEY_LC1_1B
46.23888,53.49944,SE.Total.SURVEY_LC1_1C
0.000000,7.569102,SE.Total.SURVEY_LC1_1D
 0.0000,42.7803,SE.Total.SURVEY_LC1_1E
 0.000,19.241,SE.Total.SURVEY_LC1_1F
0.000000,5.284023,SE.Total.SURVEY_LC1_1G
0.000000,4.698512,SE.Total.SURVEY_LC1_1H
35.09405,89.84948,SE.Total.SURVEY_LU1_1U1
 0.00000,19.10154,SE.Total.SURVEY_LU1_1U2
32.26708,87.91108,SE.Total.SURVEY_LU1_1U3
 0.00000,37.45815,SE.Total.SURVEY_LU1_1U4
 0.00000,77.98643,SE.Total.SURVEY_LC1_2A1
 0.00000,76.57294,SE.Total.SURVEY_LC1_2A2
 0.00000,16.47452,SE.Total.SURVEY_LC1_2A3
0,0,SE.Total.SURVEY_LC1_2Ax
 0.00000,15.62541,SE.Total.SURVEY_LC1_2B1
0,0,SE.Total.SURVEY_LC1_2B2
0,0,SE.Total.SURVEY_LC1_2B3
0,0,SE.Total.SURVEY_LC1_2B4
0.000000,2.306212,SE.Total.SURVEY_LC1_2B5
0.000000,1.638347,SE.Total.SURVEY_LC1_2B7
0.000000,1.922684,SE.Total.SURVEY_LC1_2B8
5.598402,0.000000,SE.Total.SURVEY_LC1_2Bx
 0.00000,72.51402,SE.Total.SURVEY_LC1_2C1
32.26708,80.00774,SE.Total.SURVEY_LC1_2C2
34.64463,79.74043,SE.Total.SURVEY_LC1_2C3
0,0,SE.Total.SURVEY_LC1_2D1
0.000000,7.569102,SE.Total.SURVEY_LC1_2D2
 0.00000,10.01576,SE.Total.SURVEY_LC1_2E1
 0.00000,43.29909,SE.Total.SURVEY_LC1_2E2
0.000000,5.314915,SE.Total.SURVEY_LC1_2E3
0.000000,7.706504,SE.Total.SURVEY_LC1_2F2
 0.00000,17.63025,SE.Total.SURVEY_LC1_2F4
 0.00000,26.59847,SE.Total.SURVEY_LC1_2G1
 0.00000,23.63323,SE.Total.SURVEY_LC1_2G2
 0.0000,15.3119,SE.Total.SURVEY_LC1_2G3
0,0,SE.Total.SURVEY_LC1_2G4
0.000000,3.469756,SE.Total.SURVEY_LC1_2H1
0.000000,3.168093,SE.Total.SURVEY_LC1_2H2
 5.598402,40.262124,SE.Total.SURVEY_LU1_2U11
34.64463,80.26116,SE.Total.SURVEY_LU1_2U12
0.000000,3.168093,SE.Total.SURVEY_LU1_2U13
0,0,SE.Total.SURVEY_LU1_2U14
0,0,SE.Total.SURVEY_LU1_2U21
 0.00000,19.10154,SE.Total.SURVEY_LU1_2U22
 0.0000,94.5676,SE.Total.SURVEY_LU1_2U31
 0.00000,11.25233,SE.Total.SURVEY_LU1_2U32
0.000000,8.673748,SE.Total.SURVEY_LU1_2U33
 0.00000,39.44334,SE.Total.SURVEY_LU1_2U34
 0.00000,44.34773,SE.Total.SURVEY_LU1_2U35
32.26708,82.06302,SE.Total.SURVEY_LU1_2U36
 0.00000,81.37793,SE.Total.SURVEY_LU1_2U37
0.000000,1.630864,SE.Total.SURVEY_LU1_2U41
 0.00000,37.42263,SE.Total.SURVEY_LU1_2U42
 0.00000,73.54867,SE.Total.SURVEY_LC1_3A11
 0.00000,46.40123,SE.Total.SURVEY_LC1_3A12
0.00000,9.68597,SE.Total.SURVEY_LC1_3A13
 0.00000,67.77263,SE.Total.SURVEY_LC1_3A21
 0.00000,67.69676,SE.Total.SURVEY_LC1_3A22
 0.00000,16.47452,SE.Total.SURVEY_LC1_3A30
0,0,SE.Total.SURVEY_LC1_3Axx
0,0,SE.Total.SURVEY_LC1_3B11
0,0,SE.Total.SURVEY_LC1_3B12
0,0,SE.Total.SURVEY_LC1_3B13
0,0,SE.Total.SURVEY_LC1_3B14
0,0,SE.Total.SURVEY_LC1_3B15
 0.00000,15.62541,SE.Total.SURVEY_LC1_3B16
0,0,SE.Total.SURVEY_LC1_3B18
0,0,SE.Total.SURVEY_LC1_3B19
0,0,SE.Total.SURVEY_LC1_3B21
0,0,SE.Total.SURVEY_LC1_3B22
0,0,SE.Total.SURVEY_LC1_3B23
0,0,SE.Total.SURVEY_LC1_3B31
0,0,SE.Total.SURVEY_LC1_3B32
0,0,SE.Total.SURVEY_LC1_3B35
0,0,SE.Total.SURVEY_LC1_3B37
0,0,SE.Total.SURVEY_LC1_3B41
0,0,SE.Total.SURVEY_LC1_3B43
0,0,SE.Total.SURVEY_LC1_3B44
0,0,SE.Total.SURVEY_LC1_3B45
0,0,SE.Total.SURVEY_LC1_3B51
0,0,SE.Total.SURVEY_LC1_3B52
0,0,SE.Total.SURVEY_LC1_3B53
0,0,SE.Total.SURVEY_LC1_3B54
0.000000,2.306212,SE.Total.SURVEY_LC1_3B55
0.000000,1.638347,SE.Total.SURVEY_LC1_3B71
0,0,SE.Total.SURVEY_LC1_3B72
0,0,SE.Total.SURVEY_LC1_3B73
0,0,SE.Total.SURVEY_LC1_3B75
0.000000,1.330417,SE.Total.SURVEY_LC1_3B83
0.000000,1.400547,SE.Total.SURVEY_LC1_3B84
5.598402,0.000000,SE.Total.SURVEY_LC1_3Bx1
0,0,SE.Total.SURVEY_LC1_3Bx2
 0.00000,72.51402,SE.Total.SURVEY_LC1_3C10
 0.0000,47.6093,SE.Total.SURVEY_LC1_3C21
 0.00000,73.56843,SE.Total.SURVEY_LC1_3C22
 0.00000,13.49597,SE.Total.SURVEY_LC1_3C23
32.26708, 0.00000,SE.Total.SURVEY_LC1_3C2x
0.000000,4.488734,SE.Total.SURVEY_LC1_3C31
 0.00000,59.65025,SE.Total.SURVEY_LC1_3C32
 0.00000,65.77921,SE.Total.SURVEY_LC1_3C33
34.64463, 0.00000,SE.Total.SURVEY_LC1_3C3x
0,0,SE.Total.SURVEY_LC1_3D10
0.000000,7.569102,SE.Total.SURVEY_LC1_3D20
 0.00000,10.01576,SE.Total.SURVEY_LC1_3E10
 0.00000,43.29909,SE.Total.SURVEY_LC1_3E20
0,0,SE.Total.SURVEY_LC1_3E2x
0.000000,5.314915,SE.Total.SURVEY_LC1_3E30
0.000000,7.706504,SE.Total.SURVEY_LC1_3F20
 0.00000,17.63025,SE.Total.SURVEY_LC1_3F40
0,0,SE.Total.SURVEY_LC1_3F4x
 0.00000,25.53932,SE.Total.SURVEY_LC1_3G11
0.000000,8.580738,SE.Total.SURVEY_LC1_3G12
 0.00000,21.93649,SE.Total.SURVEY_LC1_3G21
0.000000,9.970541,SE.Total.SURVEY_LC1_3G22
0,0,SE.Total.SURVEY_LC1_3G2x
 0.0000,15.3119,SE.Total.SURVEY_LC1_3G30
0,0,SE.Total.SURVEY_LC1_3G40
0.000000,3.469756,SE.Total.SURVEY_LC1_3H11
0,0,SE.Total.SURVEY_LC1_3H12
0,0,SE.Total.SURVEY_LC1_3H21
0.000000,3.168093,SE.Total.SURVEY_LC1_3H23
 5.598402,40.244260,SE.Total.SURVEY_LU1_3U111
0,0,SE.Total.SURVEY_LU1_3U112
0.000000,1.638347,SE.Total.SURVEY_LU1_3U113
34.64463,80.26116,SE.Total.SURVEY_LU1_3U120
0.000000,3.168093,SE.Total.SURVEY_LU1_3U130
0,0,SE.Total.SURVEY_LU1_3U140
0,0,SE.Total.SURVEY_LU1_3U210
0,0,SE.Total.SURVEY_LU1_3U221
0.000000,4.384049,SE.Total.SURVEY_LU1_3U222
0.00000,7.53816,SE.Total.SURVEY_LU1_3U223
0.000000,6.025299,SE.Total.SURVEY_LU1_3U224
0.000000,5.182229,SE.Total.SURVEY_LU1_3U225
 0.00000,15.78529,SE.Total.SURVEY_LU1_3U226
0.000000,4.384049,SE.Total.SURVEY_LU1_3U227
 0.00000,21.90528,SE.Total.SURVEY_LU1_3U311
 0.00000,77.66045,SE.Total.SURVEY_LU1_3U312
 0.00000,46.37955,SE.Total.SURVEY_LU1_3U313
0.000000,2.713652,SE.Total.SURVEY_LU1_3U314
0,0,SE.Total.SURVEY_LU1_3U316
 0.0000,20.5905,SE.Total.SURVEY_LU1_3U317
0.000000,1.874869,SE.Total.SURVEY_LU1_3U318
 0.00000,16.47452,SE.Total.SURVEY_LU1_3U319
 0.00000,10.17332,SE.Total.SURVEY_LU1_3U321
0.000000,4.808162,SE.Total.SURVEY_LU1_3U322
0.000000,8.673748,SE.Total.SURVEY_LU1_3U330
 0.00000,38.36461,SE.Total.SURVEY_LU1_3U341
 0.00000,10.41123,SE.Total.SURVEY_LU1_3U342
 0.00000,44.34773,SE.Total.SURVEY_LU1_3U350
32.26708,78.67140,SE.Total.SURVEY_LU1_3U361
 0.00000,24.17565,SE.Total.SURVEY_LU1_3U362
 0.00000,81.37793,SE.Total.SURVEY_LU1_3U370
0,0,SE.Total.SURVEY_LU1_3U411
0,0,SE.Total.SURVEY_LU1_3U414
0.000000,1.630864,SE.Total.SURVEY_LU1_3U415
 0.00000,37.42263,SE.Total.SURVEY_LU1_3U420
46.57656,74.39734,SE.Total.settlement0
 0.00000,68.04922,SE.Total.settlement1
0.000000000,0.003820566,SE.Total.settl_pc
 5.598402,24.076212,SE.Total.fao_class_name0
34.64463,77.42626,SE.Total.fao_class_name1
0,0,SE.Total.fao_class_name2
32.26708,71.13817,SE.Total.fao_class_name3
 35.09405,115.50346,SE.Total.lue0
 32.26708,113.20201,SE.Total.lue1
 46.57656,105.62584,SE.Total.lud0
 0.00000,94.67914,SE.Total.lud1
 2249.273,34954.047,CI.l(95%).Total.area
   4.36294,5988.02261,CI.l(95%).Total.SURVEY_LC1_1A
2170.808,6047.124,CI.l(95%).Total.SURVEY_LC1_1B
  47.5828,5127.9517,CI.l(95%).Total.SURVEY_LC1_1C
  0.0000,673.3863,CI.l(95%).Total.SURVEY_LC1_1D
    3.822799,12439.694533,CI.l(95%).Total.SURVEY_LC1_1E
   7.957978,1398.266172,CI.l(95%).Total.SURVEY_LC1_1F
   4.427939,2620.980814,CI.l(95%).Total.SURVEY_LC1_1G
  0.0000,366.6161,CI.l(95%).Total.SURVEY_LC1_1H
 2224.938,20580.533,CI.l(95%).Total.SURVEY_LU1_1U1
  0.0000,283.6828,CI.l(95%).Total.SURVEY_LU1_1U2
  -20.82956,11466.29950,CI.l(95%).Total.SURVEY_LU1_1U3
   4.427939,2260.663369,CI.l(95%).Total.SURVEY_LU1_1U4
   0.000,1859.052,CI.l(95%).Total.SURVEY_LC1_2A1
   0.000,3654.929,CI.l(95%).Total.SURVEY_LC1_2A2
  0.0000,235.0797,CI.l(95%).Total.SURVEY_LC1_2A3
4.36294,0.00000,CI.l(95%).Total.SURVEY_LC1_2Ax
   0.00,2269.53,CI.l(95%).Total.SURVEY_LC1_2B1
   0.000,1712.948,CI.l(95%).Total.SURVEY_LC1_2B2
  0.0000,122.3791,CI.l(95%).Total.SURVEY_LC1_2B3
  0.0000,456.7759,CI.l(95%).Total.SURVEY_LC1_2B4
   0.000,1164.804,CI.l(95%).Total.SURVEY_LC1_2B5
  0.000,224.386,CI.l(95%).Total.SURVEY_LC1_2B7
 0.0000,85.4969,CI.l(95%).Total.SURVEY_LC1_2B8
2170.808,   0.000,CI.l(95%).Total.SURVEY_LC1_2Bx
   0.000,3313.886,CI.l(95%).Total.SURVEY_LC1_2C1
  5.814678,619.282545,CI.l(95%).Total.SURVEY_LC1_2C2
  1.250123,844.414398,CI.l(95%).Total.SURVEY_LC1_2C3
  0.0000,131.0646,CI.l(95%).Total.SURVEY_LC1_2D1
  0.0000,542.3216,CI.l(95%).Total.SURVEY_LC1_2D2
  0.0000,403.2284,CI.l(95%).Total.SURVEY_LC1_2E1
    3.822799,11654.324301,CI.l(95%).Total.SURVEY_LC1_2E2
  0.0000,351.0775,CI.l(95%).Total.SURVEY_LC1_2E3
  0.0000,146.2282,CI.l(95%).Total.SURVEY_LC1_2F2
   7.957978,1240.090482,CI.l(95%).Total.SURVEY_LC1_2F4
   0.000,1557.642,CI.l(95%).Total.SURVEY_LC1_2G1
  4.427939,925.490727,CI.l(95%).Total.SURVEY_LC1_2G2
 0.00000,11.71214,CI.l(95%).Total.SURVEY_LC1_2G3
0.000000,8.028986,CI.l(95%).Total.SURVEY_LC1_2G4
  0.0000,264.2909,CI.l(95%).Total.SURVEY_LC1_2H1
 0.00000,98.52415,CI.l(95%).Total.SURVEY_LC1_2H2
 2182.589,18159.744,CI.l(95%).Total.SURVEY_LU1_2U11
  32.2573,2329.2788,CI.l(95%).Total.SURVEY_LU1_2U12
0.000000,7.269781,CI.l(95%).Total.SURVEY_LU1_2U13
 0.00000,17.91163,CI.l(95%).Total.SURVEY_LU1_2U14
 0.00000,45.68446,CI.l(95%).Total.SURVEY_LU1_2U21
  0.0000,237.9984,CI.l(95%).Total.SURVEY_LU1_2U22
   0.000,4123.172,CI.l(95%).Total.SURVEY_LU1_2U31
 0.0000,86.4531,CI.l(95%).Total.SURVEY_LU1_2U32
  0.0000,199.9978,CI.l(95%).Total.SURVEY_LU1_2U33
  0.0000,742.9577,CI.l(95%).Total.SURVEY_LU1_2U34
  3.814543,355.988481,CI.l(95%).Total.SURVEY_LU1_2U35
 -29.00705,2573.33353,CI.l(95%).Total.SURVEY_LU1_2U36
   4.36294,2847.73032,CI.l(95%).Total.SURVEY_LU1_2U37
 0.00000,95.38988,CI.l(95%).Total.SURVEY_LU1_2U41
   4.427939,2162.146667,CI.l(95%).Total.SURVEY_LU1_2U42
   0.000,1325.949,CI.l(95%).Total.SURVEY_LC1_3A11
  0.0000,227.3316,CI.l(95%).Total.SURVEY_LC1_3A12
  0.00,204.54,CI.l(95%).Total.SURVEY_LC1_3A13
   0.000,1744.068,CI.l(95%).Total.SURVEY_LC1_3A21
   0.000,1795.425,CI.l(95%).Total.SURVEY_LC1_3A22
  0.0000,235.0797,CI.l(95%).Total.SURVEY_LC1_3A30
4.36294,0.00000,CI.l(95%).Total.SURVEY_LC1_3Axx
  0.0000,625.2595,CI.l(95%).Total.SURVEY_LC1_3B11
0.000000,3.978989,CI.l(95%).Total.SURVEY_LC1_3B12
  0.0000,140.8055,CI.l(95%).Total.SURVEY_LC1_3B13
 0.00000,36.51672,CI.l(95%).Total.SURVEY_LC1_3B14
0.000000,8.289671,CI.l(95%).Total.SURVEY_LC1_3B15
   0.000,1399.824,CI.l(95%).Total.SURVEY_LC1_3B16
 0.00000,15.85523,CI.l(95%).Total.SURVEY_LC1_3B18
 0.00000,39.00094,CI.l(95%).Total.SURVEY_LC1_3B19
  0.000,968.042,CI.l(95%).Total.SURVEY_LC1_3B21
  0.0000,486.1591,CI.l(95%).Total.SURVEY_LC1_3B22
  0.0000,258.7472,CI.l(95%).Total.SURVEY_LC1_3B23
0.000000,3.903829,CI.l(95%).Total.SURVEY_LC1_3B31
 0.00000,52.84783,CI.l(95%).Total.SURVEY_LC1_3B32
 0.00000,61.85335,CI.l(95%).Total.SURVEY_LC1_3B35
0.000000,3.774126,CI.l(95%).Total.SURVEY_LC1_3B37
 0.0000,19.2214,CI.l(95%).Total.SURVEY_LC1_3B41
  0.0000,271.7907,CI.l(95%).Total.SURVEY_LC1_3B43
  0.0000,150.7288,CI.l(95%).Total.SURVEY_LC1_3B44
 0.000,15.035,CI.l(95%).Total.SURVEY_LC1_3B45
 0.00000,42.36548,CI.l(95%).Total.SURVEY_LC1_3B51
 0.00000,30.26593,CI.l(95%).Total.SURVEY_LC1_3B52
 0.00000,69.69813,CI.l(95%).Total.SURVEY_LC1_3B53
 0.00000,11.45101,CI.l(95%).Total.SURVEY_LC1_3B54
   0.000,1011.023,CI.l(95%).Total.SURVEY_LC1_3B55
  0.0000,103.6526,CI.l(95%).Total.SURVEY_LC1_3B71
 0.00000,77.10721,CI.l(95%).Total.SURVEY_LC1_3B72
 0.00000,19.18736,CI.l(95%).Total.SURVEY_LC1_3B73
 0.00000,24.43883,CI.l(95%).Total.SURVEY_LC1_3B75
 0.00000,78.45468,CI.l(95%).Total.SURVEY_LC1_3B83
0.000000,5.458023,CI.l(95%).Total.SURVEY_LC1_3B84
2090.734,   0.000,CI.l(95%).Total.SURVEY_LC1_3Bx1
80.07351, 0.00000,CI.l(95%).Total.SURVEY_LC1_3Bx2
   0.000,3313.886,CI.l(95%).Total.SURVEY_LC1_3C10
 0.00000,84.97335,CI.l(95%).Total.SURVEY_LC1_3C21
  0.0000,354.9359,CI.l(95%).Total.SURVEY_LC1_3C22
 0.00000,72.22996,CI.l(95%).Total.SURVEY_LC1_3C23
5.814678,0.000000,CI.l(95%).Total.SURVEY_LC1_3C2x
 0.00000,51.85319,CI.l(95%).Total.SURVEY_LC1_3C31
  0.0000,320.4245,CI.l(95%).Total.SURVEY_LC1_3C32
  0.0000,373.7901,CI.l(95%).Total.SURVEY_LC1_3C33
1.250123,0.000000,CI.l(95%).Total.SURVEY_LC1_3C3x
  0.0000,131.0646,CI.l(95%).Total.SURVEY_LC1_3D10
  0.0000,542.3216,CI.l(95%).Total.SURVEY_LC1_3D20
  0.0000,403.2284,CI.l(95%).Total.SURVEY_LC1_3E10
    0.00,11654.32,CI.l(95%).Total.SURVEY_LC1_3E20
3.822799,0.000000,CI.l(95%).Total.SURVEY_LC1_3E2x
  0.0000,351.0775,CI.l(95%).Total.SURVEY_LC1_3E30
  0.0000,146.2282,CI.l(95%).Total.SURVEY_LC1_3F20
   0.00,1240.09,CI.l(95%).Total.SURVEY_LC1_3F40
7.957978,0.000000,CI.l(95%).Total.SURVEY_LC1_3F4x
   0.00,1515.43,CI.l(95%).Total.SURVEY_LC1_3G11
 0.00000,27.47009,CI.l(95%).Total.SURVEY_LC1_3G12
  0.0000,916.6049,CI.l(95%).Total.SURVEY_LC1_3G21
 0.000000,-7.330533,CI.l(95%).Total.SURVEY_LC1_3G22
4.427939,0.000000,CI.l(95%).Total.SURVEY_LC1_3G2x
 0.00000,11.71214,CI.l(95%).Total.SURVEY_LC1_3G30
0.000000,8.028986,CI.l(95%).Total.SURVEY_LC1_3G40
  0.000,244.193,CI.l(95%).Total.SURVEY_LC1_3H11
 0.00000,20.09795,CI.l(95%).Total.SURVEY_LC1_3H12
 0.00000,62.25912,CI.l(95%).Total.SURVEY_LC1_3H21
 0.00000,36.26503,CI.l(95%).Total.SURVEY_LC1_3H23
 2170.982,18037.217,CI.l(95%).Total.SURVEY_LU1_3U111
 0.0000,62.9414,CI.l(95%).Total.SURVEY_LU1_3U112
11.60661,56.40987,CI.l(95%).Total.SURVEY_LU1_3U113
  32.2573,2329.2788,CI.l(95%).Total.SURVEY_LU1_3U120
0.000000,7.269781,CI.l(95%).Total.SURVEY_LU1_3U130
 0.00000,17.91163,CI.l(95%).Total.SURVEY_LU1_3U140
 0.00000,45.68446,CI.l(95%).Total.SURVEY_LU1_3U210
 0.00000,46.38666,CI.l(95%).Total.SURVEY_LU1_3U221
 0.0000000,-0.8598425,CI.l(95%).Total.SURVEY_LU1_3U222
 0.00000,39.42974,CI.l(95%).Total.SURVEY_LU1_3U223
 0.00000,19.61864,CI.l(95%).Total.SURVEY_LU1_3U224
 0.0000,28.6758,CI.l(95%).Total.SURVEY_LU1_3U225
 0.00000,48.48203,CI.l(95%).Total.SURVEY_LU1_3U226
0.000000,8.839068,CI.l(95%).Total.SURVEY_LU1_3U227
  0.0000,102.3459,CI.l(95%).Total.SURVEY_LU1_3U311
   0.000,2612.828,CI.l(95%).Total.SURVEY_LU1_3U312
  0.0000,681.7167,CI.l(95%).Total.SURVEY_LU1_3U313
 0.00000,48.19895,CI.l(95%).Total.SURVEY_LU1_3U314
0.000000,3.794297,CI.l(95%).Total.SURVEY_LU1_3U316
  0.0000,232.9468,CI.l(95%).Total.SURVEY_LU1_3U317
  0.0000,170.8737,CI.l(95%).Total.SURVEY_LU1_3U318
 0.00000,88.12955,CI.l(95%).Total.SURVEY_LU1_3U319
 0.00000,33.12861,CI.l(95%).Total.SURVEY_LU1_3U321
 0.00000,46.01548,CI.l(95%).Total.SURVEY_LU1_3U322
  0.0000,199.9978,CI.l(95%).Total.SURVEY_LU1_3U330
  0.0000,720.2596,CI.l(95%).Total.SURVEY_LU1_3U341
0.000000,4.406733,CI.l(95%).Total.SURVEY_LU1_3U342
  3.814543,355.988481,CI.l(95%).Total.SURVEY_LU1_3U350
 -29.00705,2214.29572,CI.l(95%).Total.SURVEY_LU1_3U361
  0.0000,318.3019,CI.l(95%).Total.SURVEY_LU1_3U362
   4.36294,2847.73032,CI.l(95%).Total.SURVEY_LU1_3U370
 0.00000,14.90412,CI.l(95%).Total.SURVEY_LU1_3U411
0.000000,7.702445,CI.l(95%).Total.SURVEY_LU1_3U414
 0.00000,72.78331,CI.l(95%).Total.SURVEY_LU1_3U415
   4.427939,2162.146667,CI.l(95%).Total.SURVEY_LU1_3U420
 2241.096,25323.303,CI.l(95%).Total.settlement0
   8.177483,9447.945297,CI.l(95%).Total.settlement1
0.000459118,0.530446967,CI.l(95%).Total.settl_pc
 2191.38,30902.48,CI.l(95%).Total.fao_class_name0
  36.07185,2872.49346,CI.l(95%).Total.fao_class_name1
 0.00000,87.74342,CI.l(95%).Total.fao_class_name2
-29.00705,849.34913,CI.l(95%).Total.fao_class_name3
 2229.366,27819.480,CI.l(95%).Total.lue0
 -20.82956,6782.70401,CI.l(95%).Total.lue1
 2249.273,29870.357,CI.l(95%).Total.lud0
   0.000,4787.491,CI.l(95%).Total.lud1
 2431.85,35146.83,CI.u(95%).Total.area
   4.36294,6180.53850,CI.u(95%).Total.SURVEY_LC1_1A
2192.753,6109.766,CI.u(95%).Total.SURVEY_LC1_1B
 228.8359,5337.6657,CI.u(95%).Total.SURVEY_LC1_1C
  0.0000,703.0566,CI.u(95%).Total.SURVEY_LC1_1D
    3.822799,12607.390237,CI.u(95%).Total.SURVEY_LC1_1E
   7.957978,1473.689491,CI.u(95%).Total.SURVEY_LC1_1F
   4.427939,2641.693803,CI.u(95%).Total.SURVEY_LC1_1G
  0.0000,385.0339,CI.u(95%).Total.SURVEY_LC1_1H
 2362.504,20932.737,CI.u(95%).Total.SURVEY_LU1_1U1
  0.0000,358.5595,CI.u(95%).Total.SURVEY_LU1_1U2
  105.6551,11810.9046,CI.u(95%).Total.SURVEY_LU1_1U3
   4.427939,2407.496614,CI.u(95%).Total.SURVEY_LU1_1U4
   0.000,2164.753,CI.u(95%).Total.SURVEY_LC1_2A1
   0.000,3955.089,CI.u(95%).Total.SURVEY_LC1_2A2
  0.0000,299.6586,CI.u(95%).Total.SURVEY_LC1_2A3
4.36294,0.00000,CI.u(95%).Total.SURVEY_LC1_2Ax
   0.000,2330.781,CI.u(95%).Total.SURVEY_LC1_2B1
   0.000,1712.948,CI.u(95%).Total.SURVEY_LC1_2B2
  0.0000,122.3791,CI.u(95%).Total.SURVEY_LC1_2B3
  0.0000,456.7759,CI.u(95%).Total.SURVEY_LC1_2B4
   0.000,1173.844,CI.u(95%).Total.SURVEY_LC1_2B5
  0.0000,230.8082,CI.u(95%).Total.SURVEY_LC1_2B7
 0.00000,93.03368,CI.u(95%).Total.SURVEY_LC1_2B8
2192.753,   0.000,CI.u(95%).Total.SURVEY_LC1_2Bx
   0.000,3598.136,CI.u(95%).Total.SURVEY_LC1_2C1
132.2993,932.9071,CI.u(95%).Total.SURVEY_LC1_2C2
 137.0546,1156.9911,CI.u(95%).Total.SURVEY_LC1_2C3
  0.0000,131.0646,CI.u(95%).Total.SURVEY_LC1_2D1
  0.000,571.992,CI.u(95%).Total.SURVEY_LC1_2D2
  0.0000,442.4895,CI.u(95%).Total.SURVEY_LC1_2E1
    3.822799,11824.053603,CI.u(95%).Total.SURVEY_LC1_2E2
  0.0000,371.9116,CI.u(95%).Total.SURVEY_LC1_2E3
  0.0000,176.4372,CI.u(95%).Total.SURVEY_LC1_2F2
   7.957978,1309.199794,CI.u(95%).Total.SURVEY_LC1_2F4
   0.000,1661.906,CI.u(95%).Total.SURVEY_LC1_2G1
   4.427939,1018.131291,CI.u(95%).Total.SURVEY_LC1_2G2
 0.00000,71.73367,CI.u(95%).Total.SURVEY_LC1_2G3
0.000000,8.028986,CI.u(95%).Total.SURVEY_LC1_2G4
  0.0000,277.8921,CI.u(95%).Total.SURVEY_LC1_2H1
  0.0000,110.9428,CI.u(95%).Total.SURVEY_LC1_2H2
 2204.534,18317.569,CI.u(95%).Total.SURVEY_LU1_2U11
 168.0618,2643.8967,CI.u(95%).Total.SURVEY_LU1_2U12
 0.00000,19.68848,CI.u(95%).Total.SURVEY_LU1_2U13
 0.00000,17.91163,CI.u(95%).Total.SURVEY_LU1_2U14
 0.00000,45.68446,CI.u(95%).Total.SURVEY_LU1_2U21
  0.0000,312.8751,CI.u(95%).Total.SURVEY_LU1_2U22
   0.00,4493.87,CI.u(95%).Total.SURVEY_LU1_2U31
  0.0000,130.5614,CI.u(95%).Total.SURVEY_LU1_2U32
  0.0000,233.9983,CI.u(95%).Total.SURVEY_LU1_2U33
  0.0000,897.5727,CI.u(95%).Total.SURVEY_LU1_2U34
  3.814543,529.828398,CI.u(95%).Total.SURVEY_LU1_2U35
  97.47759,2895.01465,CI.u(95%).Total.SURVEY_LU1_2U36
   4.36294,3166.72593,CI.u(95%).Total.SURVEY_LU1_2U37
  0.0000,101.7828,CI.u(95%).Total.SURVEY_LU1_2U41
   4.427939,2308.840678,CI.u(95%).Total.SURVEY_LU1_2U42
   0.000,1614.255,CI.u(95%).Total.SURVEY_LC1_3A11
  0.0000,409.2211,CI.u(95%).Total.SURVEY_LC1_3A12
  0.0000,242.5083,CI.u(95%).Total.SURVEY_LC1_3A13
   0.000,2009.732,CI.u(95%).Total.SURVEY_LC1_3A21
   0.000,2060.792,CI.u(95%).Total.SURVEY_LC1_3A22
  0.0000,299.6586,CI.u(95%).Total.SURVEY_LC1_3A30
4.36294,0.00000,CI.u(95%).Total.SURVEY_LC1_3Axx
  0.0000,625.2595,CI.u(95%).Total.SURVEY_LC1_3B11
0.000000,3.978989,CI.u(95%).Total.SURVEY_LC1_3B12
  0.0000,140.8055,CI.u(95%).Total.SURVEY_LC1_3B13
 0.00000,36.51672,CI.u(95%).Total.SURVEY_LC1_3B14
0.000000,8.289671,CI.u(95%).Total.SURVEY_LC1_3B15
   0.000,1461.074,CI.u(95%).Total.SURVEY_LC1_3B16
 0.00000,15.85523,CI.u(95%).Total.SURVEY_LC1_3B18
 0.00000,39.00094,CI.u(95%).Total.SURVEY_LC1_3B19
  0.000,968.042,CI.u(95%).Total.SURVEY_LC1_3B21
  0.0000,486.1591,CI.u(95%).Total.SURVEY_LC1_3B22
  0.0000,258.7472,CI.u(95%).Total.SURVEY_LC1_3B23
0.000000,3.903829,CI.u(95%).Total.SURVEY_LC1_3B31
 0.00000,52.84783,CI.u(95%).Total.SURVEY_LC1_3B32
 0.00000,61.85335,CI.u(95%).Total.SURVEY_LC1_3B35
0.000000,3.774126,CI.u(95%).Total.SURVEY_LC1_3B37
 0.0000,19.2214,CI.u(95%).Total.SURVEY_LC1_3B41
  0.0000,271.7907,CI.u(95%).Total.SURVEY_LC1_3B43
  0.0000,150.7288,CI.u(95%).Total.SURVEY_LC1_3B44
 0.000,15.035,CI.u(95%).Total.SURVEY_LC1_3B45
 0.00000,42.36548,CI.u(95%).Total.SURVEY_LC1_3B51
 0.00000,30.26593,CI.u(95%).Total.SURVEY_LC1_3B52
 0.00000,69.69813,CI.u(95%).Total.SURVEY_LC1_3B53
 0.00000,11.45101,CI.u(95%).Total.SURVEY_LC1_3B54
   0.000,1020.063,CI.u(95%).Total.SURVEY_LC1_3B55
  0.0000,110.0748,CI.u(95%).Total.SURVEY_LC1_3B71
 0.00000,77.10721,CI.u(95%).Total.SURVEY_LC1_3B72
 0.00000,19.18736,CI.u(95%).Total.SURVEY_LC1_3B73
 0.00000,24.43883,CI.u(95%).Total.SURVEY_LC1_3B75
 0.00000,83.66982,CI.u(95%).Total.SURVEY_LC1_3B83
 0.00000,10.94807,CI.u(95%).Total.SURVEY_LC1_3B84
2112.68,   0.00,CI.u(95%).Total.SURVEY_LC1_3Bx1
80.07351, 0.00000,CI.u(95%).Total.SURVEY_LC1_3Bx2
   0.000,3598.136,CI.u(95%).Total.SURVEY_LC1_3C10
  0.0000,271.5984,CI.u(95%).Total.SURVEY_LC1_3C21
  0.0000,643.3189,CI.u(95%).Total.SURVEY_LC1_3C22
  0.0000,125.1332,CI.u(95%).Total.SURVEY_LC1_3C23
132.2993,  0.0000,CI.u(95%).Total.SURVEY_LC1_3C2x
 0.00000,69.44871,CI.u(95%).Total.SURVEY_LC1_3C31
  0.0000,554.2492,CI.u(95%).Total.SURVEY_LC1_3C32
  0.0000,631.6398,CI.u(95%).Total.SURVEY_LC1_3C33
137.0546,  0.0000,CI.u(95%).Total.SURVEY_LC1_3C3x
  0.0000,131.0646,CI.u(95%).Total.SURVEY_LC1_3D10
  0.000,571.992,CI.u(95%).Total.SURVEY_LC1_3D20
  0.0000,442.4895,CI.u(95%).Total.SURVEY_LC1_3E10
    0.00,11824.05,CI.u(95%).Total.SURVEY_LC1_3E20
3.822799,0.000000,CI.u(95%).Total.SURVEY_LC1_3E2x
  0.0000,371.9116,CI.u(95%).Total.SURVEY_LC1_3E30
  0.0000,176.4372,CI.u(95%).Total.SURVEY_LC1_3F20
   0.0,1309.2,CI.u(95%).Total.SURVEY_LC1_3F40
7.957978,0.000000,CI.u(95%).Total.SURVEY_LC1_3F4x
   0.000,1615.543,CI.u(95%).Total.SURVEY_LC1_3G11
 0.00000,61.10596,CI.u(95%).Total.SURVEY_LC1_3G12
   0.000,1002.594,CI.u(95%).Total.SURVEY_LC1_3G21
 0.00000,31.75327,CI.u(95%).Total.SURVEY_LC1_3G22
4.427939,0.000000,CI.u(95%).Total.SURVEY_LC1_3G2x
 0.00000,71.73367,CI.u(95%).Total.SURVEY_LC1_3G30
0.000000,8.028986,CI.u(95%).Total.SURVEY_LC1_3G40
  0.0000,257.7942,CI.u(95%).Total.SURVEY_LC1_3H11
 0.00000,20.09795,CI.u(95%).Total.SURVEY_LC1_3H12
 0.00000,62.25912,CI.u(95%).Total.SURVEY_LC1_3H21
 0.00000,48.68372,CI.u(95%).Total.SURVEY_LC1_3H23
 2192.927,18194.972,CI.u(95%).Total.SURVEY_LU1_3U111
 0.0000,62.9414,CI.u(95%).Total.SURVEY_LU1_3U112
11.60661,62.83207,CI.u(95%).Total.SURVEY_LU1_3U113
 168.0618,2643.8967,CI.u(95%).Total.SURVEY_LU1_3U120
 0.00000,19.68848,CI.u(95%).Total.SURVEY_LU1_3U130
 0.00000,17.91163,CI.u(95%).Total.SURVEY_LU1_3U140
 0.00000,45.68446,CI.u(95%).Total.SURVEY_LU1_3U210
 0.00000,46.38666,CI.u(95%).Total.SURVEY_LU1_3U221
 0.00000,16.32531,CI.u(95%).Total.SURVEY_LU1_3U222
 0.00000,68.97878,CI.u(95%).Total.SURVEY_LU1_3U223
 0.00000,43.23738,CI.u(95%).Total.SURVEY_LU1_3U224
 0.00000,48.98976,CI.u(95%).Total.SURVEY_LU1_3U225
  0.0000,110.3592,CI.u(95%).Total.SURVEY_LU1_3U226
 0.00000,26.02422,CI.u(95%).Total.SURVEY_LU1_3U227
  0.0000,188.2131,CI.u(95%).Total.SURVEY_LU1_3U311
   0.000,2917.251,CI.u(95%).Total.SURVEY_LU1_3U312
  0.0000,863.5212,CI.u(95%).Total.SURVEY_LU1_3U313
 0.00000,58.83627,CI.u(95%).Total.SURVEY_LU1_3U314
0.000000,3.794297,CI.u(95%).Total.SURVEY_LU1_3U316
  0.0000,313.6601,CI.u(95%).Total.SURVEY_LU1_3U317
  0.000,178.223,CI.u(95%).Total.SURVEY_LU1_3U318
  0.0000,152.7085,CI.u(95%).Total.SURVEY_LU1_3U319
 0.0000,73.0073,CI.u(95%).Total.SURVEY_LU1_3U321
 0.00000,64.86313,CI.u(95%).Total.SURVEY_LU1_3U322
  0.0000,233.9983,CI.u(95%).Total.SURVEY_LU1_3U330
  0.0000,870.6461,CI.u(95%).Total.SURVEY_LU1_3U341
 0.00000,45.21802,CI.u(95%).Total.SURVEY_LU1_3U342
  3.814543,529.828398,CI.u(95%).Total.SURVEY_LU1_3U350
  97.47759,2522.68194,CI.u(95%).Total.SURVEY_LU1_3U361
  0.0000,413.0687,CI.u(95%).Total.SURVEY_LU1_3U362
   4.36294,3166.72593,CI.u(95%).Total.SURVEY_LU1_3U370
 0.00000,14.90412,CI.u(95%).Total.SURVEY_LU1_3U411
0.000000,7.702445,CI.u(95%).Total.SURVEY_LU1_3U414
 0.00000,79.17619,CI.u(95%).Total.SURVEY_LU1_3U415
   4.427939,2308.840678,CI.u(95%).Total.SURVEY_LU1_3U420
 2423.673,25614.935,CI.u(95%).Total.settlement0
   8.177483,9714.693322,CI.u(95%).Total.settlement1
0.000459118,0.545423312,CI.u(95%).Total.settl_pc
 2213.325,30996.860,CI.u(95%).Total.fao_class_name0
 171.8763,3175.9988,CI.u(95%).Total.fao_class_name1
 0.00000,87.74342,CI.u(95%).Total.fao_class_name2
  97.47759,1128.20562,CI.u(95%).Total.fao_class_name3
 2366.932,28272.245,CI.u(95%).Total.lue0
 105.6551,7226.4477,CI.u(95%).Total.lue1
 2431.85,30284.40,CI.u(95%).Total.lud0
   0.000,5158.627,CI.u(95%).Total.lud1
0.019899737,0.001403122,CV.Total.area
0.000000000,0.008071965,CV.Total.SURVEY_LC1_1A
0.002565978,0.002629044,CV.Total.SURVEY_LC1_1B
0.33455683,0.01022385,CV.Total.SURVEY_LC1_1C
NA,0.01099806,CV.Total.SURVEY_LC1_1D
0.000000000,0.003415991,CV.Total.SURVEY_LC1_1E
0.00000000,0.01339923,CV.Total.SURVEY_LC1_1F
0.000000000,0.002008113,CV.Total.SURVEY_LC1_1G
NA,0.01250186,CV.Total.SURVEY_LC1_1H
0.015300052,0.004328711,CV.Total.SURVEY_LU1_1U1
NA,0.05948391,CV.Total.SURVEY_LU1_1U2
0.760787209,0.007553405,CV.Total.SURVEY_LU1_1U3
0.00000000,0.01604836,CV.Total.SURVEY_LU1_1U4
NA,0.03876253,CV.Total.SURVEY_LC1_2A1
NA,0.02012425,CV.Total.SURVEY_LC1_2A2
NA,0.06161714,CV.Total.SURVEY_LC1_2A3
  0,NA,CV.Total.SURVEY_LC1_2Ax
NA,0.006793199,CV.Total.SURVEY_LC1_2B1
NA,  0,CV.Total.SURVEY_LC1_2B2
NA,  0,CV.Total.SURVEY_LC1_2B3
NA,  0,CV.Total.SURVEY_LC1_2B4
NA,0.001972261,CV.Total.SURVEY_LC1_2B5
NA,0.007198452,CV.Total.SURVEY_LC1_2B7
NA,0.02153899,CV.Total.SURVEY_LC1_2B8
0.002565978,NA,CV.Total.SURVEY_LC1_2Bx
NA,0.020982,CV.Total.SURVEY_LC1_2C1
0.4672529,0.1030902,CV.Total.SURVEY_LC1_2C2
0.50098991,0.07968443,CV.Total.SURVEY_LC1_2C3
NA,  0,CV.Total.SURVEY_LC1_2D1
NA,0.01358523,CV.Total.SURVEY_LC1_2D2
NA,0.02368582,CV.Total.SURVEY_LC1_2E1
0.000000000,0.003688422,CV.Total.SURVEY_LC1_2E2
NA,0.01470262,CV.Total.SURVEY_LC1_2E3
NA,0.04776778,CV.Total.SURVEY_LC1_2F2
0.0000000,0.0138315,CV.Total.SURVEY_LC1_2F4
NA,0.0165231,CV.Total.SURVEY_LC1_2G1
0.00000000,0.02431875,CV.Total.SURVEY_LC1_2G2
NA,0.3669902,CV.Total.SURVEY_LC1_2G3
NA,  0,CV.Total.SURVEY_LC1_2G4
NA,0.0127992,CV.Total.SURVEY_LC1_2H1
NA,0.03024909,CV.Total.SURVEY_LC1_2H2
0.002552198,0.002207516,CV.Total.SURVEY_LU1_2U11
0.34589448,0.03227763,CV.Total.SURVEY_LU1_2U12
NA,0.2350369,CV.Total.SURVEY_LU1_2U13
NA,  0,CV.Total.SURVEY_LU1_2U14
NA,  0,CV.Total.SURVEY_LU1_2U21
NA,0.06935003,CV.Total.SURVEY_LU1_2U22
NA,0.02194897,CV.Total.SURVEY_LU1_2U31
NA,0.1037012,CV.Total.SURVEY_LU1_2U32
NA,0.03997155,CV.Total.SURVEY_LU1_2U33
NA,0.04808608,CV.Total.SURVEY_LU1_2U34
0.0000000,0.1001284,CV.Total.SURVEY_LU1_2U35
0.94250988,0.03001382,CV.Total.SURVEY_LU1_2U36
0.00000000,0.02706078,CV.Total.SURVEY_LU1_2U37
NA,0.0165425,CV.Total.SURVEY_LU1_2U41
0.00000000,0.01674021,CV.Total.SURVEY_LU1_2U42
NA,0.05002964,CV.Total.SURVEY_LC1_3A11
NA,0.1457891,CV.Total.SURVEY_LC1_3A12
NA,0.04333299,CV.Total.SURVEY_LC1_3A13
NA,0.03610881,CV.Total.SURVEY_LC1_3A21
NA,0.03511045,CV.Total.SURVEY_LC1_3A22
NA,0.06161714,CV.Total.SURVEY_LC1_3A30
  0,NA,CV.Total.SURVEY_LC1_3Axx
NA,  0,CV.Total.SURVEY_LC1_3B11
NA,  0,CV.Total.SURVEY_LC1_3B12
NA,  0,CV.Total.SURVEY_LC1_3B13
NA,  0,CV.Total.SURVEY_LC1_3B14
NA,  0,CV.Total.SURVEY_LC1_3B15
NA,0.01092343,CV.Total.SURVEY_LC1_3B16
NA,  0,CV.Total.SURVEY_LC1_3B18
NA,  0,CV.Total.SURVEY_LC1_3B19
NA,  0,CV.Total.SURVEY_LC1_3B21
NA,  0,CV.Total.SURVEY_LC1_3B22
NA,  0,CV.Total.SURVEY_LC1_3B23
NA,  0,CV.Total.SURVEY_LC1_3B31
NA,  0,CV.Total.SURVEY_LC1_3B32
NA,  0,CV.Total.SURVEY_LC1_3B35
NA,  0,CV.Total.SURVEY_LC1_3B37
NA,  0,CV.Total.SURVEY_LC1_3B41
NA,  0,CV.Total.SURVEY_LC1_3B43
NA,  0,CV.Total.SURVEY_LC1_3B44
NA,  0,CV.Total.SURVEY_LC1_3B45
NA,  0,CV.Total.SURVEY_LC1_3B51
NA,  0,CV.Total.SURVEY_LC1_3B52
NA,  0,CV.Total.SURVEY_LC1_3B53
NA,  0,CV.Total.SURVEY_LC1_3B54
NA,0.002270915,CV.Total.SURVEY_LC1_3B55
NA,0.01533118,CV.Total.SURVEY_LC1_3B71
NA,  0,CV.Total.SURVEY_LC1_3B72
NA,  0,CV.Total.SURVEY_LC1_3B73
NA,  0,CV.Total.SURVEY_LC1_3B75
NA,0.01641229,CV.Total.SURVEY_LC1_3B83
NA,0.170735,CV.Total.SURVEY_LC1_3B84
0.00266374,NA,CV.Total.SURVEY_LC1_3Bx1
  0,NA,CV.Total.SURVEY_LC1_3Bx2
NA,0.020982,CV.Total.SURVEY_LC1_3C10
NA,0.2670391,CV.Total.SURVEY_LC1_3C21
NA,0.1473941,CV.Total.SURVEY_LC1_3C22
NA,0.1367628,CV.Total.SURVEY_LC1_3C23
0.4672529,NA,CV.Total.SURVEY_LC1_3C2x
NA,0.0740093,CV.Total.SURVEY_LC1_3C31
NA,0.1363943,CV.Total.SURVEY_LC1_3C32
NA,0.1308479,CV.Total.SURVEY_LC1_3C33
0.5009899,NA,CV.Total.SURVEY_LC1_3C3x
NA,  0,CV.Total.SURVEY_LC1_3D10
NA,0.01358523,CV.Total.SURVEY_LC1_3D20
NA,0.02368582,CV.Total.SURVEY_LC1_3E10
NA,0.003688422,CV.Total.SURVEY_LC1_3E20
  0,NA,CV.Total.SURVEY_LC1_3E2x
NA,0.01470262,CV.Total.SURVEY_LC1_3E30
NA,0.04776778,CV.Total.SURVEY_LC1_3F20
NA,0.0138315,CV.Total.SURVEY_LC1_3F40
  0,NA,CV.Total.SURVEY_LC1_3F4x
NA,0.01631398,CV.Total.SURVEY_LC1_3G11
NA,0.1937485,CV.Total.SURVEY_LC1_3G12
NA,0.02286004,CV.Total.SURVEY_LC1_3G21
NA,0.8164966,CV.Total.SURVEY_LC1_3G22
  0,NA,CV.Total.SURVEY_LC1_3G2x
NA,0.3669902,CV.Total.SURVEY_LC1_3G30
NA,  0,CV.Total.SURVEY_LC1_3G40
NA,0.01382408,CV.Total.SURVEY_LC1_3H11
NA,  0,CV.Total.SURVEY_LC1_3H12
NA,  0,CV.Total.SURVEY_LC1_3H21
NA,0.07458832,CV.Total.SURVEY_LC1_3H23
0.002565774,0.002221464,CV.Total.SURVEY_LU1_3U111
NA,  0,CV.Total.SURVEY_LU1_3U112
0.00000000,0.02747937,CV.Total.SURVEY_LU1_3U113
0.34589448,0.03227763,CV.Total.SURVEY_LU1_3U120
NA,0.2350369,CV.Total.SURVEY_LU1_3U130
NA,  0,CV.Total.SURVEY_LU1_3U140
NA,  0,CV.Total.SURVEY_LU1_3U210
NA,  0,CV.Total.SURVEY_LU1_3U221
NA,0.5669467,CV.Total.SURVEY_LU1_3U222
NA,0.1390695,CV.Total.SURVEY_LU1_3U223
NA,0.1917175,CV.Total.SURVEY_LU1_3U224
NA,0.1334499,CV.Total.SURVEY_LU1_3U225
NA,0.1987555,CV.Total.SURVEY_LU1_3U226
NA,0.2514994,CV.Total.SURVEY_LU1_3U227
NA,0.1507803,CV.Total.SURVEY_LU1_3U311
NA,0.02808656,CV.Total.SURVEY_LU1_3U312
NA,0.06002901,CV.Total.SURVEY_LU1_3U313
NA,0.05070577,CV.Total.SURVEY_LU1_3U314
NA,  0,CV.Total.SURVEY_LU1_3U316
NA,0.07533934,CV.Total.SURVEY_LU1_3U317
NA,0.01074126,CV.Total.SURVEY_LU1_3U318
NA,0.13681,CV.Total.SURVEY_LU1_3U319
NA,0.1917036,CV.Total.SURVEY_LU1_3U321
NA,0.08672841,CV.Total.SURVEY_LU1_3U322
NA,0.03997155,CV.Total.SURVEY_LU1_3U330
NA,0.04822989,CV.Total.SURVEY_LU1_3U341
NA,0.4195984,CV.Total.SURVEY_LU1_3U342
0.0000000,0.1001284,CV.Total.SURVEY_LU1_3U350
0.94250988,0.03321586,CV.Total.SURVEY_LU1_3U361
NA,0.06611055,CV.Total.SURVEY_LU1_3U362
0.00000000,0.02706078,CV.Total.SURVEY_LU1_3U370
NA,  0,CV.Total.SURVEY_LU1_3U411
NA,  0,CV.Total.SURVEY_LU1_3U414
NA,0.02146446,CV.Total.SURVEY_LU1_3U415
0.00000000,0.01674021,CV.Total.SURVEY_LU1_3U420
0.01996951,0.00292108,CV.Total.settlement0
0.00000000,0.00710228,CV.Total.settlement1
0.00000000,0.00710228,CV.Total.settl_pc
0.002542010,0.000777915,CV.Total.fao_class_name0
0.33320450,0.02560184,CV.Total.fao_class_name1
NA,  0,CV.Total.fao_class_name2
0.94250988,0.07194559,CV.Total.fao_class_name3
0.015270573,0.004118378,CV.Total.lue0
0.76078721,0.01616115,CV.Total.lue1
0.019899737,0.003511803,CV.Total.lud0
NA,0.01903841,CV.Total.lud1
