No,Yes,variable
 37738.18,274189.82,Total.area
    0.00,12174.98,Total.SURVEY_LC1_1A
37328.45,65489.29,Total.SURVEY_LC1_1B
   409.7352,113833.8415,Total.SURVEY_LC1_1C
   0.000,2085.702,Total.SURVEY_LC1_1D
    0.00,62608.78,Total.SURVEY_LC1_1E
    0.00,10095.42,Total.SURVEY_LC1_1F
   0.000,5264.853,Total.SURVEY_LC1_1G
   0.00,2636.94,Total.SURVEY_LC1_1H
 37669.28,224580.11,Total.SURVEY_LU1_1U1
  0.0000,534.6457,Total.SURVEY_LU1_1U2
   34.96269,28044.97341,Total.SURVEY_LU1_1U3
   33.94215,21030.08467,Total.SURVEY_LU1_1U4
   0.000,3873.182,Total.SURVEY_LC1_2A1
   0.000,7724.368,Total.SURVEY_LC1_2A2
  0.000,577.434,Total.SURVEY_LC1_2A3
    0.00,45859.11,Total.SURVEY_LC1_2B1
   0.000,2983.243,Total.SURVEY_LC1_2B2
   0.000,8251.412,Total.SURVEY_LC1_2B3
   0.000,2040.575,Total.SURVEY_LC1_2B4
   0.000,3058.762,Total.SURVEY_LC1_2B5
   0.000,3051.369,Total.SURVEY_LC1_2B7
  0.0000,244.8185,Total.SURVEY_LC1_2B8
37328.45,    0.00,Total.SURVEY_LC1_2Bx
    0.00,41707.11,Total.SURVEY_LC1_2C1
  292.5767,47199.0288,Total.SURVEY_LC1_2C2
  117.1585,24927.6997,Total.SURVEY_LC1_2C3
  0.0000,649.5814,Total.SURVEY_LC1_2D1
   0.000,1436.121,Total.SURVEY_LC1_2D2
   0.000,2871.006,Total.SURVEY_LC1_2E1
    0.0,54160.8,Total.SURVEY_LC1_2E2
   0.00,5576.98,Total.SURVEY_LC1_2E3
 0.00000,31.25871,Total.SURVEY_LC1_2F1
  0.0000,434.5511,Total.SURVEY_LC1_2F2
0.000000,7.912777,Total.SURVEY_LC1_2F3
   0.000,9621.702,Total.SURVEY_LC1_2F4
   0.000,4377.773,Total.SURVEY_LC1_2G1
  0.0000,887.0804,Total.SURVEY_LC1_2G2
   0.000,2628.858,Total.SURVEY_LC1_2H1
0.000000,8.082593,Total.SURVEY_LC1_2H2
 37306.51,119467.18,Total.SURVEY_LU1_2U11
   362.7721,103585.3460,Total.SURVEY_LU1_2U12
  0.0000,678.7542,Total.SURVEY_LU1_2U13
  0.0000,840.6812,Total.SURVEY_LU1_2U14
0.00000,8.15316,Total.SURVEY_LU1_2U15
  0.0000,103.5791,Total.SURVEY_LU1_2U21
  0.0000,431.0666,Total.SURVEY_LU1_2U22
   0.000,9045.346,Total.SURVEY_LU1_2U31
  0.0000,161.8664,Total.SURVEY_LU1_2U32
  0.0000,599.9689,Total.SURVEY_LU1_2U33
  0.000,756.637,Total.SURVEY_LU1_2U34
  22.43299,1777.61429,Total.SURVEY_LU1_2U35
   8.565273,4477.160731,Total.SURVEY_LU1_2U36
    3.964426,11226.380566,Total.SURVEY_LU1_2U37
 20.829,733.570,Total.SURVEY_LU1_2U41
   13.11315,20296.51463,Total.SURVEY_LU1_2U42
   0.0,3626.5,Total.SURVEY_LC1_3A11
  0.0000,131.2017,Total.SURVEY_LC1_3A12
  0.0000,115.4807,Total.SURVEY_LC1_3A13
   0.000,2059.945,Total.SURVEY_LC1_3A21
   0.000,5664.423,Total.SURVEY_LC1_3A22
  0.000,577.434,Total.SURVEY_LC1_3A30
    0.00,12802.84,Total.SURVEY_LC1_3B11
  0.0000,244.4898,Total.SURVEY_LC1_3B12
   0.000,3743.014,Total.SURVEY_LC1_3B13
   0.000,5062.662,Total.SURVEY_LC1_3B14
   0.000,4260.503,Total.SURVEY_LC1_3B15
    0.00,11928.68,Total.SURVEY_LC1_3B16
   0.000,6841.219,Total.SURVEY_LC1_3B18
  0.0000,975.7059,Total.SURVEY_LC1_3B19
   0.000,1424.517,Total.SURVEY_LC1_3B21
   0.000,1156.383,Total.SURVEY_LC1_3B22
  0.0000,402.3436,Total.SURVEY_LC1_3B23
  0.0000,406.7446,Total.SURVEY_LC1_3B31
   0.000,6842.663,Total.SURVEY_LC1_3B32
  0.0000,283.2931,Total.SURVEY_LC1_3B33
0.00000,3.78675,Total.SURVEY_LC1_3B34
  0.0000,530.3067,Total.SURVEY_LC1_3B35
 0.00000,29.91824,Total.SURVEY_LC1_3B36
  0.0000,154.6996,Total.SURVEY_LC1_3B37
   0.000,1254.049,Total.SURVEY_LC1_3B41
 0.00000,55.15044,Total.SURVEY_LC1_3B42
  0.0000,429.3884,Total.SURVEY_LC1_3B43
 0.0000,47.7873,Total.SURVEY_LC1_3B44
  0.0000,254.1995,Total.SURVEY_LC1_3B45
  0.0000,221.7729,Total.SURVEY_LC1_3B51
  0.0000,487.6068,Total.SURVEY_LC1_3B52
  0.0000,640.9068,Total.SURVEY_LC1_3B53
  0.0000,383.6093,Total.SURVEY_LC1_3B54
   0.000,1324.867,Total.SURVEY_LC1_3B55
   0.00,1515.15,Total.SURVEY_LC1_3B71
  0.0000,121.1277,Total.SURVEY_LC1_3B72
  0.0000,323.5405,Total.SURVEY_LC1_3B73
  0.0000,101.6915,Total.SURVEY_LC1_3B74
  0.000,989.859,Total.SURVEY_LC1_3B75
 0.00000,14.63658,Total.SURVEY_LC1_3B82
 0.00000,89.18849,Total.SURVEY_LC1_3B83
  0.0000,140.9934,Total.SURVEY_LC1_3B84
36259.7,    0.0,Total.SURVEY_LC1_3Bx1
1052.756,   0.000,Total.SURVEY_LC1_3Bx2
15.98851, 0.00000,Total.SURVEY_LC1_3Bxx
    0.00,41707.11,Total.SURVEY_LC1_3C10
   0.000,4193.762,Total.SURVEY_LC1_3C21
    0.00,42545.17,Total.SURVEY_LC1_3C22
  0.0000,460.1017,Total.SURVEY_LC1_3C23
292.5767,  0.0000,Total.SURVEY_LC1_3C2x
   0.000,2409.581,Total.SURVEY_LC1_3C31
    0.00,16259.31,Total.SURVEY_LC1_3C32
   0.000,6258.812,Total.SURVEY_LC1_3C33
117.1585,  0.0000,Total.SURVEY_LC1_3C3x
  0.0000,649.5814,Total.SURVEY_LC1_3D10
   0.000,1436.121,Total.SURVEY_LC1_3D20
   0.000,2871.006,Total.SURVEY_LC1_3E10
    0.0,54160.8,Total.SURVEY_LC1_3E20
   0.00,5576.98,Total.SURVEY_LC1_3E30
 0.00000,31.25871,Total.SURVEY_LC1_3F10
  0.0000,434.5511,Total.SURVEY_LC1_3F20
0.000000,7.912777,Total.SURVEY_LC1_3F30
   0.000,9621.702,Total.SURVEY_LC1_3F40
   0.000,4377.773,Total.SURVEY_LC1_3G11
  0.0000,887.0804,Total.SURVEY_LC1_3G21
   0.000,2596.739,Total.SURVEY_LC1_3H11
 0.00000,32.11873,Total.SURVEY_LC1_3H12
0.000000,8.082593,Total.SURVEY_LC1_3H21
 37168.85,116262.40,Total.SURVEY_LU1_3U111
  31.3216,2442.5485,Total.SURVEY_LU1_3U112
106.3401,762.2259,Total.SURVEY_LU1_3U113
   362.7721,103585.3460,Total.SURVEY_LU1_3U120
  0.0000,678.7542,Total.SURVEY_LU1_3U130
  0.0000,840.6812,Total.SURVEY_LU1_3U140
0.00000,8.15316,Total.SURVEY_LU1_3U150
  0.0000,103.5791,Total.SURVEY_LU1_3U210
 0.00000,70.87441,Total.SURVEY_LU1_3U221
0.000000,3.951987,Total.SURVEY_LU1_3U222
 0.00000,78.92524,Total.SURVEY_LU1_3U223
 0.00000,36.62324,Total.SURVEY_LU1_3U224
 0.00000,55.45785,Total.SURVEY_LU1_3U225
 0.00000,95.35286,Total.SURVEY_LU1_3U226
 0.00000,65.15009,Total.SURVEY_LU1_3U227
 0.00000,24.73088,Total.SURVEY_LU1_3U228
  0.0000,578.3189,Total.SURVEY_LU1_3U311
   0.0,6482.4,Total.SURVEY_LU1_3U312
  0.0000,595.4183,Total.SURVEY_LU1_3U313
  0.0000,156.4106,Total.SURVEY_LU1_3U314
0.000000,9.769123,Total.SURVEY_LU1_3U315
0.000000,3.885895,Total.SURVEY_LU1_3U316
  0.0000,705.6318,Total.SURVEY_LU1_3U317
 0.00000,82.73072,Total.SURVEY_LU1_3U318
  0.0000,430.7801,Total.SURVEY_LU1_3U319
 0.0000,85.5275,Total.SURVEY_LU1_3U321
 0.00000,76.33892,Total.SURVEY_LU1_3U322
  0.0000,599.9689,Total.SURVEY_LU1_3U330
  0.0000,655.1128,Total.SURVEY_LU1_3U341
  0.0000,101.5242,Total.SURVEY_LU1_3U342
  22.43299,1777.61429,Total.SURVEY_LU1_3U350
   8.565273,4110.064420,Total.SURVEY_LU1_3U361
  0.0000,367.0963,Total.SURVEY_LU1_3U362
    3.964426,11226.380566,Total.SURVEY_LU1_3U370
  0.0000,141.7823,Total.SURVEY_LU1_3U411
 0.00000,29.01864,Total.SURVEY_LU1_3U413
  0.0000,287.8522,Total.SURVEY_LU1_3U414
 20.8290,274.9169,Total.SURVEY_LU1_3U415
   13.11315,20296.51463,Total.SURVEY_LU1_3U420
 37711.79,249175.94,Total.settlement0
   26.39742,25013.87683,Total.settlement1
0.0007182241,0.6805805219,Total.settl_pc
 37349.41,160565.96,Total.fao_class_name0
   388.7768,109330.2830,Total.fao_class_name1
   0.0,1011.7,Total.fao_class_name2
   0.000,3281.875,Total.fao_class_name3
 37703.22,255952.02,Total.lue0
   34.96269,18237.79259,Total.lue1
 37738.18,263007.31,Total.lud0
    0.00,11182.51,Total.lud1
362.0368,577.7784,SE.Total.area
  0.0000,493.6686,SE.Total.SURVEY_LC1_1A
358.2120,413.4924,SE.Total.SURVEY_LC1_1B
  54.08463,1019.45279,SE.Total.SURVEY_LC1_1C
  0.000,125.178,SE.Total.SURVEY_LC1_1D
  0.0000,728.9678,SE.Total.SURVEY_LC1_1E
  0.0000,412.1606,SE.Total.SURVEY_LC1_1F
 0.00000,65.17658,SE.Total.SURVEY_LC1_1G
 0.00000,84.46971,SE.Total.SURVEY_LC1_1H
 361.4977,1111.5027,SE.Total.SURVEY_LU1_1U1
 0.00000,39.54516,SE.Total.SURVEY_LU1_1U2
 16.83304,689.96218,SE.Total.SURVEY_LU1_1U3
 12.09296,756.59195,SE.Total.SURVEY_LU1_1U4
  0.0000,186.0379,SE.Total.SURVEY_LC1_2A1
  0.0000,506.1685,SE.Total.SURVEY_LC1_2A2
 0.00000,66.91986,SE.Total.SURVEY_LC1_2A3
  0.0000,381.9874,SE.Total.SURVEY_LC1_2B1
  0.0000,121.1221,SE.Total.SURVEY_LC1_2B2
  0.0000,208.2337,SE.Total.SURVEY_LC1_2B3
  0.0000,101.9109,SE.Total.SURVEY_LC1_2B4
  0.0000,120.3058,SE.Total.SURVEY_LC1_2B5
  0.0000,154.5188,SE.Total.SURVEY_LC1_2B7
 0.00000,42.98252,SE.Total.SURVEY_LC1_2B8
358.212,  0.000,SE.Total.SURVEY_LC1_2Bx
   0.000,2170.175,SE.Total.SURVEY_LC1_2C1
  40.66901,2163.09427,SE.Total.SURVEY_LC1_2C2
  35.66941,2060.13663,SE.Total.SURVEY_LC1_2C3
 0.0000,58.5065,SE.Total.SURVEY_LC1_2D1
  0.0000,111.7215,SE.Total.SURVEY_LC1_2D2
  0.000,130.853,SE.Total.SURVEY_LC1_2E1
  0.0000,646.7634,SE.Total.SURVEY_LC1_2E2
  0.0000,338.3568,SE.Total.SURVEY_LC1_2E3
0,0,SE.Total.SURVEY_LC1_2F1
 0.00000,61.04719,SE.Total.SURVEY_LC1_2F2
0,0,SE.Total.SURVEY_LC1_2F3
  0.0000,407.7865,SE.Total.SURVEY_LC1_2F4
 0.00000,85.85921,SE.Total.SURVEY_LC1_2G1
 0.00000,67.26971,SE.Total.SURVEY_LC1_2G2
 0.00000,84.46971,SE.Total.SURVEY_LC1_2H1
0,0,SE.Total.SURVEY_LC1_2H2
358.0544,463.5381,SE.Total.SURVEY_LU1_2U11
  50.53731,1045.72201,SE.Total.SURVEY_LU1_2U12
 0.00000,79.56585,SE.Total.SURVEY_LU1_2U13
 0.00000,59.74055,SE.Total.SURVEY_LU1_2U14
0,0,SE.Total.SURVEY_LU1_2U15
 0.00000,15.88017,SE.Total.SURVEY_LU1_2U21
 0.00000,36.21657,SE.Total.SURVEY_LU1_2U22
  0.000,511.943,SE.Total.SURVEY_LU1_2U31
 0.00000,17.55359,SE.Total.SURVEY_LU1_2U32
 0.00000,44.31363,SE.Total.SURVEY_LU1_2U33
  0.000,109.602,SE.Total.SURVEY_LU1_2U34
 16.83304,415.97851,SE.Total.SURVEY_LU1_2U35
  0.0000,159.8579,SE.Total.SURVEY_LU1_2U36
  0.0000,310.6775,SE.Total.SURVEY_LU1_2U37
10.29470,76.34286,SE.Total.SURVEY_LU1_2U41
  6.344985,754.098866,SE.Total.SURVEY_LU1_2U42
  0.0000,184.2529,SE.Total.SURVEY_LC1_3A11
 0.00000,35.78762,SE.Total.SURVEY_LC1_3A12
 0.00000,18.49832,SE.Total.SURVEY_LC1_3A13
  0.0000,149.6197,SE.Total.SURVEY_LC1_3A21
  0.0000,493.2405,SE.Total.SURVEY_LC1_3A22
 0.00000,66.91986,SE.Total.SURVEY_LC1_3A30
  0.0000,242.6996,SE.Total.SURVEY_LC1_3B11
 0.00000,31.25097,SE.Total.SURVEY_LC1_3B12
  0.0000,135.4208,SE.Total.SURVEY_LC1_3B13
  0.0000,150.5178,SE.Total.SURVEY_LC1_3B14
  0.0000,142.7714,SE.Total.SURVEY_LC1_3B15
  0.000,241.139,SE.Total.SURVEY_LC1_3B16
  0.0000,174.5672,SE.Total.SURVEY_LC1_3B18
 0.0000,75.5504,SE.Total.SURVEY_LC1_3B19
 0.00000,80.71075,SE.Total.SURVEY_LC1_3B21
 0.00000,78.34688,SE.Total.SURVEY_LC1_3B22
 0.00000,47.67421,SE.Total.SURVEY_LC1_3B23
 0.00000,45.21227,SE.Total.SURVEY_LC1_3B31
  0.0000,190.3788,SE.Total.SURVEY_LC1_3B32
 0.00000,42.10605,SE.Total.SURVEY_LC1_3B33
0,0,SE.Total.SURVEY_LC1_3B34
 0.00000,60.69649,SE.Total.SURVEY_LC1_3B35
 0.00000,16.03563,SE.Total.SURVEY_LC1_3B36
 0.00000,32.22985,SE.Total.SURVEY_LC1_3B37
 0.00000,79.65248,SE.Total.SURVEY_LC1_3B41
 0.00000,23.91985,SE.Total.SURVEY_LC1_3B42
 0.00000,47.29215,SE.Total.SURVEY_LC1_3B43
0.000000,9.055797,SE.Total.SURVEY_LC1_3B44
 0.00000,35.67233,SE.Total.SURVEY_LC1_3B45
 0.00000,31.86248,SE.Total.SURVEY_LC1_3B51
 0.00000,49.97771,SE.Total.SURVEY_LC1_3B52
 0.0000,54.9142,SE.Total.SURVEY_LC1_3B53
 0.00000,54.74345,SE.Total.SURVEY_LC1_3B54
 0.00000,71.90781,SE.Total.SURVEY_LC1_3B55
  0.0000,136.6429,SE.Total.SURVEY_LC1_3B71
 0.00000,37.58255,SE.Total.SURVEY_LC1_3B72
 0.00000,37.35158,SE.Total.SURVEY_LC1_3B73
 0.00000,13.90298,SE.Total.SURVEY_LC1_3B74
 0.00000,83.09891,SE.Total.SURVEY_LC1_3B75
 0.00000,12.37017,SE.Total.SURVEY_LC1_3B82
 0.00000,17.34197,SE.Total.SURVEY_LC1_3B83
 0.00000,37.33273,SE.Total.SURVEY_LC1_3B84
346.429,  0.000,SE.Total.SURVEY_LC1_3Bx1
94.87633, 0.00000,SE.Total.SURVEY_LC1_3Bx2
5.232879,0.000000,SE.Total.SURVEY_LC1_3Bxx
   0.000,2170.175,SE.Total.SURVEY_LC1_3C10
  0.0000,827.3465,SE.Total.SURVEY_LC1_3C21
   0.000,2126.076,SE.Total.SURVEY_LC1_3C22
  0.0000,208.1169,SE.Total.SURVEY_LC1_3C23
40.66901, 0.00000,SE.Total.SURVEY_LC1_3C2x
  0.0000,723.8252,SE.Total.SURVEY_LC1_3C31
   0.000,1681.088,SE.Total.SURVEY_LC1_3C32
   0.000,1244.859,SE.Total.SURVEY_LC1_3C33
35.66941, 0.00000,SE.Total.SURVEY_LC1_3C3x
 0.0000,58.5065,SE.Total.SURVEY_LC1_3D10
  0.0000,111.7215,SE.Total.SURVEY_LC1_3D20
  0.000,130.853,SE.Total.SURVEY_LC1_3E10
  0.0000,646.7634,SE.Total.SURVEY_LC1_3E20
  0.0000,338.3568,SE.Total.SURVEY_LC1_3E30
0,0,SE.Total.SURVEY_LC1_3F10
 0.00000,61.04719,SE.Total.SURVEY_LC1_3F20
0,0,SE.Total.SURVEY_LC1_3F30
  0.0000,407.7865,SE.Total.SURVEY_LC1_3F40
 0.00000,85.85921,SE.Total.SURVEY_LC1_3G11
 0.00000,67.26971,SE.Total.SURVEY_LC1_3G21
 0.00000,84.46971,SE.Total.SURVEY_LC1_3H11
0,0,SE.Total.SURVEY_LC1_3H12
0,0,SE.Total.SURVEY_LC1_3H21
357.9755,465.7057,SE.Total.SURVEY_LU1_3U111
12.45899,98.00157,SE.Total.SURVEY_LU1_3U112
10.80668,58.98677,SE.Total.SURVEY_LU1_3U113
  50.53731,1045.72201,SE.Total.SURVEY_LU1_3U120
 0.00000,79.56585,SE.Total.SURVEY_LU1_3U130
 0.00000,59.74055,SE.Total.SURVEY_LU1_3U140
0,0,SE.Total.SURVEY_LU1_3U150
 0.00000,15.88017,SE.Total.SURVEY_LU1_3U210
0.000000,7.637444,SE.Total.SURVEY_LU1_3U221
0,0,SE.Total.SURVEY_LU1_3U222
 0.00000,16.62161,SE.Total.SURVEY_LU1_3U223
0.0000000,0.8407667,SE.Total.SURVEY_LU1_3U224
0.000000,7.736833,SE.Total.SURVEY_LU1_3U225
 0.00000,27.84568,SE.Total.SURVEY_LU1_3U226
0.000000,1.804942,SE.Total.SURVEY_LU1_3U227
 0.00000,15.67307,SE.Total.SURVEY_LU1_3U228
 0.00000,51.18455,SE.Total.SURVEY_LU1_3U311
  0.0000,496.4373,SE.Total.SURVEY_LU1_3U312
 0.00000,74.98023,SE.Total.SURVEY_LU1_3U313
0.000000,5.240949,SE.Total.SURVEY_LU1_3U314
0.000000,3.204477,SE.Total.SURVEY_LU1_3U315
0,0,SE.Total.SURVEY_LU1_3U316
 0.00000,85.90744,SE.Total.SURVEY_LU1_3U317
0.000000,3.163834,SE.Total.SURVEY_LU1_3U318
 0.00000,63.04404,SE.Total.SURVEY_LU1_3U319
0.00000,8.39483,SE.Total.SURVEY_LU1_3U321
 0.00000,15.41607,SE.Total.SURVEY_LU1_3U322
 0.00000,44.31363,SE.Total.SURVEY_LU1_3U330
  0.0000,103.6608,SE.Total.SURVEY_LU1_3U341
 0.00000,37.55825,SE.Total.SURVEY_LU1_3U342
 16.83304,415.97851,SE.Total.SURVEY_LU1_3U350
  0.0000,148.4221,SE.Total.SURVEY_LU1_3U361
 0.00000,60.16052,SE.Total.SURVEY_LU1_3U362
  0.0000,310.6775,SE.Total.SURVEY_LU1_3U370
 0.00000,45.36638,SE.Total.SURVEY_LU1_3U411
0.000000,5.938453,SE.Total.SURVEY_LU1_3U413
 0.00000,56.01593,SE.Total.SURVEY_LU1_3U414
10.2947,24.4351,SE.Total.SURVEY_LU1_3U415
  6.344985,754.098866,SE.Total.SURVEY_LU1_3U420
361.6987,894.5218,SE.Total.settlement0
 16.83304,672.95160,SE.Total.settlement1
0.0004579953,0.0183097469,SE.Total.settl_pc
358.2083,833.9811,SE.Total.fao_class_name0
 53.61048,920.17514,SE.Total.fao_class_name1
 0.00000,61.97482,SE.Total.fao_class_name2
  0.0000,212.0804,SE.Total.fao_class_name3
361.6987,752.5807,SE.Total.lue0
 16.83304,522.42136,SE.Total.lue1
362.0368,809.2135,SE.Total.lud0
  0.0000,517.0618,SE.Total.lud1
 37028.61,273057.39,CI.l(95%).Total.area
    0.00,11207.41,CI.l(95%).Total.SURVEY_LC1_1A
36626.37,64678.86,CI.l(95%).Total.SURVEY_LC1_1B
   303.7313,111835.7508,CI.l(95%).Total.SURVEY_LC1_1C
   0.000,1840.358,CI.l(95%).Total.SURVEY_LC1_1D
    0.00,61180.03,CI.l(95%).Total.SURVEY_LC1_1E
   0.000,9287.604,CI.l(95%).Total.SURVEY_LC1_1F
   0.00,5137.11,CI.l(95%).Total.SURVEY_LC1_1G
   0.000,2471.383,CI.l(95%).Total.SURVEY_LC1_1H
 36960.76,222401.61,CI.l(95%).Total.SURVEY_LU1_1U1
  0.0000,457.1386,CI.l(95%).Total.SURVEY_LU1_1U2
    1.970541,26692.672388,CI.l(95%).Total.SURVEY_LU1_1U3
   10.24038,19547.19169,CI.l(95%).Total.SURVEY_LU1_1U4
   0.000,3508.555,CI.l(95%).Total.SURVEY_LC1_2A1
   0.000,6732.296,CI.l(95%).Total.SURVEY_LC1_2A2
  0.0000,446.2735,CI.l(95%).Total.SURVEY_LC1_2A3
    0.00,45110.43,CI.l(95%).Total.SURVEY_LC1_2B1
   0.000,2745.848,CI.l(95%).Total.SURVEY_LC1_2B2
   0.000,7843.281,CI.l(95%).Total.SURVEY_LC1_2B3
   0.000,1840.833,CI.l(95%).Total.SURVEY_LC1_2B4
   0.000,2822.967,CI.l(95%).Total.SURVEY_LC1_2B5
   0.000,2748.518,CI.l(95%).Total.SURVEY_LC1_2B7
  0.0000,160.5743,CI.l(95%).Total.SURVEY_LC1_2B8
36626.37,    0.00,CI.l(95%).Total.SURVEY_LC1_2Bx
    0.00,37453.65,CI.l(95%).Total.SURVEY_LC1_2C1
  212.8669,42959.4420,CI.l(95%).Total.SURVEY_LC1_2C2
   47.24774,20889.90614,CI.l(95%).Total.SURVEY_LC1_2C3
  0.0000,534.9108,CI.l(95%).Total.SURVEY_LC1_2D1
   0.000,1217.151,CI.l(95%).Total.SURVEY_LC1_2D2
   0.000,2614.539,CI.l(95%).Total.SURVEY_LC1_2E1
    0.00,52893.16,CI.l(95%).Total.SURVEY_LC1_2E2
   0.000,4913.813,CI.l(95%).Total.SURVEY_LC1_2E3
 0.00000,31.25871,CI.l(95%).Total.SURVEY_LC1_2F1
  0.0000,314.9008,CI.l(95%).Total.SURVEY_LC1_2F2
0.000000,7.912777,CI.l(95%).Total.SURVEY_LC1_2F3
   0.000,8822.455,CI.l(95%).Total.SURVEY_LC1_2F4
   0.000,4209.492,CI.l(95%).Total.SURVEY_LC1_2G1
  0.0000,755.2341,CI.l(95%).Total.SURVEY_LC1_2G2
   0.0,2463.3,CI.l(95%).Total.SURVEY_LC1_2H1
0.000000,8.082593,CI.l(95%).Total.SURVEY_LC1_2H2
 36604.73,118558.66,CI.l(95%).Total.SURVEY_LU1_2U11
   263.7208,101535.7686,CI.l(95%).Total.SURVEY_LU1_2U12
  0.000,522.808,CI.l(95%).Total.SURVEY_LU1_2U13
  0.0000,723.5918,CI.l(95%).Total.SURVEY_LU1_2U14
0.00000,8.15316,CI.l(95%).Total.SURVEY_LU1_2U15
 0.00000,72.45454,CI.l(95%).Total.SURVEY_LU1_2U21
  0.0000,360.0834,CI.l(95%).Total.SURVEY_LU1_2U22
   0.000,8041.956,CI.l(95%).Total.SURVEY_LU1_2U31
  0.000,127.462,CI.l(95%).Total.SURVEY_LU1_2U32
  0.0000,513.1158,CI.l(95%).Total.SURVEY_LU1_2U33
  0.000,541.821,CI.l(95%).Total.SURVEY_LU1_2U34
-10.55916,962.31139,CI.l(95%).Total.SURVEY_LU1_2U35
   8.565273,4163.844996,CI.l(95%).Total.SURVEY_LU1_2U36
    3.964426,10617.463784,CI.l(95%).Total.SURVEY_LU1_2U37
  0.6517548,583.9407758,CI.l(95%).Total.SURVEY_LU1_2U41
    0.6772082,18818.5080161,CI.l(95%).Total.SURVEY_LU1_2U42
   0.000,3265.371,CI.l(95%).Total.SURVEY_LC1_3A11
 0.00000,61.05923,CI.l(95%).Total.SURVEY_LC1_3A12
 0.00000,79.22469,CI.l(95%).Total.SURVEY_LC1_3A13
   0.000,1766.696,CI.l(95%).Total.SURVEY_LC1_3A21
   0.000,4697.689,CI.l(95%).Total.SURVEY_LC1_3A22
  0.0000,446.2735,CI.l(95%).Total.SURVEY_LC1_3A30
    0.00,12327.16,CI.l(95%).Total.SURVEY_LC1_3B11
  0.000,183.239,CI.l(95%).Total.SURVEY_LC1_3B12
   0.000,3477.594,CI.l(95%).Total.SURVEY_LC1_3B13
   0.000,4767.652,CI.l(95%).Total.SURVEY_LC1_3B14
   0.000,3980.676,CI.l(95%).Total.SURVEY_LC1_3B15
    0.00,11456.05,CI.l(95%).Total.SURVEY_LC1_3B16
   0.000,6499.074,CI.l(95%).Total.SURVEY_LC1_3B18
  0.0000,827.6298,CI.l(95%).Total.SURVEY_LC1_3B19
   0.000,1266.326,CI.l(95%).Total.SURVEY_LC1_3B21
   0.000,1002.826,CI.l(95%).Total.SURVEY_LC1_3B22
  0.0000,308.9039,CI.l(95%).Total.SURVEY_LC1_3B23
  0.0000,318.1302,CI.l(95%).Total.SURVEY_LC1_3B31
   0.000,6469.527,CI.l(95%).Total.SURVEY_LC1_3B32
  0.0000,200.7668,CI.l(95%).Total.SURVEY_LC1_3B33
0.00000,3.78675,CI.l(95%).Total.SURVEY_LC1_3B34
  0.0000,411.3438,CI.l(95%).Total.SURVEY_LC1_3B35
 0.00000,-1.51102,CI.l(95%).Total.SURVEY_LC1_3B36
 0.00000,91.53029,CI.l(95%).Total.SURVEY_LC1_3B37
   0.000,1097.933,CI.l(95%).Total.SURVEY_LC1_3B41
0.000000,8.268399,CI.l(95%).Total.SURVEY_LC1_3B42
  0.0000,336.6975,CI.l(95%).Total.SURVEY_LC1_3B43
 0.00000,30.03827,CI.l(95%).Total.SURVEY_LC1_3B44
  0.000,184.283,CI.l(95%).Total.SURVEY_LC1_3B45
  0.0000,159.3235,CI.l(95%).Total.SURVEY_LC1_3B51
  0.0000,389.6523,CI.l(95%).Total.SURVEY_LC1_3B52
  0.000,533.277,CI.l(95%).Total.SURVEY_LC1_3B53
  0.0000,276.3141,CI.l(95%).Total.SURVEY_LC1_3B54
   0.00,1183.93,CI.l(95%).Total.SURVEY_LC1_3B55
   0.000,1247.335,CI.l(95%).Total.SURVEY_LC1_3B71
 0.00000,47.46727,CI.l(95%).Total.SURVEY_LC1_3B72
  0.0000,250.3327,CI.l(95%).Total.SURVEY_LC1_3B73
 0.00000,74.44216,CI.l(95%).Total.SURVEY_LC1_3B74
  0.0000,826.9881,CI.l(95%).Total.SURVEY_LC1_3B75
 0.000000,-9.608502,CI.l(95%).Total.SURVEY_LC1_3B82
 0.00000,55.19886,CI.l(95%).Total.SURVEY_LC1_3B83
 0.00000,67.82258,CI.l(95%).Total.SURVEY_LC1_3B84
35580.72,    0.00,CI.l(95%).Total.SURVEY_LC1_3Bx1
866.8019,  0.0000,CI.l(95%).Total.SURVEY_LC1_3Bx2
5.732257,0.000000,CI.l(95%).Total.SURVEY_LC1_3Bxx
    0.00,37453.65,CI.l(95%).Total.SURVEY_LC1_3C10
   0.000,2572.193,CI.l(95%).Total.SURVEY_LC1_3C21
    0.00,38378.13,CI.l(95%).Total.SURVEY_LC1_3C22
 0.00000,52.20012,CI.l(95%).Total.SURVEY_LC1_3C23
212.8669,  0.0000,CI.l(95%).Total.SURVEY_LC1_3C2x
  0.0000,990.9099,CI.l(95%).Total.SURVEY_LC1_3C31
    0.00,12964.44,CI.l(95%).Total.SURVEY_LC1_3C32
   0.000,3818.933,CI.l(95%).Total.SURVEY_LC1_3C33
47.24774, 0.00000,CI.l(95%).Total.SURVEY_LC1_3C3x
  0.0000,534.9108,CI.l(95%).Total.SURVEY_LC1_3D10
   0.000,1217.151,CI.l(95%).Total.SURVEY_LC1_3D20
   0.000,2614.539,CI.l(95%).Total.SURVEY_LC1_3E10
    0.00,52893.16,CI.l(95%).Total.SURVEY_LC1_3E20
   0.000,4913.813,CI.l(95%).Total.SURVEY_LC1_3E30
 0.00000,31.25871,CI.l(95%).Total.SURVEY_LC1_3F10
  0.0000,314.9008,CI.l(95%).Total.SURVEY_LC1_3F20
0.000000,7.912777,CI.l(95%).Total.SURVEY_LC1_3F30
   0.000,8822.455,CI.l(95%).Total.SURVEY_LC1_3F40
   0.000,4209.492,CI.l(95%).Total.SURVEY_LC1_3G11
  0.0000,755.2341,CI.l(95%).Total.SURVEY_LC1_3G21
   0.000,2431.181,CI.l(95%).Total.SURVEY_LC1_3H11
 0.00000,32.11873,CI.l(95%).Total.SURVEY_LC1_3H12
0.000000,8.082593,CI.l(95%).Total.SURVEY_LC1_3H21
 36467.23,115349.64,CI.l(95%).Total.SURVEY_LU1_3U111
   6.902439,2250.468913,CI.l(95%).Total.SURVEY_LU1_3U112
 85.15935,646.61397,CI.l(95%).Total.SURVEY_LU1_3U113
   263.7208,101535.7686,CI.l(95%).Total.SURVEY_LU1_3U120
  0.000,522.808,CI.l(95%).Total.SURVEY_LU1_3U130
  0.0000,723.5918,CI.l(95%).Total.SURVEY_LU1_3U140
0.00000,8.15316,CI.l(95%).Total.SURVEY_LU1_3U150
 0.00000,72.45454,CI.l(95%).Total.SURVEY_LU1_3U210
 0.00000,55.90529,CI.l(95%).Total.SURVEY_LU1_3U221
0.000000,3.951987,CI.l(95%).Total.SURVEY_LU1_3U222
 0.00000,46.34748,CI.l(95%).Total.SURVEY_LU1_3U223
 0.00000,34.97537,CI.l(95%).Total.SURVEY_LU1_3U224
 0.00000,40.29393,CI.l(95%).Total.SURVEY_LU1_3U225
 0.00000,40.77634,CI.l(95%).Total.SURVEY_LU1_3U226
 0.00000,61.61247,CI.l(95%).Total.SURVEY_LU1_3U227
 0.000000,-5.987766,CI.l(95%).Total.SURVEY_LU1_3U228
  0.000,477.999,CI.l(95%).Total.SURVEY_LU1_3U311
   0.000,5509.401,CI.l(95%).Total.SURVEY_LU1_3U312
  0.0000,448.4598,CI.l(95%).Total.SURVEY_LU1_3U313
  0.0000,146.1386,CI.l(95%).Total.SURVEY_LU1_3U314
0.000000,3.488464,CI.l(95%).Total.SURVEY_LU1_3U315
0.000000,3.885895,CI.l(95%).Total.SURVEY_LU1_3U316
  0.0000,537.2563,CI.l(95%).Total.SURVEY_LU1_3U317
 0.00000,76.52972,CI.l(95%).Total.SURVEY_LU1_3U318
  0.0000,307.2161,CI.l(95%).Total.SURVEY_LU1_3U319
 0.00000,69.07393,CI.l(95%).Total.SURVEY_LU1_3U321
 0.00000,46.12397,CI.l(95%).Total.SURVEY_LU1_3U322
  0.0000,513.1158,CI.l(95%).Total.SURVEY_LU1_3U330
  0.0000,451.9414,CI.l(95%).Total.SURVEY_LU1_3U341
 0.00000,27.91137,CI.l(95%).Total.SURVEY_LU1_3U342
-10.55916,962.31139,CI.l(95%).Total.SURVEY_LU1_3U350
   8.565273,3819.162540,CI.l(95%).Total.SURVEY_LU1_3U361
  0.0000,249.1839,CI.l(95%).Total.SURVEY_LU1_3U362
    3.964426,10617.463784,CI.l(95%).Total.SURVEY_LU1_3U370
 0.00000,52.86581,CI.l(95%).Total.SURVEY_LU1_3U411
 0.00000,17.37949,CI.l(95%).Total.SURVEY_LU1_3U413
  0.000,178.063,CI.l(95%).Total.SURVEY_LU1_3U414
  0.6517548,227.0250260,CI.l(95%).Total.SURVEY_LU1_3U415
    0.6772082,18818.5080161,CI.l(95%).Total.SURVEY_LU1_3U420
 37002.87,247422.71,CI.l(95%).Total.settlement0
   -6.594732,23694.915924,CI.l(95%).Total.settlement1
-0.0001794302, 0.6446940775,CI.l(95%).Total.settl_pc
 36647.33,158931.38,CI.l(95%).Total.fao_class_name0
   283.7022,107526.7729,CI.l(95%).Total.fao_class_name1
  0.0000,890.2316,CI.l(95%).Total.fao_class_name2
   0.000,2866.205,CI.l(95%).Total.fao_class_name3
 36994.31,254476.99,CI.l(95%).Total.lue0
    1.970541,17213.865546,CI.l(95%).Total.lue1
 37028.61,261421.28,CI.l(95%).Total.lud0
    0.00,10169.09,CI.l(95%).Total.lud1
 38447.76,275322.24,CI.u(95%).Total.area
    0.00,13142.56,CI.u(95%).Total.SURVEY_LC1_1A
38030.53,66299.72,CI.u(95%).Total.SURVEY_LC1_1B
   515.7391,115831.9323,CI.u(95%).Total.SURVEY_LC1_1C
   0.000,2331.047,CI.u(95%).Total.SURVEY_LC1_1D
    0.00,64037.53,CI.u(95%).Total.SURVEY_LC1_1E
    0.00,10903.24,CI.u(95%).Total.SURVEY_LC1_1F
   0.000,5392.597,CI.u(95%).Total.SURVEY_LC1_1G
   0.000,2802.498,CI.u(95%).Total.SURVEY_LC1_1H
 38377.8,226758.6,CI.u(95%).Total.SURVEY_LU1_1U1
  0.0000,612.1528,CI.u(95%).Total.SURVEY_LU1_1U2
   67.95484,29397.27444,CI.u(95%).Total.SURVEY_LU1_1U3
   57.64392,22512.97765,CI.u(95%).Total.SURVEY_LU1_1U4
   0.00,4237.81,CI.u(95%).Total.SURVEY_LC1_2A1
   0.00,8716.44,CI.u(95%).Total.SURVEY_LC1_2A2
  0.0000,708.5945,CI.u(95%).Total.SURVEY_LC1_2A3
    0.00,46607.79,CI.u(95%).Total.SURVEY_LC1_2B1
   0.000,3220.638,CI.u(95%).Total.SURVEY_LC1_2B2
   0.000,8659.542,CI.u(95%).Total.SURVEY_LC1_2B3
   0.000,2240.317,CI.u(95%).Total.SURVEY_LC1_2B4
   0.000,3294.557,CI.u(95%).Total.SURVEY_LC1_2B5
   0.00,3354.22,CI.u(95%).Total.SURVEY_LC1_2B7
  0.0000,329.0626,CI.u(95%).Total.SURVEY_LC1_2B8
38030.53,    0.00,CI.u(95%).Total.SURVEY_LC1_2Bx
    0.00,45960.58,CI.u(95%).Total.SURVEY_LC1_2C1
  372.2865,51438.6157,CI.u(95%).Total.SURVEY_LC1_2C2
  187.0693,28965.4933,CI.u(95%).Total.SURVEY_LC1_2C3
  0.000,764.252,CI.u(95%).Total.SURVEY_LC1_2D1
   0.000,1655.091,CI.u(95%).Total.SURVEY_LC1_2D2
   0.000,3127.473,CI.u(95%).Total.SURVEY_LC1_2E1
    0.00,55428.43,CI.u(95%).Total.SURVEY_LC1_2E2
   0.000,6240.147,CI.u(95%).Total.SURVEY_LC1_2E3
 0.00000,31.25871,CI.u(95%).Total.SURVEY_LC1_2F1
  0.0000,554.2014,CI.u(95%).Total.SURVEY_LC1_2F2
0.000000,7.912777,CI.u(95%).Total.SURVEY_LC1_2F3
    0.00,10420.95,CI.u(95%).Total.SURVEY_LC1_2F4
   0.000,4546.054,CI.u(95%).Total.SURVEY_LC1_2G1
   0.000,1018.927,CI.u(95%).Total.SURVEY_LC1_2G2
   0.000,2794.415,CI.u(95%).Total.SURVEY_LC1_2H1
0.000000,8.082593,CI.u(95%).Total.SURVEY_LC1_2H2
 38008.28,120375.70,CI.u(95%).Total.SURVEY_LU1_2U11
   461.8234,105634.9235,CI.u(95%).Total.SURVEY_LU1_2U12
  0.0000,834.7004,CI.u(95%).Total.SURVEY_LU1_2U13
  0.0000,957.7705,CI.u(95%).Total.SURVEY_LU1_2U14
0.00000,8.15316,CI.u(95%).Total.SURVEY_LU1_2U15
  0.0000,134.7037,CI.u(95%).Total.SURVEY_LU1_2U21
  0.0000,502.0497,CI.u(95%).Total.SURVEY_LU1_2U22
    0.00,10048.74,CI.u(95%).Total.SURVEY_LU1_2U31
  0.0000,196.2708,CI.u(95%).Total.SURVEY_LU1_2U32
  0.000,686.822,CI.u(95%).Total.SURVEY_LU1_2U33
  0.0000,971.4531,CI.u(95%).Total.SURVEY_LU1_2U34
  55.42514,2592.91718,CI.u(95%).Total.SURVEY_LU1_2U35
   8.565273,4790.476466,CI.u(95%).Total.SURVEY_LU1_2U36
    3.964426,11835.297347,CI.u(95%).Total.SURVEY_LU1_2U37
 41.00625,883.19930,CI.u(95%).Total.SURVEY_LU1_2U41
   25.54909,21774.52125,CI.u(95%).Total.SURVEY_LU1_2U42
   0.000,3987.629,CI.u(95%).Total.SURVEY_LC1_3A11
  0.0000,201.3441,CI.u(95%).Total.SURVEY_LC1_3A12
  0.0000,151.7368,CI.u(95%).Total.SURVEY_LC1_3A13
   0.000,2353.194,CI.u(95%).Total.SURVEY_LC1_3A21
   0.000,6631.157,CI.u(95%).Total.SURVEY_LC1_3A22
  0.0000,708.5945,CI.u(95%).Total.SURVEY_LC1_3A30
    0.00,13278.52,CI.u(95%).Total.SURVEY_LC1_3B11
  0.0000,305.7406,CI.u(95%).Total.SURVEY_LC1_3B12
   0.000,4008.434,CI.u(95%).Total.SURVEY_LC1_3B13
   0.000,5357.671,CI.u(95%).Total.SURVEY_LC1_3B14
   0.00,4540.33,CI.u(95%).Total.SURVEY_LC1_3B15
    0.0,12401.3,CI.u(95%).Total.SURVEY_LC1_3B16
   0.000,7183.365,CI.u(95%).Total.SURVEY_LC1_3B18
   0.000,1123.782,CI.u(95%).Total.SURVEY_LC1_3B19
   0.000,1582.707,CI.u(95%).Total.SURVEY_LC1_3B21
   0.00,1309.94,CI.u(95%).Total.SURVEY_LC1_3B22
  0.0000,495.7833,CI.u(95%).Total.SURVEY_LC1_3B23
  0.000,495.359,CI.u(95%).Total.SURVEY_LC1_3B31
   0.000,7215.798,CI.u(95%).Total.SURVEY_LC1_3B32
  0.0000,365.8195,CI.u(95%).Total.SURVEY_LC1_3B33
0.00000,3.78675,CI.u(95%).Total.SURVEY_LC1_3B34
  0.0000,649.2697,CI.u(95%).Total.SURVEY_LC1_3B35
 0.00000,61.34749,CI.u(95%).Total.SURVEY_LC1_3B36
  0.000,217.869,CI.u(95%).Total.SURVEY_LC1_3B37
   0.000,1410.165,CI.u(95%).Total.SURVEY_LC1_3B41
  0.0000,102.0325,CI.u(95%).Total.SURVEY_LC1_3B42
  0.0000,522.0793,CI.u(95%).Total.SURVEY_LC1_3B43
 0.00000,65.53634,CI.u(95%).Total.SURVEY_LC1_3B44
  0.000,324.116,CI.u(95%).Total.SURVEY_LC1_3B45
  0.0000,284.2222,CI.u(95%).Total.SURVEY_LC1_3B51
  0.0000,585.5613,CI.u(95%).Total.SURVEY_LC1_3B52
  0.0000,748.5367,CI.u(95%).Total.SURVEY_LC1_3B53
  0.0000,490.9045,CI.u(95%).Total.SURVEY_LC1_3B54
   0.000,1465.803,CI.u(95%).Total.SURVEY_LC1_3B55
   0.000,1782.965,CI.u(95%).Total.SURVEY_LC1_3B71
  0.0000,194.7882,CI.u(95%).Total.SURVEY_LC1_3B72
  0.0000,396.7482,CI.u(95%).Total.SURVEY_LC1_3B73
  0.0000,128.9408,CI.u(95%).Total.SURVEY_LC1_3B74
   0.00,1152.73,CI.u(95%).Total.SURVEY_LC1_3B75
 0.00000,38.88166,CI.u(95%).Total.SURVEY_LC1_3B82
  0.0000,123.1781,CI.u(95%).Total.SURVEY_LC1_3B83
  0.0000,214.1642,CI.u(95%).Total.SURVEY_LC1_3B84
36938.69,    0.00,CI.u(95%).Total.SURVEY_LC1_3Bx1
1238.71,   0.00,CI.u(95%).Total.SURVEY_LC1_3Bx2
26.24476, 0.00000,CI.u(95%).Total.SURVEY_LC1_3Bxx
    0.00,45960.58,CI.u(95%).Total.SURVEY_LC1_3C10
   0.000,5815.331,CI.u(95%).Total.SURVEY_LC1_3C21
    0.0,46712.2,CI.u(95%).Total.SURVEY_LC1_3C22
  0.0000,868.0033,CI.u(95%).Total.SURVEY_LC1_3C23
372.2865,  0.0000,CI.u(95%).Total.SURVEY_LC1_3C2x
   0.000,3828.253,CI.u(95%).Total.SURVEY_LC1_3C31
    0.00,19554.18,CI.u(95%).Total.SURVEY_LC1_3C32
   0.00,8698.69,CI.u(95%).Total.SURVEY_LC1_3C33
187.0693,  0.0000,CI.u(95%).Total.SURVEY_LC1_3C3x
  0.000,764.252,CI.u(95%).Total.SURVEY_LC1_3D10
   0.000,1655.091,CI.u(95%).Total.SURVEY_LC1_3D20
   0.000,3127.473,CI.u(95%).Total.SURVEY_LC1_3E10
    0.00,55428.43,CI.u(95%).Total.SURVEY_LC1_3E20
   0.000,6240.147,CI.u(95%).Total.SURVEY_LC1_3E30
 0.00000,31.25871,CI.u(95%).Total.SURVEY_LC1_3F10
  0.0000,554.2014,CI.u(95%).Total.SURVEY_LC1_3F20
0.000000,7.912777,CI.u(95%).Total.SURVEY_LC1_3F30
    0.00,10420.95,CI.u(95%).Total.SURVEY_LC1_3F40
   0.000,4546.054,CI.u(95%).Total.SURVEY_LC1_3G11
   0.000,1018.927,CI.u(95%).Total.SURVEY_LC1_3G21
   0.000,2762.297,CI.u(95%).Total.SURVEY_LC1_3H11
 0.00000,32.11873,CI.u(95%).Total.SURVEY_LC1_3H12
0.000000,8.082593,CI.u(95%).Total.SURVEY_LC1_3H21
 37870.46,117175.17,CI.u(95%).Total.SURVEY_LU1_3U111
  55.74077,2634.62801,CI.u(95%).Total.SURVEY_LU1_3U112
127.5208,877.8379,CI.u(95%).Total.SURVEY_LU1_3U113
   461.8234,105634.9235,CI.u(95%).Total.SURVEY_LU1_3U120
  0.0000,834.7004,CI.u(95%).Total.SURVEY_LU1_3U130
  0.0000,957.7705,CI.u(95%).Total.SURVEY_LU1_3U140
0.00000,8.15316,CI.u(95%).Total.SURVEY_LU1_3U150
  0.0000,134.7037,CI.u(95%).Total.SURVEY_LU1_3U210
 0.00000,85.84353,CI.u(95%).Total.SURVEY_LU1_3U221
0.000000,3.951987,CI.u(95%).Total.SURVEY_LU1_3U222
  0.000,111.503,CI.u(95%).Total.SURVEY_LU1_3U223
 0.00000,38.27112,CI.u(95%).Total.SURVEY_LU1_3U224
 0.00000,70.62176,CI.u(95%).Total.SURVEY_LU1_3U225
  0.0000,149.9294,CI.u(95%).Total.SURVEY_LU1_3U226
 0.00000,68.68771,CI.u(95%).Total.SURVEY_LU1_3U227
 0.00000,55.44953,CI.u(95%).Total.SURVEY_LU1_3U228
  0.0000,678.6388,CI.u(95%).Total.SURVEY_LU1_3U311
   0.000,7455.399,CI.u(95%).Total.SURVEY_LU1_3U312
  0.0000,742.3769,CI.u(95%).Total.SURVEY_LU1_3U313
  0.0000,166.6827,CI.u(95%).Total.SURVEY_LU1_3U314
 0.00000,16.04978,CI.u(95%).Total.SURVEY_LU1_3U315
0.000000,3.885895,CI.u(95%).Total.SURVEY_LU1_3U316
  0.0000,874.0073,CI.u(95%).Total.SURVEY_LU1_3U317
 0.00000,88.93172,CI.u(95%).Total.SURVEY_LU1_3U318
  0.0000,554.3442,CI.u(95%).Total.SURVEY_LU1_3U319
  0.0000,101.9811,CI.u(95%).Total.SURVEY_LU1_3U321
  0.0000,106.5539,CI.u(95%).Total.SURVEY_LU1_3U322
  0.000,686.822,CI.u(95%).Total.SURVEY_LU1_3U330
  0.0000,858.2842,CI.u(95%).Total.SURVEY_LU1_3U341
  0.000,175.137,CI.u(95%).Total.SURVEY_LU1_3U342
  55.42514,2592.91718,CI.u(95%).Total.SURVEY_LU1_3U350
   8.565273,4400.966299,CI.u(95%).Total.SURVEY_LU1_3U361
  0.0000,485.0088,CI.u(95%).Total.SURVEY_LU1_3U362
    3.964426,11835.297347,CI.u(95%).Total.SURVEY_LU1_3U370
  0.0000,230.6988,CI.u(95%).Total.SURVEY_LU1_3U411
 0.0000,40.6578,CI.u(95%).Total.SURVEY_LU1_3U413
  0.0000,397.6414,CI.u(95%).Total.SURVEY_LU1_3U414
 41.00625,322.80884,CI.u(95%).Total.SURVEY_LU1_3U415
   25.54909,21774.52125,CI.u(95%).Total.SURVEY_LU1_3U420
 38420.7,250929.2,CI.u(95%).Total.settlement0
   59.38957,26332.83773,CI.u(95%).Total.settlement1
0.001615878,0.716466966,CI.u(95%).Total.settl_pc
 38051.48,162200.53,CI.u(95%).Total.fao_class_name0
   493.8514,111133.7931,CI.u(95%).Total.fao_class_name1
   0.000,1133.168,CI.u(95%).Total.fao_class_name2
   0.000,3697.546,CI.u(95%).Total.fao_class_name3
 38412.14,257427.05,CI.u(95%).Total.lue0
   67.95484,19261.71964,CI.u(95%).Total.lue1
 38447.76,264593.34,CI.u(95%).Total.lud0
    0.00,12195.93,CI.u(95%).Total.lud1
0.009593381,0.002107220,CV.Total.area
NA,0.04054778,CV.Total.SURVEY_LC1_1A
0.009596220,0.006313893,CV.Total.SURVEY_LC1_1B
0.131998987,0.008955621,CV.Total.SURVEY_LC1_1C
NA,0.06001719,CV.Total.SURVEY_LC1_1D
NA,0.01164322,CV.Total.SURVEY_LC1_1E
NA,0.04082648,CV.Total.SURVEY_LC1_1F
NA,0.01237956,CV.Total.SURVEY_LC1_1G
NA,0.03203323,CV.Total.SURVEY_LC1_1H
0.009596618,0.004949248,CV.Total.SURVEY_LU1_1U1
NA,0.07396518,CV.Total.SURVEY_LU1_1U2
0.48145719,0.02460199,CV.Total.SURVEY_LU1_1U3
0.35628155,0.03597665,CV.Total.SURVEY_LU1_1U4
NA,0.04803232,CV.Total.SURVEY_LC1_2A1
NA,0.06552879,CV.Total.SURVEY_LC1_2A2
NA,0.1158918,CV.Total.SURVEY_LC1_2A3
NA,0.008329587,CV.Total.SURVEY_LC1_2B1
NA,0.04060082,CV.Total.SURVEY_LC1_2B2
NA,0.02523613,CV.Total.SURVEY_LC1_2B3
NA,0.04994223,CV.Total.SURVEY_LC1_2B4
NA,0.03933153,CV.Total.SURVEY_LC1_2B5
NA,0.05063916,CV.Total.SURVEY_LC1_2B7
NA,0.175569,CV.Total.SURVEY_LC1_2B8
0.00959622,NA,CV.Total.SURVEY_LC1_2Bx
NA,0.0520337,CV.Total.SURVEY_LC1_2C1
0.13900291,0.04582921,CV.Total.SURVEY_LC1_2C2
0.30445431,0.08264447,CV.Total.SURVEY_LC1_2C3
NA,0.09006801,CV.Total.SURVEY_LC1_2D1
NA,0.07779392,CV.Total.SURVEY_LC1_2D2
NA,0.04557739,CV.Total.SURVEY_LC1_2E1
NA,0.01194154,CV.Total.SURVEY_LC1_2E2
NA,0.06067026,CV.Total.SURVEY_LC1_2E3
NA,  0,CV.Total.SURVEY_LC1_2F1
NA,0.1404833,CV.Total.SURVEY_LC1_2F2
NA,  0,CV.Total.SURVEY_LC1_2F3
NA,0.04238195,CV.Total.SURVEY_LC1_2F4
NA,0.01961253,CV.Total.SURVEY_LC1_2G1
NA,0.07583272,CV.Total.SURVEY_LC1_2G2
NA,0.03213171,CV.Total.SURVEY_LC1_2H1
NA,  0,CV.Total.SURVEY_LC1_2H2
0.009597639,0.003880046,CV.Total.SURVEY_LU1_2U11
0.13930871,0.01009527,CV.Total.SURVEY_LU1_2U12
NA,0.1172234,CV.Total.SURVEY_LU1_2U13
NA,0.07106208,CV.Total.SURVEY_LU1_2U14
NA,  0,CV.Total.SURVEY_LU1_2U15
NA,0.1533144,CV.Total.SURVEY_LU1_2U21
NA,0.08401619,CV.Total.SURVEY_LU1_2U22
NA,0.05659739,CV.Total.SURVEY_LU1_2U31
NA,0.1084449,CV.Total.SURVEY_LU1_2U32
NA,0.07385988,CV.Total.SURVEY_LU1_2U33
NA,0.1448542,CV.Total.SURVEY_LU1_2U34
0.7503697,0.2340094,CV.Total.SURVEY_LU1_2U35
0.0000000,0.0357052,CV.Total.SURVEY_LU1_2U36
0.00000000,0.02767388,CV.Total.SURVEY_LU1_2U37
0.4942485,0.1040703,CV.Total.SURVEY_LU1_2U41
0.48386428,0.03715411,CV.Total.SURVEY_LU1_2U42
NA,0.05080737,CV.Total.SURVEY_LC1_3A11
NA,0.272768,CV.Total.SURVEY_LC1_3A12
NA,0.1601853,CV.Total.SURVEY_LC1_3A13
NA,0.07263285,CV.Total.SURVEY_LC1_3A21
NA,0.08707691,CV.Total.SURVEY_LC1_3A22
NA,0.1158918,CV.Total.SURVEY_LC1_3A30
NA,0.0189567,CV.Total.SURVEY_LC1_3B11
NA,0.1278212,CV.Total.SURVEY_LC1_3B12
NA,0.03617962,CV.Total.SURVEY_LC1_3B13
NA,0.02973097,CV.Total.SURVEY_LC1_3B14
NA,0.03351045,CV.Total.SURVEY_LC1_3B15
NA,0.02021507,CV.Total.SURVEY_LC1_3B16
NA,0.02551697,CV.Total.SURVEY_LC1_3B18
NA,0.07743153,CV.Total.SURVEY_LC1_3B19
NA,0.05665834,CV.Total.SURVEY_LC1_3B21
NA,0.06775168,CV.Total.SURVEY_LC1_3B22
NA,0.1184913,CV.Total.SURVEY_LC1_3B23
NA,0.1111564,CV.Total.SURVEY_LC1_3B31
NA,0.02782233,CV.Total.SURVEY_LC1_3B32
NA,0.1486307,CV.Total.SURVEY_LC1_3B33
NA,  0,CV.Total.SURVEY_LC1_3B34
NA,0.1144554,CV.Total.SURVEY_LC1_3B35
NA,0.5359818,CV.Total.SURVEY_LC1_3B36
NA,0.2083382,CV.Total.SURVEY_LC1_3B37
NA,0.06351622,CV.Total.SURVEY_LC1_3B41
NA,0.43372,CV.Total.SURVEY_LC1_3B42
NA,0.1101384,CV.Total.SURVEY_LC1_3B43
NA,0.1895022,CV.Total.SURVEY_LC1_3B44
NA,0.140332,CV.Total.SURVEY_LC1_3B45
NA,0.1436717,CV.Total.SURVEY_LC1_3B51
NA,0.1024959,CV.Total.SURVEY_LC1_3B52
NA,0.08568203,CV.Total.SURVEY_LC1_3B53
NA,0.1427063,CV.Total.SURVEY_LC1_3B54
NA,0.05427551,CV.Total.SURVEY_LC1_3B55
NA,0.09018439,CV.Total.SURVEY_LC1_3B71
NA,0.3102721,CV.Total.SURVEY_LC1_3B72
NA,0.1154464,CV.Total.SURVEY_LC1_3B73
NA,0.1367172,CV.Total.SURVEY_LC1_3B74
NA,0.08395025,CV.Total.SURVEY_LC1_3B75
NA,0.8451543,CV.Total.SURVEY_LC1_3B82
NA,0.1944417,CV.Total.SURVEY_LC1_3B83
NA,0.2647835,CV.Total.SURVEY_LC1_3B84
0.009554104,NA,CV.Total.SURVEY_LC1_3Bx1
0.09012185,NA,CV.Total.SURVEY_LC1_3Bx2
0.3272899,NA,CV.Total.SURVEY_LC1_3Bxx
NA,0.0520337,CV.Total.SURVEY_LC1_3C10
NA,0.1972803,CV.Total.SURVEY_LC1_3C21
NA,0.0499722,CV.Total.SURVEY_LC1_3C22
NA,0.452328,CV.Total.SURVEY_LC1_3C23
0.1390029,NA,CV.Total.SURVEY_LC1_3C2x
NA,0.3003946,CV.Total.SURVEY_LC1_3C31
NA,0.1033923,CV.Total.SURVEY_LC1_3C32
NA,0.198897,CV.Total.SURVEY_LC1_3C33
0.3044543,NA,CV.Total.SURVEY_LC1_3C3x
NA,0.09006801,CV.Total.SURVEY_LC1_3D10
NA,0.07779392,CV.Total.SURVEY_LC1_3D20
NA,0.04557739,CV.Total.SURVEY_LC1_3E10
NA,0.01194154,CV.Total.SURVEY_LC1_3E20
NA,0.06067026,CV.Total.SURVEY_LC1_3E30
NA,  0,CV.Total.SURVEY_LC1_3F10
NA,0.1404833,CV.Total.SURVEY_LC1_3F20
NA,  0,CV.Total.SURVEY_LC1_3F30
NA,0.04238195,CV.Total.SURVEY_LC1_3F40
NA,0.01961253,CV.Total.SURVEY_LC1_3G11
NA,0.07583272,CV.Total.SURVEY_LC1_3G21
NA,0.03252915,CV.Total.SURVEY_LC1_3H11
NA,  0,CV.Total.SURVEY_LC1_3H12
NA,  0,CV.Total.SURVEY_LC1_3H21
0.009631063,0.004005643,CV.Total.SURVEY_LU1_3U111
0.39777614,0.04012267,CV.Total.SURVEY_LU1_3U112
0.10162383,0.07738752,CV.Total.SURVEY_LU1_3U113
0.13930871,0.01009527,CV.Total.SURVEY_LU1_3U120
NA,0.1172234,CV.Total.SURVEY_LU1_3U130
NA,0.07106208,CV.Total.SURVEY_LU1_3U140
NA,  0,CV.Total.SURVEY_LU1_3U150
NA,0.1533144,CV.Total.SURVEY_LU1_3U210
NA,0.1077603,CV.Total.SURVEY_LU1_3U221
NA,  0,CV.Total.SURVEY_LU1_3U222
NA,0.2105995,CV.Total.SURVEY_LU1_3U223
NA,0.02295719,CV.Total.SURVEY_LU1_3U224
NA,0.1395084,CV.Total.SURVEY_LU1_3U225
NA,0.2920277,CV.Total.SURVEY_LU1_3U226
NA,0.02770437,CV.Total.SURVEY_LU1_3U227
NA,0.6337448,CV.Total.SURVEY_LU1_3U228
NA,0.08850575,CV.Total.SURVEY_LU1_3U311
NA,0.07658232,CV.Total.SURVEY_LU1_3U312
NA,0.1259286,CV.Total.SURVEY_LU1_3U313
NA,0.03350763,CV.Total.SURVEY_LU1_3U314
NA,0.3280209,CV.Total.SURVEY_LU1_3U315
NA,  0,CV.Total.SURVEY_LU1_3U316
NA,0.1217454,CV.Total.SURVEY_LU1_3U317
NA,0.03824255,CV.Total.SURVEY_LU1_3U318
NA,0.1463485,CV.Total.SURVEY_LU1_3U319
NA,0.09815358,CV.Total.SURVEY_LU1_3U321
NA,0.2019425,CV.Total.SURVEY_LU1_3U322
NA,0.07385988,CV.Total.SURVEY_LU1_3U330
NA,0.1582335,CV.Total.SURVEY_LU1_3U341
NA,0.3699439,CV.Total.SURVEY_LU1_3U342
0.7503697,0.2340094,CV.Total.SURVEY_LU1_3U350
0.00000000,0.03611186,CV.Total.SURVEY_LU1_3U361
NA,0.1638821,CV.Total.SURVEY_LU1_3U362
0.00000000,0.02767388,CV.Total.SURVEY_LU1_3U370
NA,0.3199721,CV.Total.SURVEY_LU1_3U411
NA,0.2046427,CV.Total.SURVEY_LU1_3U413
NA,0.1945997,CV.Total.SURVEY_LU1_3U414
0.49424850,0.08888174,CV.Total.SURVEY_LU1_3U415
0.48386428,0.03715411,CV.Total.SURVEY_LU1_3U420
0.009591132,0.003589920,CV.Total.settlement0
0.63767746,0.02690313,CV.Total.settlement1
0.63767746,0.02690313,CV.Total.settl_pc
0.009590736,0.005194009,CV.Total.fao_class_name0
0.137895279,0.008416471,CV.Total.fao_class_name1
NA,0.06125809,CV.Total.fao_class_name2
NA,0.06462172,CV.Total.fao_class_name3
0.009593311,0.002940320,CV.Total.lue0
0.48145719,0.02864499,CV.Total.lue1
0.009593381,0.003076772,CV.Total.lud0
NA,0.04623845,CV.Total.lud1
