No,Yes,variable
 6307.288,82795.712,Total.area
  72.09577,5714.91330,Total.SURVEY_LC1_1A
 2259.379,12188.144,Total.SURVEY_LC1_1B
 2534.629,28949.516,Total.SURVEY_LC1_1C
  645.1307,15208.0068,Total.SURVEY_LC1_1D
  725.3976,14522.4212,Total.SURVEY_LC1_1E
  37.05781,4681.28569,Total.SURVEY_LC1_1F
  33.59915,1329.62740,Total.SURVEY_LC1_1G
  0.0000,201.7967,Total.SURVEY_LC1_1H
 5498.218,57099.863,Total.SURVEY_LU1_1U1
  0.0000,445.2488,Total.SURVEY_LU1_1U2
  90.53469,6214.80182,Total.SURVEY_LU1_1U3
  718.5355,19035.7978,Total.SURVEY_LU1_1U4
  40.19372,1585.69464,Total.SURVEY_LC1_2A1
  25.87536,3938.57717,Total.SURVEY_LC1_2A2
  0.0000,190.6415,Total.SURVEY_LC1_2A3
6.026691,0.000000,Total.SURVEY_LC1_2Ax
   0.000,2015.017,Total.SURVEY_LC1_2B1
  0.0000,138.2042,Total.SURVEY_LC1_2B2
 0.00000,19.85009,Total.SURVEY_LC1_2B3
  0.0000,383.9008,Total.SURVEY_LC1_2B4
  0.00,921.43,Total.SURVEY_LC1_2B5
   0.000,2065.736,Total.SURVEY_LC1_2B7
   0.000,6644.006,Total.SURVEY_LC1_2B8
2259.379,   0.000,Total.SURVEY_LC1_2Bx
 1532.753,21071.737,Total.SURVEY_LC1_2C1
 220.2567,5489.3846,Total.SURVEY_LC1_2C2
  23.32406,2388.39431,Total.SURVEY_LC1_2C3
758.2947,  0.0000,Total.SURVEY_LC1_2Cx
 185.2648,5876.5727,Total.SURVEY_LC1_2D1
 310.5349,9331.4341,Total.SURVEY_LC1_2D2
149.331,  0.000,Total.SURVEY_LC1_2Dx
 246.6604,3072.1414,Total.SURVEY_LC1_2E1
 443.6938,7851.6997,Total.SURVEY_LC1_2E2
  22.62124,3598.58014,Total.SURVEY_LC1_2E3
12.42219, 0.00000,Total.SURVEY_LC1_2Ex
  27.85268,1223.44126,Total.SURVEY_LC1_2F1
  0.0000,112.3916,Total.SURVEY_LC1_2F2
   9.205125,3345.452859,Total.SURVEY_LC1_2F4
  4.452538,701.875233,Total.SURVEY_LC1_2G1
 20.41628,591.34649,Total.SURVEY_LC1_2G2
 0.0000,27.9611,Total.SURVEY_LC1_2G3
0.00000,8.44457,Total.SURVEY_LC1_2G4
8.73034,0.00000,Total.SURVEY_LC1_2Gx
 0.000,42.062,Total.SURVEY_LC1_2H1
  0.0000,159.7347,Total.SURVEY_LC1_2H2
 3052.136,25116.678,Total.SURVEY_LU1_2U11
 2432.295,31871.710,Total.SURVEY_LU1_2U12
 0.00000,34.65377,Total.SURVEY_LU1_2U13
13.78712,76.82053,Total.SURVEY_LU1_2U14
  0.0000,102.3256,Total.SURVEY_LU1_2U21
  0.0000,342.9233,Total.SURVEY_LU1_2U22
   4.689674,3235.455724,Total.SURVEY_LU1_2U31
10.45569,57.66884,Total.SURVEY_LU1_2U32
  0.0000,100.5093,Total.SURVEY_LU1_2U33
 0.00000,84.62718,Total.SURVEY_LU1_2U34
  9.121913,369.824878,Total.SURVEY_LU1_2U35
  8.837008,305.576026,Total.SURVEY_LU1_2U36
  57.43041,2061.13990,Total.SURVEY_LU1_2U37
  48.68996,2850.00880,Total.SURVEY_LU1_2U41
  669.8455,16185.7890,Total.SURVEY_LU1_2U42
   0.000,1454.085,Total.SURVEY_LC1_3A11
 0.00000,62.98108,Total.SURVEY_LC1_3A12
 0.00000,68.62821,Total.SURVEY_LC1_3A13
40.19372, 0.00000,Total.SURVEY_LC1_3A1x
   0.000,1232.447,Total.SURVEY_LC1_3A21
   0.00,2706.13,Total.SURVEY_LC1_3A22
25.87536, 0.00000,Total.SURVEY_LC1_3A2x
  0.0000,190.6415,Total.SURVEY_LC1_3A30
6.026691,0.000000,Total.SURVEY_LC1_3Axx
  0.0000,154.0445,Total.SURVEY_LC1_3B11
 0.00000,55.20273,Total.SURVEY_LC1_3B12
 0.00000,72.73947,Total.SURVEY_LC1_3B13
  0.0000,147.8996,Total.SURVEY_LC1_3B14
  0.0000,484.1541,Total.SURVEY_LC1_3B15
  0.0000,967.6994,Total.SURVEY_LC1_3B16
 0.00000,91.05797,Total.SURVEY_LC1_3B17
 0.00000,35.74722,Total.SURVEY_LC1_3B18
0.000000,6.472007,Total.SURVEY_LC1_3B19
 0.00000,57.70935,Total.SURVEY_LC1_3B21
 0.00000,80.49485,Total.SURVEY_LC1_3B23
 0.00000,19.85009,Total.SURVEY_LC1_3B31
 0.00000,10.50136,Total.SURVEY_LC1_3B41
  0.0000,109.1013,Total.SURVEY_LC1_3B42
  0.0000,255.7393,Total.SURVEY_LC1_3B43
0.000000,8.558806,Total.SURVEY_LC1_3B44
  0.0000,292.3223,Total.SURVEY_LC1_3B53
 0.00000,54.99607,Total.SURVEY_LC1_3B54
  0.0000,574.1117,Total.SURVEY_LC1_3B55
  0.0000,149.7263,Total.SURVEY_LC1_3B71
  0.000,194.319,Total.SURVEY_LC1_3B72
 0.0000,34.8733,Total.SURVEY_LC1_3B73
  0.0000,927.4212,Total.SURVEY_LC1_3B74
  0.0000,439.8626,Total.SURVEY_LC1_3B75
  0.0000,292.9364,Total.SURVEY_LC1_3B76
 0.00000,26.59746,Total.SURVEY_LC1_3B77
   0.00,4572.55,Total.SURVEY_LC1_3B81
   0.000,1918.931,Total.SURVEY_LC1_3B82
0.000000,4.331957,Total.SURVEY_LC1_3B83
  0.0000,148.1926,Total.SURVEY_LC1_3B84
1288.506,   0.000,Total.SURVEY_LC1_3Bx1
939.5498,  0.0000,Total.SURVEY_LC1_3Bx2
31.32244, 0.00000,Total.SURVEY_LC1_3Bxx
    0.00,21071.74,Total.SURVEY_LC1_3C10
1532.753,   0.000,Total.SURVEY_LC1_3C1x
 0.00000,20.64403,Total.SURVEY_LC1_3C21
   0.000,5327.732,Total.SURVEY_LC1_3C22
  0.0000,141.0083,Total.SURVEY_LC1_3C23
220.2567,  0.0000,Total.SURVEY_LC1_3C2x
 0.00000,14.40079,Total.SURVEY_LC1_3C31
   0.000,1512.054,Total.SURVEY_LC1_3C32
  0.0000,861.9395,Total.SURVEY_LC1_3C33
23.32406, 0.00000,Total.SURVEY_LC1_3C3x
758.2947,  0.0000,Total.SURVEY_LC1_3Cxx
   0.000,5876.573,Total.SURVEY_LC1_3D10
185.2648,  0.0000,Total.SURVEY_LC1_3D1x
   0.000,9331.434,Total.SURVEY_LC1_3D20
310.5349,  0.0000,Total.SURVEY_LC1_3D2x
149.331,  0.000,Total.SURVEY_LC1_3Dxx
   0.000,3072.141,Total.SURVEY_LC1_3E10
246.6604,  0.0000,Total.SURVEY_LC1_3E1x
   0.0,7851.7,Total.SURVEY_LC1_3E20
443.6938,  0.0000,Total.SURVEY_LC1_3E2x
   0.00,3598.58,Total.SURVEY_LC1_3E30
22.62124, 0.00000,Total.SURVEY_LC1_3E3x
12.42219, 0.00000,Total.SURVEY_LC1_3Exx
   0.000,1223.441,Total.SURVEY_LC1_3F10
27.85268, 0.00000,Total.SURVEY_LC1_3F1x
  0.0000,112.3916,Total.SURVEY_LC1_3F20
   0.000,3345.453,Total.SURVEY_LC1_3F40
9.205125,0.000000,Total.SURVEY_LC1_3F4x
4.452538,0.000000,Total.SURVEY_LC1_3G10
  0.000,688.198,Total.SURVEY_LC1_3G11
 0.00000,13.67722,Total.SURVEY_LC1_3G12
  0.0000,591.3465,Total.SURVEY_LC1_3G21
20.41628, 0.00000,Total.SURVEY_LC1_3G2x
 0.0000,27.9611,Total.SURVEY_LC1_3G30
0.00000,8.44457,Total.SURVEY_LC1_3G40
8.73034,0.00000,Total.SURVEY_LC1_3Gxx
 0.000,42.062,Total.SURVEY_LC1_3H11
 0.0000,72.0182,Total.SURVEY_LC1_3H21
 0.00000,36.55018,Total.SURVEY_LC1_3H22
 0.00000,51.16634,Total.SURVEY_LC1_3H23
 2952.442,22180.202,Total.SURVEY_LU1_3U111
  17.46938,2452.15621,Total.SURVEY_LU1_3U112
 82.22505,484.32001,Total.SURVEY_LU1_3U113
 2432.295,31871.710,Total.SURVEY_LU1_3U120
 0.00000,34.65377,Total.SURVEY_LU1_3U130
13.78712,76.82053,Total.SURVEY_LU1_3U140
  0.0000,102.3256,Total.SURVEY_LU1_3U210
 0.00000,54.38575,Total.SURVEY_LU1_3U221
0.000000,7.923008,Total.SURVEY_LU1_3U222
 0.00000,13.40702,Total.SURVEY_LU1_3U223
0.000000,8.769853,Total.SURVEY_LU1_3U224
 0.00000,26.07094,Total.SURVEY_LU1_3U225
  0.0000,224.4437,Total.SURVEY_LU1_3U226
0.000000,7.923008,Total.SURVEY_LU1_3U227
  0.0000,110.1091,Total.SURVEY_LU1_3U311
   4.689674,2765.785130,Total.SURVEY_LU1_3U312
 0.00000,35.45244,Total.SURVEY_LU1_3U313
 0.0000,21.3655,Total.SURVEY_LU1_3U314
0.00000,4.98433,Total.SURVEY_LU1_3U315
  0.0000,157.7755,Total.SURVEY_LU1_3U317
0.000000,4.488171,Total.SURVEY_LU1_3U318
  0.0000,135.4955,Total.SURVEY_LU1_3U319
 0.0000,44.1803,Total.SURVEY_LU1_3U321
10.45569,13.48854,Total.SURVEY_LU1_3U322
  0.0000,100.5093,Total.SURVEY_LU1_3U330
 0.00000,84.62718,Total.SURVEY_LU1_3U341
  9.121913,369.824878,Total.SURVEY_LU1_3U350
  4.348636,178.875822,Total.SURVEY_LU1_3U361
  4.488372,126.700204,Total.SURVEY_LU1_3U362
  57.43041,2061.13990,Total.SURVEY_LU1_3U370
 4.834106,11.200705,Total.SURVEY_LU1_3U411
 0.00000,12.29231,Total.SURVEY_LU1_3U413
 0.00000,47.20659,Total.SURVEY_LU1_3U414
  43.85586,2779.30920,Total.SURVEY_LU1_3U415
  669.8455,16185.7890,Total.SURVEY_LU1_3U420
 6221.102,76033.315,Total.settlement0
  86.18606,6762.39641,Total.settlement1
0.008195223,0.643019883,Total.settl_pc
 4524.171,41490.773,Total.fao_class_name0
 1148.88,23790.27,Total.fao_class_name1
   3.690906,5062.065052,Total.fao_class_name2
  630.5457,12452.6049,Total.fao_class_name3
 6231.899,79974.544,Total.lue0
  75.38933,2821.16798,Total.lue1
 6278.356,78880.008,Total.lud0
  28.93248,3915.70321,Total.lud1
510.9961,528.3487,SE.Total.area
 29.26384,176.74569,SE.Total.SURVEY_LC1_1A
194.8920,279.4674,SE.Total.SURVEY_LC1_1B
430.1758,688.8574,SE.Total.SURVEY_LC1_1C
164.2409,468.1987,SE.Total.SURVEY_LC1_1D
109.5573,453.5121,SE.Total.SURVEY_LC1_1E
  3.949339,336.355306,SE.Total.SURVEY_LC1_1F
 5.497255,29.300878,SE.Total.SURVEY_LC1_1G
 0.000,12.721,SE.Total.SURVEY_LC1_1H
484.2144,699.0983,SE.Total.SURVEY_LU1_1U1
  0.0000,112.9704,SE.Total.SURVEY_LU1_1U2
 30.09592,212.37385,SE.Total.SURVEY_LU1_1U3
162.4060,493.4413,SE.Total.SURVEY_LU1_1U4
 28.64008,171.78898,SE.Total.SURVEY_LC1_2A1
  5.119807,229.344845,SE.Total.SURVEY_LC1_2A2
 0.00000,36.71198,SE.Total.SURVEY_LC1_2A3
3.147337,0.000000,SE.Total.SURVEY_LC1_2Ax
  0.0000,111.0812,SE.Total.SURVEY_LC1_2B1
 0.00000,16.81048,SE.Total.SURVEY_LC1_2B2
 0.00000,10.87933,SE.Total.SURVEY_LC1_2B3
 0.00000,61.27854,SE.Total.SURVEY_LC1_2B4
  0.0000,120.9535,SE.Total.SURVEY_LC1_2B5
  0.0000,219.4402,SE.Total.SURVEY_LC1_2B7
  0.000,299.677,SE.Total.SURVEY_LC1_2B8
194.892,  0.000,SE.Total.SURVEY_LC1_2Bx
357.3579,814.1852,SE.Total.SURVEY_LC1_2C1
172.2620,577.0178,SE.Total.SURVEY_LC1_2C2
 21.44196,398.09101,SE.Total.SURVEY_LC1_2C3
195.6243,  0.0000,SE.Total.SURVEY_LC1_2Cx
 36.43788,376.39192,SE.Total.SURVEY_LC1_2D1
 85.66828,405.02233,SE.Total.SURVEY_LC1_2D2
135.3608,  0.0000,SE.Total.SURVEY_LC1_2Dx
 76.9941,278.9861,SE.Total.SURVEY_LC1_2E1
 77.94417,297.10102,SE.Total.SURVEY_LC1_2E2
  7.135246,279.888446,SE.Total.SURVEY_LC1_2E3
0,0,SE.Total.SURVEY_LC1_2Ex
  3.949339,167.061047,SE.Total.SURVEY_LC1_2F1
 0.00000,13.58895,SE.Total.SURVEY_LC1_2F2
  0.000,294.302,SE.Total.SURVEY_LC1_2F4
 0.00000,28.17136,SE.Total.SURVEY_LC1_2G1
 5.497255,26.679369,SE.Total.SURVEY_LC1_2G2
0,0,SE.Total.SURVEY_LC1_2G3
0,0,SE.Total.SURVEY_LC1_2G4
0,0,SE.Total.SURVEY_LC1_2Gx
 0.00000,12.21528,SE.Total.SURVEY_LC1_2H1
0.000000,3.551149,SE.Total.SURVEY_LC1_2H2
227.3211,411.6210,SE.Total.SURVEY_LU1_2U11
428.3337,667.1839,SE.Total.SURVEY_LU1_2U12
0.000000,4.685234,SE.Total.SURVEY_LU1_2U13
0,0,SE.Total.SURVEY_LU1_2U14
 0.00000,66.39455,SE.Total.SURVEY_LU1_2U21
 0.00000,91.40064,SE.Total.SURVEY_LU1_2U22
  0.0000,215.6578,SE.Total.SURVEY_LU1_2U31
3.147337,4.421941,SE.Total.SURVEY_LU1_2U32
 0.00000,13.98742,SE.Total.SURVEY_LU1_2U33
 0.00000,24.17364,SE.Total.SURVEY_LU1_2U34
 0.00000,86.04199,SE.Total.SURVEY_LU1_2U35
 0.00000,41.41396,SE.Total.SURVEY_LU1_2U36
 29.9309,165.9588,SE.Total.SURVEY_LU1_2U37
  7.124863,233.197117,SE.Total.SURVEY_LU1_2U41
162.2496,476.5594,SE.Total.SURVEY_LU1_2U42
  0.0000,169.7888,SE.Total.SURVEY_LC1_3A11
 0.00000,30.70702,SE.Total.SURVEY_LC1_3A12
 0.00000,13.39123,SE.Total.SURVEY_LC1_3A13
28.64008, 0.00000,SE.Total.SURVEY_LC1_3A1x
  0.0000,133.9962,SE.Total.SURVEY_LC1_3A21
  0.0000,205.5026,SE.Total.SURVEY_LC1_3A22
5.119807,0.000000,SE.Total.SURVEY_LC1_3A2x
 0.00000,36.71198,SE.Total.SURVEY_LC1_3A30
3.147337,0.000000,SE.Total.SURVEY_LC1_3Axx
 0.00000,34.06839,SE.Total.SURVEY_LC1_3B11
 0.00000,25.34746,SE.Total.SURVEY_LC1_3B12
 0.00000,18.53352,SE.Total.SURVEY_LC1_3B13
 0.00000,26.50905,SE.Total.SURVEY_LC1_3B14
 0.0000,69.5714,SE.Total.SURVEY_LC1_3B15
 0.00000,69.09057,SE.Total.SURVEY_LC1_3B16
 0.00000,19.57286,SE.Total.SURVEY_LC1_3B17
 0.00000,10.77524,SE.Total.SURVEY_LC1_3B18
0.000000,4.114594,SE.Total.SURVEY_LC1_3B19
 0.00000,11.27086,SE.Total.SURVEY_LC1_3B21
 0.00000,12.48963,SE.Total.SURVEY_LC1_3B23
 0.00000,10.87933,SE.Total.SURVEY_LC1_3B31
0.000000,4.660455,SE.Total.SURVEY_LC1_3B41
 0.00000,49.69552,SE.Total.SURVEY_LC1_3B42
 0.00000,35.54147,SE.Total.SURVEY_LC1_3B43
0.000000,1.321827,SE.Total.SURVEY_LC1_3B44
 0.00000,65.35475,SE.Total.SURVEY_LC1_3B53
 0.00000,14.15587,SE.Total.SURVEY_LC1_3B54
  0.0000,100.9475,SE.Total.SURVEY_LC1_3B55
 0.00000,58.91633,SE.Total.SURVEY_LC1_3B71
 0.00000,82.12401,SE.Total.SURVEY_LC1_3B72
 0.00000,16.50836,SE.Total.SURVEY_LC1_3B73
  0.0000,165.7215,SE.Total.SURVEY_LC1_3B74
 0.00000,87.99047,SE.Total.SURVEY_LC1_3B75
 0.00000,85.47783,SE.Total.SURVEY_LC1_3B76
 0.00000,17.28644,SE.Total.SURVEY_LC1_3B77
  0.0000,307.5184,SE.Total.SURVEY_LC1_3B81
  0.0000,240.6211,SE.Total.SURVEY_LC1_3B82
0,0,SE.Total.SURVEY_LC1_3B83
 0.00000,39.82898,SE.Total.SURVEY_LC1_3B84
93.64081, 0.00000,SE.Total.SURVEY_LC1_3Bx1
170.0349,  0.0000,SE.Total.SURVEY_LC1_3Bx2
19.46619, 0.00000,SE.Total.SURVEY_LC1_3Bxx
  0.0000,814.1852,SE.Total.SURVEY_LC1_3C10
357.3579,  0.0000,SE.Total.SURVEY_LC1_3C1x
 0.00000,11.06638,SE.Total.SURVEY_LC1_3C21
  0.0000,573.7312,SE.Total.SURVEY_LC1_3C22
 0.0000,87.2877,SE.Total.SURVEY_LC1_3C23
172.262,  0.000,SE.Total.SURVEY_LC1_3C2x
0.000000,7.079403,SE.Total.SURVEY_LC1_3C31
  0.0000,329.2671,SE.Total.SURVEY_LC1_3C32
  0.0000,238.1183,SE.Total.SURVEY_LC1_3C33
21.44196, 0.00000,SE.Total.SURVEY_LC1_3C3x
195.6243,  0.0000,SE.Total.SURVEY_LC1_3Cxx
  0.0000,376.3919,SE.Total.SURVEY_LC1_3D10
36.43788, 0.00000,SE.Total.SURVEY_LC1_3D1x
  0.0000,405.0223,SE.Total.SURVEY_LC1_3D20
85.66828, 0.00000,SE.Total.SURVEY_LC1_3D2x
135.3608,  0.0000,SE.Total.SURVEY_LC1_3Dxx
  0.0000,278.9861,SE.Total.SURVEY_LC1_3E10
76.9941, 0.0000,SE.Total.SURVEY_LC1_3E1x
  0.000,297.101,SE.Total.SURVEY_LC1_3E20
77.94417, 0.00000,SE.Total.SURVEY_LC1_3E2x
  0.0000,279.8884,SE.Total.SURVEY_LC1_3E30
7.135246,0.000000,SE.Total.SURVEY_LC1_3E3x
0,0,SE.Total.SURVEY_LC1_3Exx
  0.000,167.061,SE.Total.SURVEY_LC1_3F10
3.949339,0.000000,SE.Total.SURVEY_LC1_3F1x
 0.00000,13.58895,SE.Total.SURVEY_LC1_3F20
  0.000,294.302,SE.Total.SURVEY_LC1_3F40
0,0,SE.Total.SURVEY_LC1_3F4x
0,0,SE.Total.SURVEY_LC1_3G10
 0.00000,28.17136,SE.Total.SURVEY_LC1_3G11
0,0,SE.Total.SURVEY_LC1_3G12
 0.00000,26.67937,SE.Total.SURVEY_LC1_3G21
5.497255,0.000000,SE.Total.SURVEY_LC1_3G2x
0,0,SE.Total.SURVEY_LC1_3G30
0,0,SE.Total.SURVEY_LC1_3G40
0,0,SE.Total.SURVEY_LC1_3Gxx
 0.00000,12.21528,SE.Total.SURVEY_LC1_3H11
0.000000,3.551149,SE.Total.SURVEY_LC1_3H21
0,0,SE.Total.SURVEY_LC1_3H22
0,0,SE.Total.SURVEY_LC1_3H23
227.0117,377.7578,SE.Total.SURVEY_LU1_3U111
  0.6312793,211.7890132,SE.Total.SURVEY_LU1_3U112
13.30495,95.37127,SE.Total.SURVEY_LU1_3U113
428.3337,667.1839,SE.Total.SURVEY_LU1_3U120
0.000000,4.685234,SE.Total.SURVEY_LU1_3U130
0,0,SE.Total.SURVEY_LU1_3U140
 0.00000,66.39455,SE.Total.SURVEY_LU1_3U210
 0.00000,19.96613,SE.Total.SURVEY_LU1_3U221
0.000000,5.412445,SE.Total.SURVEY_LU1_3U222
0,0,SE.Total.SURVEY_LU1_3U223
0.00000,5.99095,SE.Total.SURVEY_LU1_3U224
 0.0000,16.2034,SE.Total.SURVEY_LU1_3U225
 0.00000,87.67335,SE.Total.SURVEY_LU1_3U226
0.000000,5.412445,SE.Total.SURVEY_LU1_3U227
 0.00000,48.70331,SE.Total.SURVEY_LU1_3U311
  0.0000,208.0769,SE.Total.SURVEY_LU1_3U312
0,0,SE.Total.SURVEY_LU1_3U313
0,0,SE.Total.SURVEY_LU1_3U314
0,0,SE.Total.SURVEY_LU1_3U315
 0.00000,46.39953,SE.Total.SURVEY_LU1_3U317
0,0,SE.Total.SURVEY_LU1_3U318
 0.00000,36.27808,SE.Total.SURVEY_LU1_3U319
0.000000,4.421941,SE.Total.SURVEY_LU1_3U321
3.147337,0.000000,SE.Total.SURVEY_LU1_3U322
 0.00000,13.98742,SE.Total.SURVEY_LU1_3U330
 0.00000,24.17364,SE.Total.SURVEY_LU1_3U341
 0.00000,86.04199,SE.Total.SURVEY_LU1_3U350
 0.00000,25.08771,SE.Total.SURVEY_LU1_3U361
 0.00000,32.95031,SE.Total.SURVEY_LU1_3U362
 29.9309,165.9588,SE.Total.SURVEY_LU1_3U370
0.000000,8.854935,SE.Total.SURVEY_LU1_3U411
 0.00000,10.03663,SE.Total.SURVEY_LU1_3U413
 0.00000,10.31515,SE.Total.SURVEY_LU1_3U414
  7.124863,232.634255,SE.Total.SURVEY_LU1_3U415
162.2496,476.5594,SE.Total.SURVEY_LU1_3U420
510.1219,559.5812,SE.Total.settlement0
 30.09592,196.92134,SE.Total.settlement1
0.002861748,0.018724773,SE.Total.settl_pc
338.9597,630.9539,SE.Total.fao_class_name0
340.4224,759.6068,SE.Total.fao_class_name1
  0.0000,374.5946,SE.Total.fao_class_name2
206.4466,621.5954,SE.Total.fao_class_name3
510.1309,550.2344,SE.Total.lue0
 29.9309,163.7934,SE.Total.lue1
510.9871,573.8320,SE.Total.lud0
  3.147337,226.664738,SE.Total.lud1
 5305.754,81760.167,CI.l(95%).Total.area
  14.73969,5368.49810,CI.l(95%).Total.SURVEY_LC1_1A
 1877.397,11640.398,CI.l(95%).Total.SURVEY_LC1_1B
 1691.50,27599.38,CI.l(95%).Total.SURVEY_LC1_1C
  323.2244,14290.3542,CI.l(95%).Total.SURVEY_LC1_1D
  510.6692,13633.5539,CI.l(95%).Total.SURVEY_LC1_1E
  29.31725,4022.04141,CI.l(95%).Total.SURVEY_LC1_1F
  22.82473,1272.19873,CI.l(95%).Total.SURVEY_LC1_1G
  0.000,176.864,CI.l(95%).Total.SURVEY_LC1_1H
 4549.175,55729.656,CI.l(95%).Total.SURVEY_LU1_1U1
  0.0000,223.8309,CI.l(95%).Total.SURVEY_LU1_1U2
  31.54777,5798.55673,CI.l(95%).Total.SURVEY_LU1_1U3
  400.2256,18068.6707,CI.l(95%).Total.SURVEY_LU1_1U4
 -15.93981,1248.99442,CI.l(95%).Total.SURVEY_LC1_2A1
  15.84072,3489.06953,CI.l(95%).Total.SURVEY_LC1_2A2
  0.0000,118.6873,CI.l(95%).Total.SURVEY_LC1_2A3
-0.1419756, 0.0000000,CI.l(95%).Total.SURVEY_LC1_2Ax
   0.000,1797.302,CI.l(95%).Total.SURVEY_LC1_2B1
  0.0000,105.2563,CI.l(95%).Total.SURVEY_LC1_2B2
 0.00000,-1.47301,CI.l(95%).Total.SURVEY_LC1_2B3
  0.000,263.797,CI.l(95%).Total.SURVEY_LC1_2B4
  0.0000,684.3655,CI.l(95%).Total.SURVEY_LC1_2B5
   0.000,1635.641,CI.l(95%).Total.SURVEY_LC1_2B7
   0.00,6056.65,CI.l(95%).Total.SURVEY_LC1_2B8
1877.397,   0.000,CI.l(95%).Total.SURVEY_LC1_2Bx
  832.3448,19475.9636,CI.l(95%).Total.SURVEY_LC1_2C1
-117.3706,4358.4504,CI.l(95%).Total.SURVEY_LC1_2C2
 -18.7014,1608.1503,CI.l(95%).Total.SURVEY_LC1_2C3
374.8782,  0.0000,CI.l(95%).Total.SURVEY_LC1_2Cx
 113.8479,5138.8581,CI.l(95%).Total.SURVEY_LC1_2D1
 142.6281,8537.6049,CI.l(95%).Total.SURVEY_LC1_2D2
-115.9713,   0.0000,CI.l(95%).Total.SURVEY_LC1_2Dx
  95.75472,2525.33873,CI.l(95%).Total.SURVEY_LC1_2E1
 290.926,7269.392,CI.l(95%).Total.SURVEY_LC1_2E2
   8.63641,3050.00886,CI.l(95%).Total.SURVEY_LC1_2E3
12.42219, 0.00000,CI.l(95%).Total.SURVEY_LC1_2Ex
 20.11212,896.00763,CI.l(95%).Total.SURVEY_LC1_2F1
 0.00000,85.75772,CI.l(95%).Total.SURVEY_LC1_2F2
   9.205125,2768.631497,CI.l(95%).Total.SURVEY_LC1_2F4
  4.452538,646.660388,CI.l(95%).Total.SURVEY_LC1_2G1
  9.641854,539.055888,CI.l(95%).Total.SURVEY_LC1_2G2
 0.0000,27.9611,CI.l(95%).Total.SURVEY_LC1_2G3
0.00000,8.44457,CI.l(95%).Total.SURVEY_LC1_2G4
8.73034,0.00000,CI.l(95%).Total.SURVEY_LC1_2Gx
 0.00000,18.12049,CI.l(95%).Total.SURVEY_LC1_2H1
  0.0000,152.7746,CI.l(95%).Total.SURVEY_LC1_2H2
 2606.595,24309.916,CI.l(95%).Total.SURVEY_LU1_2U11
 1592.776,30564.054,CI.l(95%).Total.SURVEY_LU1_2U12
 0.00000,25.47088,CI.l(95%).Total.SURVEY_LU1_2U13
13.78712,76.82053,CI.l(95%).Total.SURVEY_LU1_2U14
  0.00000,-27.80538,CI.l(95%).Total.SURVEY_LU1_2U21
  0.0000,163.7813,CI.l(95%).Total.SURVEY_LU1_2U22
   4.689674,2812.774272,CI.l(95%).Total.SURVEY_LU1_2U31
 4.287023,49.001997,CI.l(95%).Total.SURVEY_LU1_2U32
 0.00000,73.09443,CI.l(95%).Total.SURVEY_LU1_2U33
 0.00000,37.24772,CI.l(95%).Total.SURVEY_LU1_2U34
  9.121913,201.185667,CI.l(95%).Total.SURVEY_LU1_2U35
  8.837008,224.406154,CI.l(95%).Total.SURVEY_LU1_2U36
  -1.233077,1735.866673,CI.l(95%).Total.SURVEY_LU1_2U37
  34.72549,2392.95085,CI.l(95%).Total.SURVEY_LU1_2U41
  351.8421,15251.7498,CI.l(95%).Total.SURVEY_LU1_2U42
   0.000,1121.305,CI.l(95%).Total.SURVEY_LC1_3A11
0.000000,2.796431,CI.l(95%).Total.SURVEY_LC1_3A12
 0.00000,42.38188,CI.l(95%).Total.SURVEY_LC1_3A13
-15.93981,  0.00000,CI.l(95%).Total.SURVEY_LC1_3A1x
  0.0000,969.8193,CI.l(95%).Total.SURVEY_LC1_3A21
   0.000,2303.352,CI.l(95%).Total.SURVEY_LC1_3A22
15.84072, 0.00000,CI.l(95%).Total.SURVEY_LC1_3A2x
  0.0000,118.6873,CI.l(95%).Total.SURVEY_LC1_3A30
-0.1419756, 0.0000000,CI.l(95%).Total.SURVEY_LC1_3Axx
 0.00000,87.27171,CI.l(95%).Total.SURVEY_LC1_3B11
0.000000,5.522628,CI.l(95%).Total.SURVEY_LC1_3B12
 0.00000,36.41443,CI.l(95%).Total.SURVEY_LC1_3B13
 0.00000,95.94285,CI.l(95%).Total.SURVEY_LC1_3B14
  0.0000,347.7967,CI.l(95%).Total.SURVEY_LC1_3B15
  0.0000,832.2844,CI.l(95%).Total.SURVEY_LC1_3B16
 0.00000,52.69588,CI.l(95%).Total.SURVEY_LC1_3B17
 0.00000,14.62814,CI.l(95%).Total.SURVEY_LC1_3B18
 0.00000,-1.59245,CI.l(95%).Total.SURVEY_LC1_3B19
 0.00000,35.61887,CI.l(95%).Total.SURVEY_LC1_3B21
 0.00000,56.01562,CI.l(95%).Total.SURVEY_LC1_3B23
 0.00000,-1.47301,CI.l(95%).Total.SURVEY_LC1_3B31
0.000000,1.367033,CI.l(95%).Total.SURVEY_LC1_3B41
 0.0000,11.6999,CI.l(95%).Total.SURVEY_LC1_3B42
  0.0000,186.0793,CI.l(95%).Total.SURVEY_LC1_3B43
0.000000,5.968073,CI.l(95%).Total.SURVEY_LC1_3B44
  0.0000,164.2293,CI.l(95%).Total.SURVEY_LC1_3B53
 0.00000,27.25107,CI.l(95%).Total.SURVEY_LC1_3B54
  0.0000,376.2582,CI.l(95%).Total.SURVEY_LC1_3B55
 0.00000,34.25244,CI.l(95%).Total.SURVEY_LC1_3B71
 0.00000,33.35888,CI.l(95%).Total.SURVEY_LC1_3B72
0.000000,2.517514,CI.l(95%).Total.SURVEY_LC1_3B73
  0.0000,602.6131,CI.l(95%).Total.SURVEY_LC1_3B74
  0.0000,267.4044,CI.l(95%).Total.SURVEY_LC1_3B75
  0.0000,125.4029,CI.l(95%).Total.SURVEY_LC1_3B76
 0.000000,-7.283346,CI.l(95%).Total.SURVEY_LC1_3B77
   0.000,3969.825,CI.l(95%).Total.SURVEY_LC1_3B81
   0.000,1447.322,CI.l(95%).Total.SURVEY_LC1_3B82
0.000000,4.331957,CI.l(95%).Total.SURVEY_LC1_3B83
 0.0000,70.1292,CI.l(95%).Total.SURVEY_LC1_3B84
1104.974,   0.000,CI.l(95%).Total.SURVEY_LC1_3Bx1
606.2875,  0.0000,CI.l(95%).Total.SURVEY_LC1_3Bx2
-6.830592, 0.000000,CI.l(95%).Total.SURVEY_LC1_3Bxx
    0.00,19475.96,CI.l(95%).Total.SURVEY_LC1_3C10
832.3448,  0.0000,CI.l(95%).Total.SURVEY_LC1_3C1x
 0.000000,-1.045681,CI.l(95%).Total.SURVEY_LC1_3C21
   0.00,4203.24,CI.l(95%).Total.SURVEY_LC1_3C22
  0.00000,-30.07242,CI.l(95%).Total.SURVEY_LC1_3C23
-117.3706,   0.0000,CI.l(95%).Total.SURVEY_LC1_3C2x
0.0000000,0.5254137,CI.l(95%).Total.SURVEY_LC1_3C31
  0.0000,866.7023,CI.l(95%).Total.SURVEY_LC1_3C32
  0.0000,395.2362,CI.l(95%).Total.SURVEY_LC1_3C33
-18.7014,  0.0000,CI.l(95%).Total.SURVEY_LC1_3C3x
374.8782,  0.0000,CI.l(95%).Total.SURVEY_LC1_3Cxx
   0.000,5138.858,CI.l(95%).Total.SURVEY_LC1_3D10
113.8479,  0.0000,CI.l(95%).Total.SURVEY_LC1_3D1x
   0.000,8537.605,CI.l(95%).Total.SURVEY_LC1_3D20
142.6281,  0.0000,CI.l(95%).Total.SURVEY_LC1_3D2x
-115.9713,   0.0000,CI.l(95%).Total.SURVEY_LC1_3Dxx
   0.000,2525.339,CI.l(95%).Total.SURVEY_LC1_3E10
95.75472, 0.00000,CI.l(95%).Total.SURVEY_LC1_3E1x
   0.000,7269.392,CI.l(95%).Total.SURVEY_LC1_3E20
290.926,  0.000,CI.l(95%).Total.SURVEY_LC1_3E2x
   0.000,3050.009,CI.l(95%).Total.SURVEY_LC1_3E30
8.63641,0.00000,CI.l(95%).Total.SURVEY_LC1_3E3x
12.42219, 0.00000,CI.l(95%).Total.SURVEY_LC1_3Exx
  0.0000,896.0076,CI.l(95%).Total.SURVEY_LC1_3F10
20.11212, 0.00000,CI.l(95%).Total.SURVEY_LC1_3F1x
 0.00000,85.75772,CI.l(95%).Total.SURVEY_LC1_3F20
   0.000,2768.631,CI.l(95%).Total.SURVEY_LC1_3F40
9.205125,0.000000,CI.l(95%).Total.SURVEY_LC1_3F4x
4.452538,0.000000,CI.l(95%).Total.SURVEY_LC1_3G10
  0.0000,632.9832,CI.l(95%).Total.SURVEY_LC1_3G11
 0.00000,13.67722,CI.l(95%).Total.SURVEY_LC1_3G12
  0.0000,539.0559,CI.l(95%).Total.SURVEY_LC1_3G21
9.641854,0.000000,CI.l(95%).Total.SURVEY_LC1_3G2x
 0.0000,27.9611,CI.l(95%).Total.SURVEY_LC1_3G30
0.00000,8.44457,CI.l(95%).Total.SURVEY_LC1_3G40
8.73034,0.00000,CI.l(95%).Total.SURVEY_LC1_3Gxx
 0.00000,18.12049,CI.l(95%).Total.SURVEY_LC1_3H11
 0.00000,65.05807,CI.l(95%).Total.SURVEY_LC1_3H21
 0.00000,36.55018,CI.l(95%).Total.SURVEY_LC1_3H22
 0.00000,51.16634,CI.l(95%).Total.SURVEY_LC1_3H23
 2507.507,21439.811,CI.l(95%).Total.SURVEY_LU1_3U111
  16.2321,2037.0574,CI.l(95%).Total.SURVEY_LU1_3U112
 56.14783,297.39575,CI.l(95%).Total.SURVEY_LU1_3U113
 1592.776,30564.054,CI.l(95%).Total.SURVEY_LU1_3U120
 0.00000,25.47088,CI.l(95%).Total.SURVEY_LU1_3U130
13.78712,76.82053,CI.l(95%).Total.SURVEY_LU1_3U140
  0.00000,-27.80538,CI.l(95%).Total.SURVEY_LU1_3U210
 0.00000,15.25285,CI.l(95%).Total.SURVEY_LU1_3U221
 0.000000,-2.685189,CI.l(95%).Total.SURVEY_LU1_3U222
 0.00000,13.40702,CI.l(95%).Total.SURVEY_LU1_3U223
 0.000000,-2.972194,CI.l(95%).Total.SURVEY_LU1_3U224
 0.000000,-5.687129,CI.l(95%).Total.SURVEY_LU1_3U225
 0.0000,52.6071,CI.l(95%).Total.SURVEY_LU1_3U226
 0.000000,-2.685189,CI.l(95%).Total.SURVEY_LU1_3U227
 0.00000,14.65238,CI.l(95%).Total.SURVEY_LU1_3U311
   4.689674,2357.961974,CI.l(95%).Total.SURVEY_LU1_3U312
 0.00000,35.45244,CI.l(95%).Total.SURVEY_LU1_3U313
 0.0000,21.3655,CI.l(95%).Total.SURVEY_LU1_3U314
0.00000,4.98433,CI.l(95%).Total.SURVEY_LU1_3U315
 0.00000,66.83412,CI.l(95%).Total.SURVEY_LU1_3U317
0.000000,4.488171,CI.l(95%).Total.SURVEY_LU1_3U318
 0.00000,64.39178,CI.l(95%).Total.SURVEY_LU1_3U319
 0.00000,35.51346,CI.l(95%).Total.SURVEY_LU1_3U321
 4.287023,13.488542,CI.l(95%).Total.SURVEY_LU1_3U322
 0.00000,73.09443,CI.l(95%).Total.SURVEY_LU1_3U330
 0.00000,37.24772,CI.l(95%).Total.SURVEY_LU1_3U341
  9.121913,201.185667,CI.l(95%).Total.SURVEY_LU1_3U350
  4.348636,129.704806,CI.l(95%).Total.SURVEY_LU1_3U361
 4.488372,62.118787,CI.l(95%).Total.SURVEY_LU1_3U362
  -1.233077,1735.866673,CI.l(95%).Total.SURVEY_LU1_3U370
 4.834106,-6.154648,CI.l(95%).Total.SURVEY_LU1_3U411
 0.000000,-7.379119,CI.l(95%).Total.SURVEY_LU1_3U413
 0.00000,26.98928,CI.l(95%).Total.SURVEY_LU1_3U414
  29.89138,2323.35444,CI.l(95%).Total.SURVEY_LU1_3U415
  351.8421,15251.7498,CI.l(95%).Total.SURVEY_LU1_3U420
 5221.282,74936.556,CI.l(95%).Total.settlement0
  27.19913,6376.43767,CI.l(95%).Total.settlement1
0.0025863,0.6063200,CI.l(95%).Total.settl_pc
 3859.823,40254.126,CI.l(95%).Total.fao_class_name0
  481.6646,22301.4670,CI.l(95%).Total.fao_class_name1
   3.690906,4327.873170,CI.l(95%).Total.fao_class_name2
  225.9178,11234.3003,CI.l(95%).Total.fao_class_name3
 5232.061,78896.104,CI.l(95%).Total.lue0
  16.72584,2500.13882,CI.l(95%).Total.lue1
 5276.84,77755.32,CI.l(95%).Total.lud0
  22.76381,3471.44849,CI.l(95%).Total.lud1
 7308.822,83831.256,CI.u(95%).Total.area
 129.4519,6061.3285,CI.u(95%).Total.SURVEY_LC1_1A
 2641.36,12735.89,CI.u(95%).Total.SURVEY_LC1_1B
 3377.758,30299.652,CI.u(95%).Total.SURVEY_LC1_1C
  967.0369,16125.6594,CI.u(95%).Total.SURVEY_LC1_1D
  940.1259,15411.2885,CI.u(95%).Total.SURVEY_LC1_1E
  44.79837,5340.52998,CI.u(95%).Total.SURVEY_LC1_1F
  44.37357,1387.05606,CI.u(95%).Total.SURVEY_LC1_1G
  0.0000,226.7294,CI.u(95%).Total.SURVEY_LC1_1H
 6447.261,58470.071,CI.u(95%).Total.SURVEY_LU1_1U1
  0.0000,666.6668,CI.u(95%).Total.SURVEY_LU1_1U2
 149.5216,6631.0469,CI.u(95%).Total.SURVEY_LU1_1U3
 1036.845,20002.925,CI.u(95%).Total.SURVEY_LU1_1U4
  96.32725,1922.39486,CI.u(95%).Total.SURVEY_LC1_2A1
  35.910,4388.085,CI.u(95%).Total.SURVEY_LC1_2A2
  0.0000,262.5957,CI.u(95%).Total.SURVEY_LC1_2A3
12.19536, 0.00000,CI.u(95%).Total.SURVEY_LC1_2Ax
   0.000,2232.732,CI.u(95%).Total.SURVEY_LC1_2B1
  0.0000,171.1521,CI.u(95%).Total.SURVEY_LC1_2B2
 0.00000,41.17319,CI.u(95%).Total.SURVEY_LC1_2B3
  0.0000,504.0045,CI.u(95%).Total.SURVEY_LC1_2B4
   0.000,1158.495,CI.u(95%).Total.SURVEY_LC1_2B5
   0.000,2495.831,CI.u(95%).Total.SURVEY_LC1_2B7
   0.000,7231.362,CI.u(95%).Total.SURVEY_LC1_2B8
2641.36,   0.00,CI.u(95%).Total.SURVEY_LC1_2Bx
 2233.162,22667.511,CI.u(95%).Total.SURVEY_LC1_2C1
 557.884,6620.319,CI.u(95%).Total.SURVEY_LC1_2C2
  65.34952,3168.63836,CI.u(95%).Total.SURVEY_LC1_2C3
1141.711,   0.000,CI.u(95%).Total.SURVEY_LC1_2Cx
 256.6817,6614.2873,CI.u(95%).Total.SURVEY_LC1_2D1
  478.4416,10125.2633,CI.u(95%).Total.SURVEY_LC1_2D2
414.6332,  0.0000,CI.u(95%).Total.SURVEY_LC1_2Dx
 397.566,3618.944,CI.u(95%).Total.SURVEY_LC1_2E1
 596.4615,8434.0070,CI.u(95%).Total.SURVEY_LC1_2E2
  36.60606,4147.15141,CI.u(95%).Total.SURVEY_LC1_2E3
12.42219, 0.00000,CI.u(95%).Total.SURVEY_LC1_2Ex
  35.59324,1550.87490,CI.u(95%).Total.SURVEY_LC1_2F1
  0.0000,139.0254,CI.u(95%).Total.SURVEY_LC1_2F2
   9.205125,3922.274221,CI.u(95%).Total.SURVEY_LC1_2F4
  4.452538,757.090077,CI.u(95%).Total.SURVEY_LC1_2G1
 31.1907,643.6371,CI.u(95%).Total.SURVEY_LC1_2G2
 0.0000,27.9611,CI.u(95%).Total.SURVEY_LC1_2G3
0.00000,8.44457,CI.u(95%).Total.SURVEY_LC1_2G4
8.73034,0.00000,CI.u(95%).Total.SURVEY_LC1_2Gx
 0.00000,66.00351,CI.u(95%).Total.SURVEY_LC1_2H1
  0.0000,166.6948,CI.u(95%).Total.SURVEY_LC1_2H2
 3497.677,25923.441,CI.u(95%).Total.SURVEY_LU1_2U11
 3271.813,33179.367,CI.u(95%).Total.SURVEY_LU1_2U12
 0.00000,43.83666,CI.u(95%).Total.SURVEY_LU1_2U13
13.78712,76.82053,CI.u(95%).Total.SURVEY_LU1_2U14
  0.0000,232.4565,CI.u(95%).Total.SURVEY_LU1_2U21
  0.0000,522.0653,CI.u(95%).Total.SURVEY_LU1_2U22
   4.689674,3658.137176,CI.u(95%).Total.SURVEY_LU1_2U31
16.62436,66.33569,CI.u(95%).Total.SURVEY_LU1_2U32
  0.0000,127.9241,CI.u(95%).Total.SURVEY_LU1_2U33
  0.0000,132.0066,CI.u(95%).Total.SURVEY_LU1_2U34
  9.121913,538.464089,CI.u(95%).Total.SURVEY_LU1_2U35
  8.837008,386.745899,CI.u(95%).Total.SURVEY_LU1_2U36
 116.0939,2386.4131,CI.u(95%).Total.SURVEY_LU1_2U37
  62.65444,3307.06676,CI.u(95%).Total.SURVEY_LU1_2U41
  987.849,17119.828,CI.u(95%).Total.SURVEY_LU1_2U42
   0.000,1786.865,CI.u(95%).Total.SURVEY_LC1_3A11
  0.0000,123.1657,CI.u(95%).Total.SURVEY_LC1_3A12
 0.00000,94.87455,CI.u(95%).Total.SURVEY_LC1_3A13
96.32725, 0.00000,CI.u(95%).Total.SURVEY_LC1_3A1x
   0.000,1495.075,CI.u(95%).Total.SURVEY_LC1_3A21
   0.000,3108.908,CI.u(95%).Total.SURVEY_LC1_3A22
35.91, 0.00,CI.u(95%).Total.SURVEY_LC1_3A2x
  0.0000,262.5957,CI.u(95%).Total.SURVEY_LC1_3A30
12.19536, 0.00000,CI.u(95%).Total.SURVEY_LC1_3Axx
  0.0000,220.8173,CI.u(95%).Total.SURVEY_LC1_3B11
  0.0000,104.8828,CI.u(95%).Total.SURVEY_LC1_3B12
  0.0000,109.0645,CI.u(95%).Total.SURVEY_LC1_3B13
  0.0000,199.8564,CI.u(95%).Total.SURVEY_LC1_3B14
  0.0000,620.5115,CI.u(95%).Total.SURVEY_LC1_3B15
   0.000,1103.114,CI.u(95%).Total.SURVEY_LC1_3B16
  0.0000,129.4201,CI.u(95%).Total.SURVEY_LC1_3B17
 0.0000,56.8663,CI.u(95%).Total.SURVEY_LC1_3B18
 0.00000,14.53646,CI.u(95%).Total.SURVEY_LC1_3B19
 0.00000,79.79983,CI.u(95%).Total.SURVEY_LC1_3B21
  0.0000,104.9741,CI.u(95%).Total.SURVEY_LC1_3B23
 0.00000,41.17319,CI.u(95%).Total.SURVEY_LC1_3B31
 0.00000,19.63568,CI.u(95%).Total.SURVEY_LC1_3B41
  0.0000,206.5028,CI.u(95%).Total.SURVEY_LC1_3B42
  0.0000,325.3993,CI.u(95%).Total.SURVEY_LC1_3B43
 0.00000,11.14954,CI.u(95%).Total.SURVEY_LC1_3B44
  0.0000,420.4152,CI.u(95%).Total.SURVEY_LC1_3B53
 0.00000,82.74107,CI.u(95%).Total.SURVEY_LC1_3B54
  0.0000,771.9652,CI.u(95%).Total.SURVEY_LC1_3B55
  0.0000,265.2002,CI.u(95%).Total.SURVEY_LC1_3B71
  0.0000,355.2791,CI.u(95%).Total.SURVEY_LC1_3B72
 0.00000,67.22909,CI.u(95%).Total.SURVEY_LC1_3B73
   0.000,1252.229,CI.u(95%).Total.SURVEY_LC1_3B74
  0.0000,612.3207,CI.u(95%).Total.SURVEY_LC1_3B75
  0.0000,460.4698,CI.u(95%).Total.SURVEY_LC1_3B76
 0.00000,60.47827,CI.u(95%).Total.SURVEY_LC1_3B77
   0.000,5175.276,CI.u(95%).Total.SURVEY_LC1_3B81
   0.00,2390.54,CI.u(95%).Total.SURVEY_LC1_3B82
0.000000,4.331957,CI.u(95%).Total.SURVEY_LC1_3B83
  0.0000,226.2559,CI.u(95%).Total.SURVEY_LC1_3B84
1472.039,   0.000,CI.u(95%).Total.SURVEY_LC1_3Bx1
1272.812,   0.000,CI.u(95%).Total.SURVEY_LC1_3Bx2
69.47547, 0.00000,CI.u(95%).Total.SURVEY_LC1_3Bxx
    0.00,22667.51,CI.u(95%).Total.SURVEY_LC1_3C10
2233.162,   0.000,CI.u(95%).Total.SURVEY_LC1_3C1x
 0.00000,42.33375,CI.u(95%).Total.SURVEY_LC1_3C21
   0.000,6452.225,CI.u(95%).Total.SURVEY_LC1_3C22
  0.0000,312.0891,CI.u(95%).Total.SURVEY_LC1_3C23
557.884,  0.000,CI.u(95%).Total.SURVEY_LC1_3C2x
 0.00000,28.27616,CI.u(95%).Total.SURVEY_LC1_3C31
   0.000,2157.406,CI.u(95%).Total.SURVEY_LC1_3C32
   0.000,1328.643,CI.u(95%).Total.SURVEY_LC1_3C33
65.34952, 0.00000,CI.u(95%).Total.SURVEY_LC1_3C3x
1141.711,   0.000,CI.u(95%).Total.SURVEY_LC1_3Cxx
   0.000,6614.287,CI.u(95%).Total.SURVEY_LC1_3D10
256.6817,  0.0000,CI.u(95%).Total.SURVEY_LC1_3D1x
    0.00,10125.26,CI.u(95%).Total.SURVEY_LC1_3D20
478.4416,  0.0000,CI.u(95%).Total.SURVEY_LC1_3D2x
414.6332,  0.0000,CI.u(95%).Total.SURVEY_LC1_3Dxx
   0.000,3618.944,CI.u(95%).Total.SURVEY_LC1_3E10
397.566,  0.000,CI.u(95%).Total.SURVEY_LC1_3E1x
   0.000,8434.007,CI.u(95%).Total.SURVEY_LC1_3E20
596.4615,  0.0000,CI.u(95%).Total.SURVEY_LC1_3E2x
   0.000,4147.151,CI.u(95%).Total.SURVEY_LC1_3E30
36.60606, 0.00000,CI.u(95%).Total.SURVEY_LC1_3E3x
12.42219, 0.00000,CI.u(95%).Total.SURVEY_LC1_3Exx
   0.000,1550.875,CI.u(95%).Total.SURVEY_LC1_3F10
35.59324, 0.00000,CI.u(95%).Total.SURVEY_LC1_3F1x
  0.0000,139.0254,CI.u(95%).Total.SURVEY_LC1_3F20
   0.000,3922.274,CI.u(95%).Total.SURVEY_LC1_3F40
9.205125,0.000000,CI.u(95%).Total.SURVEY_LC1_3F4x
4.452538,0.000000,CI.u(95%).Total.SURVEY_LC1_3G10
  0.0000,743.4129,CI.u(95%).Total.SURVEY_LC1_3G11
 0.00000,13.67722,CI.u(95%).Total.SURVEY_LC1_3G12
  0.0000,643.6371,CI.u(95%).Total.SURVEY_LC1_3G21
31.1907, 0.0000,CI.u(95%).Total.SURVEY_LC1_3G2x
 0.0000,27.9611,CI.u(95%).Total.SURVEY_LC1_3G30
0.00000,8.44457,CI.u(95%).Total.SURVEY_LC1_3G40
8.73034,0.00000,CI.u(95%).Total.SURVEY_LC1_3Gxx
 0.00000,66.00351,CI.u(95%).Total.SURVEY_LC1_3H11
 0.00000,78.97832,CI.u(95%).Total.SURVEY_LC1_3H21
 0.00000,36.55018,CI.u(95%).Total.SURVEY_LC1_3H22
 0.00000,51.16634,CI.u(95%).Total.SURVEY_LC1_3H23
 3397.377,22920.594,CI.u(95%).Total.SURVEY_LU1_3U111
  18.70667,2867.25504,CI.u(95%).Total.SURVEY_LU1_3U112
108.3023,671.2443,CI.u(95%).Total.SURVEY_LU1_3U113
 3271.813,33179.367,CI.u(95%).Total.SURVEY_LU1_3U120
 0.00000,43.83666,CI.u(95%).Total.SURVEY_LU1_3U130
13.78712,76.82053,CI.u(95%).Total.SURVEY_LU1_3U140
  0.0000,232.4565,CI.u(95%).Total.SURVEY_LU1_3U210
 0.00000,93.51865,CI.u(95%).Total.SURVEY_LU1_3U221
 0.0000,18.5312,CI.u(95%).Total.SURVEY_LU1_3U222
 0.00000,13.40702,CI.u(95%).Total.SURVEY_LU1_3U223
 0.0000,20.5119,CI.u(95%).Total.SURVEY_LU1_3U224
 0.00000,57.82901,CI.u(95%).Total.SURVEY_LU1_3U225
  0.0000,396.2803,CI.u(95%).Total.SURVEY_LU1_3U226
 0.0000,18.5312,CI.u(95%).Total.SURVEY_LU1_3U227
  0.0000,205.5658,CI.u(95%).Total.SURVEY_LU1_3U311
   4.689674,3173.608285,CI.u(95%).Total.SURVEY_LU1_3U312
 0.00000,35.45244,CI.u(95%).Total.SURVEY_LU1_3U313
 0.0000,21.3655,CI.u(95%).Total.SURVEY_LU1_3U314
0.00000,4.98433,CI.u(95%).Total.SURVEY_LU1_3U315
  0.000,248.717,CI.u(95%).Total.SURVEY_LU1_3U317
0.000000,4.488171,CI.u(95%).Total.SURVEY_LU1_3U318
  0.0000,206.5992,CI.u(95%).Total.SURVEY_LU1_3U319
 0.00000,52.84715,CI.u(95%).Total.SURVEY_LU1_3U321
16.62436,13.48854,CI.u(95%).Total.SURVEY_LU1_3U322
  0.0000,127.9241,CI.u(95%).Total.SURVEY_LU1_3U330
  0.0000,132.0066,CI.u(95%).Total.SURVEY_LU1_3U341
  9.121913,538.464089,CI.u(95%).Total.SURVEY_LU1_3U350
  4.348636,228.046839,CI.u(95%).Total.SURVEY_LU1_3U361
  4.488372,191.281620,CI.u(95%).Total.SURVEY_LU1_3U362
 116.0939,2386.4131,CI.u(95%).Total.SURVEY_LU1_3U370
 4.834106,28.556058,CI.u(95%).Total.SURVEY_LU1_3U411
 0.00000,31.96373,CI.u(95%).Total.SURVEY_LU1_3U413
 0.00000,67.42391,CI.u(95%).Total.SURVEY_LU1_3U414
  57.82033,3235.26396,CI.u(95%).Total.SURVEY_LU1_3U415
  987.849,17119.828,CI.u(95%).Total.SURVEY_LU1_3U420
 7220.923,77130.074,CI.u(95%).Total.settlement0
 145.173,7148.355,CI.u(95%).Total.settlement1
0.01380415,0.67971976,CI.u(95%).Total.settl_pc
 5188.52,42727.42,CI.u(95%).Total.fao_class_name0
 1816.096,25279.071,CI.u(95%).Total.fao_class_name1
   3.690906,5796.256935,CI.u(95%).Total.fao_class_name2
 1035.174,13670.909,CI.u(95%).Total.fao_class_name3
 7231.737,81052.983,CI.u(95%).Total.lue0
 134.0528,3142.1971,CI.u(95%).Total.lue1
 7279.872,80004.699,CI.u(95%).Total.lud0
  35.10114,4359.95793,CI.u(95%).Total.lud1
0.081016761,0.006381353,CV.Total.area
0.4059024,0.0309271,CV.Total.SURVEY_LC1_1A
0.08625912,0.02292945,CV.Total.SURVEY_LC1_1B
0.16971945,0.02379513,CV.Total.SURVEY_LC1_1C
0.25458549,0.03078633,CV.Total.SURVEY_LC1_1D
0.15103068,0.03122841,CV.Total.SURVEY_LC1_1E
0.10657237,0.07185105,CV.Total.SURVEY_LC1_1F
0.16361291,0.02203691,CV.Total.SURVEY_LC1_1G
NA,0.06303866,CV.Total.SURVEY_LC1_1H
0.08806752,0.01224343,CV.Total.SURVEY_LU1_1U1
NA,0.2537242,CV.Total.SURVEY_LU1_1U2
0.33242418,0.03417226,CV.Total.SURVEY_LU1_1U3
0.22602361,0.02592175,CV.Total.SURVEY_LU1_1U4
0.7125512,0.1083367,CV.Total.SURVEY_LC1_2A1
0.19786417,0.05823038,CV.Total.SURVEY_LC1_2A2
NA,0.1925708,CV.Total.SURVEY_LC1_2A3
0.522233,NA,CV.Total.SURVEY_LC1_2Ax
NA,0.05512668,CV.Total.SURVEY_LC1_2B1
NA,0.1216351,CV.Total.SURVEY_LC1_2B2
NA,0.5480747,CV.Total.SURVEY_LC1_2B3
NA,0.1596208,CV.Total.SURVEY_LC1_2B4
NA,0.1312672,CV.Total.SURVEY_LC1_2B5
NA,0.1062285,CV.Total.SURVEY_LC1_2B7
NA,0.04510486,CV.Total.SURVEY_LC1_2B8
0.08625912,NA,CV.Total.SURVEY_LC1_2Bx
0.23314767,0.03863873,CV.Total.SURVEY_LC1_2C1
0.7820965,0.1051152,CV.Total.SURVEY_LC1_2C2
0.9193064,0.1666773,CV.Total.SURVEY_LC1_2C3
0.2579792,NA,CV.Total.SURVEY_LC1_2Cx
0.19668001,0.06404956,CV.Total.SURVEY_LC1_2D1
0.27587329,0.04340408,CV.Total.SURVEY_LC1_2D2
0.9064482,NA,CV.Total.SURVEY_LC1_2Dx
0.31214618,0.09081159,CV.Total.SURVEY_LC1_2E1
0.17567109,0.03783907,CV.Total.SURVEY_LC1_2E2
0.31542247,0.07777747,CV.Total.SURVEY_LC1_2E3
  0,NA,CV.Total.SURVEY_LC1_2Ex
0.1417938,0.1365501,CV.Total.SURVEY_LC1_2F1
NA,0.1209072,CV.Total.SURVEY_LC1_2F2
0.00000000,0.08797076,CV.Total.SURVEY_LC1_2F4
0.00000000,0.04013727,CV.Total.SURVEY_LC1_2G1
0.26925846,0.04511631,CV.Total.SURVEY_LC1_2G2
NA,  0,CV.Total.SURVEY_LC1_2G3
NA,  0,CV.Total.SURVEY_LC1_2G4
  0,NA,CV.Total.SURVEY_LC1_2Gx
NA,0.2904113,CV.Total.SURVEY_LC1_2H1
NA,0.02223154,CV.Total.SURVEY_LC1_2H2
0.07447935,0.01638835,CV.Total.SURVEY_LU1_2U11
0.17610272,0.02093342,CV.Total.SURVEY_LU1_2U12
NA,0.1352013,CV.Total.SURVEY_LU1_2U13
0,0,CV.Total.SURVEY_LU1_2U14
NA,0.6488561,CV.Total.SURVEY_LU1_2U21
NA,0.2665338,CV.Total.SURVEY_LU1_2U22
0.00000000,0.06665453,CV.Total.SURVEY_LU1_2U31
0.30101666,0.07667817,CV.Total.SURVEY_LU1_2U32
NA,0.1391655,CV.Total.SURVEY_LU1_2U33
NA,0.2856486,CV.Total.SURVEY_LU1_2U34
0.000000,0.232656,CV.Total.SURVEY_LU1_2U35
0.0000000,0.1355275,CV.Total.SURVEY_LU1_2U36
0.52116815,0.08051796,CV.Total.SURVEY_LU1_2U37
0.1463312,0.0818233,CV.Total.SURVEY_LU1_2U41
0.24221946,0.02944307,CV.Total.SURVEY_LU1_2U42
NA,0.1167667,CV.Total.SURVEY_LC1_3A11
NA,0.4875594,CV.Total.SURVEY_LC1_3A12
NA,0.1951272,CV.Total.SURVEY_LC1_3A13
0.7125512,NA,CV.Total.SURVEY_LC1_3A1x
NA,0.1087237,CV.Total.SURVEY_LC1_3A21
NA,0.07593967,CV.Total.SURVEY_LC1_3A22
0.1978642,NA,CV.Total.SURVEY_LC1_3A2x
NA,0.1925708,CV.Total.SURVEY_LC1_3A30
0.522233,NA,CV.Total.SURVEY_LC1_3Axx
NA,0.2211594,CV.Total.SURVEY_LC1_3B11
NA,0.4591703,CV.Total.SURVEY_LC1_3B12
NA,0.2547932,CV.Total.SURVEY_LC1_3B13
NA,0.1792368,CV.Total.SURVEY_LC1_3B14
NA,0.1436968,CV.Total.SURVEY_LC1_3B15
NA,0.07139672,CV.Total.SURVEY_LC1_3B16
NA,0.2149494,CV.Total.SURVEY_LC1_3B17
NA,0.3014288,CV.Total.SURVEY_LC1_3B18
NA,0.6357525,CV.Total.SURVEY_LC1_3B19
NA,0.1953039,CV.Total.SURVEY_LC1_3B21
NA,0.1551606,CV.Total.SURVEY_LC1_3B23
NA,0.5480747,CV.Total.SURVEY_LC1_3B31
NA,0.4437955,CV.Total.SURVEY_LC1_3B41
NA,0.4554988,CV.Total.SURVEY_LC1_3B42
NA,0.1389754,CV.Total.SURVEY_LC1_3B43
NA,0.1544406,CV.Total.SURVEY_LC1_3B44
NA,0.2235709,CV.Total.SURVEY_LC1_3B53
NA,0.2573979,CV.Total.SURVEY_LC1_3B54
NA,0.1758325,CV.Total.SURVEY_LC1_3B55
NA,0.3934935,CV.Total.SURVEY_LC1_3B71
NA,0.4226247,CV.Total.SURVEY_LC1_3B72
NA,0.473381,CV.Total.SURVEY_LC1_3B73
NA,0.1786906,CV.Total.SURVEY_LC1_3B74
NA,0.2000408,CV.Total.SURVEY_LC1_3B75
NA,0.2917966,CV.Total.SURVEY_LC1_3B76
NA,0.6499283,CV.Total.SURVEY_LC1_3B77
NA,0.06725315,CV.Total.SURVEY_LC1_3B81
NA,0.1253933,CV.Total.SURVEY_LC1_3B82
NA,  0,CV.Total.SURVEY_LC1_3B83
NA,0.268765,CV.Total.SURVEY_LC1_3B84
0.07267392,NA,CV.Total.SURVEY_LC1_3Bx1
0.1809749,NA,CV.Total.SURVEY_LC1_3Bx2
0.6214775,NA,CV.Total.SURVEY_LC1_3Bxx
NA,0.03863873,CV.Total.SURVEY_LC1_3C10
0.2331477,NA,CV.Total.SURVEY_LC1_3C1x
NA,0.5360573,CV.Total.SURVEY_LC1_3C21
NA,0.1076877,CV.Total.SURVEY_LC1_3C22
NA,0.6190252,CV.Total.SURVEY_LC1_3C23
0.7820965,NA,CV.Total.SURVEY_LC1_3C2x
NA,0.4915983,CV.Total.SURVEY_LC1_3C31
NA,0.2177615,CV.Total.SURVEY_LC1_3C32
NA,0.2762587,CV.Total.SURVEY_LC1_3C33
0.9193064,NA,CV.Total.SURVEY_LC1_3C3x
0.2579792,NA,CV.Total.SURVEY_LC1_3Cxx
NA,0.06404956,CV.Total.SURVEY_LC1_3D10
0.19668,NA,CV.Total.SURVEY_LC1_3D1x
NA,0.04340408,CV.Total.SURVEY_LC1_3D20
0.2758733,NA,CV.Total.SURVEY_LC1_3D2x
0.9064482,NA,CV.Total.SURVEY_LC1_3Dxx
NA,0.09081159,CV.Total.SURVEY_LC1_3E10
0.3121462,NA,CV.Total.SURVEY_LC1_3E1x
NA,0.03783907,CV.Total.SURVEY_LC1_3E20
0.1756711,NA,CV.Total.SURVEY_LC1_3E2x
NA,0.07777747,CV.Total.SURVEY_LC1_3E30
0.3154225,NA,CV.Total.SURVEY_LC1_3E3x
  0,NA,CV.Total.SURVEY_LC1_3Exx
NA,0.1365501,CV.Total.SURVEY_LC1_3F10
0.1417938,NA,CV.Total.SURVEY_LC1_3F1x
NA,0.1209072,CV.Total.SURVEY_LC1_3F20
NA,0.08797076,CV.Total.SURVEY_LC1_3F40
  0,NA,CV.Total.SURVEY_LC1_3F4x
  0,NA,CV.Total.SURVEY_LC1_3G10
NA,0.04093496,CV.Total.SURVEY_LC1_3G11
NA,  0,CV.Total.SURVEY_LC1_3G12
NA,0.04511631,CV.Total.SURVEY_LC1_3G21
0.2692585,NA,CV.Total.SURVEY_LC1_3G2x
NA,  0,CV.Total.SURVEY_LC1_3G30
NA,  0,CV.Total.SURVEY_LC1_3G40
  0,NA,CV.Total.SURVEY_LC1_3Gxx
NA,0.2904113,CV.Total.SURVEY_LC1_3H11
NA,0.04930905,CV.Total.SURVEY_LC1_3H21
NA,  0,CV.Total.SURVEY_LC1_3H22
NA,  0,CV.Total.SURVEY_LC1_3H23
0.07688948,0.01703131,CV.Total.SURVEY_LU1_3U111
0.03613633,0.08636848,CV.Total.SURVEY_LU1_3U112
0.1618114,0.1969179,CV.Total.SURVEY_LU1_3U113
0.17610272,0.02093342,CV.Total.SURVEY_LU1_3U120
NA,0.1352013,CV.Total.SURVEY_LU1_3U130
0,0,CV.Total.SURVEY_LU1_3U140
NA,0.6488561,CV.Total.SURVEY_LU1_3U210
NA,0.3671206,CV.Total.SURVEY_LU1_3U221
NA,0.6831301,CV.Total.SURVEY_LU1_3U222
NA,  0,CV.Total.SURVEY_LU1_3U223
NA,0.6831301,CV.Total.SURVEY_LU1_3U224
NA,0.6215117,CV.Total.SURVEY_LU1_3U225
NA,0.3906251,CV.Total.SURVEY_LU1_3U226
NA,0.6831301,CV.Total.SURVEY_LU1_3U227
NA,0.4423186,CV.Total.SURVEY_LU1_3U311
0.00000000,0.07523248,CV.Total.SURVEY_LU1_3U312
NA,  0,CV.Total.SURVEY_LU1_3U313
NA,  0,CV.Total.SURVEY_LU1_3U314
NA,  0,CV.Total.SURVEY_LU1_3U315
NA,0.2940857,CV.Total.SURVEY_LU1_3U317
NA,  0,CV.Total.SURVEY_LU1_3U318
NA,0.2677438,CV.Total.SURVEY_LU1_3U319
NA,0.1000885,CV.Total.SURVEY_LU1_3U321
0.3010167,0.0000000,CV.Total.SURVEY_LU1_3U322
NA,0.1391655,CV.Total.SURVEY_LU1_3U330
NA,0.2856486,CV.Total.SURVEY_LU1_3U341
0.000000,0.232656,CV.Total.SURVEY_LU1_3U350
0.0000000,0.1402521,CV.Total.SURVEY_LU1_3U361
0.0000000,0.2600652,CV.Total.SURVEY_LU1_3U362
0.52116815,0.08051796,CV.Total.SURVEY_LU1_3U370
0.0000000,0.7905694,CV.Total.SURVEY_LU1_3U411
NA,0.8164966,CV.Total.SURVEY_LU1_3U413
NA,0.2185107,CV.Total.SURVEY_LU1_3U414
0.16246092,0.08370219,CV.Total.SURVEY_LU1_3U415
0.24221946,0.02944307,CV.Total.SURVEY_LU1_3U420
0.081998632,0.007359684,CV.Total.settlement0
0.34919710,0.02912005,CV.Total.settlement1
0.34919710,0.02912005,CV.Total.settl_pc
0.07492193,0.01520709,CV.Total.fao_class_name0
0.29630799,0.03192931,CV.Total.fao_class_name1
0.00000000,0.07400035,CV.Total.fao_class_name2
0.3274094,0.0499169,CV.Total.fao_class_name3
0.081858017,0.006880119,CV.Total.lue0
0.39701772,0.05805872,CV.Total.lue1
0.081388675,0.007274746,CV.Total.lud0
0.10878213,0.05788609,CV.Total.lud1
