No,Yes,variable
 67786.26,170611.74,Total.area
   0.000,6772.584,Total.SURVEY_LC1_1A
43726.63,32818.82,Total.SURVEY_LC1_1B
24045.86,59697.86,Total.SURVEY_LC1_1C
   4.019692,6581.318889,Total.SURVEY_LC1_1D
    5.519323,50482.887816,Total.SURVEY_LC1_1E
   4.236936,7349.707314,Total.SURVEY_LC1_1F
   0.000,3627.179,Total.SURVEY_LC1_1G
   0.000,3281.377,Total.SURVEY_LC1_1H
 67750.19,147964.21,Total.SURVEY_LU1_1U1
  0.0000,314.4296,Total.SURVEY_LU1_1U2
   8.09015,9606.72794,Total.SURVEY_LU1_1U3
   27.98151,12726.37205,Total.SURVEY_LU1_1U4
   0.000,2184.219,Total.SURVEY_LC1_2A1
   0.000,4334.798,Total.SURVEY_LC1_2A2
  0.0000,253.5674,Total.SURVEY_LC1_2A3
    0.00,19117.36,Total.SURVEY_LC1_2B1
  0.0000,369.6465,Total.SURVEY_LC1_2B2
   0.000,7496.458,Total.SURVEY_LC1_2B3
  0.0000,335.4242,Total.SURVEY_LC1_2B4
   0.000,3123.416,Total.SURVEY_LC1_2B5
   0.000,1639.171,Total.SURVEY_LC1_2B7
  0.000,737.343,Total.SURVEY_LC1_2B8
43726.63,    0.00,Total.SURVEY_LC1_2Bx
   15.14567,49436.56509,Total.SURVEY_LC1_2C1
6383.685,6300.404,Total.SURVEY_LC1_2C2
17647.024, 3960.892,Total.SURVEY_LC1_2C3
   4.019692,3392.516980,Total.SURVEY_LC1_2D1
   0.000,3188.802,Total.SURVEY_LC1_2D2
    0.00,10139.28,Total.SURVEY_LC1_2E1
    0.00,35156.08,Total.SURVEY_LC1_2E2
   5.519323,5187.527217,Total.SURVEY_LC1_2E3
  0.0000,309.9705,Total.SURVEY_LC1_2F1
 0.00000,84.79405,Total.SURVEY_LC1_2F2
0.000000,7.996292,Total.SURVEY_LC1_2F3
   4.236936,6946.946438,Total.SURVEY_LC1_2F4
   0.000,1818.853,Total.SURVEY_LC1_2G1
   0.000,1808.326,Total.SURVEY_LC1_2G2
   0.000,3281.377,Total.SURVEY_LC1_2H1
43711.13,86427.34,Total.SURVEY_LU1_2U11
24029.16,59565.00,Total.SURVEY_LU1_2U12
   0.00,1695.85,Total.SURVEY_LU1_2U13
  9.904207,260.845225,Total.SURVEY_LU1_2U14
 0.00000,15.16919,Total.SURVEY_LU1_2U15
  0.0000,176.8459,Total.SURVEY_LU1_2U21
  0.0000,137.5837,Total.SURVEY_LU1_2U22
   0.000,4396.504,Total.SURVEY_LU1_2U31
  0.0000,129.2222,Total.SURVEY_LU1_2U32
  0.0000,119.2011,Total.SURVEY_LU1_2U33
  0.0000,113.2439,Total.SURVEY_LU1_2U34
  8.09015,337.28357,Total.SURVEY_LU1_2U35
  0.0000,249.4273,Total.SURVEY_LU1_2U36
   0.000,4261.846,Total.SURVEY_LU1_2U37
  3.505551,701.548704,Total.SURVEY_LU1_2U41
   24.47596,12024.82335,Total.SURVEY_LU1_2U42
   0.000,2010.152,Total.SURVEY_LC1_3A11
 0.00000,44.91817,Total.SURVEY_LC1_3A12
  0.0000,129.1489,Total.SURVEY_LC1_3A13
   0.000,1365.032,Total.SURVEY_LC1_3A21
   0.000,2969.766,Total.SURVEY_LC1_3A22
  0.0000,253.5674,Total.SURVEY_LC1_3A30
   0.000,5946.075,Total.SURVEY_LC1_3B11
  0.0000,539.8839,Total.SURVEY_LC1_3B12
   0.000,1105.996,Total.SURVEY_LC1_3B13
  0.0000,321.1827,Total.SURVEY_LC1_3B14
  0.0000,308.8508,Total.SURVEY_LC1_3B15
    0.0,10730.6,Total.SURVEY_LC1_3B16
  0.0000,133.6597,Total.SURVEY_LC1_3B18
 0.00000,31.11166,Total.SURVEY_LC1_3B19
  0.000,241.548,Total.SURVEY_LC1_3B21
  0.0000,104.5047,Total.SURVEY_LC1_3B22
 0.00000,23.59391,Total.SURVEY_LC1_3B23
   0.000,5208.593,Total.SURVEY_LC1_3B31
   0.000,1761.929,Total.SURVEY_LC1_3B32
  0.0000,497.2257,Total.SURVEY_LC1_3B33
 0.00000,16.12602,Total.SURVEY_LC1_3B35
 0.00000,12.58461,Total.SURVEY_LC1_3B37
 0.00000,37.31267,Total.SURVEY_LC1_3B41
 0.00000,47.23262,Total.SURVEY_LC1_3B42
  0.0000,231.6667,Total.SURVEY_LC1_3B43
0.000000,9.003842,Total.SURVEY_LC1_3B44
 0.00000,10.20829,Total.SURVEY_LC1_3B45
 0.00000,36.55739,Total.SURVEY_LC1_3B51
   0.000,2587.226,Total.SURVEY_LC1_3B52
  0.0000,153.1385,Total.SURVEY_LC1_3B53
 0.00000,71.37126,Total.SURVEY_LC1_3B54
  0.0000,275.1228,Total.SURVEY_LC1_3B55
  0.000,628.432,Total.SURVEY_LC1_3B71
 0.00000,92.63716,Total.SURVEY_LC1_3B72
 0.00000,78.25105,Total.SURVEY_LC1_3B73
  0.0000,134.5715,Total.SURVEY_LC1_3B74
  0.0000,705.2795,Total.SURVEY_LC1_3B75
  0.000,700.622,Total.SURVEY_LC1_3B82
 0.00000,19.69157,Total.SURVEY_LC1_3B83
 0.00000,17.02945,Total.SURVEY_LC1_3B84
40691.79,    0.00,Total.SURVEY_LC1_3Bx1
3034.841,   0.000,Total.SURVEY_LC1_3Bx2
    0.00,49436.57,Total.SURVEY_LC1_3C10
15.14567, 0.00000,Total.SURVEY_LC1_3C1x
   0.000,4890.706,Total.SURVEY_LC1_3C21
  0.0000,249.3137,Total.SURVEY_LC1_3C22
   0.000,1160.385,Total.SURVEY_LC1_3C23
6383.685,   0.000,Total.SURVEY_LC1_3C2x
   0.000,1553.496,Total.SURVEY_LC1_3C31
 0.00000,23.01299,Total.SURVEY_LC1_3C32
   0.000,2384.382,Total.SURVEY_LC1_3C33
17647.02,    0.00,Total.SURVEY_LC1_3C3x
   0.000,3392.517,Total.SURVEY_LC1_3D10
4.019692,0.000000,Total.SURVEY_LC1_3D1x
   0.000,3188.802,Total.SURVEY_LC1_3D20
    0.00,10139.28,Total.SURVEY_LC1_3E10
    0.00,35156.08,Total.SURVEY_LC1_3E20
   0.000,5187.527,Total.SURVEY_LC1_3E30
5.519323,0.000000,Total.SURVEY_LC1_3E3x
  0.0000,309.9705,Total.SURVEY_LC1_3F10
 0.00000,84.79405,Total.SURVEY_LC1_3F20
0.000000,7.996292,Total.SURVEY_LC1_3F30
   0.000,6946.946,Total.SURVEY_LC1_3F40
4.236936,0.000000,Total.SURVEY_LC1_3F4x
   0.000,1814.258,Total.SURVEY_LC1_3G11
0.000000,4.594739,Total.SURVEY_LC1_3G12
   0.000,1808.326,Total.SURVEY_LC1_3G21
   0.000,3277.226,Total.SURVEY_LC1_3H11
0.000000,4.151084,Total.SURVEY_LC1_3H12
43050.05,82352.98,Total.SURVEY_LU1_3U111
   5.236976,3781.874554,Total.SURVEY_LU1_3U112
655.8416,292.4830,Total.SURVEY_LU1_3U113
24029.16,59565.00,Total.SURVEY_LU1_3U120
   0.00,1695.85,Total.SURVEY_LU1_3U130
  9.904207,260.845225,Total.SURVEY_LU1_3U140
 0.00000,15.16919,Total.SURVEY_LU1_3U150
  0.0000,176.8459,Total.SURVEY_LU1_3U210
 0.00000,10.66856,Total.SURVEY_LU1_3U221
0.000000,3.968412,Total.SURVEY_LU1_3U222
 0.00000,31.65584,Total.SURVEY_LU1_3U223
 0.00000,27.22137,Total.SURVEY_LU1_3U224
0.000000,8.673999,Total.SURVEY_LU1_3U225
 0.00000,35.31626,Total.SURVEY_LU1_3U226
 0.00000,20.07929,Total.SURVEY_LU1_3U227
 0.00000,82.02184,Total.SURVEY_LU1_3U311
   0.000,2939.066,Total.SURVEY_LU1_3U312
   0.00,1083.46,Total.SURVEY_LU1_3U313
 0.00000,32.30838,Total.SURVEY_LU1_3U314
  0.0000,137.0603,Total.SURVEY_LU1_3U317
 0.00000,85.76663,Total.SURVEY_LU1_3U318
 0.00000,36.82159,Total.SURVEY_LU1_3U319
  0.0000,115.7358,Total.SURVEY_LU1_3U321
 0.00000,13.48636,Total.SURVEY_LU1_3U322
  0.0000,119.2011,Total.SURVEY_LU1_3U330
  0.0000,113.2439,Total.SURVEY_LU1_3U341
  8.09015,337.28357,Total.SURVEY_LU1_3U350
  0.0000,183.7576,Total.SURVEY_LU1_3U361
 0.00000,65.66968,Total.SURVEY_LU1_3U362
   0.000,4261.846,Total.SURVEY_LU1_3U370
  0.0000,155.2938,Total.SURVEY_LU1_3U411
0.000000,4.189903,Total.SURVEY_LU1_3U412
 0.00000,11.93276,Total.SURVEY_LU1_3U413
 0.00000,50.97434,Total.SURVEY_LU1_3U414
  3.505551,479.157864,Total.SURVEY_LU1_3U415
   24.47596,12024.82335,Total.SURVEY_LU1_3U420
 67778.17,161526.79,Total.settlement0
   8.09015,9084.94847,Total.settlement1
0.0004245784,0.4767863542,Total.settl_pc
 45098.31,112553.16,Total.fao_class_name0
22626.29,54895.01,Total.fao_class_name1
  61.66926,1674.51587,Total.fao_class_name2
   0.000,1489.046,Total.fao_class_name3
 67778.17,165649.94,Total.lue0
   8.09015,4961.80061,Total.lue1
 67776.36,165391.53,Total.lud0
   9.904207,5220.202125,Total.lud1
3028.609,2951.377,SE.Total.area
  0.0000,179.7621,SE.Total.SURVEY_LC1_1A
470.7583,427.1517,SE.Total.SURVEY_LC1_1B
2991.911,2952.319,SE.Total.SURVEY_LC1_1C
  0.0000,197.8053,SE.Total.SURVEY_LC1_1D
  2.882372,780.800270,SE.Total.SURVEY_LC1_1E
  0.0000,232.3331,SE.Total.SURVEY_LC1_1F
 0.00000,45.37182,SE.Total.SURVEY_LC1_1G
  0.0000,109.0334,SE.Total.SURVEY_LC1_1H
3028.599,2957.329,SE.Total.SURVEY_LU1_1U1
 0.00000,19.72721,SE.Total.SURVEY_LU1_1U2
  0.0000,188.7553,SE.Total.SURVEY_LU1_1U3
  8.749995,269.929399,SE.Total.SURVEY_LU1_1U4
  0.0000,148.9179,SE.Total.SURVEY_LC1_2A1
  0.0000,192.7857,SE.Total.SURVEY_LC1_2A2
 0.00000,35.01255,SE.Total.SURVEY_LC1_2A3
  0.00,352.12,SE.Total.SURVEY_LC1_2B1
 0.00000,53.37239,SE.Total.SURVEY_LC1_2B2
  0.00,234.79,SE.Total.SURVEY_LC1_2B3
 0.00000,45.44386,SE.Total.SURVEY_LC1_2B4
  0.0000,159.7449,SE.Total.SURVEY_LC1_2B5
  0.0000,116.4097,SE.Total.SURVEY_LC1_2B7
 0.00000,94.94218,SE.Total.SURVEY_LC1_2B8
470.7583,  0.0000,SE.Total.SURVEY_LC1_2Bx
  12.69924,3068.40667,SE.Total.SURVEY_LC1_2C1
1756.053,1743.087,SE.Total.SURVEY_LC1_2C2
2643.705,1596.644,SE.Total.SURVEY_LC1_2C3
  0.0000,146.7932,SE.Total.SURVEY_LC1_2D1
  0.0000,135.7918,SE.Total.SURVEY_LC1_2D2
  0.0000,670.2638,SE.Total.SURVEY_LC1_2E1
  0.0000,473.1135,SE.Total.SURVEY_LC1_2E2
  2.882372,193.237005,SE.Total.SURVEY_LC1_2E3
 0.00000,32.90971,SE.Total.SURVEY_LC1_2F1
0.00000,9.11698,SE.Total.SURVEY_LC1_2F2
0.000000,5.654232,SE.Total.SURVEY_LC1_2F3
  0.0000,229.7601,SE.Total.SURVEY_LC1_2F4
 0.00000,24.49207,SE.Total.SURVEY_LC1_2G1
 0.00000,43.44819,SE.Total.SURVEY_LC1_2G2
  0.0000,109.0334,SE.Total.SURVEY_LC1_2H1
470.7583,822.3081,SE.Total.SURVEY_LU1_2U11
2991.897,2952.070,SE.Total.SURVEY_LU1_2U12
 0.00000,24.08789,SE.Total.SURVEY_LU1_2U13
 7.828419,22.889332,SE.Total.SURVEY_LU1_2U14
0,0,SE.Total.SURVEY_LU1_2U15
0.000000,8.533655,SE.Total.SURVEY_LU1_2U21
 0.00000,17.78594,SE.Total.SURVEY_LU1_2U22
  0.0000,175.6089,SE.Total.SURVEY_LU1_2U31
0.00000,4.74072,SE.Total.SURVEY_LU1_2U32
 0.00000,21.34687,SE.Total.SURVEY_LU1_2U33
 0.00000,42.60555,SE.Total.SURVEY_LU1_2U34
 0.00000,77.97275,SE.Total.SURVEY_LU1_2U35
 0.00000,14.82072,SE.Total.SURVEY_LU1_2U36
  0.0000,161.9888,SE.Total.SURVEY_LU1_2U37
 0.00000,80.60381,SE.Total.SURVEY_LU1_2U41
  8.749995,257.929467,SE.Total.SURVEY_LU1_2U42
  0.0000,143.7895,SE.Total.SURVEY_LC1_3A11
 0.00000,17.02351,SE.Total.SURVEY_LC1_3A12
 0.00000,47.93255,SE.Total.SURVEY_LC1_3A13
  0.0000,125.6733,SE.Total.SURVEY_LC1_3A21
  0.0000,172.1486,SE.Total.SURVEY_LC1_3A22
 0.00000,35.01255,SE.Total.SURVEY_LC1_3A30
  0.0000,211.4019,SE.Total.SURVEY_LC1_3B11
 0.00000,62.88755,SE.Total.SURVEY_LC1_3B12
 0.00000,87.50564,SE.Total.SURVEY_LC1_3B13
 0.00000,54.65131,SE.Total.SURVEY_LC1_3B14
 0.00000,55.77965,SE.Total.SURVEY_LC1_3B15
  0.0000,280.9671,SE.Total.SURVEY_LC1_3B16
 0.0000,35.3619,SE.Total.SURVEY_LC1_3B18
 0.00000,15.72668,SE.Total.SURVEY_LC1_3B19
 0.00000,43.17223,SE.Total.SURVEY_LC1_3B21
 0.00000,29.21967,SE.Total.SURVEY_LC1_3B22
 0.00000,11.57786,SE.Total.SURVEY_LC1_3B23
  0.0000,200.7692,SE.Total.SURVEY_LC1_3B31
  0.0000,107.2689,SE.Total.SURVEY_LC1_3B32
 0.00000,72.42516,SE.Total.SURVEY_LC1_3B33
0.000000,9.765932,SE.Total.SURVEY_LC1_3B35
0.000000,1.568218,SE.Total.SURVEY_LC1_3B37
 0.00000,23.50342,SE.Total.SURVEY_LC1_3B41
 0.00000,11.74026,SE.Total.SURVEY_LC1_3B42
 0.00000,36.87107,SE.Total.SURVEY_LC1_3B43
0.000000,2.173926,SE.Total.SURVEY_LC1_3B44
0.000000,3.359599,SE.Total.SURVEY_LC1_3B45
0.000000,7.346775,SE.Total.SURVEY_LC1_3B51
  0.0000,144.7292,SE.Total.SURVEY_LC1_3B52
 0.00000,33.77309,SE.Total.SURVEY_LC1_3B53
 0.00000,32.23742,SE.Total.SURVEY_LC1_3B54
 0.00000,51.48036,SE.Total.SURVEY_LC1_3B55
 0.00000,71.33042,SE.Total.SURVEY_LC1_3B71
 0.00000,37.53957,SE.Total.SURVEY_LC1_3B72
 0.00000,16.45582,SE.Total.SURVEY_LC1_3B73
 0.00000,31.31856,SE.Total.SURVEY_LC1_3B74
 0.00000,86.32543,SE.Total.SURVEY_LC1_3B75
 0.00000,94.49903,SE.Total.SURVEY_LC1_3B82
0.000000,5.990058,SE.Total.SURVEY_LC1_3B83
0.000000,6.933217,SE.Total.SURVEY_LC1_3B84
432.9933,  0.0000,SE.Total.SURVEY_LC1_3Bx1
193.9353,  0.0000,SE.Total.SURVEY_LC1_3Bx2
   0.000,3068.407,SE.Total.SURVEY_LC1_3C10
12.69924, 0.00000,SE.Total.SURVEY_LC1_3C1x
   0.000,1484.267,SE.Total.SURVEY_LC1_3C21
  0.0000,120.7748,SE.Total.SURVEY_LC1_3C22
   0.000,1015.834,SE.Total.SURVEY_LC1_3C23
1756.053,   0.000,SE.Total.SURVEY_LC1_3C2x
   0.000,1227.938,SE.Total.SURVEY_LC1_3C31
0.000000,8.270282,SE.Total.SURVEY_LC1_3C32
   0.000,1136.606,SE.Total.SURVEY_LC1_3C33
2643.705,   0.000,SE.Total.SURVEY_LC1_3C3x
  0.0000,146.7932,SE.Total.SURVEY_LC1_3D10
0,0,SE.Total.SURVEY_LC1_3D1x
  0.0000,135.7918,SE.Total.SURVEY_LC1_3D20
  0.0000,670.2638,SE.Total.SURVEY_LC1_3E10
  0.0000,473.1135,SE.Total.SURVEY_LC1_3E20
  0.000,193.237,SE.Total.SURVEY_LC1_3E30
2.882372,0.000000,SE.Total.SURVEY_LC1_3E3x
 0.00000,32.90971,SE.Total.SURVEY_LC1_3F10
0.00000,9.11698,SE.Total.SURVEY_LC1_3F20
0.000000,5.654232,SE.Total.SURVEY_LC1_3F30
  0.0000,229.7601,SE.Total.SURVEY_LC1_3F40
0,0,SE.Total.SURVEY_LC1_3F4x
 0.00000,24.49207,SE.Total.SURVEY_LC1_3G11
0,0,SE.Total.SURVEY_LC1_3G12
 0.00000,43.44819,SE.Total.SURVEY_LC1_3G21
  0.0000,109.0334,SE.Total.SURVEY_LC1_3H11
0,0,SE.Total.SURVEY_LC1_3H12
464.3446,828.9766,SE.Total.SURVEY_LU1_3U111
  2.437793,179.042364,SE.Total.SURVEY_LU1_3U112
88.97794,51.24906,SE.Total.SURVEY_LU1_3U113
2991.897,2952.070,SE.Total.SURVEY_LU1_3U120
 0.00000,24.08789,SE.Total.SURVEY_LU1_3U130
 7.828419,22.889332,SE.Total.SURVEY_LU1_3U140
0,0,SE.Total.SURVEY_LU1_3U150
0.000000,8.533655,SE.Total.SURVEY_LU1_3U210
0.000000,2.967838,SE.Total.SURVEY_LU1_3U221
0,0,SE.Total.SURVEY_LU1_3U222
0.00000,6.51874,SE.Total.SURVEY_LU1_3U223
 0.00000,12.11126,SE.Total.SURVEY_LU1_3U224
0,0,SE.Total.SURVEY_LU1_3U225
 0.00000,11.32214,SE.Total.SURVEY_LU1_3U226
0.000000,1.445263,SE.Total.SURVEY_LU1_3U227
 0.00000,16.32552,SE.Total.SURVEY_LU1_3U311
  0.0000,168.3533,SE.Total.SURVEY_LU1_3U312
 0.00000,34.22472,SE.Total.SURVEY_LU1_3U313
 0.00000,12.86688,SE.Total.SURVEY_LU1_3U314
 0.00000,41.44053,SE.Total.SURVEY_LU1_3U317
 0.00000,17.40476,SE.Total.SURVEY_LU1_3U318
0.000000,3.152336,SE.Total.SURVEY_LU1_3U319
0.000000,4.190014,SE.Total.SURVEY_LU1_3U321
0.000000,2.217703,SE.Total.SURVEY_LU1_3U322
 0.00000,21.34687,SE.Total.SURVEY_LU1_3U330
 0.00000,42.60555,SE.Total.SURVEY_LU1_3U341
 0.00000,77.97275,SE.Total.SURVEY_LU1_3U350
 0.00000,14.58074,SE.Total.SURVEY_LU1_3U361
0.000000,2.663694,SE.Total.SURVEY_LU1_3U362
  0.0000,161.9888,SE.Total.SURVEY_LU1_3U370
 0.00000,37.40937,SE.Total.SURVEY_LU1_3U411
0,0,SE.Total.SURVEY_LU1_3U412
0.000000,5.245534,SE.Total.SURVEY_LU1_3U413
0.000000,2.898153,SE.Total.SURVEY_LU1_3U414
 0.00000,71.16435,SE.Total.SURVEY_LU1_3U415
  8.749995,257.929467,SE.Total.SURVEY_LU1_3U420
3028.609,2953.668,SE.Total.settlement0
  0.0000,180.0199,SE.Total.settlement1
0.000000000,0.009447607,SE.Total.settl_pc
 515.4789,1403.8535,SE.Total.fao_class_name0
2991.618,3032.722,SE.Total.fao_class_name1
 20.53084,145.31920,SE.Total.fao_class_name2
  0.00,111.49,SE.Total.fao_class_name3
3028.609,2954.151,SE.Total.lue0
  0.0000,164.4179,SE.Total.lue1
3028.604,2955.425,SE.Total.lud0
  7.828419,178.587779,SE.Total.lud1
 61850.3,164827.1,CI.l(95%).Total.area
   0.000,6420.257,CI.l(95%).Total.SURVEY_LC1_1A
42803.96,31981.62,CI.l(95%).Total.SURVEY_LC1_1B
18181.82,53911.42,CI.l(95%).Total.SURVEY_LC1_1C
   4.019692,6193.627576,CI.l(95%).Total.SURVEY_LC1_1D
   -0.1300232,48952.5474074,CI.l(95%).Total.SURVEY_LC1_1E
   4.236936,6894.342749,CI.l(95%).Total.SURVEY_LC1_1F
   0.000,3538.252,CI.l(95%).Total.SURVEY_LC1_1G
   0.000,3067.676,CI.l(95%).Total.SURVEY_LC1_1H
 61814.25,142167.95,CI.l(95%).Total.SURVEY_LU1_1U1
  0.0000,275.7649,CI.l(95%).Total.SURVEY_LU1_1U2
   8.09015,9236.77443,CI.l(95%).Total.SURVEY_LU1_1U3
   10.83184,12197.32015,CI.l(95%).Total.SURVEY_LU1_1U4
   0.000,1892.345,CI.l(95%).Total.SURVEY_LC1_2A1
   0.000,3956.945,CI.l(95%).Total.SURVEY_LC1_2A2
  0.0000,184.9441,CI.l(95%).Total.SURVEY_LC1_2A3
    0.00,18427.22,CI.l(95%).Total.SURVEY_LC1_2B1
  0.0000,265.0386,CI.l(95%).Total.SURVEY_LC1_2B2
   0.000,7036.279,CI.l(95%).Total.SURVEY_LC1_2B3
  0.0000,246.3558,CI.l(95%).Total.SURVEY_LC1_2B4
   0.000,2810.322,CI.l(95%).Total.SURVEY_LC1_2B5
   0.000,1411.012,CI.l(95%).Total.SURVEY_LC1_2B7
  0.0000,551.2597,CI.l(95%).Total.SURVEY_LC1_2B8
42803.96,    0.00,CI.l(95%).Total.SURVEY_LC1_2Bx
   -9.744379,43422.598516,CI.l(95%).Total.SURVEY_LC1_2C1
2941.884,2884.017,CI.l(95%).Total.SURVEY_LC1_2C2
12465.4585,  831.5265,CI.l(95%).Total.SURVEY_LC1_2C3
   4.019692,3104.807533,CI.l(95%).Total.SURVEY_LC1_2D1
   0.000,2922.655,CI.l(95%).Total.SURVEY_LC1_2D2
   0.000,8825.585,CI.l(95%).Total.SURVEY_LC1_2E1
    0.0,34228.8,CI.l(95%).Total.SURVEY_LC1_2E2
  -0.1300232,4808.7896463,CI.l(95%).Total.SURVEY_LC1_2E3
  0.0000,245.4687,CI.l(95%).Total.SURVEY_LC1_2F1
 0.0000,66.9251,CI.l(95%).Total.SURVEY_LC1_2F2
 0.0000,-3.0858,CI.l(95%).Total.SURVEY_LC1_2F3
   4.236936,6496.624884,CI.l(95%).Total.SURVEY_LC1_2F4
   0.000,1770.849,CI.l(95%).Total.SURVEY_LC1_2G1
   0.000,1723.169,CI.l(95%).Total.SURVEY_LC1_2G2
   0.000,3067.676,CI.l(95%).Total.SURVEY_LC1_2H1
42788.46,84815.64,CI.l(95%).Total.SURVEY_LU1_2U11
18165.15,53779.05,CI.l(95%).Total.SURVEY_LU1_2U12
   0.000,1648.638,CI.l(95%).Total.SURVEY_LU1_2U13
 -5.439212,215.982958,CI.l(95%).Total.SURVEY_LU1_2U14
 0.00000,15.16919,CI.l(95%).Total.SURVEY_LU1_2U15
  0.0000,160.1202,CI.l(95%).Total.SURVEY_LU1_2U21
  0.0000,102.7239,CI.l(95%).Total.SURVEY_LU1_2U22
   0.000,4052.317,CI.l(95%).Total.SURVEY_LU1_2U31
  0.0000,119.9305,CI.l(95%).Total.SURVEY_LU1_2U32
 0.00000,77.36198,CI.l(95%).Total.SURVEY_LU1_2U33
 0.00000,29.73857,CI.l(95%).Total.SURVEY_LU1_2U34
  8.09015,184.45979,CI.l(95%).Total.SURVEY_LU1_2U35
  0.0000,220.3792,CI.l(95%).Total.SURVEY_LU1_2U36
   0.000,3944.354,CI.l(95%).Total.SURVEY_LU1_2U37
  3.505551,543.568144,CI.l(95%).Total.SURVEY_LU1_2U41
    7.326289,11519.290885,CI.l(95%).Total.SURVEY_LU1_2U42
   0.000,1728.329,CI.l(95%).Total.SURVEY_LC1_3A11
 0.0000,11.5527,CI.l(95%).Total.SURVEY_LC1_3A12
 0.00000,35.20279,CI.l(95%).Total.SURVEY_LC1_3A13
   0.000,1118.717,CI.l(95%).Total.SURVEY_LC1_3A21
   0.000,2632.361,CI.l(95%).Total.SURVEY_LC1_3A22
  0.0000,184.9441,CI.l(95%).Total.SURVEY_LC1_3A30
   0.000,5531.735,CI.l(95%).Total.SURVEY_LC1_3B11
  0.0000,416.6266,CI.l(95%).Total.SURVEY_LC1_3B12
  0.0000,934.4881,CI.l(95%).Total.SURVEY_LC1_3B13
  0.0000,214.0681,CI.l(95%).Total.SURVEY_LC1_3B14
  0.0000,199.5246,CI.l(95%).Total.SURVEY_LC1_3B15
    0.00,10179.91,CI.l(95%).Total.SURVEY_LC1_3B16
 0.00000,64.35167,CI.l(95%).Total.SURVEY_LC1_3B18
0.0000000,0.2879343,CI.l(95%).Total.SURVEY_LC1_3B19
  0.000,156.932,CI.l(95%).Total.SURVEY_LC1_3B21
 0.00000,47.23517,CI.l(95%).Total.SURVEY_LC1_3B22
0.0000000,0.9017155,CI.l(95%).Total.SURVEY_LC1_3B23
   0.000,4815.092,CI.l(95%).Total.SURVEY_LC1_3B31
   0.000,1551.686,CI.l(95%).Total.SURVEY_LC1_3B32
  0.000,355.275,CI.l(95%).Total.SURVEY_LC1_3B33
 0.000000,-3.014856,CI.l(95%).Total.SURVEY_LC1_3B35
0.000000,9.510955,CI.l(95%).Total.SURVEY_LC1_3B37
 0.000000,-8.753186,CI.l(95%).Total.SURVEY_LC1_3B41
 0.00000,24.22212,CI.l(95%).Total.SURVEY_LC1_3B42
  0.0000,159.4008,CI.l(95%).Total.SURVEY_LC1_3B43
0.000000,4.743026,CI.l(95%).Total.SURVEY_LC1_3B44
0.000000,3.623603,CI.l(95%).Total.SURVEY_LC1_3B45
 0.00000,22.15798,CI.l(95%).Total.SURVEY_LC1_3B51
   0.000,2303.562,CI.l(95%).Total.SURVEY_LC1_3B52
 0.00000,86.94445,CI.l(95%).Total.SURVEY_LC1_3B53
0.000000,8.187085,CI.l(95%).Total.SURVEY_LC1_3B54
  0.0000,174.2231,CI.l(95%).Total.SURVEY_LC1_3B55
  0.0000,488.6269,CI.l(95%).Total.SURVEY_LC1_3B71
 0.00000,19.06097,CI.l(95%).Total.SURVEY_LC1_3B72
 0.00000,45.99823,CI.l(95%).Total.SURVEY_LC1_3B73
 0.00000,73.18822,CI.l(95%).Total.SURVEY_LC1_3B74
  0.0000,536.0847,CI.l(95%).Total.SURVEY_LC1_3B75
  0.0000,515.4073,CI.l(95%).Total.SURVEY_LC1_3B82
0.000000,7.951269,CI.l(95%).Total.SURVEY_LC1_3B83
0.000000,3.440589,CI.l(95%).Total.SURVEY_LC1_3B84
39843.14,    0.00,CI.l(95%).Total.SURVEY_LC1_3Bx1
2654.735,   0.000,CI.l(95%).Total.SURVEY_LC1_3Bx2
    0.0,43422.6,CI.l(95%).Total.SURVEY_LC1_3C10
-9.744379, 0.000000,CI.l(95%).Total.SURVEY_LC1_3C1x
   0.000,1981.596,CI.l(95%).Total.SURVEY_LC1_3C21
 0.00000,12.59942,CI.l(95%).Total.SURVEY_LC1_3C22
   0.0000,-830.6141,CI.l(95%).Total.SURVEY_LC1_3C23
2941.884,   0.000,CI.l(95%).Total.SURVEY_LC1_3C2x
   0.0000,-853.2186,CI.l(95%).Total.SURVEY_LC1_3C31
0.000000,6.803538,CI.l(95%).Total.SURVEY_LC1_3C32
  0.0000,156.6749,CI.l(95%).Total.SURVEY_LC1_3C33
12465.46,    0.00,CI.l(95%).Total.SURVEY_LC1_3C3x
   0.000,3104.808,CI.l(95%).Total.SURVEY_LC1_3D10
4.019692,0.000000,CI.l(95%).Total.SURVEY_LC1_3D1x
   0.000,2922.655,CI.l(95%).Total.SURVEY_LC1_3D20
   0.000,8825.585,CI.l(95%).Total.SURVEY_LC1_3E10
    0.0,34228.8,CI.l(95%).Total.SURVEY_LC1_3E20
   0.00,4808.79,CI.l(95%).Total.SURVEY_LC1_3E30
-0.1300232, 0.0000000,CI.l(95%).Total.SURVEY_LC1_3E3x
  0.0000,245.4687,CI.l(95%).Total.SURVEY_LC1_3F10
 0.0000,66.9251,CI.l(95%).Total.SURVEY_LC1_3F20
 0.0000,-3.0858,CI.l(95%).Total.SURVEY_LC1_3F30
   0.000,6496.625,CI.l(95%).Total.SURVEY_LC1_3F40
4.236936,0.000000,CI.l(95%).Total.SURVEY_LC1_3F4x
   0.000,1766.255,CI.l(95%).Total.SURVEY_LC1_3G11
0.000000,4.594739,CI.l(95%).Total.SURVEY_LC1_3G12
   0.000,1723.169,CI.l(95%).Total.SURVEY_LC1_3G21
   0.000,3063.525,CI.l(95%).Total.SURVEY_LC1_3H11
0.000000,4.151084,CI.l(95%).Total.SURVEY_LC1_3H12
42139.95,80728.22,CI.l(95%).Total.SURVEY_LU1_3U111
   0.4589895,3430.9579687,CI.l(95%).Total.SURVEY_LU1_3U112
481.4480,192.0367,CI.l(95%).Total.SURVEY_LU1_3U113
18165.15,53779.05,CI.l(95%).Total.SURVEY_LU1_3U120
   0.000,1648.638,CI.l(95%).Total.SURVEY_LU1_3U130
 -5.439212,215.982958,CI.l(95%).Total.SURVEY_LU1_3U140
 0.00000,15.16919,CI.l(95%).Total.SURVEY_LU1_3U150
  0.0000,160.1202,CI.l(95%).Total.SURVEY_LU1_3U210
0.0000,4.8517,CI.l(95%).Total.SURVEY_LU1_3U221
0.000000,3.968412,CI.l(95%).Total.SURVEY_LU1_3U222
 0.00000,18.87934,CI.l(95%).Total.SURVEY_LU1_3U223
0.000000,3.483745,CI.l(95%).Total.SURVEY_LU1_3U224
0.000000,8.673999,CI.l(95%).Total.SURVEY_LU1_3U225
 0.00000,13.12527,CI.l(95%).Total.SURVEY_LU1_3U226
 0.00000,17.24663,CI.l(95%).Total.SURVEY_LU1_3U227
 0.00000,50.02441,CI.l(95%).Total.SURVEY_LU1_3U311
   0.000,2609.099,CI.l(95%).Total.SURVEY_LU1_3U312
   0.00,1016.38,CI.l(95%).Total.SURVEY_LU1_3U313
0.000000,7.089747,CI.l(95%).Total.SURVEY_LU1_3U314
 0.00000,55.83833,CI.l(95%).Total.SURVEY_LU1_3U317
 0.00000,51.65393,CI.l(95%).Total.SURVEY_LU1_3U318
 0.00000,30.64313,CI.l(95%).Total.SURVEY_LU1_3U319
  0.0000,107.5235,CI.l(95%).Total.SURVEY_LU1_3U321
0.000000,9.139741,CI.l(95%).Total.SURVEY_LU1_3U322
 0.00000,77.36198,CI.l(95%).Total.SURVEY_LU1_3U330
 0.00000,29.73857,CI.l(95%).Total.SURVEY_LU1_3U341
  8.09015,184.45979,CI.l(95%).Total.SURVEY_LU1_3U350
  0.0000,155.1798,CI.l(95%).Total.SURVEY_LU1_3U361
 0.00000,60.44894,CI.l(95%).Total.SURVEY_LU1_3U362
   0.000,3944.354,CI.l(95%).Total.SURVEY_LU1_3U370
 0.00000,81.97282,CI.l(95%).Total.SURVEY_LU1_3U411
0.000000,4.189903,CI.l(95%).Total.SURVEY_LU1_3U412
0.000000,1.651704,CI.l(95%).Total.SURVEY_LU1_3U413
 0.00000,45.29406,CI.l(95%).Total.SURVEY_LU1_3U414
  3.505551,339.678304,CI.l(95%).Total.SURVEY_LU1_3U415
    7.326289,11519.290885,CI.l(95%).Total.SURVEY_LU1_3U420
 61842.21,155737.70,CI.l(95%).Total.settlement0
   8.09015,8732.11598,CI.l(95%).Total.settlement1
0.0004245784,0.4582693844,CI.l(95%).Total.settl_pc
 44087.99,109801.66,CI.l(95%).Total.fao_class_name0
16762.83,48950.99,CI.l(95%).Total.fao_class_name1
  21.42955,1389.69548,CI.l(95%).Total.fao_class_name2
   0.00,1270.53,CI.l(95%).Total.fao_class_name3
 61842.21,159859.91,CI.l(95%).Total.lue0
   8.09015,4639.54754,CI.l(95%).Total.lue1
 61840.4,159599.0,CI.l(95%).Total.lud0
  -5.439212,4870.176511,CI.l(95%).Total.lud1
 73722.23,176396.33,CI.u(95%).Total.area
   0.000,7124.912,CI.u(95%).Total.SURVEY_LC1_1A
44649.30,33656.02,CI.u(95%).Total.SURVEY_LC1_1B
29909.89,65484.30,CI.u(95%).Total.SURVEY_LC1_1C
   4.019692,6969.010201,CI.u(95%).Total.SURVEY_LC1_1D
   11.16867,52013.22823,CI.u(95%).Total.SURVEY_LC1_1E
   4.236936,7805.071879,CI.u(95%).Total.SURVEY_LC1_1F
   0.000,3716.107,CI.u(95%).Total.SURVEY_LC1_1G
   0.000,3495.079,CI.u(95%).Total.SURVEY_LC1_1H
 73686.14,153760.46,CI.u(95%).Total.SURVEY_LU1_1U1
  0.0000,353.0942,CI.u(95%).Total.SURVEY_LU1_1U2
   8.09015,9976.68144,CI.u(95%).Total.SURVEY_LU1_1U3
   45.13119,13255.42396,CI.u(95%).Total.SURVEY_LU1_1U4
   0.000,2476.092,CI.u(95%).Total.SURVEY_LC1_2A1
   0.000,4712.651,CI.u(95%).Total.SURVEY_LC1_2A2
  0.0000,322.1908,CI.u(95%).Total.SURVEY_LC1_2A3
    0.0,19807.5,CI.u(95%).Total.SURVEY_LC1_2B1
  0.0000,474.2545,CI.u(95%).Total.SURVEY_LC1_2B2
   0.000,7956.638,CI.u(95%).Total.SURVEY_LC1_2B3
  0.0000,424.4925,CI.u(95%).Total.SURVEY_LC1_2B4
   0.00,3436.51,CI.u(95%).Total.SURVEY_LC1_2B5
   0.00,1867.33,CI.u(95%).Total.SURVEY_LC1_2B7
  0.0000,923.4262,CI.u(95%).Total.SURVEY_LC1_2B8
44649.3,    0.0,CI.u(95%).Total.SURVEY_LC1_2Bx
   40.03573,55450.53166,CI.u(95%).Total.SURVEY_LC1_2C1
9825.486,9716.792,CI.u(95%).Total.SURVEY_LC1_2C2
22828.590, 7090.257,CI.u(95%).Total.SURVEY_LC1_2C3
   4.019692,3680.226428,CI.u(95%).Total.SURVEY_LC1_2D1
   0.000,3454.949,CI.u(95%).Total.SURVEY_LC1_2D2
    0.00,11452.97,CI.u(95%).Total.SURVEY_LC1_2E1
    0.00,36083.37,CI.u(95%).Total.SURVEY_LC1_2E2
  11.16867,5566.26479,CI.u(95%).Total.SURVEY_LC1_2E3
  0.0000,374.4724,CI.u(95%).Total.SURVEY_LC1_2F1
  0.000,102.663,CI.u(95%).Total.SURVEY_LC1_2F2
 0.00000,19.07838,CI.u(95%).Total.SURVEY_LC1_2F3
   4.236936,7397.267993,CI.u(95%).Total.SURVEY_LC1_2F4
   0.000,1866.857,CI.u(95%).Total.SURVEY_LC1_2G1
   0.000,1893.483,CI.u(95%).Total.SURVEY_LC1_2G2
   0.000,3495.079,CI.u(95%).Total.SURVEY_LC1_2H1
44633.80,88039.03,CI.u(95%).Total.SURVEY_LU1_2U11
29893.17,65350.96,CI.u(95%).Total.SURVEY_LU1_2U12
   0.000,1743.061,CI.u(95%).Total.SURVEY_LU1_2U13
 25.24763,305.70749,CI.u(95%).Total.SURVEY_LU1_2U14
 0.00000,15.16919,CI.u(95%).Total.SURVEY_LU1_2U15
  0.0000,193.5715,CI.u(95%).Total.SURVEY_LU1_2U21
  0.0000,172.4435,CI.u(95%).Total.SURVEY_LU1_2U22
   0.000,4740.691,CI.u(95%).Total.SURVEY_LU1_2U31
  0.0000,138.5138,CI.u(95%).Total.SURVEY_LU1_2U32
  0.0000,161.0402,CI.u(95%).Total.SURVEY_LU1_2U33
  0.0000,196.7492,CI.u(95%).Total.SURVEY_LU1_2U34
  8.09015,490.10735,CI.u(95%).Total.SURVEY_LU1_2U35
  0.0000,278.4754,CI.u(95%).Total.SURVEY_LU1_2U36
   0.000,4579.338,CI.u(95%).Total.SURVEY_LU1_2U37
  3.505551,859.529264,CI.u(95%).Total.SURVEY_LU1_2U41
   41.62564,12530.35582,CI.u(95%).Total.SURVEY_LU1_2U42
   0.000,2291.974,CI.u(95%).Total.SURVEY_LC1_3A11
 0.00000,78.28363,CI.u(95%).Total.SURVEY_LC1_3A12
  0.0000,223.0949,CI.u(95%).Total.SURVEY_LC1_3A13
   0.000,1611.347,CI.u(95%).Total.SURVEY_LC1_3A21
   0.000,3307.171,CI.u(95%).Total.SURVEY_LC1_3A22
  0.0000,322.1908,CI.u(95%).Total.SURVEY_LC1_3A30
   0.000,6360.415,CI.u(95%).Total.SURVEY_LC1_3B11
  0.0000,663.1413,CI.u(95%).Total.SURVEY_LC1_3B12
   0.000,1277.504,CI.u(95%).Total.SURVEY_LC1_3B13
  0.0000,428.2973,CI.u(95%).Total.SURVEY_LC1_3B14
  0.0000,418.1769,CI.u(95%).Total.SURVEY_LC1_3B15
    0.00,11281.29,CI.u(95%).Total.SURVEY_LC1_3B16
  0.0000,202.9678,CI.u(95%).Total.SURVEY_LC1_3B18
 0.00000,61.93539,CI.u(95%).Total.SURVEY_LC1_3B19
  0.000,326.164,CI.u(95%).Total.SURVEY_LC1_3B21
  0.0000,161.7742,CI.u(95%).Total.SURVEY_LC1_3B22
 0.00000,46.28611,CI.u(95%).Total.SURVEY_LC1_3B23
   0.000,5602.093,CI.u(95%).Total.SURVEY_LC1_3B31
   0.000,1972.172,CI.u(95%).Total.SURVEY_LC1_3B32
  0.0000,639.1764,CI.u(95%).Total.SURVEY_LC1_3B33
 0.0000,35.2669,CI.u(95%).Total.SURVEY_LC1_3B35
 0.00000,15.65826,CI.u(95%).Total.SURVEY_LC1_3B37
 0.00000,83.37853,CI.u(95%).Total.SURVEY_LC1_3B41
 0.00000,70.24312,CI.u(95%).Total.SURVEY_LC1_3B42
  0.0000,303.9327,CI.u(95%).Total.SURVEY_LC1_3B43
 0.00000,13.26466,CI.u(95%).Total.SURVEY_LC1_3B44
 0.00000,16.79299,CI.u(95%).Total.SURVEY_LC1_3B45
 0.00000,50.95681,CI.u(95%).Total.SURVEY_LC1_3B51
   0.00,2870.89,CI.u(95%).Total.SURVEY_LC1_3B52
  0.0000,219.3325,CI.u(95%).Total.SURVEY_LC1_3B53
  0.0000,134.5554,CI.u(95%).Total.SURVEY_LC1_3B54
  0.0000,376.0224,CI.u(95%).Total.SURVEY_LC1_3B55
  0.0000,768.2371,CI.u(95%).Total.SURVEY_LC1_3B71
  0.0000,166.2134,CI.u(95%).Total.SURVEY_LC1_3B72
  0.0000,110.5039,CI.u(95%).Total.SURVEY_LC1_3B73
  0.0000,195.9547,CI.u(95%).Total.SURVEY_LC1_3B74
  0.0000,874.4742,CI.u(95%).Total.SURVEY_LC1_3B75
  0.0000,885.8367,CI.u(95%).Total.SURVEY_LC1_3B82
 0.00000,31.43187,CI.u(95%).Total.SURVEY_LC1_3B83
 0.0000,30.6183,CI.u(95%).Total.SURVEY_LC1_3B84
41540.44,    0.00,CI.u(95%).Total.SURVEY_LC1_3Bx1
3414.947,   0.000,CI.u(95%).Total.SURVEY_LC1_3Bx2
    0.00,55450.53,CI.u(95%).Total.SURVEY_LC1_3C10
40.03573, 0.00000,CI.u(95%).Total.SURVEY_LC1_3C1x
   0.000,7799.815,CI.u(95%).Total.SURVEY_LC1_3C21
  0.0000,486.0279,CI.u(95%).Total.SURVEY_LC1_3C22
   0.000,3151.384,CI.u(95%).Total.SURVEY_LC1_3C23
9825.486,   0.000,CI.u(95%).Total.SURVEY_LC1_3C2x
   0.000,3960.211,CI.u(95%).Total.SURVEY_LC1_3C31
 0.00000,39.22245,CI.u(95%).Total.SURVEY_LC1_3C32
   0.00,4612.09,CI.u(95%).Total.SURVEY_LC1_3C33
22828.59,    0.00,CI.u(95%).Total.SURVEY_LC1_3C3x
   0.000,3680.226,CI.u(95%).Total.SURVEY_LC1_3D10
4.019692,0.000000,CI.u(95%).Total.SURVEY_LC1_3D1x
   0.000,3454.949,CI.u(95%).Total.SURVEY_LC1_3D20
    0.00,11452.97,CI.u(95%).Total.SURVEY_LC1_3E10
    0.00,36083.37,CI.u(95%).Total.SURVEY_LC1_3E20
   0.000,5566.265,CI.u(95%).Total.SURVEY_LC1_3E30
11.16867, 0.00000,CI.u(95%).Total.SURVEY_LC1_3E3x
  0.0000,374.4724,CI.u(95%).Total.SURVEY_LC1_3F10
  0.000,102.663,CI.u(95%).Total.SURVEY_LC1_3F20
 0.00000,19.07838,CI.u(95%).Total.SURVEY_LC1_3F30
   0.000,7397.268,CI.u(95%).Total.SURVEY_LC1_3F40
4.236936,0.000000,CI.u(95%).Total.SURVEY_LC1_3F4x
   0.000,1862.262,CI.u(95%).Total.SURVEY_LC1_3G11
0.000000,4.594739,CI.u(95%).Total.SURVEY_LC1_3G12
   0.000,1893.483,CI.u(95%).Total.SURVEY_LC1_3G21
   0.000,3490.928,CI.u(95%).Total.SURVEY_LC1_3H11
0.000000,4.151084,CI.u(95%).Total.SURVEY_LC1_3H12
43960.15,83977.74,CI.u(95%).Total.SURVEY_LU1_3U111
  10.01496,4132.79114,CI.u(95%).Total.SURVEY_LU1_3U112
830.2351,392.9293,CI.u(95%).Total.SURVEY_LU1_3U113
29893.17,65350.96,CI.u(95%).Total.SURVEY_LU1_3U120
   0.000,1743.061,CI.u(95%).Total.SURVEY_LU1_3U130
 25.24763,305.70749,CI.u(95%).Total.SURVEY_LU1_3U140
 0.00000,15.16919,CI.u(95%).Total.SURVEY_LU1_3U150
  0.0000,193.5715,CI.u(95%).Total.SURVEY_LU1_3U210
 0.00000,16.48541,CI.u(95%).Total.SURVEY_LU1_3U221
0.000000,3.968412,CI.u(95%).Total.SURVEY_LU1_3U222
 0.00000,44.43233,CI.u(95%).Total.SURVEY_LU1_3U223
 0.000,50.959,CI.u(95%).Total.SURVEY_LU1_3U224
0.000000,8.673999,CI.u(95%).Total.SURVEY_LU1_3U225
 0.00000,57.50725,CI.u(95%).Total.SURVEY_LU1_3U226
 0.00000,22.91195,CI.u(95%).Total.SURVEY_LU1_3U227
  0.0000,114.0193,CI.u(95%).Total.SURVEY_LU1_3U311
   0.000,3269.032,CI.u(95%).Total.SURVEY_LU1_3U312
   0.000,1150.539,CI.u(95%).Total.SURVEY_LU1_3U313
 0.000,57.527,CI.u(95%).Total.SURVEY_LU1_3U314
  0.0000,218.2822,CI.u(95%).Total.SURVEY_LU1_3U317
  0.0000,119.8793,CI.u(95%).Total.SURVEY_LU1_3U318
 0.00000,43.00006,CI.u(95%).Total.SURVEY_LU1_3U319
  0.0000,123.9481,CI.u(95%).Total.SURVEY_LU1_3U321
 0.00000,17.83298,CI.u(95%).Total.SURVEY_LU1_3U322
  0.0000,161.0402,CI.u(95%).Total.SURVEY_LU1_3U330
  0.0000,196.7492,CI.u(95%).Total.SURVEY_LU1_3U341
  8.09015,490.10735,CI.u(95%).Total.SURVEY_LU1_3U350
  0.0000,212.3353,CI.u(95%).Total.SURVEY_LU1_3U361
 0.00000,70.89043,CI.u(95%).Total.SURVEY_LU1_3U362
   0.000,4579.338,CI.u(95%).Total.SURVEY_LU1_3U370
  0.0000,228.6149,CI.u(95%).Total.SURVEY_LU1_3U411
0.000000,4.189903,CI.u(95%).Total.SURVEY_LU1_3U412
 0.00000,22.21382,CI.u(95%).Total.SURVEY_LU1_3U413
 0.00000,56.65461,CI.u(95%).Total.SURVEY_LU1_3U414
  3.505551,618.637423,CI.u(95%).Total.SURVEY_LU1_3U415
   41.62564,12530.35582,CI.u(95%).Total.SURVEY_LU1_3U420
 73714.14,167315.87,CI.u(95%).Total.settlement0
   8.09015,9437.78096,CI.u(95%).Total.settlement1
0.0004245784,0.4953033240,CI.u(95%).Total.settl_pc
 46108.63,115304.66,CI.u(95%).Total.fao_class_name0
28489.75,60839.04,CI.u(95%).Total.fao_class_name1
 101.909,1959.336,CI.u(95%).Total.fao_class_name2
   0.000,1707.563,CI.u(95%).Total.fao_class_name3
 73714.14,171439.96,CI.u(95%).Total.lue0
   8.09015,5284.05368,CI.u(95%).Total.lue1
 73712.32,171184.06,CI.u(95%).Total.lud0
  25.24763,5570.22774,CI.u(95%).Total.lud1
0.04467880,0.01729879,CV.Total.area
NA,0.02654261,CV.Total.SURVEY_LC1_1A
0.01076594,0.01301545,CV.Total.SURVEY_LC1_1B
0.12442521,0.04945434,CV.Total.SURVEY_LC1_1C
0.00000000,0.03005558,CV.Total.SURVEY_LC1_1D
0.52223297,0.01546663,CV.Total.SURVEY_LC1_1E
0.00000000,0.03161121,CV.Total.SURVEY_LC1_1F
NA,0.01250884,CV.Total.SURVEY_LC1_1G
NA,0.03322793,CV.Total.SURVEY_LC1_1H
0.04470244,0.01998678,CV.Total.SURVEY_LU1_1U1
NA,0.06273969,CV.Total.SURVEY_LU1_1U2
0.00000000,0.01964824,CV.Total.SURVEY_LU1_1U3
0.31270627,0.02121024,CV.Total.SURVEY_LU1_1U4
NA,0.068179,CV.Total.SURVEY_LC1_2A1
NA,0.04447398,CV.Total.SURVEY_LC1_2A2
NA,0.1380798,CV.Total.SURVEY_LC1_2A3
NA,0.01841886,CV.Total.SURVEY_LC1_2B1
NA,0.1443876,CV.Total.SURVEY_LC1_2B2
NA,0.03132012,CV.Total.SURVEY_LC1_2B3
NA,0.1354818,CV.Total.SURVEY_LC1_2B4
NA,0.0511443,CV.Total.SURVEY_LC1_2B5
NA,0.07101744,CV.Total.SURVEY_LC1_2B7
NA,0.1287626,CV.Total.SURVEY_LC1_2B8
0.01076594,NA,CV.Total.SURVEY_LC1_2Bx
0.83847309,0.06206755,CV.Total.SURVEY_LC1_2C1
0.2750845,0.2766627,CV.Total.SURVEY_LC1_2C2
0.1498102,0.4031022,CV.Total.SURVEY_LC1_2C3
0.00000000,0.04326971,CV.Total.SURVEY_LC1_2D1
NA,0.04258394,CV.Total.SURVEY_LC1_2D2
NA,0.06610567,CV.Total.SURVEY_LC1_2E1
NA,0.01345752,CV.Total.SURVEY_LC1_2E2
0.52223297,0.03725031,CV.Total.SURVEY_LC1_2E3
NA,0.1061704,CV.Total.SURVEY_LC1_2F1
NA,0.1075191,CV.Total.SURVEY_LC1_2F2
NA,0.7071068,CV.Total.SURVEY_LC1_2F3
0.00000000,0.03307354,CV.Total.SURVEY_LC1_2F4
NA,0.01346567,CV.Total.SURVEY_LC1_2G1
NA,0.02402674,CV.Total.SURVEY_LC1_2G2
NA,0.03322793,CV.Total.SURVEY_LC1_2H1
0.010769757,0.009514444,CV.Total.SURVEY_LU1_2U11
0.12451110,0.04956048,CV.Total.SURVEY_LU1_2U12
NA,0.01420403,CV.Total.SURVEY_LU1_2U13
0.79041347,0.08775063,CV.Total.SURVEY_LU1_2U14
NA,  0,CV.Total.SURVEY_LU1_2U15
NA,0.04825476,CV.Total.SURVEY_LU1_2U21
NA,0.1292736,CV.Total.SURVEY_LU1_2U22
NA,0.03994285,CV.Total.SURVEY_LU1_2U31
NA,0.03668658,CV.Total.SURVEY_LU1_2U32
NA,0.1790829,CV.Total.SURVEY_LU1_2U33
NA,0.3762282,CV.Total.SURVEY_LU1_2U34
0.0000000,0.2311786,CV.Total.SURVEY_LU1_2U35
NA,0.05941902,CV.Total.SURVEY_LU1_2U36
NA,0.03800908,CV.Total.SURVEY_LU1_2U37
0.0000000,0.1148941,CV.Total.SURVEY_LU1_2U41
0.35749338,0.02144975,CV.Total.SURVEY_LU1_2U42
NA,0.07153169,CV.Total.SURVEY_LC1_3A11
NA,0.3789894,CV.Total.SURVEY_LC1_3A12
NA,0.3711419,CV.Total.SURVEY_LC1_3A13
NA,0.09206616,CV.Total.SURVEY_LC1_3A21
NA,0.05796707,CV.Total.SURVEY_LC1_3A22
NA,0.1380798,CV.Total.SURVEY_LC1_3A30
NA,0.03555319,CV.Total.SURVEY_LC1_3B11
NA,0.1164835,CV.Total.SURVEY_LC1_3B12
NA,0.0791193,CV.Total.SURVEY_LC1_3B13
NA,0.1701565,CV.Total.SURVEY_LC1_3B14
NA,0.1806039,CV.Total.SURVEY_LC1_3B15
NA,0.02618373,CV.Total.SURVEY_LC1_3B16
NA,0.2645666,CV.Total.SURVEY_LC1_3B18
NA,0.5054915,CV.Total.SURVEY_LC1_3B19
NA,0.1787315,CV.Total.SURVEY_LC1_3B21
NA,0.2796016,CV.Total.SURVEY_LC1_3B22
NA,0.490714,CV.Total.SURVEY_LC1_3B23
NA,0.03854577,CV.Total.SURVEY_LC1_3B31
NA,0.0608815,CV.Total.SURVEY_LC1_3B32
NA,0.1456585,CV.Total.SURVEY_LC1_3B33
NA,0.6056009,CV.Total.SURVEY_LC1_3B35
NA,0.124614,CV.Total.SURVEY_LC1_3B37
NA,0.6299045,CV.Total.SURVEY_LC1_3B41
NA,0.2485626,CV.Total.SURVEY_LC1_3B42
NA,0.1591556,CV.Total.SURVEY_LC1_3B43
NA,0.2414442,CV.Total.SURVEY_LC1_3B44
NA,0.3291048,CV.Total.SURVEY_LC1_3B45
NA,0.2009655,CV.Total.SURVEY_LC1_3B51
NA,0.0559399,CV.Total.SURVEY_LC1_3B52
NA,0.2205395,CV.Total.SURVEY_LC1_3B53
NA,0.4516862,CV.Total.SURVEY_LC1_3B54
NA,0.1871178,CV.Total.SURVEY_LC1_3B55
NA,0.1135054,CV.Total.SURVEY_LC1_3B71
NA,0.4052323,CV.Total.SURVEY_LC1_3B72
NA,0.2102952,CV.Total.SURVEY_LC1_3B73
NA,0.2327281,CV.Total.SURVEY_LC1_3B74
NA,0.1223989,CV.Total.SURVEY_LC1_3B75
NA,0.1348788,CV.Total.SURVEY_LC1_3B82
NA,0.3041941,CV.Total.SURVEY_LC1_3B83
NA,0.4071311,CV.Total.SURVEY_LC1_3B84
0.0106408,NA,CV.Total.SURVEY_LC1_3Bx1
0.06390294,NA,CV.Total.SURVEY_LC1_3Bx2
NA,0.06206755,CV.Total.SURVEY_LC1_3C10
0.8384731,NA,CV.Total.SURVEY_LC1_3C1x
NA,0.3034872,CV.Total.SURVEY_LC1_3C21
NA,0.4844291,CV.Total.SURVEY_LC1_3C22
NA,0.8754289,CV.Total.SURVEY_LC1_3C23
0.2750845,NA,CV.Total.SURVEY_LC1_3C2x
NA,0.7904353,CV.Total.SURVEY_LC1_3C31
NA,0.3593745,CV.Total.SURVEY_LC1_3C32
NA,0.476688,CV.Total.SURVEY_LC1_3C33
0.1498102,NA,CV.Total.SURVEY_LC1_3C3x
NA,0.04326971,CV.Total.SURVEY_LC1_3D10
  0,NA,CV.Total.SURVEY_LC1_3D1x
NA,0.04258394,CV.Total.SURVEY_LC1_3D20
NA,0.06610567,CV.Total.SURVEY_LC1_3E10
NA,0.01345752,CV.Total.SURVEY_LC1_3E20
NA,0.03725031,CV.Total.SURVEY_LC1_3E30
0.522233,NA,CV.Total.SURVEY_LC1_3E3x
NA,0.1061704,CV.Total.SURVEY_LC1_3F10
NA,0.1075191,CV.Total.SURVEY_LC1_3F20
NA,0.7071068,CV.Total.SURVEY_LC1_3F30
NA,0.03307354,CV.Total.SURVEY_LC1_3F40
  0,NA,CV.Total.SURVEY_LC1_3F4x
NA,0.01349977,CV.Total.SURVEY_LC1_3G11
NA,  0,CV.Total.SURVEY_LC1_3G12
NA,0.02402674,CV.Total.SURVEY_LC1_3G21
NA,0.03327001,CV.Total.SURVEY_LC1_3H11
NA,  0,CV.Total.SURVEY_LC1_3H12
0.01078616,0.01006614,CV.Total.SURVEY_LU1_3U111
0.46549632,0.04734223,CV.Total.SURVEY_LU1_3U112
0.1356699,0.1752206,CV.Total.SURVEY_LU1_3U113
0.12451110,0.04956048,CV.Total.SURVEY_LU1_3U120
NA,0.01420403,CV.Total.SURVEY_LU1_3U130
0.79041347,0.08775063,CV.Total.SURVEY_LU1_3U140
NA,  0,CV.Total.SURVEY_LU1_3U150
NA,0.04825476,CV.Total.SURVEY_LU1_3U210
NA,0.2781856,CV.Total.SURVEY_LU1_3U221
NA,  0,CV.Total.SURVEY_LU1_3U222
NA,0.2059254,CV.Total.SURVEY_LU1_3U223
NA,0.4449172,CV.Total.SURVEY_LU1_3U224
NA,  0,CV.Total.SURVEY_LU1_3U225
NA,0.3205929,CV.Total.SURVEY_LU1_3U226
NA,0.07197781,CV.Total.SURVEY_LU1_3U227
NA,0.1990387,CV.Total.SURVEY_LU1_3U311
NA,0.05728124,CV.Total.SURVEY_LU1_3U312
NA,0.03158837,CV.Total.SURVEY_LU1_3U313
NA,0.3982523,CV.Total.SURVEY_LU1_3U314
NA,0.3023526,CV.Total.SURVEY_LU1_3U317
NA,0.2029316,CV.Total.SURVEY_LU1_3U318
NA,0.08561107,CV.Total.SURVEY_LU1_3U319
NA,0.03620326,CV.Total.SURVEY_LU1_3U321
NA,0.1644404,CV.Total.SURVEY_LU1_3U322
NA,0.1790829,CV.Total.SURVEY_LU1_3U330
NA,0.3762282,CV.Total.SURVEY_LU1_3U341
0.0000000,0.2311786,CV.Total.SURVEY_LU1_3U350
NA,0.07934772,CV.Total.SURVEY_LU1_3U361
NA,0.040562,CV.Total.SURVEY_LU1_3U362
NA,0.03800908,CV.Total.SURVEY_LU1_3U370
NA,0.2408941,CV.Total.SURVEY_LU1_3U411
NA,  0,CV.Total.SURVEY_LU1_3U412
NA,0.4395909,CV.Total.SURVEY_LU1_3U413
NA,0.05685515,CV.Total.SURVEY_LU1_3U414
0.0000000,0.1485196,CV.Total.SURVEY_LU1_3U415
0.35749338,0.02144975,CV.Total.SURVEY_LU1_3U420
0.04468413,0.01828593,CV.Total.settlement0
0.00000000,0.01981518,CV.Total.settlement1
0.00000000,0.01981518,CV.Total.settl_pc
0.01143012,0.01247280,CV.Total.fao_class_name0
0.13221869,0.05524586,CV.Total.fao_class_name1
0.33291857,0.08678281,CV.Total.fao_class_name2
NA,0.07487339,CV.Total.fao_class_name3
0.04468413,0.01783370,CV.Total.lue0
0.00000000,0.03313673,CV.Total.lue1
0.04468526,0.01786926,CV.Total.lud0
0.79041347,0.03421089,CV.Total.lud1
