No,Yes,variable
 31820.17,415599.74,Total.area
   0.000,8274.987,Total.SURVEY_LC1_1A
 2237.055,14395.230,Total.SURVEY_LC1_1B
 29466.3,246892.6,Total.SURVEY_LC1_1C
   64.49376,34945.89862,Total.SURVEY_LC1_1D
   44.10567,25707.94993,Total.SURVEY_LC1_1E
    4.149324,19273.021211,Total.SURVEY_LC1_1F
    4.067057,39721.012048,Total.SURVEY_LC1_1G
    0.00,26389.04,Total.SURVEY_LC1_1H
 24457.44,259300.54,Total.SURVEY_LU1_1U1
   0.000,1829.244,Total.SURVEY_LU1_1U2
 1019.111,51085.105,Total.SURVEY_LU1_1U3
  6343.614,103384.853,Total.SURVEY_LU1_1U4
   0.000,1607.266,Total.SURVEY_LC1_2A1
   0.000,5852.908,Total.SURVEY_LC1_2A2
  0.0000,814.8134,Total.SURVEY_LC1_2A3
   0.000,8204.983,Total.SURVEY_LC1_2B1
  0.000,514.981,Total.SURVEY_LC1_2B2
   0.000,1090.168,Total.SURVEY_LC1_2B3
  0.0000,505.7823,Total.SURVEY_LC1_2B4
   0.000,3920.164,Total.SURVEY_LC1_2B5
  0.0000,112.1184,Total.SURVEY_LC1_2B7
 0.000,47.032,Total.SURVEY_LC1_2B8
2237.055,   0.000,Total.SURVEY_LC1_2Bx
    0.00,25016.96,Total.SURVEY_LC1_2C1
 13559.98,143495.38,Total.SURVEY_LC1_2C2
15632.21,78380.27,Total.SURVEY_LC1_2C3
274.104,  0.000,Total.SURVEY_LC1_2Cx
   0.000,7997.108,Total.SURVEY_LC1_2D1
    9.887058,26948.790640,Total.SURVEY_LC1_2D2
54.6067, 0.0000,Total.SURVEY_LC1_2Dx
  15.54129,4424.00870,Total.SURVEY_LC1_2E1
   16.53217,16290.24855,Total.SURVEY_LC1_2E2
   0.000,4993.693,Total.SURVEY_LC1_2E3
12.03221, 0.00000,Total.SURVEY_LC1_2Ex
   0.000,7007.225,Total.SURVEY_LC1_2F1
  0.0000,256.0619,Total.SURVEY_LC1_2F2
   4.149324,9427.729275,Total.SURVEY_LC1_2F3
   0.000,2582.005,Total.SURVEY_LC1_2F4
    0.00,36845.05,Total.SURVEY_LC1_2G1
   4.067057,2205.802968,Total.SURVEY_LC1_2G2
 0.00000,49.25194,Total.SURVEY_LC1_2G4
  0.0000,620.9063,Total.SURVEY_LC1_2G5
    0.00,26372.73,Total.SURVEY_LC1_2H1
 0.0000,16.3101,Total.SURVEY_LC1_2H2
 2273.204,29946.752,Total.SURVEY_LU1_2U11
 22184.24,227886.07,Total.SURVEY_LU1_2U12
   0.000,1036.628,Total.SURVEY_LU1_2U13
  0.0000,362.8673,Total.SURVEY_LU1_2U14
 0.0000,68.2269,Total.SURVEY_LU1_2U15
   0.000,1590.549,Total.SURVEY_LU1_2U21
  0.0000,238.6953,Total.SURVEY_LU1_2U22
   12.03221,14851.79985,Total.SURVEY_LU1_2U31
 0.00000,80.56026,Total.SURVEY_LU1_2U32
  0.0000,113.8387,Total.SURVEY_LU1_2U33
  0.0000,331.1077,Total.SURVEY_LU1_2U34
 740.9557,6539.0507,Total.SURVEY_LU1_2U35
  257.8459,23977.2831,Total.SURVEY_LU1_2U36
   8.277094,5191.464246,Total.SURVEY_LU1_2U37
  0.0000,189.8508,Total.SURVEY_LU1_2U41
  6343.614,103195.002,Total.SURVEY_LU1_2U42
   0.000,1497.479,Total.SURVEY_LC1_3A11
 0.00000,97.78624,Total.SURVEY_LC1_3A12
 0.00000,12.00071,Total.SURVEY_LC1_3A13
   0.000,1487.334,Total.SURVEY_LC1_3A21
   0.000,4365.574,Total.SURVEY_LC1_3A22
  0.0000,814.8134,Total.SURVEY_LC1_3A30
   0.00,4043.99,Total.SURVEY_LC1_3B11
  0.0000,114.1134,Total.SURVEY_LC1_3B12
   0.000,2189.721,Total.SURVEY_LC1_3B13
  0.0000,283.7702,Total.SURVEY_LC1_3B14
   0.000,1135.948,Total.SURVEY_LC1_3B15
  0.0000,271.0095,Total.SURVEY_LC1_3B16
  0.0000,166.4304,Total.SURVEY_LC1_3B18
  0.000,204.968,Total.SURVEY_LC1_3B21
  0.0000,262.6335,Total.SURVEY_LC1_3B22
 0.0000,47.3795,Total.SURVEY_LC1_3B23
   0.000,1040.182,Total.SURVEY_LC1_3B32
 0.00000,49.98599,Total.SURVEY_LC1_3B35
  0.0000,442.2104,Total.SURVEY_LC1_3B41
 0.00000,37.71343,Total.SURVEY_LC1_3B43
0.000000,3.940046,Total.SURVEY_LC1_3B44
 0.0000,21.9185,Total.SURVEY_LC1_3B45
  0.0000,379.0315,Total.SURVEY_LC1_3B51
 0.00000,35.64954,Total.SURVEY_LC1_3B52
  0.000,639.626,Total.SURVEY_LC1_3B53
 0.00000,50.35382,Total.SURVEY_LC1_3B54
   0.000,2815.504,Total.SURVEY_LC1_3B55
 0.00000,95.63607,Total.SURVEY_LC1_3B71
0.000000,4.149773,Total.SURVEY_LC1_3B73
 0.00000,12.33257,Total.SURVEY_LC1_3B75
 0.000,47.032,Total.SURVEY_LC1_3B84
2227.914,   0.000,Total.SURVEY_LC1_3Bx1
5.178507,0.000000,Total.SURVEY_LC1_3Bx2
3.961899,0.000000,Total.SURVEY_LC1_3Bxx
    0.00,25016.96,Total.SURVEY_LC1_3C10
    0.00,51015.03,Total.SURVEY_LC1_3C21
    0.00,80690.44,Total.SURVEY_LC1_3C22
    0.00,11789.91,Total.SURVEY_LC1_3C23
13559.98,    0.00,Total.SURVEY_LC1_3C2x
    0.00,38545.39,Total.SURVEY_LC1_3C31
    0.00,27362.27,Total.SURVEY_LC1_3C32
    0.00,12472.62,Total.SURVEY_LC1_3C33
15632.21,    0.00,Total.SURVEY_LC1_3C3x
274.104,  0.000,Total.SURVEY_LC1_3Cxx
   0.000,7997.108,Total.SURVEY_LC1_3D10
    0.00,26948.79,Total.SURVEY_LC1_3D20
9.887058,0.000000,Total.SURVEY_LC1_3D2x
54.6067, 0.0000,Total.SURVEY_LC1_3Dxx
   0.000,4424.009,Total.SURVEY_LC1_3E10
15.54129, 0.00000,Total.SURVEY_LC1_3E1x
    0.00,16290.25,Total.SURVEY_LC1_3E20
16.53217, 0.00000,Total.SURVEY_LC1_3E2x
   0.000,4993.693,Total.SURVEY_LC1_3E30
12.03221, 0.00000,Total.SURVEY_LC1_3Exx
   0.000,7007.225,Total.SURVEY_LC1_3F10
  0.0000,256.0619,Total.SURVEY_LC1_3F20
   0.000,9427.729,Total.SURVEY_LC1_3F30
4.149324,0.000000,Total.SURVEY_LC1_3F3x
   0.000,2582.005,Total.SURVEY_LC1_3F40
    0.00,36840.92,Total.SURVEY_LC1_3G11
0.000000,4.132242,Total.SURVEY_LC1_3G12
   0.000,2205.803,Total.SURVEY_LC1_3G21
4.067057,0.000000,Total.SURVEY_LC1_3G2x
 0.00000,49.25194,Total.SURVEY_LC1_3G40
  0.0000,620.9063,Total.SURVEY_LC1_3G50
   0.000,4847.555,Total.SURVEY_LC1_3H11
    0.00,21525.18,Total.SURVEY_LC1_3H12
 0.0000,16.3101,Total.SURVEY_LC1_3H21
 2269.144,29427.107,Total.SURVEY_LU1_3U111
  0.0000,443.8396,Total.SURVEY_LU1_3U112
 4.060433,75.805035,Total.SURVEY_LU1_3U113
 22184.24,227886.07,Total.SURVEY_LU1_3U120
   0.000,1036.628,Total.SURVEY_LU1_3U130
  0.0000,362.8673,Total.SURVEY_LU1_3U140
 0.0000,68.2269,Total.SURVEY_LU1_3U150
   0.000,1590.549,Total.SURVEY_LU1_3U210
 0.00000,16.13454,Total.SURVEY_LU1_3U221
 0.00000,24.21899,Total.SURVEY_LU1_3U223
 0.00000,19.67238,Total.SURVEY_LU1_3U224
 0.00000,16.18667,Total.SURVEY_LU1_3U225
 0.00000,69.52815,Total.SURVEY_LU1_3U226
 0.00000,92.95455,Total.SURVEY_LU1_3U227
  0.0000,216.6102,Total.SURVEY_LU1_3U311
  12.03221,6090.42581,Total.SURVEY_LU1_3U312
   0.00,7059.35,Total.SURVEY_LU1_3U313
  0.0000,116.1807,Total.SURVEY_LU1_3U314
0.000000,3.936718,Total.SURVEY_LU1_3U315
 0.00000,20.28582,Total.SURVEY_LU1_3U316
  0.0000,145.6913,Total.SURVEY_LU1_3U317
   0.000,1199.319,Total.SURVEY_LU1_3U319
 0.00000,33.42063,Total.SURVEY_LU1_3U321
 0.00000,47.13963,Total.SURVEY_LU1_3U322
  0.0000,113.8387,Total.SURVEY_LU1_3U330
  0.0000,267.3179,Total.SURVEY_LU1_3U341
 0.00000,63.78978,Total.SURVEY_LU1_3U342
 740.9557,6539.0507,Total.SURVEY_LU1_3U350
  257.8459,23285.2879,Total.SURVEY_LU1_3U361
  0.0000,691.9953,Total.SURVEY_LU1_3U362
   8.277094,5191.464246,Total.SURVEY_LU1_3U370
 0.00000,36.40724,Total.SURVEY_LU1_3U411
 0.00000,24.78331,Total.SURVEY_LU1_3U413
 0.00000,15.45739,Total.SURVEY_LU1_3U414
  0.0000,113.2029,Total.SURVEY_LU1_3U415
  6343.614,103195.002,Total.SURVEY_LU1_3U420
 31058.9,392408.2,Total.settlement0
  761.265,23191.578,Total.settlement1
0.0723529,2.2041966,Total.settl_pc
  2889.213,154913.160,Total.fao_class_name0
 28669.03,247622.92,Total.fao_class_name1
   0.000,8256.763,Total.fao_class_name2
 261.9238,4806.8970,Total.fao_class_name3
 30813.09,379560.84,Total.lue0
 1007.079,36038.906,Total.lue1
 31808.13,398361.43,Total.lud0
   12.03221,17238.31018,Total.lud1
1072.699,1094.399,SE.Total.area
  0.000,252.932,SE.Total.SURVEY_LC1_1A
121.1334,207.6538,SE.Total.SURVEY_LC1_1B
1064.935,1343.698,SE.Total.SURVEY_LC1_1C
 47.43734,709.71843,SE.Total.SURVEY_LC1_1D
 13.49438,539.67964,SE.Total.SURVEY_LC1_1E
  0.0000,516.1741,SE.Total.SURVEY_LC1_1F
  0.000,273.396,SE.Total.SURVEY_LC1_1G
  0.0000,360.0558,SE.Total.SURVEY_LC1_1H
 948.129,1481.737,SE.Total.SURVEY_LU1_1U1
 0.00000,57.59518,SE.Total.SURVEY_LU1_1U2
182.6369,646.5738,SE.Total.SURVEY_LU1_1U3
 519.0975,1144.8361,SE.Total.SURVEY_LU1_1U4
  0.0000,159.4203,SE.Total.SURVEY_LC1_2A1
  0.0000,281.9654,SE.Total.SURVEY_LC1_2A2
 0.00000,55.59378,SE.Total.SURVEY_LC1_2A3
  0.0000,207.7795,SE.Total.SURVEY_LC1_2B1
 0.00000,59.46609,SE.Total.SURVEY_LC1_2B2
 0.00000,95.34424,SE.Total.SURVEY_LC1_2B3
 0.000,66.871,SE.Total.SURVEY_LC1_2B4
  0.0000,146.6745,SE.Total.SURVEY_LC1_2B5
 0.00000,31.96668,SE.Total.SURVEY_LC1_2B7
 0.00000,15.80156,SE.Total.SURVEY_LC1_2B8
121.1334,  0.0000,SE.Total.SURVEY_LC1_2Bx
  0.0000,887.3717,SE.Total.SURVEY_LC1_2C1
 770.3396,1773.8558,SE.Total.SURVEY_LC1_2C2
 773.4604,1591.5874,SE.Total.SURVEY_LC1_2C3
106.3993,  0.0000,SE.Total.SURVEY_LC1_2Cx
  0.0000,433.3923,SE.Total.SURVEY_LC1_2D1
  2.93303,575.53536,SE.Total.SURVEY_LC1_2D2
47.34657, 0.00000,SE.Total.SURVEY_LC1_2Dx
  9.213325,335.798490,SE.Total.SURVEY_LC1_2E1
  0.0000,289.8079,SE.Total.SURVEY_LC1_2E2
  0.0000,342.9249,SE.Total.SURVEY_LC1_2E3
9.859658,0.000000,SE.Total.SURVEY_LC1_2Ex
  0.0000,486.1428,SE.Total.SURVEY_LC1_2F1
 0.0000,30.9719,SE.Total.SURVEY_LC1_2F2
  0.0000,362.3829,SE.Total.SURVEY_LC1_2F3
  0.0000,232.4977,SE.Total.SURVEY_LC1_2F4
  0.000,183.984,SE.Total.SURVEY_LC1_2G1
  0.0000,144.5482,SE.Total.SURVEY_LC1_2G2
0,0,SE.Total.SURVEY_LC1_2G4
  0.0000,244.0746,SE.Total.SURVEY_LC1_2G5
  0.0000,360.0558,SE.Total.SURVEY_LC1_2H1
0,0,SE.Total.SURVEY_LC1_2H2
121.4832,246.7714,SE.Total.SURVEY_LU1_2U11
 940.3141,1473.8953,SE.Total.SURVEY_LU1_2U12
 0.00000,34.45205,SE.Total.SURVEY_LU1_2U13
 0.00000,17.97621,SE.Total.SURVEY_LU1_2U14
 0.00000,54.65375,SE.Total.SURVEY_LU1_2U15
 0.00000,34.18909,SE.Total.SURVEY_LU1_2U21
 0.00000,46.34987,SE.Total.SURVEY_LU1_2U22
  9.859658,344.016120,SE.Total.SURVEY_LU1_2U31
 0.00000,19.21525,SE.Total.SURVEY_LU1_2U32
 0.00000,29.76592,SE.Total.SURVEY_LU1_2U33
 0.00000,61.30763,SE.Total.SURVEY_LU1_2U34
141.1580,331.9808,SE.Total.SURVEY_LU1_2U35
115.7637,453.1573,SE.Total.SURVEY_LU1_2U36
  0.0000,256.2631,SE.Total.SURVEY_LU1_2U37
 0.0000,21.2892,SE.Total.SURVEY_LU1_2U41
 519.0975,1144.8657,SE.Total.SURVEY_LU1_2U42
  0.0000,157.8409,SE.Total.SURVEY_LC1_3A11
 0.00000,38.23995,SE.Total.SURVEY_LC1_3A12
0.000000,9.772878,SE.Total.SURVEY_LC1_3A13
  0.0000,156.0088,SE.Total.SURVEY_LC1_3A21
  0.0000,255.7374,SE.Total.SURVEY_LC1_3A22
 0.00000,55.59378,SE.Total.SURVEY_LC1_3A30
  0.0000,169.0592,SE.Total.SURVEY_LC1_3B11
 0.00000,28.18964,SE.Total.SURVEY_LC1_3B12
  0.0000,123.4199,SE.Total.SURVEY_LC1_3B13
 0.00000,46.56763,SE.Total.SURVEY_LC1_3B14
  0.0000,103.4815,SE.Total.SURVEY_LC1_3B15
 0.00000,41.94709,SE.Total.SURVEY_LC1_3B16
 0.00000,39.97734,SE.Total.SURVEY_LC1_3B18
 0.00000,38.83069,SE.Total.SURVEY_LC1_3B21
 0.00000,43.72539,SE.Total.SURVEY_LC1_3B22
 0.00000,16.00928,SE.Total.SURVEY_LC1_3B23
 0.00000,92.77571,SE.Total.SURVEY_LC1_3B32
 0.00000,23.27942,SE.Total.SURVEY_LC1_3B35
 0.00000,63.91718,SE.Total.SURVEY_LC1_3B41
 0.0000,15.6599,SE.Total.SURVEY_LC1_3B43
0,0,SE.Total.SURVEY_LC1_3B44
 0.00000,12.43999,SE.Total.SURVEY_LC1_3B45
 0.00000,56.39819,SE.Total.SURVEY_LC1_3B51
 0.00000,17.09881,SE.Total.SURVEY_LC1_3B52
 0.00000,53.17875,SE.Total.SURVEY_LC1_3B53
 0.00000,20.06922,SE.Total.SURVEY_LC1_3B54
  0.0000,126.8355,SE.Total.SURVEY_LC1_3B55
 0.00000,31.96668,SE.Total.SURVEY_LC1_3B71
0,0,SE.Total.SURVEY_LC1_3B73
0,0,SE.Total.SURVEY_LC1_3B75
 0.00000,15.80156,SE.Total.SURVEY_LC1_3B84
121.1183,  0.0000,SE.Total.SURVEY_LC1_3Bx1
2.155984,0.000000,SE.Total.SURVEY_LC1_3Bx2
0,0,SE.Total.SURVEY_LC1_3Bxx
  0.0000,887.3717,SE.Total.SURVEY_LC1_3C10
   0.000,1358.291,SE.Total.SURVEY_LC1_3C21
   0.000,1580.841,SE.Total.SURVEY_LC1_3C22
  0.0000,712.9043,SE.Total.SURVEY_LC1_3C23
770.3396,  0.0000,SE.Total.SURVEY_LC1_3C2x
   0.000,1219.791,SE.Total.SURVEY_LC1_3C31
   0.000,1038.391,SE.Total.SURVEY_LC1_3C32
  0.0000,733.1556,SE.Total.SURVEY_LC1_3C33
773.4604,  0.0000,SE.Total.SURVEY_LC1_3C3x
106.3993,  0.0000,SE.Total.SURVEY_LC1_3Cxx
  0.0000,433.3923,SE.Total.SURVEY_LC1_3D10
  0.0000,575.5354,SE.Total.SURVEY_LC1_3D20
2.93303,0.00000,SE.Total.SURVEY_LC1_3D2x
47.34657, 0.00000,SE.Total.SURVEY_LC1_3Dxx
  0.0000,335.7985,SE.Total.SURVEY_LC1_3E10
9.213325,0.000000,SE.Total.SURVEY_LC1_3E1x
  0.0000,289.8079,SE.Total.SURVEY_LC1_3E20
0,0,SE.Total.SURVEY_LC1_3E2x
  0.0000,342.9249,SE.Total.SURVEY_LC1_3E30
9.859658,0.000000,SE.Total.SURVEY_LC1_3Exx
  0.0000,486.1428,SE.Total.SURVEY_LC1_3F10
 0.0000,30.9719,SE.Total.SURVEY_LC1_3F20
  0.0000,362.3829,SE.Total.SURVEY_LC1_3F30
0,0,SE.Total.SURVEY_LC1_3F3x
  0.0000,232.4977,SE.Total.SURVEY_LC1_3F40
  0.000,183.984,SE.Total.SURVEY_LC1_3G11
0,0,SE.Total.SURVEY_LC1_3G12
  0.0000,144.5482,SE.Total.SURVEY_LC1_3G21
0,0,SE.Total.SURVEY_LC1_3G2x
0,0,SE.Total.SURVEY_LC1_3G40
  0.0000,244.0746,SE.Total.SURVEY_LC1_3G50
  0.0000,188.2007,SE.Total.SURVEY_LC1_3H11
  0.0000,352.8414,SE.Total.SURVEY_LC1_3H12
0,0,SE.Total.SURVEY_LC1_3H21
121.4832,248.8207,SE.Total.SURVEY_LU1_3U111
 0.0000,45.9452,SE.Total.SURVEY_LU1_3U112
 0.00000,30.53762,SE.Total.SURVEY_LU1_3U113
 940.3141,1473.8953,SE.Total.SURVEY_LU1_3U120
 0.00000,34.45205,SE.Total.SURVEY_LU1_3U130
 0.00000,17.97621,SE.Total.SURVEY_LU1_3U140
 0.00000,54.65375,SE.Total.SURVEY_LU1_3U150
 0.00000,34.18909,SE.Total.SURVEY_LU1_3U210
0.00000,9.90103,SE.Total.SURVEY_LU1_3U221
0,0,SE.Total.SURVEY_LU1_3U223
0.000000,5.293117,SE.Total.SURVEY_LU1_3U224
0.00000,9.90103,SE.Total.SURVEY_LU1_3U225
 0.00000,35.85874,SE.Total.SURVEY_LU1_3U226
 0.00000,32.59299,SE.Total.SURVEY_LU1_3U227
 0.00000,44.06162,SE.Total.SURVEY_LU1_3U311
  9.859658,305.739872,SE.Total.SURVEY_LU1_3U312
 0.00000,94.00906,SE.Total.SURVEY_LU1_3U313
0.000000,7.482241,SE.Total.SURVEY_LU1_3U314
0,0,SE.Total.SURVEY_LU1_3U315
0.000000,9.859658,SE.Total.SURVEY_LU1_3U316
 0.0000,25.8277,SE.Total.SURVEY_LU1_3U317
  0.0000,122.0161,SE.Total.SURVEY_LU1_3U319
 0.000,18.881,SE.Total.SURVEY_LU1_3U321
0.000000,3.568438,SE.Total.SURVEY_LU1_3U322
 0.00000,29.76592,SE.Total.SURVEY_LU1_3U330
 0.00000,48.39792,SE.Total.SURVEY_LU1_3U341
 0.00000,38.66123,SE.Total.SURVEY_LU1_3U342
141.1580,331.9808,SE.Total.SURVEY_LU1_3U350
115.7637,442.2941,SE.Total.SURVEY_LU1_3U361
  0.000,104.752,SE.Total.SURVEY_LU1_3U362
  0.0000,256.2631,SE.Total.SURVEY_LU1_3U370
0.000000,7.783257,SE.Total.SURVEY_LU1_3U411
0.000000,1.544398,SE.Total.SURVEY_LU1_3U413
0,0,SE.Total.SURVEY_LU1_3U414
 0.00000,20.15559,SE.Total.SURVEY_LU1_3U415
 519.0975,1144.8657,SE.Total.SURVEY_LU1_3U420
1065.656,1180.747,SE.Total.settlement0
141.5015,487.9450,SE.Total.settlement1
0.01344873,0.04637575,SE.Total.settl_pc
197.3278,741.4274,SE.Total.fao_class_name0
1052.114,1334.823,SE.Total.fao_class_name1
  0.0000,484.2894,SE.Total.fao_class_name2
115.7637,430.3603,SE.Total.fao_class_name3
1060.799,1230.616,SE.Total.lue0
182.3709,608.0697,SE.Total.lue1
1072.659,1141.427,SE.Total.lud0
  9.859658,347.117778,SE.Total.lud1
 29717.71,413454.76,CI.l(95%).Total.area
   0.000,7779.249,CI.l(95%).Total.SURVEY_LC1_1A
 1999.638,13988.236,CI.l(95%).Total.SURVEY_LC1_1B
 27379.06,244259.01,CI.l(95%).Total.SURVEY_LC1_1C
  -28.48171,33554.87605,CI.l(95%).Total.SURVEY_LC1_1D
   17.65718,24650.19727,CI.l(95%).Total.SURVEY_LC1_1E
    4.149324,18261.338644,CI.l(95%).Total.SURVEY_LC1_1F
    4.067057,39185.165679,CI.l(95%).Total.SURVEY_LC1_1G
    0.00,25683.34,CI.l(95%).Total.SURVEY_LC1_1H
 22599.14,256396.39,CI.l(95%).Total.SURVEY_LU1_1U1
   0.00,1716.36,CI.l(95%).Total.SURVEY_LU1_1U2
  661.1491,49817.8432,CI.l(95%).Total.SURVEY_LU1_1U3
  5326.202,101141.015,CI.l(95%).Total.SURVEY_LU1_1U4
   0.000,1294.808,CI.l(95%).Total.SURVEY_LC1_2A1
   0.000,5300.266,CI.l(95%).Total.SURVEY_LC1_2A2
  0.0000,705.8516,CI.l(95%).Total.SURVEY_LC1_2A3
   0.000,7797.743,CI.l(95%).Total.SURVEY_LC1_2B1
  0.0000,398.4296,CI.l(95%).Total.SURVEY_LC1_2B2
  0.0000,903.2971,CI.l(95%).Total.SURVEY_LC1_2B3
  0.0000,374.7176,CI.l(95%).Total.SURVEY_LC1_2B4
   0.000,3632.688,CI.l(95%).Total.SURVEY_LC1_2B5
 0.00000,49.46487,CI.l(95%).Total.SURVEY_LC1_2B7
 0.00000,16.06151,CI.l(95%).Total.SURVEY_LC1_2B8
1999.638,   0.000,CI.l(95%).Total.SURVEY_LC1_2Bx
    0.00,23277.74,CI.l(95%).Total.SURVEY_LC1_2C1
 12050.14,140018.69,CI.l(95%).Total.SURVEY_LC1_2C2
14116.26,75260.82,CI.l(95%).Total.SURVEY_LC1_2C3
65.56514, 0.00000,CI.l(95%).Total.SURVEY_LC1_2Cx
   0.000,7147.675,CI.l(95%).Total.SURVEY_LC1_2D1
    4.138424,25820.762066,CI.l(95%).Total.SURVEY_LC1_2D2
-38.19088,  0.00000,CI.l(95%).Total.SURVEY_LC1_2Dx
  -2.516492,3765.855751,CI.l(95%).Total.SURVEY_LC1_2E1
   16.53217,15722.23548,CI.l(95%).Total.SURVEY_LC1_2E2
   0.000,4321.572,CI.l(95%).Total.SURVEY_LC1_2E3
-7.292369, 0.000000,CI.l(95%).Total.SURVEY_LC1_2Ex
   0.000,6054.403,CI.l(95%).Total.SURVEY_LC1_2F1
  0.0000,195.3581,CI.l(95%).Total.SURVEY_LC1_2F2
   4.149324,8717.471768,CI.l(95%).Total.SURVEY_LC1_2F3
   0.000,2126.317,CI.l(95%).Total.SURVEY_LC1_2F4
    0.00,36484.45,CI.l(95%).Total.SURVEY_LC1_2G1
   4.067057,1922.493716,CI.l(95%).Total.SURVEY_LC1_2G2
 0.00000,49.25194,CI.l(95%).Total.SURVEY_LC1_2G4
  0.0000,142.5289,CI.l(95%).Total.SURVEY_LC1_2G5
    0.00,25667.03,CI.l(95%).Total.SURVEY_LC1_2H1
 0.0000,16.3101,CI.l(95%).Total.SURVEY_LC1_2H2
 2035.101,29463.089,CI.l(95%).Total.SURVEY_LU1_2U11
 20341.25,224997.29,CI.l(95%).Total.SURVEY_LU1_2U12
  0.0000,969.1029,CI.l(95%).Total.SURVEY_LU1_2U13
  0.0000,327.6346,CI.l(95%).Total.SURVEY_LU1_2U14
  0.00000,-38.89249,CI.l(95%).Total.SURVEY_LU1_2U15
   0.000,1523.539,CI.l(95%).Total.SURVEY_LU1_2U21
  0.0000,147.8512,CI.l(95%).Total.SURVEY_LU1_2U22
   -7.292369,14177.540640,CI.l(95%).Total.SURVEY_LU1_2U31
 0.00000,42.89906,CI.l(95%).Total.SURVEY_LU1_2U32
 0.00000,55.49859,CI.l(95%).Total.SURVEY_LU1_2U33
  0.0000,210.9469,CI.l(95%).Total.SURVEY_LU1_2U34
 464.2912,5888.3802,CI.l(95%).Total.SURVEY_LU1_2U35
   30.95329,23089.11117,CI.l(95%).Total.SURVEY_LU1_2U36
   8.277094,4689.197722,CI.l(95%).Total.SURVEY_LU1_2U37
  0.0000,148.1248,CI.l(95%).Total.SURVEY_LU1_2U41
  5326.202,100951.107,CI.l(95%).Total.SURVEY_LU1_2U42
   0.000,1188.116,CI.l(95%).Total.SURVEY_LC1_3A11
 0.00000,22.83731,CI.l(95%).Total.SURVEY_LC1_3A12
 0.000000,-7.153783,CI.l(95%).Total.SURVEY_LC1_3A13
   0.000,1181.562,CI.l(95%).Total.SURVEY_LC1_3A21
   0.000,3864.338,CI.l(95%).Total.SURVEY_LC1_3A22
  0.0000,705.8516,CI.l(95%).Total.SURVEY_LC1_3A30
   0.00,3712.64,CI.l(95%).Total.SURVEY_LC1_3B11
 0.00000,58.86274,CI.l(95%).Total.SURVEY_LC1_3B12
   0.000,1947.823,CI.l(95%).Total.SURVEY_LC1_3B13
  0.0000,192.4993,CI.l(95%).Total.SURVEY_LC1_3B14
  0.0000,933.1283,CI.l(95%).Total.SURVEY_LC1_3B15
  0.0000,188.7947,CI.l(95%).Total.SURVEY_LC1_3B16
 0.00000,88.07625,CI.l(95%).Total.SURVEY_LC1_3B18
  0.0000,128.8613,CI.l(95%).Total.SURVEY_LC1_3B21
  0.0000,176.9333,CI.l(95%).Total.SURVEY_LC1_3B22
 0.00000,16.00189,CI.l(95%).Total.SURVEY_LC1_3B23
  0.0000,858.3453,CI.l(95%).Total.SURVEY_LC1_3B32
0.000000,4.359157,CI.l(95%).Total.SURVEY_LC1_3B35
  0.000,316.935,CI.l(95%).Total.SURVEY_LC1_3B41
0.000000,7.020588,CI.l(95%).Total.SURVEY_LC1_3B43
0.000000,3.940046,CI.l(95%).Total.SURVEY_LC1_3B44
 0.000000,-2.463437,CI.l(95%).Total.SURVEY_LC1_3B45
  0.0000,268.4931,CI.l(95%).Total.SURVEY_LC1_3B51
0.000000,2.136479,CI.l(95%).Total.SURVEY_LC1_3B52
  0.0000,535.3976,CI.l(95%).Total.SURVEY_LC1_3B53
 0.00000,11.01886,CI.l(95%).Total.SURVEY_LC1_3B54
   0.000,2566.911,CI.l(95%).Total.SURVEY_LC1_3B55
 0.00000,32.98253,CI.l(95%).Total.SURVEY_LC1_3B71
0.000000,4.149773,CI.l(95%).Total.SURVEY_LC1_3B73
 0.00000,12.33257,CI.l(95%).Total.SURVEY_LC1_3B75
 0.00000,16.06151,CI.l(95%).Total.SURVEY_LC1_3B84
1990.527,   0.000,CI.l(95%).Total.SURVEY_LC1_3Bx1
0.9528552,0.0000000,CI.l(95%).Total.SURVEY_LC1_3Bx2
3.961899,0.000000,CI.l(95%).Total.SURVEY_LC1_3Bxx
    0.00,23277.74,CI.l(95%).Total.SURVEY_LC1_3C10
    0.00,48352.83,CI.l(95%).Total.SURVEY_LC1_3C21
    0.00,77592.05,CI.l(95%).Total.SURVEY_LC1_3C22
    0.00,10392.64,CI.l(95%).Total.SURVEY_LC1_3C23
12050.14,    0.00,CI.l(95%).Total.SURVEY_LC1_3C2x
    0.00,36154.64,CI.l(95%).Total.SURVEY_LC1_3C31
    0.00,25327.06,CI.l(95%).Total.SURVEY_LC1_3C32
    0.00,11035.66,CI.l(95%).Total.SURVEY_LC1_3C33
14116.26,    0.00,CI.l(95%).Total.SURVEY_LC1_3C3x
65.56514, 0.00000,CI.l(95%).Total.SURVEY_LC1_3Cxx
   0.000,7147.675,CI.l(95%).Total.SURVEY_LC1_3D10
    0.00,25820.76,CI.l(95%).Total.SURVEY_LC1_3D20
4.138424,0.000000,CI.l(95%).Total.SURVEY_LC1_3D2x
-38.19088,  0.00000,CI.l(95%).Total.SURVEY_LC1_3Dxx
   0.000,3765.856,CI.l(95%).Total.SURVEY_LC1_3E10
-2.516492, 0.000000,CI.l(95%).Total.SURVEY_LC1_3E1x
    0.00,15722.24,CI.l(95%).Total.SURVEY_LC1_3E20
16.53217, 0.00000,CI.l(95%).Total.SURVEY_LC1_3E2x
   0.000,4321.572,CI.l(95%).Total.SURVEY_LC1_3E30
-7.292369, 0.000000,CI.l(95%).Total.SURVEY_LC1_3Exx
   0.000,6054.403,CI.l(95%).Total.SURVEY_LC1_3F10
  0.0000,195.3581,CI.l(95%).Total.SURVEY_LC1_3F20
   0.000,8717.472,CI.l(95%).Total.SURVEY_LC1_3F30
4.149324,0.000000,CI.l(95%).Total.SURVEY_LC1_3F3x
   0.000,2126.317,CI.l(95%).Total.SURVEY_LC1_3F40
    0.00,36480.32,CI.l(95%).Total.SURVEY_LC1_3G11
0.000000,4.132242,CI.l(95%).Total.SURVEY_LC1_3G12
   0.000,1922.494,CI.l(95%).Total.SURVEY_LC1_3G21
4.067057,0.000000,CI.l(95%).Total.SURVEY_LC1_3G2x
 0.00000,49.25194,CI.l(95%).Total.SURVEY_LC1_3G40
  0.0000,142.5289,CI.l(95%).Total.SURVEY_LC1_3G50
   0.000,4478.688,CI.l(95%).Total.SURVEY_LC1_3H11
    0.00,20833.62,CI.l(95%).Total.SURVEY_LC1_3H12
 0.0000,16.3101,CI.l(95%).Total.SURVEY_LC1_3H21
 2031.041,28939.428,CI.l(95%).Total.SURVEY_LU1_3U111
  0.0000,353.7887,CI.l(95%).Total.SURVEY_LU1_3U112
 4.060433,15.952400,CI.l(95%).Total.SURVEY_LU1_3U113
 20341.25,224997.29,CI.l(95%).Total.SURVEY_LU1_3U120
  0.0000,969.1029,CI.l(95%).Total.SURVEY_LU1_3U130
  0.0000,327.6346,CI.l(95%).Total.SURVEY_LU1_3U140
  0.00000,-38.89249,CI.l(95%).Total.SURVEY_LU1_3U150
   0.000,1523.539,CI.l(95%).Total.SURVEY_LU1_3U210
 0.000000,-3.271122,CI.l(95%).Total.SURVEY_LU1_3U221
 0.00000,24.21899,CI.l(95%).Total.SURVEY_LU1_3U223
0.000000,9.298057,CI.l(95%).Total.SURVEY_LU1_3U224
 0.000000,-3.218994,CI.l(95%).Total.SURVEY_LU1_3U225
 0.0000000,-0.7536827,CI.l(95%).Total.SURVEY_LU1_3U226
 0.00000,29.07346,CI.l(95%).Total.SURVEY_LU1_3U227
  0.000,130.251,CI.l(95%).Total.SURVEY_LU1_3U311
  -7.292369,5491.186672,CI.l(95%).Total.SURVEY_LU1_3U312
   0.000,6875.096,CI.l(95%).Total.SURVEY_LU1_3U313
  0.0000,101.5157,CI.l(95%).Total.SURVEY_LU1_3U314
0.000000,3.936718,CI.l(95%).Total.SURVEY_LU1_3U315
0.0000000,0.9612494,CI.l(95%).Total.SURVEY_LU1_3U316
 0.00000,95.06993,CI.l(95%).Total.SURVEY_LU1_3U317
  0.000,960.172,CI.l(95%).Total.SURVEY_LU1_3U319
 0.000000,-3.585442,CI.l(95%).Total.SURVEY_LU1_3U321
 0.00000,40.14562,CI.l(95%).Total.SURVEY_LU1_3U322
 0.00000,55.49859,CI.l(95%).Total.SURVEY_LU1_3U330
  0.0000,172.4597,CI.l(95%).Total.SURVEY_LU1_3U341
  0.00000,-11.98485,CI.l(95%).Total.SURVEY_LU1_3U342
 464.2912,5888.3802,CI.l(95%).Total.SURVEY_LU1_3U350
   30.95329,22418.40746,CI.l(95%).Total.SURVEY_LU1_3U361
  0.0000,486.6851,CI.l(95%).Total.SURVEY_LU1_3U362
   8.277094,4689.197722,CI.l(95%).Total.SURVEY_LU1_3U370
 0.00000,21.15233,CI.l(95%).Total.SURVEY_LU1_3U411
 0.00000,21.75634,CI.l(95%).Total.SURVEY_LU1_3U413
 0.00000,15.45739,CI.l(95%).Total.SURVEY_LU1_3U414
 0.00000,73.69866,CI.l(95%).Total.SURVEY_LU1_3U415
  5326.202,100951.107,CI.l(95%).Total.SURVEY_LU1_3U420
 28970.25,390093.94,CI.l(95%).Total.settlement0
  483.9271,22235.2231,CI.l(95%).Total.settlement1
0.04599387,2.11330178,CI.l(95%).Total.settl_pc
  2502.457,153459.989,CI.l(95%).Total.fao_class_name0
 26606.92,245006.72,CI.l(95%).Total.fao_class_name1
   0.000,7307.574,CI.l(95%).Total.fao_class_name2
  35.03124,3963.40629,CI.l(95%).Total.fao_class_name3
 28733.96,377148.88,CI.l(95%).Total.lue0
  649.6383,34847.1111,CI.l(95%).Total.lue1
 29705.76,396124.28,CI.l(95%).Total.lud0
   -7.292369,16557.971835,CI.l(95%).Total.lud1
 33922.62,417744.73,CI.u(95%).Total.area
   0.000,8770.724,CI.u(95%).Total.SURVEY_LC1_1A
 2474.472,14802.224,CI.u(95%).Total.SURVEY_LC1_1B
 31553.53,249526.21,CI.u(95%).Total.SURVEY_LC1_1C
  157.4692,36336.9212,CI.u(95%).Total.SURVEY_LC1_1D
   70.55417,26765.70259,CI.u(95%).Total.SURVEY_LC1_1E
    4.149324,20284.703778,CI.u(95%).Total.SURVEY_LC1_1F
    4.067057,40256.858417,CI.u(95%).Total.SURVEY_LC1_1G
    0.00,27094.74,CI.u(95%).Total.SURVEY_LC1_1H
 26315.74,262204.69,CI.u(95%).Total.SURVEY_LU1_1U1
   0.000,1942.128,CI.u(95%).Total.SURVEY_LU1_1U2
 1377.073,52352.366,CI.u(95%).Total.SURVEY_LU1_1U3
  7361.026,105628.690,CI.u(95%).Total.SURVEY_LU1_1U4
   0.000,1919.724,CI.u(95%).Total.SURVEY_LC1_2A1
   0.00,6405.55,CI.u(95%).Total.SURVEY_LC1_2A2
  0.0000,923.7752,CI.u(95%).Total.SURVEY_LC1_2A3
   0.000,8612.223,CI.u(95%).Total.SURVEY_LC1_2B1
  0.0000,631.5324,CI.u(95%).Total.SURVEY_LC1_2B2
   0.00,1277.04,CI.u(95%).Total.SURVEY_LC1_2B3
  0.0000,636.8471,CI.u(95%).Total.SURVEY_LC1_2B4
   0.000,4207.641,CI.u(95%).Total.SURVEY_LC1_2B5
  0.0000,174.7719,CI.u(95%).Total.SURVEY_LC1_2B7
 0.0000,78.0025,CI.u(95%).Total.SURVEY_LC1_2B8
2474.472,   0.000,CI.u(95%).Total.SURVEY_LC1_2Bx
    0.00,26756.17,CI.u(95%).Total.SURVEY_LC1_2C1
 15069.82,146972.07,CI.u(95%).Total.SURVEY_LC1_2C2
17148.17,81499.72,CI.u(95%).Total.SURVEY_LC1_2C3
482.6428,  0.0000,CI.u(95%).Total.SURVEY_LC1_2Cx
   0.000,8846.541,CI.u(95%).Total.SURVEY_LC1_2D1
   15.63569,28076.81921,CI.u(95%).Total.SURVEY_LC1_2D2
147.4043,  0.0000,CI.u(95%).Total.SURVEY_LC1_2Dx
  33.59908,5082.16164,CI.u(95%).Total.SURVEY_LC1_2E1
   16.53217,16858.26162,CI.u(95%).Total.SURVEY_LC1_2E2
   0.000,5665.813,CI.u(95%).Total.SURVEY_LC1_2E3
31.35678, 0.00000,CI.u(95%).Total.SURVEY_LC1_2Ex
   0.000,7960.048,CI.u(95%).Total.SURVEY_LC1_2F1
  0.0000,316.7657,CI.u(95%).Total.SURVEY_LC1_2F2
    4.149324,10137.986781,CI.u(95%).Total.SURVEY_LC1_2F3
   0.000,3037.692,CI.u(95%).Total.SURVEY_LC1_2F4
    0.00,37205.65,CI.u(95%).Total.SURVEY_LC1_2G1
   4.067057,2489.112220,CI.u(95%).Total.SURVEY_LC1_2G2
 0.00000,49.25194,CI.u(95%).Total.SURVEY_LC1_2G4
   0.000,1099.284,CI.u(95%).Total.SURVEY_LC1_2G5
    0.00,27078.43,CI.u(95%).Total.SURVEY_LC1_2H1
 0.0000,16.3101,CI.u(95%).Total.SURVEY_LC1_2H2
 2511.307,30430.415,CI.u(95%).Total.SURVEY_LU1_2U11
 24027.22,230774.85,CI.u(95%).Total.SURVEY_LU1_2U12
   0.000,1104.152,CI.u(95%).Total.SURVEY_LU1_2U13
  0.0000,398.1001,CI.u(95%).Total.SURVEY_LU1_2U14
  0.0000,175.3463,CI.u(95%).Total.SURVEY_LU1_2U15
   0.000,1657.558,CI.u(95%).Total.SURVEY_LU1_2U21
  0.0000,329.5394,CI.u(95%).Total.SURVEY_LU1_2U22
   31.35678,15526.05905,CI.u(95%).Total.SURVEY_LU1_2U31
  0.0000,118.2215,CI.u(95%).Total.SURVEY_LU1_2U32
  0.0000,172.1788,CI.u(95%).Total.SURVEY_LU1_2U33
  0.0000,451.2684,CI.u(95%).Total.SURVEY_LU1_2U34
1017.620,7189.721,CI.u(95%).Total.SURVEY_LU1_2U35
  484.7385,24865.4551,CI.u(95%).Total.SURVEY_LU1_2U36
   8.277094,5693.730770,CI.u(95%).Total.SURVEY_LU1_2U37
  0.0000,231.5769,CI.u(95%).Total.SURVEY_LU1_2U41
  7361.026,105438.898,CI.u(95%).Total.SURVEY_LU1_2U42
   0.000,1806.841,CI.u(95%).Total.SURVEY_LC1_3A11
  0.0000,172.7352,CI.u(95%).Total.SURVEY_LC1_3A12
 0.00000,31.15519,CI.u(95%).Total.SURVEY_LC1_3A13
   0.000,1793.106,CI.u(95%).Total.SURVEY_LC1_3A21
   0.00,4866.81,CI.u(95%).Total.SURVEY_LC1_3A22
  0.0000,923.7752,CI.u(95%).Total.SURVEY_LC1_3A30
   0.00,4375.34,CI.u(95%).Total.SURVEY_LC1_3B11
  0.0000,169.3641,CI.u(95%).Total.SURVEY_LC1_3B12
   0.00,2431.62,CI.u(95%).Total.SURVEY_LC1_3B13
  0.0000,375.0411,CI.u(95%).Total.SURVEY_LC1_3B14
   0.000,1338.768,CI.u(95%).Total.SURVEY_LC1_3B15
  0.0000,353.2242,CI.u(95%).Total.SURVEY_LC1_3B16
  0.0000,244.7845,CI.u(95%).Total.SURVEY_LC1_3B18
  0.0000,281.0748,CI.u(95%).Total.SURVEY_LC1_3B21
  0.0000,348.3337,CI.u(95%).Total.SURVEY_LC1_3B22
 0.0000,78.7571,CI.u(95%).Total.SURVEY_LC1_3B23
   0.000,1222.019,CI.u(95%).Total.SURVEY_LC1_3B32
 0.00000,95.61282,CI.u(95%).Total.SURVEY_LC1_3B35
  0.0000,567.4857,CI.u(95%).Total.SURVEY_LC1_3B41
 0.00000,68.40627,CI.u(95%).Total.SURVEY_LC1_3B43
0.000000,3.940046,CI.u(95%).Total.SURVEY_LC1_3B44
 0.00000,46.30043,CI.u(95%).Total.SURVEY_LC1_3B45
  0.0000,489.5699,CI.u(95%).Total.SURVEY_LC1_3B51
 0.0000,69.1626,CI.u(95%).Total.SURVEY_LC1_3B52
  0.0000,743.8545,CI.u(95%).Total.SURVEY_LC1_3B53
 0.00000,89.68877,CI.u(95%).Total.SURVEY_LC1_3B54
   0.000,3064.097,CI.u(95%).Total.SURVEY_LC1_3B55
  0.0000,158.2896,CI.u(95%).Total.SURVEY_LC1_3B71
0.000000,4.149773,CI.u(95%).Total.SURVEY_LC1_3B73
 0.00000,12.33257,CI.u(95%).Total.SURVEY_LC1_3B75
 0.0000,78.0025,CI.u(95%).Total.SURVEY_LC1_3B84
2465.302,   0.000,CI.u(95%).Total.SURVEY_LC1_3Bx1
9.404158,0.000000,CI.u(95%).Total.SURVEY_LC1_3Bx2
3.961899,0.000000,CI.u(95%).Total.SURVEY_LC1_3Bxx
    0.00,26756.17,CI.u(95%).Total.SURVEY_LC1_3C10
    0.00,53677.23,CI.u(95%).Total.SURVEY_LC1_3C21
    0.00,83788.83,CI.u(95%).Total.SURVEY_LC1_3C22
    0.00,13187.18,CI.u(95%).Total.SURVEY_LC1_3C23
15069.82,    0.00,CI.u(95%).Total.SURVEY_LC1_3C2x
    0.00,40936.13,CI.u(95%).Total.SURVEY_LC1_3C31
    0.00,29397.47,CI.u(95%).Total.SURVEY_LC1_3C32
    0.00,13909.58,CI.u(95%).Total.SURVEY_LC1_3C33
17148.17,    0.00,CI.u(95%).Total.SURVEY_LC1_3C3x
482.6428,  0.0000,CI.u(95%).Total.SURVEY_LC1_3Cxx
   0.000,8846.541,CI.u(95%).Total.SURVEY_LC1_3D10
    0.00,28076.82,CI.u(95%).Total.SURVEY_LC1_3D20
15.63569, 0.00000,CI.u(95%).Total.SURVEY_LC1_3D2x
147.4043,  0.0000,CI.u(95%).Total.SURVEY_LC1_3Dxx
   0.000,5082.162,CI.u(95%).Total.SURVEY_LC1_3E10
33.59908, 0.00000,CI.u(95%).Total.SURVEY_LC1_3E1x
    0.00,16858.26,CI.u(95%).Total.SURVEY_LC1_3E20
16.53217, 0.00000,CI.u(95%).Total.SURVEY_LC1_3E2x
   0.000,5665.813,CI.u(95%).Total.SURVEY_LC1_3E30
31.35678, 0.00000,CI.u(95%).Total.SURVEY_LC1_3Exx
   0.000,7960.048,CI.u(95%).Total.SURVEY_LC1_3F10
  0.0000,316.7657,CI.u(95%).Total.SURVEY_LC1_3F20
    0.00,10137.99,CI.u(95%).Total.SURVEY_LC1_3F30
4.149324,0.000000,CI.u(95%).Total.SURVEY_LC1_3F3x
   0.000,3037.692,CI.u(95%).Total.SURVEY_LC1_3F40
    0.00,37201.52,CI.u(95%).Total.SURVEY_LC1_3G11
0.000000,4.132242,CI.u(95%).Total.SURVEY_LC1_3G12
   0.000,2489.112,CI.u(95%).Total.SURVEY_LC1_3G21
4.067057,0.000000,CI.u(95%).Total.SURVEY_LC1_3G2x
 0.00000,49.25194,CI.u(95%).Total.SURVEY_LC1_3G40
   0.000,1099.284,CI.u(95%).Total.SURVEY_LC1_3G50
   0.000,5216.421,CI.u(95%).Total.SURVEY_LC1_3H11
    0.00,22216.73,CI.u(95%).Total.SURVEY_LC1_3H12
 0.0000,16.3101,CI.u(95%).Total.SURVEY_LC1_3H21
 2507.246,29914.787,CI.u(95%).Total.SURVEY_LU1_3U111
  0.0000,533.8906,CI.u(95%).Total.SURVEY_LU1_3U112
  4.060433,135.657669,CI.u(95%).Total.SURVEY_LU1_3U113
 24027.22,230774.85,CI.u(95%).Total.SURVEY_LU1_3U120
   0.000,1104.152,CI.u(95%).Total.SURVEY_LU1_3U130
  0.0000,398.1001,CI.u(95%).Total.SURVEY_LU1_3U140
  0.0000,175.3463,CI.u(95%).Total.SURVEY_LU1_3U150
   0.000,1657.558,CI.u(95%).Total.SURVEY_LU1_3U210
 0.0000,35.5402,CI.u(95%).Total.SURVEY_LU1_3U221
 0.00000,24.21899,CI.u(95%).Total.SURVEY_LU1_3U223
 0.0000,30.0467,CI.u(95%).Total.SURVEY_LU1_3U224
 0.00000,35.59233,CI.u(95%).Total.SURVEY_LU1_3U225
  0.00,139.81,CI.u(95%).Total.SURVEY_LU1_3U226
  0.0000,156.8356,CI.u(95%).Total.SURVEY_LU1_3U227
  0.0000,302.9694,CI.u(95%).Total.SURVEY_LU1_3U311
  31.35678,6689.66495,CI.u(95%).Total.SURVEY_LU1_3U312
   0.000,7243.605,CI.u(95%).Total.SURVEY_LU1_3U313
  0.0000,130.8456,CI.u(95%).Total.SURVEY_LU1_3U314
0.000000,3.936718,CI.u(95%).Total.SURVEY_LU1_3U315
 0.0000,39.6104,CI.u(95%).Total.SURVEY_LU1_3U316
  0.0000,196.3127,CI.u(95%).Total.SURVEY_LU1_3U317
   0.000,1438.466,CI.u(95%).Total.SURVEY_LU1_3U319
 0.0000,70.4267,CI.u(95%).Total.SURVEY_LU1_3U321
 0.00000,54.13364,CI.u(95%).Total.SURVEY_LU1_3U322
  0.0000,172.1788,CI.u(95%).Total.SURVEY_LU1_3U330
  0.0000,362.1761,CI.u(95%).Total.SURVEY_LU1_3U341
  0.0000,139.5644,CI.u(95%).Total.SURVEY_LU1_3U342
1017.620,7189.721,CI.u(95%).Total.SURVEY_LU1_3U350
  484.7385,24152.1683,CI.u(95%).Total.SURVEY_LU1_3U361
  0.0000,897.3054,CI.u(95%).Total.SURVEY_LU1_3U362
   8.277094,5693.730770,CI.u(95%).Total.SURVEY_LU1_3U370
 0.00000,51.66214,CI.u(95%).Total.SURVEY_LU1_3U411
 0.00000,27.81027,CI.u(95%).Total.SURVEY_LU1_3U413
 0.00000,15.45739,CI.u(95%).Total.SURVEY_LU1_3U414
  0.0000,152.7071,CI.u(95%).Total.SURVEY_LU1_3U415
  7361.026,105438.898,CI.u(95%).Total.SURVEY_LU1_3U420
 33147.55,394722.39,CI.u(95%).Total.settlement0
 1038.603,24147.932,CI.u(95%).Total.settlement1
0.09871192,2.29509137,CI.u(95%).Total.settl_pc
  3275.968,156366.331,CI.u(95%).Total.fao_class_name0
 30731.13,250239.13,CI.u(95%).Total.fao_class_name1
   0.000,9205.953,CI.u(95%).Total.fao_class_name2
 488.8164,5650.3876,CI.u(95%).Total.fao_class_name3
 32892.21,381972.80,CI.u(95%).Total.lue0
 1364.519,37230.700,CI.u(95%).Total.lue1
 33910.51,400598.59,CI.u(95%).Total.lud0
   31.35678,17918.64852,CI.u(95%).Total.lud1
0.033711288,0.002633301,CV.Total.area
NA,0.03056584,CV.Total.SURVEY_LC1_1A
0.05414860,0.01442518,CV.Total.SURVEY_LC1_1B
0.03614077,0.00544244,CV.Total.SURVEY_LC1_1C
0.73553378,0.02030906,CV.Total.SURVEY_LC1_1D
0.30595559,0.02099271,CV.Total.SURVEY_LC1_1E
0.00000000,0.02678221,CV.Total.SURVEY_LC1_1F
0.000000000,0.006882907,CV.Total.SURVEY_LC1_1G
NA,0.01364414,CV.Total.SURVEY_LC1_1H
0.038766486,0.005714363,CV.Total.SURVEY_LU1_1U1
NA,0.03148578,CV.Total.SURVEY_LU1_1U2
0.1792120,0.0126568,CV.Total.SURVEY_LU1_1U3
0.08182992,0.01107354,CV.Total.SURVEY_LU1_1U4
NA,0.09918727,CV.Total.SURVEY_LC1_2A1
NA,0.04817527,CV.Total.SURVEY_LC1_2A2
NA,0.06822885,CV.Total.SURVEY_LC1_2A3
NA,0.02532357,CV.Total.SURVEY_LC1_2B1
NA,0.1154724,CV.Total.SURVEY_LC1_2B2
NA,0.08745827,CV.Total.SURVEY_LC1_2B3
NA,0.132213,CV.Total.SURVEY_LC1_2B4
NA,0.03741538,CV.Total.SURVEY_LC1_2B5
NA,0.2851153,CV.Total.SURVEY_LC1_2B7
NA,0.3359747,CV.Total.SURVEY_LC1_2B8
0.0541486,NA,CV.Total.SURVEY_LC1_2Bx
NA,0.03547081,CV.Total.SURVEY_LC1_2C1
0.05680980,0.01236176,CV.Total.SURVEY_LC1_2C2
0.04947862,0.02030597,CV.Total.SURVEY_LC1_2C3
0.3881714,NA,CV.Total.SURVEY_LC1_2Cx
NA,0.05419362,CV.Total.SURVEY_LC1_2D1
0.29665350,0.02135663,CV.Total.SURVEY_LC1_2D2
0.867047,NA,CV.Total.SURVEY_LC1_2Dx
0.59282874,0.07590367,CV.Total.SURVEY_LC1_2E1
0.00000000,0.01779027,CV.Total.SURVEY_LC1_2E2
NA,0.0686716,CV.Total.SURVEY_LC1_2E3
0.8194389,NA,CV.Total.SURVEY_LC1_2Ex
NA,0.06937736,CV.Total.SURVEY_LC1_2F1
NA,0.1209547,CV.Total.SURVEY_LC1_2F2
0.00000000,0.03843799,CV.Total.SURVEY_LC1_2F3
NA,0.09004544,CV.Total.SURVEY_LC1_2F4
NA,0.004993453,CV.Total.SURVEY_LC1_2G1
0.00000000,0.06553087,CV.Total.SURVEY_LC1_2G2
NA,  0,CV.Total.SURVEY_LC1_2G4
NA,0.3930941,CV.Total.SURVEY_LC1_2G5
NA,0.01365258,CV.Total.SURVEY_LC1_2H1
NA,  0,CV.Total.SURVEY_LC1_2H2
0.053441418,0.008240341,CV.Total.SURVEY_LU1_2U11
0.042386588,0.006467685,CV.Total.SURVEY_LU1_2U12
NA,0.03323474,CV.Total.SURVEY_LU1_2U13
NA,0.04953934,CV.Total.SURVEY_LU1_2U14
NA,0.8010587,CV.Total.SURVEY_LU1_2U15
NA,0.02149515,CV.Total.SURVEY_LU1_2U21
NA,0.1941801,CV.Total.SURVEY_LU1_2U22
0.81943892,0.02316326,CV.Total.SURVEY_LU1_2U31
NA,0.2385202,CV.Total.SURVEY_LU1_2U32
NA,0.2614745,CV.Total.SURVEY_LU1_2U33
NA,0.1851592,CV.Total.SURVEY_LU1_2U34
0.19050799,0.05076896,CV.Total.SURVEY_LU1_2U35
0.44896452,0.01889944,CV.Total.SURVEY_LU1_2U36
0.0000000,0.0493624,CV.Total.SURVEY_LU1_2U37
NA,0.1121365,CV.Total.SURVEY_LU1_2U41
0.08182992,0.01109420,CV.Total.SURVEY_LU1_2U42
NA,0.1054044,CV.Total.SURVEY_LC1_3A11
NA,0.3910566,CV.Total.SURVEY_LC1_3A12
NA,0.8143586,CV.Total.SURVEY_LC1_3A13
NA,0.1048916,CV.Total.SURVEY_LC1_3A21
NA,0.05858047,CV.Total.SURVEY_LC1_3A22
NA,0.06822885,CV.Total.SURVEY_LC1_3A30
NA,0.04180506,CV.Total.SURVEY_LC1_3B11
NA,0.2470318,CV.Total.SURVEY_LC1_3B12
NA,0.0563633,CV.Total.SURVEY_LC1_3B13
NA,0.1641033,CV.Total.SURVEY_LC1_3B14
NA,0.091097,CV.Total.SURVEY_LC1_3B15
NA,0.1547809,CV.Total.SURVEY_LC1_3B16
NA,0.2402046,CV.Total.SURVEY_LC1_3B18
NA,0.1894475,CV.Total.SURVEY_LC1_3B21
NA,0.1664883,CV.Total.SURVEY_LC1_3B22
NA,0.3378946,CV.Total.SURVEY_LC1_3B23
NA,0.08919177,CV.Total.SURVEY_LC1_3B32
NA,0.465719,CV.Total.SURVEY_LC1_3B35
NA,0.1445402,CV.Total.SURVEY_LC1_3B41
NA,0.4152341,CV.Total.SURVEY_LC1_3B43
NA,  0,CV.Total.SURVEY_LC1_3B44
NA,0.5675568,CV.Total.SURVEY_LC1_3B45
NA,0.1487955,CV.Total.SURVEY_LC1_3B51
NA,0.4796363,CV.Total.SURVEY_LC1_3B52
NA,0.08314039,CV.Total.SURVEY_LC1_3B53
NA,0.3985641,CV.Total.SURVEY_LC1_3B54
NA,0.04504896,CV.Total.SURVEY_LC1_3B55
NA,0.3342533,CV.Total.SURVEY_LC1_3B71
NA,  0,CV.Total.SURVEY_LC1_3B73
NA,  0,CV.Total.SURVEY_LC1_3B75
NA,0.3359747,CV.Total.SURVEY_LC1_3B84
0.05436397,NA,CV.Total.SURVEY_LC1_3Bx1
0.4163332,NA,CV.Total.SURVEY_LC1_3Bx2
  0,NA,CV.Total.SURVEY_LC1_3Bxx
NA,0.03547081,CV.Total.SURVEY_LC1_3C10
NA,0.0266253,CV.Total.SURVEY_LC1_3C21
NA,0.01959143,CV.Total.SURVEY_LC1_3C22
NA,0.06046732,CV.Total.SURVEY_LC1_3C23
0.0568098,NA,CV.Total.SURVEY_LC1_3C2x
NA,0.03164557,CV.Total.SURVEY_LC1_3C31
NA,0.03794973,CV.Total.SURVEY_LC1_3C32
NA,0.05878122,CV.Total.SURVEY_LC1_3C33
0.04947862,NA,CV.Total.SURVEY_LC1_3C3x
0.3881714,NA,CV.Total.SURVEY_LC1_3Cxx
NA,0.05419362,CV.Total.SURVEY_LC1_3D10
NA,0.02135663,CV.Total.SURVEY_LC1_3D20
0.2966535,NA,CV.Total.SURVEY_LC1_3D2x
0.867047,NA,CV.Total.SURVEY_LC1_3Dxx
NA,0.07590367,CV.Total.SURVEY_LC1_3E10
0.5928287,NA,CV.Total.SURVEY_LC1_3E1x
NA,0.01779027,CV.Total.SURVEY_LC1_3E20
  0,NA,CV.Total.SURVEY_LC1_3E2x
NA,0.0686716,CV.Total.SURVEY_LC1_3E30
0.8194389,NA,CV.Total.SURVEY_LC1_3Exx
NA,0.06937736,CV.Total.SURVEY_LC1_3F10
NA,0.1209547,CV.Total.SURVEY_LC1_3F20
NA,0.03843799,CV.Total.SURVEY_LC1_3F30
  0,NA,CV.Total.SURVEY_LC1_3F3x
NA,0.09004544,CV.Total.SURVEY_LC1_3F40
NA,0.004994013,CV.Total.SURVEY_LC1_3G11
NA,  0,CV.Total.SURVEY_LC1_3G12
NA,0.06553087,CV.Total.SURVEY_LC1_3G21
  0,NA,CV.Total.SURVEY_LC1_3G2x
NA,  0,CV.Total.SURVEY_LC1_3G40
NA,0.3930941,CV.Total.SURVEY_LC1_3G50
NA,0.03882385,CV.Total.SURVEY_LC1_3H11
NA,0.01639203,CV.Total.SURVEY_LC1_3H12
NA,  0,CV.Total.SURVEY_LC1_3H21
0.053537046,0.008455492,CV.Total.SURVEY_LU1_3U111
NA,0.1035176,CV.Total.SURVEY_LU1_3U112
0.0000000,0.4028442,CV.Total.SURVEY_LU1_3U113
0.042386588,0.006467685,CV.Total.SURVEY_LU1_3U120
NA,0.03323474,CV.Total.SURVEY_LU1_3U130
NA,0.04953934,CV.Total.SURVEY_LU1_3U140
NA,0.8010587,CV.Total.SURVEY_LU1_3U150
NA,0.02149515,CV.Total.SURVEY_LU1_3U210
NA,0.6136543,CV.Total.SURVEY_LU1_3U221
NA,  0,CV.Total.SURVEY_LU1_3U223
NA,0.2690635,CV.Total.SURVEY_LU1_3U224
NA,0.6116781,CV.Total.SURVEY_LU1_3U225
NA,0.5157442,CV.Total.SURVEY_LU1_3U226
NA,0.3506336,CV.Total.SURVEY_LU1_3U227
NA,0.2034143,CV.Total.SURVEY_LU1_3U311
0.81943892,0.05020008,CV.Total.SURVEY_LU1_3U312
NA,0.01331696,CV.Total.SURVEY_LU1_3U313
NA,0.06440178,CV.Total.SURVEY_LU1_3U314
NA,  0,CV.Total.SURVEY_LU1_3U315
NA,0.4860369,CV.Total.SURVEY_LU1_3U316
NA,0.1772769,CV.Total.SURVEY_LU1_3U317
NA,0.1017378,CV.Total.SURVEY_LU1_3U319
NA,0.5649503,CV.Total.SURVEY_LU1_3U321
NA,0.07569933,CV.Total.SURVEY_LU1_3U322
NA,0.2614745,CV.Total.SURVEY_LU1_3U330
NA,0.1810501,CV.Total.SURVEY_LU1_3U341
NA,0.6060725,CV.Total.SURVEY_LU1_3U342
0.19050799,0.05076896,CV.Total.SURVEY_LU1_3U350
0.44896452,0.01899457,CV.Total.SURVEY_LU1_3U361
NA,0.1513768,CV.Total.SURVEY_LU1_3U362
0.0000000,0.0493624,CV.Total.SURVEY_LU1_3U370
NA,0.2137832,CV.Total.SURVEY_LU1_3U411
NA,0.06231607,CV.Total.SURVEY_LU1_3U413
NA,  0,CV.Total.SURVEY_LU1_3U414
NA,0.1780484,CV.Total.SURVEY_LU1_3U415
0.08182992,0.01109420,CV.Total.SURVEY_LU1_3U420
0.034310814,0.003008977,CV.Total.settlement0
0.18587683,0.02103975,CV.Total.settlement1
0.18587683,0.02103975,CV.Total.settl_pc
0.068298133,0.004786084,CV.Total.fao_class_name0
0.036698632,0.005390549,CV.Total.fao_class_name1
NA,0.05865366,CV.Total.fao_class_name2
0.44197449,0.08952975,CV.Total.fao_class_name3
0.034426893,0.003242209,CV.Total.lue0
0.18108903,0.01687259,CV.Total.lue1
0.033722785,0.002865304,CV.Total.lud0
0.81943892,0.02013642,CV.Total.lud1
