No,Yes,variable
  875.4107,19397.5893,Total.area
  0.0000,782.9595,Total.SURVEY_LC1_1A
 142.3507,1738.5237,Total.SURVEY_LC1_1B
  729.1685,11734.9891,Total.SURVEY_LC1_1C
  0.0000,489.6537,Total.SURVEY_LC1_1D
   3.891527,4156.198407,Total.SURVEY_LC1_1E
  0.0000,298.5967,Total.SURVEY_LC1_1F
  0.0000,180.2072,Total.SURVEY_LC1_1G
 0.0000,16.4609,Total.SURVEY_LC1_1H
  818.8582,16491.1800,Total.SURVEY_LU1_1U1
 0.00000,19.07146,Total.SURVEY_LU1_1U2
  13.12586,1301.23653,Total.SURVEY_LU1_1U3
  43.42663,1586.10132,Total.SURVEY_LU1_1U4
  0.0000,216.1552,Total.SURVEY_LC1_2A1
  0.0000,514.1391,Total.SURVEY_LC1_2A2
 0.00000,52.66525,Total.SURVEY_LC1_2A3
  0.0000,912.9074,Total.SURVEY_LC1_2B1
 0.0000,25.5168,Total.SURVEY_LC1_2B2
 0.00000,68.39305,Total.SURVEY_LC1_2B3
 0.00000,85.23609,Total.SURVEY_LC1_2B4
  0.0000,197.5116,Total.SURVEY_LC1_2B5
  0.000,293.501,Total.SURVEY_LC1_2B7
  0.0000,155.4578,Total.SURVEY_LC1_2B8
142.3507,  0.0000,Total.SURVEY_LC1_2Bx
   0.000,6006.347,Total.SURVEY_LC1_2C1
 266.802,1586.499,Total.SURVEY_LC1_2C2
 462.3665,4142.1434,Total.SURVEY_LC1_2C3
  0.0000,284.1095,Total.SURVEY_LC1_2D1
  0.0000,205.5442,Total.SURVEY_LC1_2D2
  0.0000,620.0921,Total.SURVEY_LC1_2E1
   0.000,3401.919,Total.SURVEY_LC1_2E2
  0.0000,134.1875,Total.SURVEY_LC1_2E3
3.891527,0.000000,Total.SURVEY_LC1_2Ex
  0.000,130.709,Total.SURVEY_LC1_2F1
  0.0000,167.8877,Total.SURVEY_LC1_2F4
 0.0000,58.0171,Total.SURVEY_LC1_2G1
  0.0000,122.1901,Total.SURVEY_LC1_2G2
0.000000,4.041989,Total.SURVEY_LC1_2H1
 0.00000,12.41891,Total.SURVEY_LC1_2H2
 142.3507,5412.2355,Total.SURVEY_LU1_2U11
  676.5075,11028.7166,Total.SURVEY_LU1_2U12
 0.00000,24.80343,Total.SURVEY_LU1_2U13
 0.00000,20.69284,Total.SURVEY_LU1_2U14
0.000000,4.731654,Total.SURVEY_LU1_2U15
 0.00000,19.07146,Total.SURVEY_LU1_2U22
  0.0000,496.0228,Total.SURVEY_LU1_2U31
 0.00000,28.73199,Total.SURVEY_LU1_2U32
0.000000,5.102597,Total.SURVEY_LU1_2U33
 3.891527,17.556613,Total.SURVEY_LU1_2U34
 4.731654,57.887612,Total.SURVEY_LU1_2U35
  4.502675,205.504230,Total.SURVEY_LU1_2U36
  0.0000,490.4307,Total.SURVEY_LU1_2U37
 0.00000,12.24343,Total.SURVEY_LU1_2U41
  43.42663,1573.85789,Total.SURVEY_LU1_2U42
  0.0000,187.9912,Total.SURVEY_LC1_3A11
 0.00000,16.80116,Total.SURVEY_LC1_3A12
 0.00000,11.36284,Total.SURVEY_LC1_3A13
  0.0000,195.7774,Total.SURVEY_LC1_3A21
  0.0000,318.3617,Total.SURVEY_LC1_3A22
 0.00000,52.66525,Total.SURVEY_LC1_3A30
  0.0000,123.2649,Total.SURVEY_LC1_3B11
 0.00000,16.29805,Total.SURVEY_LC1_3B12
  0.0000,184.3046,Total.SURVEY_LC1_3B13
 0.00000,11.50155,Total.SURVEY_LC1_3B15
  0.0000,573.5368,Total.SURVEY_LC1_3B16
0.000000,4.001464,Total.SURVEY_LC1_3B19
 0.00000,16.05218,Total.SURVEY_LC1_3B21
0.000000,9.464617,Total.SURVEY_LC1_3B23
 0.00000,11.50656,Total.SURVEY_LC1_3B31
 0.00000,14.68655,Total.SURVEY_LC1_3B32
 0.00000,14.66157,Total.SURVEY_LC1_3B33
 0.00000,27.53837,Total.SURVEY_LC1_3B37
0.000000,4.957663,Total.SURVEY_LC1_3B42
 0.00000,59.66897,Total.SURVEY_LC1_3B43
 0.00000,20.60945,Total.SURVEY_LC1_3B44
 0.00000,25.43602,Total.SURVEY_LC1_3B51
 0.00000,21.71405,Total.SURVEY_LC1_3B52
 0.00000,26.72681,Total.SURVEY_LC1_3B53
  0.0000,123.6347,Total.SURVEY_LC1_3B55
  0.000,152.505,Total.SURVEY_LC1_3B71
 0.00000,21.69143,Total.SURVEY_LC1_3B72
 0.00000,27.22544,Total.SURVEY_LC1_3B73
 0.0000,41.8487,Total.SURVEY_LC1_3B74
 0.00000,50.23045,Total.SURVEY_LC1_3B75
 0.0000,33.3375,Total.SURVEY_LC1_3B81
  0.0000,122.1203,Total.SURVEY_LC1_3B82
123.7772,  0.0000,Total.SURVEY_LC1_3Bx1
18.57351, 0.00000,Total.SURVEY_LC1_3Bx2
   0.000,6006.347,Total.SURVEY_LC1_3C10
   0.000,1274.751,Total.SURVEY_LC1_3C21
  0.0000,159.2832,Total.SURVEY_LC1_3C22
  0.0000,152.4649,Total.SURVEY_LC1_3C23
266.802,  0.000,Total.SURVEY_LC1_3C2x
   0.000,2730.073,Total.SURVEY_LC1_3C31
  0.0000,466.4432,Total.SURVEY_LC1_3C32
  0.0000,945.6276,Total.SURVEY_LC1_3C33
462.3665,  0.0000,Total.SURVEY_LC1_3C3x
  0.0000,284.1095,Total.SURVEY_LC1_3D10
  0.0000,205.5442,Total.SURVEY_LC1_3D20
  0.0000,620.0921,Total.SURVEY_LC1_3E10
   0.000,3401.919,Total.SURVEY_LC1_3E20
  0.0000,134.1875,Total.SURVEY_LC1_3E30
3.891527,0.000000,Total.SURVEY_LC1_3Exx
  0.000,130.709,Total.SURVEY_LC1_3F10
  0.0000,167.8877,Total.SURVEY_LC1_3F40
 0.0000,58.0171,Total.SURVEY_LC1_3G11
  0.0000,122.1901,Total.SURVEY_LC1_3G21
0.000000,4.041989,Total.SURVEY_LC1_3H11
 0.00000,12.41891,Total.SURVEY_LC1_3H22
 127.589,5299.297,Total.SURVEY_LU1_3U111
 0.00000,14.25429,Total.SURVEY_LU1_3U112
14.76163,98.68414,Total.SURVEY_LU1_3U113
  676.5075,11028.7166,Total.SURVEY_LU1_3U120
 0.00000,24.80343,Total.SURVEY_LU1_3U130
 0.00000,20.69284,Total.SURVEY_LU1_3U140
0.000000,4.731654,Total.SURVEY_LU1_3U150
0.000000,3.920717,Total.SURVEY_LU1_3U221
0.000000,3.920717,Total.SURVEY_LU1_3U223
0.000000,3.920717,Total.SURVEY_LU1_3U226
0.000000,7.309313,Total.SURVEY_LU1_3U227
0.000000,4.010979,Total.SURVEY_LU1_3U311
  0.0000,375.0124,Total.SURVEY_LU1_3U312
0.000,4.226,Total.SURVEY_LU1_3U313
 0.00000,15.99353,Total.SURVEY_LU1_3U314
0.000000,3.920717,Total.SURVEY_LU1_3U316
 0.00000,36.32996,Total.SURVEY_LU1_3U317
0.000000,7.763464,Total.SURVEY_LU1_3U318
 0.00000,48.76573,Total.SURVEY_LU1_3U319
 0.00000,20.69008,Total.SURVEY_LU1_3U321
0.000000,8.041909,Total.SURVEY_LU1_3U322
0.000000,5.102597,Total.SURVEY_LU1_3U330
 3.891527,12.194774,Total.SURVEY_LU1_3U341
0.000000,5.361839,Total.SURVEY_LU1_3U342
 4.731654,57.887612,Total.SURVEY_LU1_3U350
  4.502675,182.071032,Total.SURVEY_LU1_3U361
 0.0000,23.4332,Total.SURVEY_LU1_3U362
  0.0000,490.4307,Total.SURVEY_LU1_3U370
0.000000,4.301919,Total.SURVEY_LU1_3U411
0.000000,4.041989,Total.SURVEY_LU1_3U414
0.00000,3.89952,Total.SURVEY_LU1_3U415
  43.42663,1573.85789,Total.SURVEY_LU1_3U420
  866.7875,18196.6421,Total.settlement0
   8.623181,1200.947257,Total.settlement1
0.004073356,0.567294823,Total.settl_pc
 154.6606,7198.3807,Total.fao_class_name0
  720.7501,11653.1764,Total.fao_class_name1
  0.0000,247.3121,Total.fao_class_name2
  0.00,298.72,Total.fao_class_name3
  862.2848,18626.2102,Total.lue0
 13.12586,771.37915,Total.lue1
  875.4107,18827.9676,Total.lud0
  0.0000,569.6217,Total.lud1
34.92762,34.95661,SE.Total.area
 0.00000,27.32914,SE.Total.SURVEY_LC1_1A
24.19381,42.71797,SE.Total.SURVEY_LC1_1B
25.19123,34.03964,SE.Total.SURVEY_LC1_1C
 0.00000,16.78405,SE.Total.SURVEY_LC1_1D
 0.00000,46.51036,SE.Total.SURVEY_LC1_1E
 0.00000,25.67415,SE.Total.SURVEY_LC1_1F
0.000000,6.834841,SE.Total.SURVEY_LC1_1G
0,0,SE.Total.SURVEY_LC1_1H
34.59625,59.39665,SE.Total.SURVEY_LU1_1U1
0.000000,5.014147,SE.Total.SURVEY_LU1_1U2
 1.884889,38.079829,SE.Total.SURVEY_LU1_1U3
 4.769987,34.924912,SE.Total.SURVEY_LU1_1U4
 0.00000,30.61928,SE.Total.SURVEY_LC1_2A1
 0.00000,33.86377,SE.Total.SURVEY_LC1_2A2
 0.00000,10.01416,SE.Total.SURVEY_LC1_2A3
 0.00000,38.96387,SE.Total.SURVEY_LC1_2B1
0.000000,2.871914,SE.Total.SURVEY_LC1_2B2
 0.00000,12.56842,SE.Total.SURVEY_LC1_2B3
0.000000,9.692468,SE.Total.SURVEY_LC1_2B4
 0.00000,22.01265,SE.Total.SURVEY_LC1_2B5
 0.00000,14.87779,SE.Total.SURVEY_LC1_2B7
 0.00000,12.84989,SE.Total.SURVEY_LC1_2B8
24.19381, 0.00000,SE.Total.SURVEY_LC1_2Bx
 0.00000,60.23051,SE.Total.SURVEY_LC1_2C1
15.23417,45.68409,SE.Total.SURVEY_LC1_2C2
20.50621,52.22248,SE.Total.SURVEY_LC1_2C3
 0.00000,10.49178,SE.Total.SURVEY_LC1_2D1
 0.0000,13.1251,SE.Total.SURVEY_LC1_2D2
 0.0000,32.1114,SE.Total.SURVEY_LC1_2E1
 0.00000,48.70219,SE.Total.SURVEY_LC1_2E2
 0.0000,12.5009,SE.Total.SURVEY_LC1_2E3
0,0,SE.Total.SURVEY_LC1_2Ex
0.000000,7.516874,SE.Total.SURVEY_LC1_2F1
 0.00000,24.54911,SE.Total.SURVEY_LC1_2F4
0,0,SE.Total.SURVEY_LC1_2G1
0.000000,6.834841,SE.Total.SURVEY_LC1_2G2
0,0,SE.Total.SURVEY_LC1_2H1
0,0,SE.Total.SURVEY_LC1_2H2
24.19381,49.34087,SE.Total.SURVEY_LU1_2U11
24.72974,42.21799,SE.Total.SURVEY_LU1_2U12
0,0,SE.Total.SURVEY_LU1_2U13
0,0,SE.Total.SURVEY_LU1_2U14
0.000000,1.884889,SE.Total.SURVEY_LU1_2U15
0.000000,5.014147,SE.Total.SURVEY_LU1_2U22
 0.00000,35.13733,SE.Total.SURVEY_LU1_2U31
 0.00000,10.75156,SE.Total.SURVEY_LU1_2U32
0.000000,2.664744,SE.Total.SURVEY_LU1_2U33
0.0000,3.1538,SE.Total.SURVEY_LU1_2U34
 1.884889,15.007496,SE.Total.SURVEY_LU1_2U35
 0.00000,20.52664,SE.Total.SURVEY_LU1_2U36
 0.00000,39.83863,SE.Total.SURVEY_LU1_2U37
0.000000,1.344475,SE.Total.SURVEY_LU1_2U41
 4.769987,34.904034,SE.Total.SURVEY_LU1_2U42
 0.0000,29.3705,SE.Total.SURVEY_LC1_3A11
0.000000,9.916571,SE.Total.SURVEY_LC1_3A12
0.000000,9.249733,SE.Total.SURVEY_LC1_3A13
 0.0000,25.4857,SE.Total.SURVEY_LC1_3A21
 0.00000,31.02314,SE.Total.SURVEY_LC1_3A22
 0.00000,10.01416,SE.Total.SURVEY_LC1_3A30
 0.00000,21.30548,SE.Total.SURVEY_LC1_3B11
0.000000,9.490228,SE.Total.SURVEY_LC1_3B12
 0.00000,29.16742,SE.Total.SURVEY_LC1_3B13
0.000000,9.362651,SE.Total.SURVEY_LC1_3B15
 0.00000,37.31438,SE.Total.SURVEY_LC1_3B16
0,0,SE.Total.SURVEY_LC1_3B19
0,0,SE.Total.SURVEY_LC1_3B21
0.000000,2.871914,SE.Total.SURVEY_LC1_3B23
0.000000,9.366727,SE.Total.SURVEY_LC1_3B31
0.000000,3.563635,SE.Total.SURVEY_LC1_3B32
0.000000,3.555089,SE.Total.SURVEY_LC1_3B33
0.000000,6.820593,SE.Total.SURVEY_LC1_3B37
0.000000,2.132598,SE.Total.SURVEY_LC1_3B42
0.000000,9.254111,SE.Total.SURVEY_LC1_3B43
0.000000,1.960426,SE.Total.SURVEY_LC1_3B44
0.000000,9.759405,SE.Total.SURVEY_LC1_3B51
0.000000,2.933198,SE.Total.SURVEY_LC1_3B52
 0.00000,10.38245,SE.Total.SURVEY_LC1_3B53
 0.00000,16.91221,SE.Total.SURVEY_LC1_3B55
 0.00000,10.84522,SE.Total.SURVEY_LC1_3B71
0.000000,2.715115,SE.Total.SURVEY_LC1_3B72
0.000000,7.350156,SE.Total.SURVEY_LC1_3B73
0.000000,7.581173,SE.Total.SURVEY_LC1_3B74
0.000000,8.843775,SE.Total.SURVEY_LC1_3B75
0.000000,5.101251,SE.Total.SURVEY_LC1_3B81
 0.00000,12.45055,SE.Total.SURVEY_LC1_3B82
23.34691, 0.00000,SE.Total.SURVEY_LC1_3Bx1
7.053946,0.000000,SE.Total.SURVEY_LC1_3Bx2
 0.00000,60.23051,SE.Total.SURVEY_LC1_3C10
 0.00000,41.90211,SE.Total.SURVEY_LC1_3C21
 0.00000,24.08749,SE.Total.SURVEY_LC1_3C22
 0.00000,10.82472,SE.Total.SURVEY_LC1_3C23
15.23417, 0.00000,SE.Total.SURVEY_LC1_3C2x
 0.00000,44.47933,SE.Total.SURVEY_LC1_3C31
 0.00000,18.69812,SE.Total.SURVEY_LC1_3C32
 0.00000,31.20558,SE.Total.SURVEY_LC1_3C33
20.50621, 0.00000,SE.Total.SURVEY_LC1_3C3x
 0.00000,10.49178,SE.Total.SURVEY_LC1_3D10
 0.0000,13.1251,SE.Total.SURVEY_LC1_3D20
 0.0000,32.1114,SE.Total.SURVEY_LC1_3E10
 0.00000,48.70219,SE.Total.SURVEY_LC1_3E20
 0.0000,12.5009,SE.Total.SURVEY_LC1_3E30
0,0,SE.Total.SURVEY_LC1_3Exx
0.000000,7.516874,SE.Total.SURVEY_LC1_3F10
 0.00000,24.54911,SE.Total.SURVEY_LC1_3F40
0,0,SE.Total.SURVEY_LC1_3G11
0.000000,6.834841,SE.Total.SURVEY_LC1_3G21
0,0,SE.Total.SURVEY_LC1_3H11
0,0,SE.Total.SURVEY_LC1_3H22
23.34233,49.83263,SE.Total.SURVEY_LU1_3U111
0.000000,2.870089,SE.Total.SURVEY_LU1_3U112
7.071556,8.509526,SE.Total.SURVEY_LU1_3U113
24.72974,42.21799,SE.Total.SURVEY_LU1_3U120
0,0,SE.Total.SURVEY_LU1_3U130
0,0,SE.Total.SURVEY_LU1_3U140
0.000000,1.884889,SE.Total.SURVEY_LU1_3U150
0,0,SE.Total.SURVEY_LU1_3U221
0,0,SE.Total.SURVEY_LU1_3U223
0,0,SE.Total.SURVEY_LU1_3U226
0.000000,5.014147,SE.Total.SURVEY_LU1_3U227
0,0,SE.Total.SURVEY_LU1_3U311
 0.00000,32.50029,SE.Total.SURVEY_LU1_3U312
0,0,SE.Total.SURVEY_LU1_3U313
0,0,SE.Total.SURVEY_LU1_3U314
0,0,SE.Total.SURVEY_LU1_3U316
 0.00000,11.56106,SE.Total.SURVEY_LU1_3U317
0,0,SE.Total.SURVEY_LU1_3U318
 0.00000,10.01416,SE.Total.SURVEY_LU1_3U319
 0.00000,10.75156,SE.Total.SURVEY_LU1_3U321
0,0,SE.Total.SURVEY_LU1_3U322
0.000000,2.664744,SE.Total.SURVEY_LU1_3U330
0.000000,1.451114,SE.Total.SURVEY_LU1_3U341
0.000000,2.800129,SE.Total.SURVEY_LU1_3U342
 1.884889,15.007496,SE.Total.SURVEY_LU1_3U350
 0.00000,19.82124,SE.Total.SURVEY_LU1_3U361
0.000000,5.567626,SE.Total.SURVEY_LU1_3U362
 0.00000,39.83863,SE.Total.SURVEY_LU1_3U370
0.000000,1.344475,SE.Total.SURVEY_LU1_3U411
0,0,SE.Total.SURVEY_LU1_3U414
0,0,SE.Total.SURVEY_LU1_3U415
 4.769987,34.904034,SE.Total.SURVEY_LU1_3U420
34.88307,49.61488,SE.Total.settlement0
 1.884889,36.861927,SE.Total.settlement1
0.0008903702,0.0174125719,SE.Total.settl_pc
24.19381,36.33815,SE.Total.fao_class_name0
25.19123,38.44556,SE.Total.fao_class_name1
0.000000,8.177229,SE.Total.fao_class_name2
 0.0000,25.2914,SE.Total.fao_class_name3
34.88307,54.49561,SE.Total.lue0
 1.884889,42.641564,SE.Total.lue1
34.92762,50.34253,SE.Total.lud0
 0.00000,36.77433,SE.Total.lud1
  806.9538,19329.0756,CI.l(95%).Total.area
  0.0000,729.3954,CI.l(95%).Total.SURVEY_LC1_1A
  94.93166,1654.79806,CI.l(95%).Total.SURVEY_LC1_1B
  679.7946,11668.2727,CI.l(95%).Total.SURVEY_LC1_1C
  0.0000,456.7576,CI.l(95%).Total.SURVEY_LC1_1D
   3.891527,4065.039777,CI.l(95%).Total.SURVEY_LC1_1E
  0.0000,248.2763,CI.l(95%).Total.SURVEY_LC1_1F
  0.0000,166.8112,CI.l(95%).Total.SURVEY_LC1_1G
 0.0000,16.4609,CI.l(95%).Total.SURVEY_LC1_1H
  751.0508,16374.7647,CI.l(95%).Total.SURVEY_LU1_1U1
0.000000,9.243915,CI.l(95%).Total.SURVEY_LU1_1U2
   9.431543,1226.601435,CI.l(95%).Total.SURVEY_LU1_1U3
  34.07763,1517.64975,CI.l(95%).Total.SURVEY_LU1_1U4
  0.0000,156.1425,CI.l(95%).Total.SURVEY_LC1_2A1
  0.0000,447.7673,CI.l(95%).Total.SURVEY_LC1_2A2
 0.00000,33.03785,CI.l(95%).Total.SURVEY_LC1_2A3
  0.0000,836.5396,CI.l(95%).Total.SURVEY_LC1_2B1
 0.00000,19.88795,CI.l(95%).Total.SURVEY_LC1_2B2
 0.0000,43.7594,CI.l(95%).Total.SURVEY_LC1_2B3
 0.0000,66.2392,CI.l(95%).Total.SURVEY_LC1_2B4
  0.0000,154.3676,CI.l(95%).Total.SURVEY_LC1_2B5
  0.0000,264.3411,CI.l(95%).Total.SURVEY_LC1_2B7
  0.0000,130.2724,CI.l(95%).Total.SURVEY_LC1_2B8
94.93166, 0.00000,CI.l(95%).Total.SURVEY_LC1_2Bx
   0.000,5888.297,CI.l(95%).Total.SURVEY_LC1_2C1
 236.9435,1496.9597,CI.l(95%).Total.SURVEY_LC1_2C2
 422.1751,4039.7892,CI.l(95%).Total.SURVEY_LC1_2C3
  0.000,263.546,CI.l(95%).Total.SURVEY_LC1_2D1
  0.0000,179.8195,CI.l(95%).Total.SURVEY_LC1_2D2
  0.0000,557.1549,CI.l(95%).Total.SURVEY_LC1_2E1
   0.000,3306.464,CI.l(95%).Total.SURVEY_LC1_2E2
  0.0000,109.6862,CI.l(95%).Total.SURVEY_LC1_2E3
3.891527,0.000000,CI.l(95%).Total.SURVEY_LC1_2Ex
  0.0000,115.9762,CI.l(95%).Total.SURVEY_LC1_2F1
  0.0000,119.7723,CI.l(95%).Total.SURVEY_LC1_2F4
 0.0000,58.0171,CI.l(95%).Total.SURVEY_LC1_2G1
  0.0000,108.7941,CI.l(95%).Total.SURVEY_LC1_2G2
0.000000,4.041989,CI.l(95%).Total.SURVEY_LC1_2H1
 0.00000,12.41891,CI.l(95%).Total.SURVEY_LC1_2H2
  94.93166,5315.52918,CI.l(95%).Total.SURVEY_LU1_2U11
  628.0381,10945.9708,CI.l(95%).Total.SURVEY_LU1_2U12
 0.00000,24.80343,CI.l(95%).Total.SURVEY_LU1_2U13
 0.00000,20.69284,CI.l(95%).Total.SURVEY_LU1_2U14
0.00000,1.03734,CI.l(95%).Total.SURVEY_LU1_2U15
0.000000,9.243915,CI.l(95%).Total.SURVEY_LU1_2U22
  0.0000,427.1549,CI.l(95%).Total.SURVEY_LU1_2U31
0.000000,7.659318,CI.l(95%).Total.SURVEY_LU1_2U32
 0.000000,-0.120206,CI.l(95%).Total.SURVEY_LU1_2U33
 3.891527,11.375279,CI.l(95%).Total.SURVEY_LU1_2U34
 1.03734,28.47346,CI.l(95%).Total.SURVEY_LU1_2U35
  4.502675,165.272762,CI.l(95%).Total.SURVEY_LU1_2U36
  0.0000,412.3484,CI.l(95%).Total.SURVEY_LU1_2U37
0.000000,9.608306,CI.l(95%).Total.SURVEY_LU1_2U41
  34.07763,1505.44724,CI.l(95%).Total.SURVEY_LU1_2U42
  0.0000,130.4261,CI.l(95%).Total.SURVEY_LC1_3A11
 0.000000,-2.634966,CI.l(95%).Total.SURVEY_LC1_3A12
 0.000000,-6.766304,CI.l(95%).Total.SURVEY_LC1_3A13
  0.0000,145.8263,CI.l(95%).Total.SURVEY_LC1_3A21
  0.0000,257.5574,CI.l(95%).Total.SURVEY_LC1_3A22
 0.00000,33.03785,CI.l(95%).Total.SURVEY_LC1_3A30
 0.00000,81.50689,CI.l(95%).Total.SURVEY_LC1_3B11
 0.000000,-2.302457,CI.l(95%).Total.SURVEY_LC1_3B12
  0.0000,127.1375,CI.l(95%).Total.SURVEY_LC1_3B13
 0.000000,-6.848904,CI.l(95%).Total.SURVEY_LC1_3B15
  0.000,500.402,CI.l(95%).Total.SURVEY_LC1_3B16
0.000000,4.001464,CI.l(95%).Total.SURVEY_LC1_3B19
 0.00000,16.05218,CI.l(95%).Total.SURVEY_LC1_3B21
0.000000,3.835768,CI.l(95%).Total.SURVEY_LC1_3B23
 0.000000,-6.851886,CI.l(95%).Total.SURVEY_LC1_3B31
0.000000,7.701953,CI.l(95%).Total.SURVEY_LC1_3B32
0.000000,7.693722,CI.l(95%).Total.SURVEY_LC1_3B33
 0.00000,14.17026,CI.l(95%).Total.SURVEY_LC1_3B37
0.000000,0.777847,CI.l(95%).Total.SURVEY_LC1_3B42
 0.00000,41.53125,CI.l(95%).Total.SURVEY_LC1_3B43
 0.00000,16.76709,CI.l(95%).Total.SURVEY_LC1_3B44
0.000000,6.307937,CI.l(95%).Total.SURVEY_LC1_3B51
 0.00000,15.96509,CI.l(95%).Total.SURVEY_LC1_3B52
0.000000,6.377579,CI.l(95%).Total.SURVEY_LC1_3B53
 0.00000,90.48741,CI.l(95%).Total.SURVEY_LC1_3B55
  0.0000,131.2487,CI.l(95%).Total.SURVEY_LC1_3B71
 0.0000,16.3699,CI.l(95%).Total.SURVEY_LC1_3B72
 0.0000,12.8194,CI.l(95%).Total.SURVEY_LC1_3B73
 0.00000,26.98988,CI.l(95%).Total.SURVEY_LC1_3B74
 0.00000,32.89697,CI.l(95%).Total.SURVEY_LC1_3B75
 0.00000,23.33923,CI.l(95%).Total.SURVEY_LC1_3B81
 0.00000,97.71765,CI.l(95%).Total.SURVEY_LC1_3B82
78.01806, 0.00000,CI.l(95%).Total.SURVEY_LC1_3Bx1
4.748024,0.000000,CI.l(95%).Total.SURVEY_LC1_3Bx2
   0.000,5888.297,CI.l(95%).Total.SURVEY_LC1_3C10
   0.000,1192.624,CI.l(95%).Total.SURVEY_LC1_3C21
  0.0000,112.0726,CI.l(95%).Total.SURVEY_LC1_3C22
  0.0000,131.2489,CI.l(95%).Total.SURVEY_LC1_3C23
236.9435,  0.0000,CI.l(95%).Total.SURVEY_LC1_3C2x
   0.000,2642.895,CI.l(95%).Total.SURVEY_LC1_3C31
  0.0000,429.7956,CI.l(95%).Total.SURVEY_LC1_3C32
  0.0000,884.4658,CI.l(95%).Total.SURVEY_LC1_3C33
422.1751,  0.0000,CI.l(95%).Total.SURVEY_LC1_3C3x
  0.000,263.546,CI.l(95%).Total.SURVEY_LC1_3D10
  0.0000,179.8195,CI.l(95%).Total.SURVEY_LC1_3D20
  0.0000,557.1549,CI.l(95%).Total.SURVEY_LC1_3E10
   0.000,3306.464,CI.l(95%).Total.SURVEY_LC1_3E20
  0.0000,109.6862,CI.l(95%).Total.SURVEY_LC1_3E30
3.891527,0.000000,CI.l(95%).Total.SURVEY_LC1_3Exx
  0.0000,115.9762,CI.l(95%).Total.SURVEY_LC1_3F10
  0.0000,119.7723,CI.l(95%).Total.SURVEY_LC1_3F40
 0.0000,58.0171,CI.l(95%).Total.SURVEY_LC1_3G11
  0.0000,108.7941,CI.l(95%).Total.SURVEY_LC1_3G21
0.000000,4.041989,CI.l(95%).Total.SURVEY_LC1_3H11
 0.00000,12.41891,CI.l(95%).Total.SURVEY_LC1_3H22
  81.8389,5201.6269,CI.l(95%).Total.SURVEY_LU1_3U111
0.000000,8.629019,CI.l(95%).Total.SURVEY_LU1_3U112
 0.9016354,82.0057769,CI.l(95%).Total.SURVEY_LU1_3U113
  628.0381,10945.9708,CI.l(95%).Total.SURVEY_LU1_3U120
 0.00000,24.80343,CI.l(95%).Total.SURVEY_LU1_3U130
 0.00000,20.69284,CI.l(95%).Total.SURVEY_LU1_3U140
0.00000,1.03734,CI.l(95%).Total.SURVEY_LU1_3U150
0.000000,3.920717,CI.l(95%).Total.SURVEY_LU1_3U221
0.000000,3.920717,CI.l(95%).Total.SURVEY_LU1_3U223
0.000000,3.920717,CI.l(95%).Total.SURVEY_LU1_3U226
 0.000000,-2.518235,CI.l(95%).Total.SURVEY_LU1_3U227
0.000000,4.010979,CI.l(95%).Total.SURVEY_LU1_3U311
  0.000,311.313,CI.l(95%).Total.SURVEY_LU1_3U312
0.000,4.226,CI.l(95%).Total.SURVEY_LU1_3U313
 0.00000,15.99353,CI.l(95%).Total.SURVEY_LU1_3U314
0.000000,3.920717,CI.l(95%).Total.SURVEY_LU1_3U316
 0.0000,13.6707,CI.l(95%).Total.SURVEY_LU1_3U317
0.000000,7.763464,CI.l(95%).Total.SURVEY_LU1_3U318
 0.00000,29.13833,CI.l(95%).Total.SURVEY_LU1_3U319
 0.0000000,-0.3825912,CI.l(95%).Total.SURVEY_LU1_3U321
0.000000,8.041909,CI.l(95%).Total.SURVEY_LU1_3U322
 0.000000,-0.120206,CI.l(95%).Total.SURVEY_LU1_3U330
3.891527,9.350644,CI.l(95%).Total.SURVEY_LU1_3U341
 0.0000000,-0.1263132,CI.l(95%).Total.SURVEY_LU1_3U342
 1.03734,28.47346,CI.l(95%).Total.SURVEY_LU1_3U350
  4.502675,143.222113,CI.l(95%).Total.SURVEY_LU1_3U361
 0.00000,12.52085,CI.l(95%).Total.SURVEY_LU1_3U362
  0.0000,412.3484,CI.l(95%).Total.SURVEY_LU1_3U370
0.000000,1.666797,CI.l(95%).Total.SURVEY_LU1_3U411
0.000000,4.041989,CI.l(95%).Total.SURVEY_LU1_3U414
0.00000,3.89952,CI.l(95%).Total.SURVEY_LU1_3U415
  34.07763,1505.44724,CI.l(95%).Total.SURVEY_LU1_3U420
  798.418,18099.399,CI.l(95%).Total.settlement0
   4.928867,1128.699207,CI.l(95%).Total.settlement1
0.002328263,0.533166810,CI.l(95%).Total.settl_pc
 107.2416,7127.1593,CI.l(95%).Total.fao_class_name0
  671.3762,11577.8245,CI.l(95%).Total.fao_class_name1
  0.0000,231.2851,CI.l(95%).Total.fao_class_name2
  0.0000,249.1498,CI.l(95%).Total.fao_class_name3
  793.9153,18519.4007,CI.l(95%).Total.lue0
  9.431543,687.803222,CI.l(95%).Total.lue1
  806.9538,18729.2981,CI.l(95%).Total.lud0
  0.0000,497.5453,CI.l(95%).Total.lud1
  943.8676,19466.1030,CI.u(95%).Total.area
  0.0000,836.5237,CI.u(95%).Total.SURVEY_LC1_1A
 189.7697,1822.2494,CI.u(95%).Total.SURVEY_LC1_1B
  778.5424,11801.7056,CI.u(95%).Total.SURVEY_LC1_1C
  0.0000,522.5499,CI.u(95%).Total.SURVEY_LC1_1D
   3.891527,4247.357038,CI.u(95%).Total.SURVEY_LC1_1E
  0.0000,348.9171,CI.u(95%).Total.SURVEY_LC1_1F
  0.0000,193.6032,CI.u(95%).Total.SURVEY_LC1_1G
 0.0000,16.4609,CI.u(95%).Total.SURVEY_LC1_1H
  886.6656,16607.5953,CI.u(95%).Total.SURVEY_LU1_1U1
 0.00000,28.89901,CI.u(95%).Total.SURVEY_LU1_1U2
  16.82017,1375.87162,CI.u(95%).Total.SURVEY_LU1_1U3
  52.77563,1654.55289,CI.u(95%).Total.SURVEY_LU1_1U4
  0.0000,276.1679,CI.u(95%).Total.SURVEY_LC1_2A1
  0.0000,580.5108,CI.u(95%).Total.SURVEY_LC1_2A2
 0.00000,72.29264,CI.u(95%).Total.SURVEY_LC1_2A3
  0.0000,989.2752,CI.u(95%).Total.SURVEY_LC1_2B1
 0.00000,31.14565,CI.u(95%).Total.SURVEY_LC1_2B2
 0.00000,93.02671,CI.u(95%).Total.SURVEY_LC1_2B3
  0.000,104.233,CI.u(95%).Total.SURVEY_LC1_2B4
  0.0000,240.6556,CI.u(95%).Total.SURVEY_LC1_2B5
  0.0000,322.6609,CI.u(95%).Total.SURVEY_LC1_2B7
  0.0000,180.6431,CI.u(95%).Total.SURVEY_LC1_2B8
189.7697,  0.0000,CI.u(95%).Total.SURVEY_LC1_2Bx
   0.000,6124.397,CI.u(95%).Total.SURVEY_LC1_2C1
 296.6604,1676.0380,CI.u(95%).Total.SURVEY_LC1_2C2
 502.558,4244.498,CI.u(95%).Total.SURVEY_LC1_2C3
  0.000,304.673,CI.u(95%).Total.SURVEY_LC1_2D1
  0.000,231.269,CI.u(95%).Total.SURVEY_LC1_2D2
  0.0000,683.0292,CI.u(95%).Total.SURVEY_LC1_2E1
   0.000,3497.373,CI.u(95%).Total.SURVEY_LC1_2E2
  0.0000,158.6888,CI.u(95%).Total.SURVEY_LC1_2E3
3.891527,0.000000,CI.u(95%).Total.SURVEY_LC1_2Ex
  0.0000,145.4418,CI.u(95%).Total.SURVEY_LC1_2F1
  0.0000,216.0031,CI.u(95%).Total.SURVEY_LC1_2F4
 0.0000,58.0171,CI.u(95%).Total.SURVEY_LC1_2G1
  0.0000,135.5861,CI.u(95%).Total.SURVEY_LC1_2G2
0.000000,4.041989,CI.u(95%).Total.SURVEY_LC1_2H1
 0.00000,12.41891,CI.u(95%).Total.SURVEY_LC1_2H2
 189.7697,5508.9418,CI.u(95%).Total.SURVEY_LU1_2U11
  724.9769,11111.4623,CI.u(95%).Total.SURVEY_LU1_2U12
 0.00000,24.80343,CI.u(95%).Total.SURVEY_LU1_2U13
 0.00000,20.69284,CI.u(95%).Total.SURVEY_LU1_2U14
0.000000,8.425968,CI.u(95%).Total.SURVEY_LU1_2U15
 0.00000,28.89901,CI.u(95%).Total.SURVEY_LU1_2U22
  0.0000,564.8907,CI.u(95%).Total.SURVEY_LU1_2U31
 0.00000,49.80466,CI.u(95%).Total.SURVEY_LU1_2U32
 0.0000,10.3254,CI.u(95%).Total.SURVEY_LU1_2U33
 3.891527,23.737948,CI.u(95%).Total.SURVEY_LU1_2U34
 8.425968,87.301764,CI.u(95%).Total.SURVEY_LU1_2U35
  4.502675,245.735698,CI.u(95%).Total.SURVEY_LU1_2U36
  0.000,568.513,CI.u(95%).Total.SURVEY_LU1_2U37
 0.00000,14.87855,CI.u(95%).Total.SURVEY_LU1_2U41
  52.77563,1642.26854,CI.u(95%).Total.SURVEY_LU1_2U42
  0.0000,245.5563,CI.u(95%).Total.SURVEY_LC1_3A11
 0.00000,36.23728,CI.u(95%).Total.SURVEY_LC1_3A12
 0.00000,29.49198,CI.u(95%).Total.SURVEY_LC1_3A13
  0.0000,245.7284,CI.u(95%).Total.SURVEY_LC1_3A21
  0.0000,379.1659,CI.u(95%).Total.SURVEY_LC1_3A22
 0.00000,72.29264,CI.u(95%).Total.SURVEY_LC1_3A30
  0.0000,165.0228,CI.u(95%).Total.SURVEY_LC1_3B11
 0.00000,34.89855,CI.u(95%).Total.SURVEY_LC1_3B12
  0.0000,241.4717,CI.u(95%).Total.SURVEY_LC1_3B13
 0.00000,29.85201,CI.u(95%).Total.SURVEY_LC1_3B15
  0.0000,646.6717,CI.u(95%).Total.SURVEY_LC1_3B16
0.000000,4.001464,CI.u(95%).Total.SURVEY_LC1_3B19
 0.00000,16.05218,CI.u(95%).Total.SURVEY_LC1_3B21
 0.00000,15.09347,CI.u(95%).Total.SURVEY_LC1_3B23
 0.00000,29.86501,CI.u(95%).Total.SURVEY_LC1_3B31
 0.00000,21.67114,CI.u(95%).Total.SURVEY_LC1_3B32
 0.00000,21.62942,CI.u(95%).Total.SURVEY_LC1_3B33
 0.00000,40.90649,CI.u(95%).Total.SURVEY_LC1_3B37
0.000000,9.137479,CI.u(95%).Total.SURVEY_LC1_3B42
 0.0000,77.8067,CI.u(95%).Total.SURVEY_LC1_3B43
 0.00000,24.45182,CI.u(95%).Total.SURVEY_LC1_3B44
 0.0000,44.5641,CI.u(95%).Total.SURVEY_LC1_3B51
 0.00000,27.46302,CI.u(95%).Total.SURVEY_LC1_3B52
 0.00000,47.07603,CI.u(95%).Total.SURVEY_LC1_3B53
  0.000,156.782,CI.u(95%).Total.SURVEY_LC1_3B55
  0.0000,173.7612,CI.u(95%).Total.SURVEY_LC1_3B71
 0.00000,27.01296,CI.u(95%).Total.SURVEY_LC1_3B72
 0.00000,41.63148,CI.u(95%).Total.SURVEY_LC1_3B73
 0.00000,56.70753,CI.u(95%).Total.SURVEY_LC1_3B74
 0.00000,67.56393,CI.u(95%).Total.SURVEY_LC1_3B75
 0.00000,43.33577,CI.u(95%).Total.SURVEY_LC1_3B81
  0.0000,146.5229,CI.u(95%).Total.SURVEY_LC1_3B82
169.5363,  0.0000,CI.u(95%).Total.SURVEY_LC1_3Bx1
32.39899, 0.00000,CI.u(95%).Total.SURVEY_LC1_3Bx2
   0.000,6124.397,CI.u(95%).Total.SURVEY_LC1_3C10
   0.000,1356.877,CI.u(95%).Total.SURVEY_LC1_3C21
  0.0000,206.4939,CI.u(95%).Total.SURVEY_LC1_3C22
  0.000,173.681,CI.u(95%).Total.SURVEY_LC1_3C23
296.6604,  0.0000,CI.u(95%).Total.SURVEY_LC1_3C2x
   0.000,2817.251,CI.u(95%).Total.SURVEY_LC1_3C31
  0.0000,503.0909,CI.u(95%).Total.SURVEY_LC1_3C32
   0.000,1006.789,CI.u(95%).Total.SURVEY_LC1_3C33
502.558,  0.000,CI.u(95%).Total.SURVEY_LC1_3C3x
  0.000,304.673,CI.u(95%).Total.SURVEY_LC1_3D10
  0.000,231.269,CI.u(95%).Total.SURVEY_LC1_3D20
  0.0000,683.0292,CI.u(95%).Total.SURVEY_LC1_3E10
   0.000,3497.373,CI.u(95%).Total.SURVEY_LC1_3E20
  0.0000,158.6888,CI.u(95%).Total.SURVEY_LC1_3E30
3.891527,0.000000,CI.u(95%).Total.SURVEY_LC1_3Exx
  0.0000,145.4418,CI.u(95%).Total.SURVEY_LC1_3F10
  0.0000,216.0031,CI.u(95%).Total.SURVEY_LC1_3F40
 0.0000,58.0171,CI.u(95%).Total.SURVEY_LC1_3G11
  0.0000,135.5861,CI.u(95%).Total.SURVEY_LC1_3G21
0.000000,4.041989,CI.u(95%).Total.SURVEY_LC1_3H11
 0.00000,12.41891,CI.u(95%).Total.SURVEY_LC1_3H22
 173.3392,5396.9672,CI.u(95%).Total.SURVEY_LU1_3U111
 0.00000,19.87956,CI.u(95%).Total.SURVEY_LU1_3U112
 28.62163,115.36251,CI.u(95%).Total.SURVEY_LU1_3U113
  724.9769,11111.4623,CI.u(95%).Total.SURVEY_LU1_3U120
 0.00000,24.80343,CI.u(95%).Total.SURVEY_LU1_3U130
 0.00000,20.69284,CI.u(95%).Total.SURVEY_LU1_3U140
0.000000,8.425968,CI.u(95%).Total.SURVEY_LU1_3U150
0.000000,3.920717,CI.u(95%).Total.SURVEY_LU1_3U221
0.000000,3.920717,CI.u(95%).Total.SURVEY_LU1_3U223
0.000000,3.920717,CI.u(95%).Total.SURVEY_LU1_3U226
 0.00000,17.13686,CI.u(95%).Total.SURVEY_LU1_3U227
0.000000,4.010979,CI.u(95%).Total.SURVEY_LU1_3U311
  0.0000,438.7118,CI.u(95%).Total.SURVEY_LU1_3U312
0.000,4.226,CI.u(95%).Total.SURVEY_LU1_3U313
 0.00000,15.99353,CI.u(95%).Total.SURVEY_LU1_3U314
0.000000,3.920717,CI.u(95%).Total.SURVEY_LU1_3U316
 0.00000,58.98921,CI.u(95%).Total.SURVEY_LU1_3U317
0.000000,7.763464,CI.u(95%).Total.SURVEY_LU1_3U318
 0.00000,68.39312,CI.u(95%).Total.SURVEY_LU1_3U319
 0.00000,41.76275,CI.u(95%).Total.SURVEY_LU1_3U321
0.000000,8.041909,CI.u(95%).Total.SURVEY_LU1_3U322
 0.0000,10.3254,CI.u(95%).Total.SURVEY_LU1_3U330
 3.891527,15.038904,CI.u(95%).Total.SURVEY_LU1_3U341
 0.00000,10.84999,CI.u(95%).Total.SURVEY_LU1_3U342
 8.425968,87.301764,CI.u(95%).Total.SURVEY_LU1_3U350
  4.502675,220.919951,CI.u(95%).Total.SURVEY_LU1_3U361
 0.00000,34.34554,CI.u(95%).Total.SURVEY_LU1_3U362
  0.000,568.513,CI.u(95%).Total.SURVEY_LU1_3U370
0.000000,6.937041,CI.u(95%).Total.SURVEY_LU1_3U411
0.000000,4.041989,CI.u(95%).Total.SURVEY_LU1_3U414
0.00000,3.89952,CI.u(95%).Total.SURVEY_LU1_3U415
  52.77563,1642.26854,CI.u(95%).Total.SURVEY_LU1_3U420
  935.1571,18293.8854,CI.u(95%).Total.settlement0
  12.3175,1273.1953,CI.u(95%).Total.settlement1
0.00581845,0.60142284,CI.u(95%).Total.settl_pc
 202.0796,7269.6022,CI.u(95%).Total.fao_class_name0
  770.124,11728.528,CI.u(95%).Total.fao_class_name1
  0.0000,263.3392,CI.u(95%).Total.fao_class_name2
  0.0000,348.2903,CI.u(95%).Total.fao_class_name3
  930.6544,18733.0196,CI.u(95%).Total.lue0
 16.82017,854.95508,CI.u(95%).Total.lue1
  943.8676,18926.6372,CI.u(95%).Total.lud0
  0.000,641.698,CI.u(95%).Total.lud1
0.039898553,0.001802111,CV.Total.area
NA,0.03490492,CV.Total.SURVEY_LC1_1A
0.1699593,0.0245714,CV.Total.SURVEY_LC1_1B
0.034547886,0.002900697,CV.Total.SURVEY_LC1_1C
NA,0.03427739,CV.Total.SURVEY_LC1_1D
0.0000000,0.0111906,CV.Total.SURVEY_LC1_1E
NA,0.08598272,CV.Total.SURVEY_LC1_1F
NA,0.03792768,CV.Total.SURVEY_LC1_1G
NA,  0,CV.Total.SURVEY_LC1_1H
0.042249377,0.003601722,CV.Total.SURVEY_LU1_1U1
NA,0.2629136,CV.Total.SURVEY_LU1_1U2
0.14360120,0.02926434,CV.Total.SURVEY_LU1_1U3
0.10984015,0.02201934,CV.Total.SURVEY_LU1_1U4
NA,0.1416541,CV.Total.SURVEY_LC1_2A1
NA,0.065865,CV.Total.SURVEY_LC1_2A2
NA,0.1901474,CV.Total.SURVEY_LC1_2A3
NA,0.04268107,CV.Total.SURVEY_LC1_2B1
NA,0.1125499,CV.Total.SURVEY_LC1_2B2
NA,0.1837675,CV.Total.SURVEY_LC1_2B3
NA,0.1137132,CV.Total.SURVEY_LC1_2B4
NA,0.1114499,CV.Total.SURVEY_LC1_2B5
NA,0.05069078,CV.Total.SURVEY_LC1_2B7
NA,0.08265841,CV.Total.SURVEY_LC1_2B8
0.1699593,NA,CV.Total.SURVEY_LC1_2Bx
NA,0.01002781,CV.Total.SURVEY_LC1_2C1
0.05709916,0.02879554,CV.Total.SURVEY_LC1_2C2
0.04435056,0.01260760,CV.Total.SURVEY_LC1_2C3
NA,0.03692864,CV.Total.SURVEY_LC1_2D1
NA,0.06385538,CV.Total.SURVEY_LC1_2D2
NA,0.05178488,CV.Total.SURVEY_LC1_2E1
NA,0.01431609,CV.Total.SURVEY_LC1_2E2
NA,0.09315994,CV.Total.SURVEY_LC1_2E3
  0,NA,CV.Total.SURVEY_LC1_2Ex
NA,0.05750848,CV.Total.SURVEY_LC1_2F1
NA,0.1462234,CV.Total.SURVEY_LC1_2F4
NA,  0,CV.Total.SURVEY_LC1_2G1
NA,0.05593613,CV.Total.SURVEY_LC1_2G2
NA,  0,CV.Total.SURVEY_LC1_2H1
NA,  0,CV.Total.SURVEY_LC1_2H2
0.169959256,0.009116541,CV.Total.SURVEY_LU1_2U11
0.036555005,0.003828006,CV.Total.SURVEY_LU1_2U12
NA,  0,CV.Total.SURVEY_LU1_2U13
NA,  0,CV.Total.SURVEY_LU1_2U14
NA,0.3983573,CV.Total.SURVEY_LU1_2U15
NA,0.2629136,CV.Total.SURVEY_LU1_2U22
NA,0.07083814,CV.Total.SURVEY_LU1_2U31
NA,0.3742017,CV.Total.SURVEY_LU1_2U32
NA,0.522233,CV.Total.SURVEY_LU1_2U33
0.000000,0.179636,CV.Total.SURVEY_LU1_2U34
0.3983573,0.2592523,CV.Total.SURVEY_LU1_2U35
0.00000000,0.09988425,CV.Total.SURVEY_LU1_2U36
NA,0.08123192,CV.Total.SURVEY_LU1_2U37
NA,0.109812,CV.Total.SURVEY_LU1_2U41
0.10984015,0.02217737,CV.Total.SURVEY_LU1_2U42
NA,0.1562334,CV.Total.SURVEY_LC1_3A11
NA,0.5902315,CV.Total.SURVEY_LC1_3A12
NA,0.8140335,CV.Total.SURVEY_LC1_3A13
NA,0.1301769,CV.Total.SURVEY_LC1_3A21
NA,0.09744621,CV.Total.SURVEY_LC1_3A22
NA,0.1901474,CV.Total.SURVEY_LC1_3A30
NA,0.1728431,CV.Total.SURVEY_LC1_3B11
NA,0.5822923,CV.Total.SURVEY_LC1_3B12
NA,0.1582566,CV.Total.SURVEY_LC1_3B13
NA,0.8140335,CV.Total.SURVEY_LC1_3B15
NA,0.06506012,CV.Total.SURVEY_LC1_3B16
NA,  0,CV.Total.SURVEY_LC1_3B19
NA,  0,CV.Total.SURVEY_LC1_3B21
NA,0.3034369,CV.Total.SURVEY_LC1_3B23
NA,0.8140335,CV.Total.SURVEY_LC1_3B31
NA,0.2426462,CV.Total.SURVEY_LC1_3B32
NA,0.2424767,CV.Total.SURVEY_LC1_3B33
NA,0.2476759,CV.Total.SURVEY_LC1_3B37
NA,0.430162,CV.Total.SURVEY_LC1_3B42
NA,0.1550908,CV.Total.SURVEY_LC1_3B43
NA,0.09512264,CV.Total.SURVEY_LC1_3B44
NA,0.3836844,CV.Total.SURVEY_LC1_3B51
NA,0.1350829,CV.Total.SURVEY_LC1_3B52
NA,0.3884658,CV.Total.SURVEY_LC1_3B53
NA,0.1367917,CV.Total.SURVEY_LC1_3B55
NA,0.07111388,CV.Total.SURVEY_LC1_3B71
NA,0.1251699,CV.Total.SURVEY_LC1_3B72
NA,0.2699738,CV.Total.SURVEY_LC1_3B73
NA,0.1811567,CV.Total.SURVEY_LC1_3B74
NA,0.176064,CV.Total.SURVEY_LC1_3B75
NA,0.1530184,CV.Total.SURVEY_LC1_3B81
NA,0.1019532,CV.Total.SURVEY_LC1_3B82
0.1886205,NA,CV.Total.SURVEY_LC1_3Bx1
0.3797854,NA,CV.Total.SURVEY_LC1_3Bx2
NA,0.01002781,CV.Total.SURVEY_LC1_3C10
NA,0.03287083,CV.Total.SURVEY_LC1_3C21
NA,0.1512243,CV.Total.SURVEY_LC1_3C22
NA,0.07099811,CV.Total.SURVEY_LC1_3C23
0.05709916,NA,CV.Total.SURVEY_LC1_3C2x
NA,0.01629236,CV.Total.SURVEY_LC1_3C31
NA,0.0400866,CV.Total.SURVEY_LC1_3C32
NA,0.03299986,CV.Total.SURVEY_LC1_3C33
0.04435056,NA,CV.Total.SURVEY_LC1_3C3x
NA,0.03692864,CV.Total.SURVEY_LC1_3D10
NA,0.06385538,CV.Total.SURVEY_LC1_3D20
NA,0.05178488,CV.Total.SURVEY_LC1_3E10
NA,0.01431609,CV.Total.SURVEY_LC1_3E20
NA,0.09315994,CV.Total.SURVEY_LC1_3E30
  0,NA,CV.Total.SURVEY_LC1_3Exx
NA,0.05750848,CV.Total.SURVEY_LC1_3F10
NA,0.1462234,CV.Total.SURVEY_LC1_3F40
NA,  0,CV.Total.SURVEY_LC1_3G11
NA,0.05593613,CV.Total.SURVEY_LC1_3G21
NA,  0,CV.Total.SURVEY_LC1_3H11
NA,  0,CV.Total.SURVEY_LC1_3H22
0.18294937,0.00940363,CV.Total.SURVEY_LU1_3U111
NA,0.2013491,CV.Total.SURVEY_LU1_3U112
0.47904979,0.08622993,CV.Total.SURVEY_LU1_3U113
0.036555005,0.003828006,CV.Total.SURVEY_LU1_3U120
NA,  0,CV.Total.SURVEY_LU1_3U130
NA,  0,CV.Total.SURVEY_LU1_3U140
NA,0.3983573,CV.Total.SURVEY_LU1_3U150
NA,  0,CV.Total.SURVEY_LU1_3U221
NA,  0,CV.Total.SURVEY_LU1_3U223
NA,  0,CV.Total.SURVEY_LU1_3U226
NA,0.6859943,CV.Total.SURVEY_LU1_3U227
NA,  0,CV.Total.SURVEY_LU1_3U311
NA,0.08666457,CV.Total.SURVEY_LU1_3U312
NA,  0,CV.Total.SURVEY_LU1_3U313
NA,  0,CV.Total.SURVEY_LU1_3U314
NA,  0,CV.Total.SURVEY_LU1_3U316
NA,0.3182238,CV.Total.SURVEY_LU1_3U317
NA,  0,CV.Total.SURVEY_LU1_3U318
NA,0.2053524,CV.Total.SURVEY_LU1_3U319
NA,0.5196481,CV.Total.SURVEY_LU1_3U321
NA,  0,CV.Total.SURVEY_LU1_3U322
NA,0.522233,CV.Total.SURVEY_LU1_3U330
0.0000000,0.1189947,CV.Total.SURVEY_LU1_3U341
NA,0.522233,CV.Total.SURVEY_LU1_3U342
0.3983573,0.2592523,CV.Total.SURVEY_LU1_3U350
0.0000000,0.1088654,CV.Total.SURVEY_LU1_3U361
NA,0.2375956,CV.Total.SURVEY_LU1_3U362
NA,0.08123192,CV.Total.SURVEY_LU1_3U370
NA,0.3125291,CV.Total.SURVEY_LU1_3U411
NA,  0,CV.Total.SURVEY_LU1_3U414
NA,  0,CV.Total.SURVEY_LU1_3U415
0.10984015,0.02217737,CV.Total.SURVEY_LU1_3U420
0.040244081,0.002726595,CV.Total.settlement0
0.21858392,0.03069404,CV.Total.settlement1
0.21858392,0.03069404,CV.Total.settl_pc
0.1564317,0.0050481,CV.Total.fao_class_name0
0.034951405,0.003299149,CV.Total.fao_class_name1
NA,0.03306441,CV.Total.fao_class_name2
NA,0.08466589,CV.Total.fao_class_name3
0.040454227,0.002925749,CV.Total.lue0
0.14360120,0.05527964,CV.Total.lue1
0.039898553,0.002673816,CV.Total.lud0
NA,0.06455922,CV.Total.lud1
