SK0.No,SK0.Yes,variable
No,Yes,flag_two
 3721.613,45313.387,Total.area
   0.000,1491.796,Total.SURVEY_LC1_1A
3688.154,8493.040,Total.SURVEY_LC1_1B
    9.456936,22502.831194,Total.SURVEY_LC1_1C
  11.29304,2103.31124,Total.SURVEY_LC1_1D
   8.065226,8766.099158,Total.SURVEY_LC1_1E
   4.644078,1346.514442,Total.SURVEY_LC1_1F
  0.0000,511.5864,Total.SURVEY_LC1_1G
 0.00000,98.20844,Total.SURVEY_LC1_1H
 3685.481,37994.316,Total.SURVEY_LU1_1U1
  0.0000,201.3274,Total.SURVEY_LU1_1U2
   0.000,3000.087,Total.SURVEY_LU1_1U3
  36.13295,4117.65630,Total.SURVEY_LU1_1U4
  0.0000,505.2043,Total.SURVEY_LC1_2A1
  0.0000,883.8562,Total.SURVEY_LC1_2A2
  0.0000,102.7355,Total.SURVEY_LC1_2A3
   0.000,4991.461,Total.SURVEY_LC1_2B1
  0.000,138.887,Total.SURVEY_LC1_2B2
   0.000,1992.124,Total.SURVEY_LC1_2B3
  0.0000,134.8326,Total.SURVEY_LC1_2B4
  0.0000,845.8712,Total.SURVEY_LC1_2B5
  0.0000,284.1084,Total.SURVEY_LC1_2B7
  0.0000,105.7553,Total.SURVEY_LC1_2B8
3688.154,   0.000,Total.SURVEY_LC1_2Bx
    4.391229,13835.317320,Total.SURVEY_LC1_2C1
   0.000,4697.757,Total.SURVEY_LC1_2C2
   5.065707,3969.756522,Total.SURVEY_LC1_2C3
   3.754786,1248.682927,Total.SURVEY_LC1_2D1
  7.538256,854.628316,Total.SURVEY_LC1_2D2
  0.0000,894.9568,Total.SURVEY_LC1_2E1
   0.000,6339.931,Total.SURVEY_LC1_2E2
   0.000,1531.211,Total.SURVEY_LC1_2E3
8.065226,0.000000,Total.SURVEY_LC1_2Ex
  0.0000,137.3207,Total.SURVEY_LC1_2F1
0.000000,3.592064,Total.SURVEY_LC1_2F2
0.000000,8.663839,Total.SURVEY_LC1_2F3
   4.644078,1196.937817,Total.SURVEY_LC1_2F4
  0.0000,226.6476,Total.SURVEY_LC1_2G1
  0.0000,284.9388,Total.SURVEY_LC1_2G2
 0.00000,98.20844,Total.SURVEY_LC1_2H1
 3676.024,15953.584,Total.SURVEY_LU1_2U11
    9.456936,21891.341093,Total.SURVEY_LU1_2U12
 0.00000,66.38874,Total.SURVEY_LU1_2U13
 0.00000,75.60975,Total.SURVEY_LU1_2U14
0.000000,7.392535,Total.SURVEY_LU1_2U15
 0.00000,85.20312,Total.SURVEY_LU1_2U21
  0.0000,116.1243,Total.SURVEY_LU1_2U22
   0.000,1052.738,Total.SURVEY_LU1_2U31
  0.0000,113.2681,Total.SURVEY_LU1_2U32
 0.00000,42.43567,Total.SURVEY_LU1_2U33
 0.0000,55.6495,Total.SURVEY_LU1_2U34
  0.0000,231.5008,Total.SURVEY_LU1_2U35
  0.000,286.611,Total.SURVEY_LU1_2U36
   0.000,1217.884,Total.SURVEY_LU1_2U37
 20.52947,382.00476,Total.SURVEY_LU1_2U41
  15.60348,3735.65154,Total.SURVEY_LU1_2U42
  0.000,478.968,Total.SURVEY_LC1_3A11
 0.00000,26.23627,Total.SURVEY_LC1_3A12
  0.0000,243.9082,Total.SURVEY_LC1_3A21
  0.000,639.948,Total.SURVEY_LC1_3A22
  0.0000,102.7355,Total.SURVEY_LC1_3A30
   0.000,2116.005,Total.SURVEY_LC1_3B11
  0.0000,205.4165,Total.SURVEY_LC1_3B12
  0.0000,655.0027,Total.SURVEY_LC1_3B13
 0.00000,78.55827,Total.SURVEY_LC1_3B14
 0.00000,92.97465,Total.SURVEY_LC1_3B15
   0.000,1705.416,Total.SURVEY_LC1_3B16
 0.00000,77.61379,Total.SURVEY_LC1_3B18
 0.00000,60.47385,Total.SURVEY_LC1_3B19
 0.00000,24.99713,Total.SURVEY_LC1_3B21
 0.00000,86.91813,Total.SURVEY_LC1_3B22
 0.00000,26.97178,Total.SURVEY_LC1_3B23
  0.0000,490.8275,Total.SURVEY_LC1_3B31
  0.0000,932.3585,Total.SURVEY_LC1_3B32
  0.000,509.827,Total.SURVEY_LC1_3B33
 0.00000,40.19409,Total.SURVEY_LC1_3B35
 0.00000,18.91688,Total.SURVEY_LC1_3B37
  0.0000,104.2145,Total.SURVEY_LC1_3B41
 0.0000,30.6181,Total.SURVEY_LC1_3B43
  0.0000,103.2659,Total.SURVEY_LC1_3B51
  0.0000,321.6614,Total.SURVEY_LC1_3B52
  0.0000,242.6909,Total.SURVEY_LC1_3B53
 0.00000,28.82668,Total.SURVEY_LC1_3B54
  0.0000,149.4264,Total.SURVEY_LC1_3B55
  0.0000,161.8977,Total.SURVEY_LC1_3B71
 0.00000,11.13092,Total.SURVEY_LC1_3B72
 0.00000,19.65715,Total.SURVEY_LC1_3B73
 0.00000,21.36612,Total.SURVEY_LC1_3B74
 0.00000,70.05652,Total.SURVEY_LC1_3B75
 0.00000,85.70708,Total.SURVEY_LC1_3B82
 0.00000,17.04473,Total.SURVEY_LC1_3B83
0.00000,3.00349,Total.SURVEY_LC1_3B84
3396.853,   0.000,Total.SURVEY_LC1_3Bx1
273.8895,  0.0000,Total.SURVEY_LC1_3Bx2
17.41127, 0.00000,Total.SURVEY_LC1_3Bxx
    0.00,13835.32,Total.SURVEY_LC1_3C10
4.391229,0.000000,Total.SURVEY_LC1_3C1x
   0.000,3714.176,Total.SURVEY_LC1_3C21
  0.0000,940.7461,Total.SURVEY_LC1_3C22
 0.00000,42.83507,Total.SURVEY_LC1_3C23
   0.000,2595.576,Total.SURVEY_LC1_3C31
  0.0000,464.0427,Total.SURVEY_LC1_3C32
  0.0000,910.1378,Total.SURVEY_LC1_3C33
5.065707,0.000000,Total.SURVEY_LC1_3C3x
   0.000,1248.683,Total.SURVEY_LC1_3D10
3.754786,0.000000,Total.SURVEY_LC1_3D1x
  0.0000,854.6283,Total.SURVEY_LC1_3D20
7.538256,0.000000,Total.SURVEY_LC1_3D2x
  0.0000,894.9568,Total.SURVEY_LC1_3E10
   0.000,6339.931,Total.SURVEY_LC1_3E20
   0.000,1531.211,Total.SURVEY_LC1_3E30
8.065226,0.000000,Total.SURVEY_LC1_3Exx
  0.0000,137.3207,Total.SURVEY_LC1_3F10
0.000000,3.592064,Total.SURVEY_LC1_3F20
0.000000,8.663839,Total.SURVEY_LC1_3F30
   0.000,1196.938,Total.SURVEY_LC1_3F40
4.644078,0.000000,Total.SURVEY_LC1_3F4x
  0.0000,226.6476,Total.SURVEY_LC1_3G11
  0.0000,284.9388,Total.SURVEY_LC1_3G21
 0.00000,98.20844,Total.SURVEY_LC1_3H11
 3367.074,15452.038,Total.SURVEY_LU1_3U111
 42.38809,255.73906,Total.SURVEY_LU1_3U112
266.5618,245.8068,Total.SURVEY_LU1_3U113
    9.456936,21891.341093,Total.SURVEY_LU1_3U120
 0.00000,66.38874,Total.SURVEY_LU1_3U130
 0.00000,75.60975,Total.SURVEY_LU1_3U140
0.000000,7.392535,Total.SURVEY_LU1_3U150
 0.00000,85.20312,Total.SURVEY_LU1_3U210
 0.00000,24.25633,Total.SURVEY_LU1_3U221
 0.00000,19.56864,Total.SURVEY_LU1_3U222
 0.00000,17.61021,Total.SURVEY_LU1_3U223
0.000000,4.163172,Total.SURVEY_LU1_3U224
 0.00000,12.54528,Total.SURVEY_LU1_3U225
 0.00000,25.28407,Total.SURVEY_LU1_3U226
 0.00000,12.69658,Total.SURVEY_LU1_3U227
 0.00000,90.97991,Total.SURVEY_LU1_3U311
  0.0000,622.2526,Total.SURVEY_LU1_3U312
  0.0000,108.1037,Total.SURVEY_LU1_3U313
 0.00000,13.99272,Total.SURVEY_LU1_3U314
0.000000,6.967035,Total.SURVEY_LU1_3U315
 0.00000,79.14474,Total.SURVEY_LU1_3U317
 0.00000,66.74045,Total.SURVEY_LU1_3U318
 0.00000,64.55699,Total.SURVEY_LU1_3U319
 0.00000,89.18338,Total.SURVEY_LU1_3U321
 0.00000,24.08473,Total.SURVEY_LU1_3U322
 0.00000,42.43567,Total.SURVEY_LU1_3U330
 0.0000,55.6495,Total.SURVEY_LU1_3U341
  0.0000,231.5008,Total.SURVEY_LU1_3U350
  0.0000,167.6273,Total.SURVEY_LU1_3U361
  0.0000,118.9837,Total.SURVEY_LU1_3U362
   0.000,1217.884,Total.SURVEY_LU1_3U370
 0.00000,15.55058,Total.SURVEY_LU1_3U411
0.00000,3.71958,Total.SURVEY_LU1_3U412
0.000000,2.899875,Total.SURVEY_LU1_3U413
 0.00000,19.86438,Total.SURVEY_LU1_3U414
 20.52947,339.97034,Total.SURVEY_LU1_3U415
  15.60348,3735.65154,Total.SURVEY_LU1_3U420
 3721.613,42311.054,Total.settlement0
   0.000,3002.332,Total.settlement1
0.0000000,0.5530388,Total.settl_pc
 3712.157,21502.756,Total.fao_class_name0
    9.456936,22638.215108,Total.fao_class_name1
  0.0000,931.4628,Total.fao_class_name2
  0.0000,240.9523,Total.fao_class_name3
 3721.613,43521.741,Total.lue0
   0.000,1791.645,Total.lue1
 3721.613,43828.007,Total.lud0
   0.000,1485.379,Total.lud1
 66.49541,197.40459,SE.Total.area
 0.00000,56.37836,SE.Total.SURVEY_LC1_1A
66.19980,89.69337,SE.Total.SURVEY_LC1_1B
  2.216728,664.913503,SE.Total.SURVEY_LC1_1C
  0.0000,394.5954,SE.Total.SURVEY_LC1_1D
  5.600211,542.989248,SE.Total.SURVEY_LC1_1E
 2.032225,53.273252,SE.Total.SURVEY_LC1_1F
0.000000,8.838739,SE.Total.SURVEY_LC1_1G
0.000000,7.574741,SE.Total.SURVEY_LC1_1H
 66.24704,524.49742,SE.Total.SURVEY_LU1_1U1
 0.00000,26.00211,SE.Total.SURVEY_LU1_1U2
 0.00000,55.10626,SE.Total.SURVEY_LU1_1U3
  5.924224,482.775098,SE.Total.SURVEY_LU1_1U4
 0.00000,53.39027,SE.Total.SURVEY_LC1_2A1
 0.00000,61.38271,SE.Total.SURVEY_LC1_2A2
 0.00000,14.16848,SE.Total.SURVEY_LC1_2A3
 0.00000,76.38941,SE.Total.SURVEY_LC1_2B1
 0.00000,12.90505,SE.Total.SURVEY_LC1_2B2
 0.00000,57.52241,SE.Total.SURVEY_LC1_2B3
 0.00000,15.85756,SE.Total.SURVEY_LC1_2B4
 0.00000,43.74555,SE.Total.SURVEY_LC1_2B5
 0.00000,21.92672,SE.Total.SURVEY_LC1_2B7
 0.00000,14.11626,SE.Total.SURVEY_LC1_2B8
66.1998, 0.0000,SE.Total.SURVEY_LC1_2Bx
   0.000,1203.256,SE.Total.SURVEY_LC1_2C1
  0.0000,956.3158,SE.Total.SURVEY_LC1_2C2
  2.216728,886.991394,SE.Total.SURVEY_LC1_2C3
  0.0000,380.6341,SE.Total.SURVEY_LC1_2D1
  0.0000,104.1977,SE.Total.SURVEY_LC1_2D2
 0.00000,63.56304,SE.Total.SURVEY_LC1_2E1
  0.0000,429.7417,SE.Total.SURVEY_LC1_2E2
  0.0000,334.5394,SE.Total.SURVEY_LC1_2E3
5.600211,0.000000,SE.Total.SURVEY_LC1_2Ex
0.000000,3.345767,SE.Total.SURVEY_LC1_2F1
0,0,SE.Total.SURVEY_LC1_2F2
0,0,SE.Total.SURVEY_LC1_2F3
 2.032225,53.168085,SE.Total.SURVEY_LC1_2F4
 0.00000,21.36906,SE.Total.SURVEY_LC1_2G1
 0.00000,20.46441,SE.Total.SURVEY_LC1_2G2
0.000000,7.574741,SE.Total.SURVEY_LC1_2H1
 66.21085,427.54323,SE.Total.SURVEY_LU1_2U11
  2.216728,628.294719,SE.Total.SURVEY_LU1_2U12
 0.00000,18.89182,SE.Total.SURVEY_LU1_2U13
0.000000,7.942651,SE.Total.SURVEY_LU1_2U14
0,0,SE.Total.SURVEY_LU1_2U15
 0.000,21.067,SE.Total.SURVEY_LU1_2U21
 0.00000,16.39452,SE.Total.SURVEY_LU1_2U22
 0.00000,63.23896,SE.Total.SURVEY_LU1_2U31
 0.00000,18.77632,SE.Total.SURVEY_LU1_2U32
0.00000,7.20252,SE.Total.SURVEY_LU1_2U33
 0.00000,22.21757,SE.Total.SURVEY_LU1_2U34
 0.00000,19.02533,SE.Total.SURVEY_LU1_2U35
 0.0000,21.0173,SE.Total.SURVEY_LU1_2U36
 0.00000,57.76615,SE.Total.SURVEY_LU1_2U37
 1.932375,16.708883,SE.Total.SURVEY_LU1_2U41
  5.600211,482.512701,SE.Total.SURVEY_LU1_2U42
 0.00000,53.45218,SE.Total.SURVEY_LC1_3A11
 0.00000,15.47069,SE.Total.SURVEY_LC1_3A12
 0.00000,38.28211,SE.Total.SURVEY_LC1_3A21
 0.00000,56.69321,SE.Total.SURVEY_LC1_3A22
 0.00000,14.16848,SE.Total.SURVEY_LC1_3A30
 0.00000,53.67022,SE.Total.SURVEY_LC1_3B11
 0.00000,16.91856,SE.Total.SURVEY_LC1_3B12
 0.00000,31.90831,SE.Total.SURVEY_LC1_3B13
 0.00000,25.59264,SE.Total.SURVEY_LC1_3B14
 0.00000,14.21567,SE.Total.SURVEY_LC1_3B15
 0.00000,48.03548,SE.Total.SURVEY_LC1_3B16
 0.00000,11.59864,SE.Total.SURVEY_LC1_3B18
0.0000,9.9615,SE.Total.SURVEY_LC1_3B19
0.000000,5.195753,SE.Total.SURVEY_LC1_3B21
 0.00,10.01,SE.Total.SURVEY_LC1_3B22
0.000000,6.356463,SE.Total.SURVEY_LC1_3B23
 0.0000,25.3757,SE.Total.SURVEY_LC1_3B31
 0.00000,38.96844,SE.Total.SURVEY_LC1_3B32
 0.00000,37.29967,SE.Total.SURVEY_LC1_3B33
0.000000,6.918265,SE.Total.SURVEY_LC1_3B35
0.000000,6.742676,SE.Total.SURVEY_LC1_3B37
 0.00000,12.14923,SE.Total.SURVEY_LC1_3B41
 0.00000,10.20591,SE.Total.SURVEY_LC1_3B43
 0.00000,14.71787,SE.Total.SURVEY_LC1_3B51
 0.00000,21.96898,SE.Total.SURVEY_LC1_3B52
 0.00000,22.44966,SE.Total.SURVEY_LC1_3B53
0.000000,7.901452,SE.Total.SURVEY_LC1_3B54
 0.000,26.669,SE.Total.SURVEY_LC1_3B55
 0.00000,19.78716,SE.Total.SURVEY_LC1_3B71
0.000000,4.381845,SE.Total.SURVEY_LC1_3B72
0,0,SE.Total.SURVEY_LC1_3B73
0.000000,6.194573,SE.Total.SURVEY_LC1_3B74
0.000000,6.366299,SE.Total.SURVEY_LC1_3B75
 0.00000,13.77315,SE.Total.SURVEY_LC1_3B82
0.000000,3.112515,SE.Total.SURVEY_LC1_3B83
0,0,SE.Total.SURVEY_LC1_3B84
64.01633, 0.00000,SE.Total.SURVEY_LC1_3Bx1
16.67515, 0.00000,SE.Total.SURVEY_LC1_3Bx2
6.175266,0.000000,SE.Total.SURVEY_LC1_3Bxx
   0.000,1203.256,SE.Total.SURVEY_LC1_3C10
0,0,SE.Total.SURVEY_LC1_3C1x
  0.0000,885.3835,SE.Total.SURVEY_LC1_3C21
  0.0000,421.1695,SE.Total.SURVEY_LC1_3C22
0.000000,9.405543,SE.Total.SURVEY_LC1_3C23
  0.0000,737.3651,SE.Total.SURVEY_LC1_3C31
  0.0000,282.2867,SE.Total.SURVEY_LC1_3C32
  0.0000,514.6044,SE.Total.SURVEY_LC1_3C33
2.216728,0.000000,SE.Total.SURVEY_LC1_3C3x
  0.0000,380.6341,SE.Total.SURVEY_LC1_3D10
0,0,SE.Total.SURVEY_LC1_3D1x
  0.0000,104.1977,SE.Total.SURVEY_LC1_3D20
0,0,SE.Total.SURVEY_LC1_3D2x
 0.00000,63.56304,SE.Total.SURVEY_LC1_3E10
  0.0000,429.7417,SE.Total.SURVEY_LC1_3E20
  0.0000,334.5394,SE.Total.SURVEY_LC1_3E30
5.600211,0.000000,SE.Total.SURVEY_LC1_3Exx
0.000000,3.345767,SE.Total.SURVEY_LC1_3F10
0,0,SE.Total.SURVEY_LC1_3F20
0,0,SE.Total.SURVEY_LC1_3F30
 0.00000,53.16808,SE.Total.SURVEY_LC1_3F40
2.032225,0.000000,SE.Total.SURVEY_LC1_3F4x
 0.00000,21.36906,SE.Total.SURVEY_LC1_3G11
 0.00000,20.46441,SE.Total.SURVEY_LC1_3G21
0.000000,7.574741,SE.Total.SURVEY_LC1_3H11
 64.63641,428.07844,SE.Total.SURVEY_LU1_3U111
 6.334472,26.265791,SE.Total.SURVEY_LU1_3U112
14.88489,22.61863,SE.Total.SURVEY_LU1_3U113
  2.216728,628.294719,SE.Total.SURVEY_LU1_3U120
 0.00000,18.89182,SE.Total.SURVEY_LU1_3U130
0.000000,7.942651,SE.Total.SURVEY_LU1_3U140
0,0,SE.Total.SURVEY_LU1_3U150
 0.000,21.067,SE.Total.SURVEY_LU1_3U210
 0.00000,12.11945,SE.Total.SURVEY_LU1_3U221
0.000000,7.974416,SE.Total.SURVEY_LU1_3U222
0.000000,2.773208,SE.Total.SURVEY_LU1_3U223
0,0,SE.Total.SURVEY_LU1_3U224
0.000000,2.327805,SE.Total.SURVEY_LU1_3U225
0.00000,8.30208,SE.Total.SURVEY_LU1_3U226
0.000000,2.118073,SE.Total.SURVEY_LU1_3U227
 0.00000,15.96915,SE.Total.SURVEY_LU1_3U311
 0.00000,57.48324,SE.Total.SURVEY_LU1_3U312
 0.00000,22.42244,SE.Total.SURVEY_LU1_3U313
0.000000,3.923306,SE.Total.SURVEY_LU1_3U314
0.000000,4.837666,SE.Total.SURVEY_LU1_3U315
 0.00000,17.89515,SE.Total.SURVEY_LU1_3U317
0.00000,2.90329,SE.Total.SURVEY_LU1_3U318
0.000000,6.414931,SE.Total.SURVEY_LU1_3U319
 0.00000,17.74854,SE.Total.SURVEY_LU1_3U321
0.000000,6.126953,SE.Total.SURVEY_LU1_3U322
0.00000,7.20252,SE.Total.SURVEY_LU1_3U330
 0.00000,22.21757,SE.Total.SURVEY_LU1_3U341
 0.00000,19.02533,SE.Total.SURVEY_LU1_3U350
0.000000,9.601484,SE.Total.SURVEY_LU1_3U361
 0.00000,19.17343,SE.Total.SURVEY_LU1_3U362
 0.00000,57.76615,SE.Total.SURVEY_LU1_3U370
0.000000,1.923245,SE.Total.SURVEY_LU1_3U411
0,0,SE.Total.SURVEY_LU1_3U412
0,0,SE.Total.SURVEY_LU1_3U413
0,0,SE.Total.SURVEY_LU1_3U414
 1.932375,16.597828,SE.Total.SURVEY_LU1_3U415
  5.600211,482.512701,SE.Total.SURVEY_LU1_3U420
 66.49541,202.87808,SE.Total.settlement0
 0.00000,50.82557,SE.Total.settlement1
0.000000000,0.009362225,SE.Total.settl_pc
 66.45936,437.91813,SE.Total.fao_class_name0
  2.216728,600.040117,SE.Total.fao_class_name1
  0.0000,380.3729,SE.Total.fao_class_name2
 0.00000,11.57695,SE.Total.fao_class_name3
 66.49541,206.32195,SE.Total.lue0
 0.00000,61.49106,SE.Total.lue1
 66.49541,207.24404,SE.Total.lud0
 0.00000,65.06294,SE.Total.lud1
 3591.285,44926.481,CI.l(95%).Total.area
   0.000,1381.296,CI.l(95%).Total.SURVEY_LC1_1A
3558.405,8317.244,CI.l(95%).Total.SURVEY_LC1_1B
    5.112229,21199.624676,CI.l(95%).Total.SURVEY_LC1_1C
  11.29304,1329.91840,CI.l(95%).Total.SURVEY_LC1_1D
  -2.910986,7701.859789,CI.l(95%).Total.SURVEY_LC1_1E
   0.6609898,1242.1007863,CI.l(95%).Total.SURVEY_LC1_1F
  0.0000,494.2628,CI.l(95%).Total.SURVEY_LC1_1G
 0.00000,83.36222,CI.l(95%).Total.SURVEY_LC1_1H
 3555.639,36966.320,CI.l(95%).Total.SURVEY_LU1_1U1
  0.0000,150.3642,CI.l(95%).Total.SURVEY_LU1_1U2
   0.000,2892.081,CI.l(95%).Total.SURVEY_LU1_1U3
  24.52168,3171.43449,CI.l(95%).Total.SURVEY_LU1_1U4
  0.0000,400.5613,CI.l(95%).Total.SURVEY_LC1_2A1
  0.0000,763.5483,CI.l(95%).Total.SURVEY_LC1_2A2
 0.00000,74.96585,CI.l(95%).Total.SURVEY_LC1_2A3
   0.00,4841.74,CI.l(95%).Total.SURVEY_LC1_2B1
  0.0000,113.5936,CI.l(95%).Total.SURVEY_LC1_2B2
   0.000,1879.382,CI.l(95%).Total.SURVEY_LC1_2B3
  0.0000,103.7524,CI.l(95%).Total.SURVEY_LC1_2B4
  0.0000,760.1315,CI.l(95%).Total.SURVEY_LC1_2B5
  0.0000,241.1328,CI.l(95%).Total.SURVEY_LC1_2B7
 0.00000,78.08794,CI.l(95%).Total.SURVEY_LC1_2B8
3558.405,   0.000,CI.l(95%).Total.SURVEY_LC1_2Bx
    4.391229,11476.979521,CI.l(95%).Total.SURVEY_LC1_2C1
   0.000,2823.413,CI.l(95%).Total.SURVEY_LC1_2C2
   0.7210002,2231.2853362,CI.l(95%).Total.SURVEY_LC1_2C3
  3.754786,502.653707,CI.l(95%).Total.SURVEY_LC1_2D1
  7.538256,650.404518,CI.l(95%).Total.SURVEY_LC1_2D2
  0.0000,770.3755,CI.l(95%).Total.SURVEY_LC1_2E1
   0.000,5497.653,CI.l(95%).Total.SURVEY_LC1_2E2
  0.0000,875.5257,CI.l(95%).Total.SURVEY_LC1_2E3
-2.910986, 0.000000,CI.l(95%).Total.SURVEY_LC1_2Ex
  0.0000,130.7631,CI.l(95%).Total.SURVEY_LC1_2F1
0.000000,3.592064,CI.l(95%).Total.SURVEY_LC1_2F2
0.000000,8.663839,CI.l(95%).Total.SURVEY_LC1_2F3
   0.6609898,1092.7302856,CI.l(95%).Total.SURVEY_LC1_2F4
  0.000,184.765,CI.l(95%).Total.SURVEY_LC1_2G1
  0.0000,244.8293,CI.l(95%).Total.SURVEY_LC1_2G2
 0.00000,83.36222,CI.l(95%).Total.SURVEY_LC1_2H1
 3546.253,15115.614,CI.l(95%).Total.SURVEY_LU1_2U11
    5.112229,20659.906072,CI.l(95%).Total.SURVEY_LU1_2U12
 0.00000,29.36146,CI.l(95%).Total.SURVEY_LU1_2U13
 0.00000,60.04244,CI.l(95%).Total.SURVEY_LU1_2U14
0.000000,7.392535,CI.l(95%).Total.SURVEY_LU1_2U15
 0.00000,43.91256,CI.l(95%).Total.SURVEY_LU1_2U21
 0.00000,83.99161,CI.l(95%).Total.SURVEY_LU1_2U22
  0.0000,928.7921,CI.l(95%).Total.SURVEY_LU1_2U31
 0.00000,76.46721,CI.l(95%).Total.SURVEY_LU1_2U32
 0.00000,28.31899,CI.l(95%).Total.SURVEY_LU1_2U33
 0.00000,12.10385,CI.l(95%).Total.SURVEY_LU1_2U34
  0.0000,194.2118,CI.l(95%).Total.SURVEY_LU1_2U35
  0.0000,245.4178,CI.l(95%).Total.SURVEY_LU1_2U36
   0.000,1104.664,CI.l(95%).Total.SURVEY_LU1_2U37
 16.74208,349.25595,CI.l(95%).Total.SURVEY_LU1_2U41
   4.62727,2789.94402,CI.l(95%).Total.SURVEY_LU1_2U42
  0.0000,374.2037,CI.l(95%).Total.SURVEY_LC1_3A11
 0.000000,-4.085733,CI.l(95%).Total.SURVEY_LC1_3A12
  0.0000,168.8767,CI.l(95%).Total.SURVEY_LC1_3A21
  0.0000,528.8313,CI.l(95%).Total.SURVEY_LC1_3A22
 0.00000,74.96585,CI.l(95%).Total.SURVEY_LC1_3A30
   0.000,2010.813,CI.l(95%).Total.SURVEY_LC1_3B11
  0.0000,172.2567,CI.l(95%).Total.SURVEY_LC1_3B12
  0.0000,592.4636,CI.l(95%).Total.SURVEY_LC1_3B13
 0.00000,28.39761,CI.l(95%).Total.SURVEY_LC1_3B14
 0.00000,65.11245,CI.l(95%).Total.SURVEY_LC1_3B15
   0.000,1611.268,CI.l(95%).Total.SURVEY_LC1_3B16
 0.00000,54.88087,CI.l(95%).Total.SURVEY_LC1_3B18
 0.00000,40.94966,CI.l(95%).Total.SURVEY_LC1_3B19
 0.00000,14.81364,CI.l(95%).Total.SURVEY_LC1_3B21
 0.00000,67.29889,CI.l(95%).Total.SURVEY_LC1_3B22
 0.00000,14.51335,CI.l(95%).Total.SURVEY_LC1_3B23
  0.0000,441.0921,CI.l(95%).Total.SURVEY_LC1_3B31
  0.0000,855.9818,CI.l(95%).Total.SURVEY_LC1_3B32
  0.000,436.721,CI.l(95%).Total.SURVEY_LC1_3B33
 0.00000,26.63454,CI.l(95%).Total.SURVEY_LC1_3B35
0.000000,5.701482,CI.l(95%).Total.SURVEY_LC1_3B37
 0.00000,80.40248,CI.l(95%).Total.SURVEY_LC1_3B41
 0.00000,10.61488,CI.l(95%).Total.SURVEY_LC1_3B43
 0.00000,74.41938,CI.l(95%).Total.SURVEY_LC1_3B51
  0.000,278.603,CI.l(95%).Total.SURVEY_LC1_3B52
  0.0000,198.6904,CI.l(95%).Total.SURVEY_LC1_3B53
 0.00000,13.34011,CI.l(95%).Total.SURVEY_LC1_3B54
 0.00000,97.15612,CI.l(95%).Total.SURVEY_LC1_3B55
  0.0000,123.1156,CI.l(95%).Total.SURVEY_LC1_3B71
0.00000,2.54266,CI.l(95%).Total.SURVEY_LC1_3B72
 0.00000,19.65715,CI.l(95%).Total.SURVEY_LC1_3B73
0.000000,9.224976,CI.l(95%).Total.SURVEY_LC1_3B74
 0.00000,57.57881,CI.l(95%).Total.SURVEY_LC1_3B75
 0.00000,58.71221,CI.l(95%).Total.SURVEY_LC1_3B82
 0.00000,10.94431,CI.l(95%).Total.SURVEY_LC1_3B83
0.00000,3.00349,CI.l(95%).Total.SURVEY_LC1_3B84
3271.384,   0.000,CI.l(95%).Total.SURVEY_LC1_3Bx1
241.2068,  0.0000,CI.l(95%).Total.SURVEY_LC1_3Bx2
5.307969,0.000000,CI.l(95%).Total.SURVEY_LC1_3Bxx
    0.00,11476.98,CI.l(95%).Total.SURVEY_LC1_3C10
4.391229,0.000000,CI.l(95%).Total.SURVEY_LC1_3C1x
   0.000,1978.856,CI.l(95%).Total.SURVEY_LC1_3C21
  0.0000,115.2691,CI.l(95%).Total.SURVEY_LC1_3C22
 0.00000,24.40054,CI.l(95%).Total.SURVEY_LC1_3C23
   0.000,1150.367,CI.l(95%).Total.SURVEY_LC1_3C31
  0.00000,-89.22903,CI.l(95%).Total.SURVEY_LC1_3C32
  0.00000,-98.46838,CI.l(95%).Total.SURVEY_LC1_3C33
0.7210002,0.0000000,CI.l(95%).Total.SURVEY_LC1_3C3x
  0.0000,502.6537,CI.l(95%).Total.SURVEY_LC1_3D10
3.754786,0.000000,CI.l(95%).Total.SURVEY_LC1_3D1x
  0.0000,650.4045,CI.l(95%).Total.SURVEY_LC1_3D20
7.538256,0.000000,CI.l(95%).Total.SURVEY_LC1_3D2x
  0.0000,770.3755,CI.l(95%).Total.SURVEY_LC1_3E10
   0.000,5497.653,CI.l(95%).Total.SURVEY_LC1_3E20
  0.0000,875.5257,CI.l(95%).Total.SURVEY_LC1_3E30
-2.910986, 0.000000,CI.l(95%).Total.SURVEY_LC1_3Exx
  0.0000,130.7631,CI.l(95%).Total.SURVEY_LC1_3F10
0.000000,3.592064,CI.l(95%).Total.SURVEY_LC1_3F20
0.000000,8.663839,CI.l(95%).Total.SURVEY_LC1_3F30
   0.00,1092.73,CI.l(95%).Total.SURVEY_LC1_3F40
0.6609898,0.0000000,CI.l(95%).Total.SURVEY_LC1_3F4x
  0.000,184.765,CI.l(95%).Total.SURVEY_LC1_3G11
  0.0000,244.8293,CI.l(95%).Total.SURVEY_LC1_3G21
 0.00000,83.36222,CI.l(95%).Total.SURVEY_LC1_3H11
 3240.389,14613.020,CI.l(95%).Total.SURVEY_LU1_3U111
 29.97275,204.25906,CI.l(95%).Total.SURVEY_LU1_3U112
237.3879,201.4751,CI.l(95%).Total.SURVEY_LU1_3U113
    5.112229,20659.906072,CI.l(95%).Total.SURVEY_LU1_3U120
 0.00000,29.36146,CI.l(95%).Total.SURVEY_LU1_3U130
 0.00000,60.04244,CI.l(95%).Total.SURVEY_LU1_3U140
0.000000,7.392535,CI.l(95%).Total.SURVEY_LU1_3U150
 0.00000,43.91256,CI.l(95%).Total.SURVEY_LU1_3U210
0.0000000,0.5026515,CI.l(95%).Total.SURVEY_LU1_3U221
0.000000,3.939076,CI.l(95%).Total.SURVEY_LU1_3U222
 0.00000,12.17482,CI.l(95%).Total.SURVEY_LU1_3U223
0.000000,4.163172,CI.l(95%).Total.SURVEY_LU1_3U224
0.000000,7.982862,CI.l(95%).Total.SURVEY_LU1_3U225
0.000000,9.012294,CI.l(95%).Total.SURVEY_LU1_3U226
0.000000,8.545237,CI.l(95%).Total.SURVEY_LU1_3U227
 0.00000,59.68096,CI.l(95%).Total.SURVEY_LU1_3U311
  0.0000,509.5875,CI.l(95%).Total.SURVEY_LU1_3U312
 0.00000,64.15653,CI.l(95%).Total.SURVEY_LU1_3U313
0.000000,6.303181,CI.l(95%).Total.SURVEY_LU1_3U314
 0.000000,-2.514616,CI.l(95%).Total.SURVEY_LU1_3U315
 0.00000,44.07089,CI.l(95%).Total.SURVEY_LU1_3U317
 0.00000,61.05011,CI.l(95%).Total.SURVEY_LU1_3U318
 0.00000,51.98395,CI.l(95%).Total.SURVEY_LU1_3U319
 0.00000,54.39689,CI.l(95%).Total.SURVEY_LU1_3U321
 0.00000,12.07613,CI.l(95%).Total.SURVEY_LU1_3U322
 0.00000,28.31899,CI.l(95%).Total.SURVEY_LU1_3U330
 0.00000,12.10385,CI.l(95%).Total.SURVEY_LU1_3U341
  0.0000,194.2118,CI.l(95%).Total.SURVEY_LU1_3U350
  0.0000,148.8087,CI.l(95%).Total.SURVEY_LU1_3U361
 0.00000,81.40445,CI.l(95%).Total.SURVEY_LU1_3U362
   0.000,1104.664,CI.l(95%).Total.SURVEY_LU1_3U370
 0.00000,11.78109,CI.l(95%).Total.SURVEY_LU1_3U411
0.00000,3.71958,CI.l(95%).Total.SURVEY_LU1_3U412
0.000000,2.899875,CI.l(95%).Total.SURVEY_LU1_3U413
 0.00000,19.86438,CI.l(95%).Total.SURVEY_LU1_3U414
 16.74208,307.43920,CI.l(95%).Total.SURVEY_LU1_3U415
   4.62727,2789.94402,CI.l(95%).Total.SURVEY_LU1_3U420
 3591.285,41913.420,CI.l(95%).Total.settlement0
   0.000,2902.716,CI.l(95%).Total.settlement1
0.0000000,0.5346891,CI.l(95%).Total.settl_pc
 3581.899,20644.453,CI.l(95%).Total.fao_class_name0
    5.112229,21462.158088,CI.l(95%).Total.fao_class_name1
  0.0000,185.9456,CI.l(95%).Total.fao_class_name2
  0.0000,218.2619,CI.l(95%).Total.fao_class_name3
 3591.285,43117.358,CI.l(95%).Total.lue0
   0.000,1671.125,CI.l(95%).Total.lue1
 3591.285,43421.817,CI.l(95%).Total.lud0
   0.000,1357.858,CI.l(95%).Total.lud1
 3851.942,45700.292,CI.u(95%).Total.area
   0.000,1602.296,CI.u(95%).Total.SURVEY_LC1_1A
3817.903,8668.835,CI.u(95%).Total.SURVEY_LC1_1B
   13.80164,23806.03771,CI.u(95%).Total.SURVEY_LC1_1C
  11.29304,2876.70408,CI.u(95%).Total.SURVEY_LC1_1D
  19.04144,9830.33853,CI.u(95%).Total.SURVEY_LC1_1E
   8.627166,1450.928097,CI.u(95%).Total.SURVEY_LC1_1F
  0.00,528.91,CI.u(95%).Total.SURVEY_LC1_1G
  0.0000,113.0547,CI.u(95%).Total.SURVEY_LC1_1H
 3815.322,39022.312,CI.u(95%).Total.SURVEY_LU1_1U1
  0.0000,252.2906,CI.u(95%).Total.SURVEY_LU1_1U2
   0.000,3108.093,CI.u(95%).Total.SURVEY_LU1_1U3
  47.74422,5063.87810,CI.u(95%).Total.SURVEY_LU1_1U4
  0.0000,609.8473,CI.u(95%).Total.SURVEY_LC1_2A1
   0.000,1004.164,CI.u(95%).Total.SURVEY_LC1_2A2
  0.0000,130.5052,CI.u(95%).Total.SURVEY_LC1_2A3
   0.000,5141.181,CI.u(95%).Total.SURVEY_LC1_2B1
  0.0000,164.1805,CI.u(95%).Total.SURVEY_LC1_2B2
   0.000,2104.866,CI.u(95%).Total.SURVEY_LC1_2B3
  0.0000,165.9129,CI.u(95%).Total.SURVEY_LC1_2B4
  0.0000,931.6109,CI.u(95%).Total.SURVEY_LC1_2B5
  0.000,327.084,CI.u(95%).Total.SURVEY_LC1_2B7
  0.0000,133.4227,CI.u(95%).Total.SURVEY_LC1_2B8
3817.903,   0.000,CI.u(95%).Total.SURVEY_LC1_2Bx
    4.391229,16193.655120,CI.u(95%).Total.SURVEY_LC1_2C1
   0.000,6572.102,CI.u(95%).Total.SURVEY_LC1_2C2
   9.410415,5708.227708,CI.u(95%).Total.SURVEY_LC1_2C3
   3.754786,1994.712147,CI.u(95%).Total.SURVEY_LC1_2D1
   7.538256,1058.852114,CI.u(95%).Total.SURVEY_LC1_2D2
   0.000,1019.538,CI.u(95%).Total.SURVEY_LC1_2E1
   0.00,7182.21,CI.u(95%).Total.SURVEY_LC1_2E2
   0.000,2186.896,CI.u(95%).Total.SURVEY_LC1_2E3
19.04144, 0.00000,CI.u(95%).Total.SURVEY_LC1_2Ex
  0.0000,143.8783,CI.u(95%).Total.SURVEY_LC1_2F1
0.000000,3.592064,CI.u(95%).Total.SURVEY_LC1_2F2
0.000000,8.663839,CI.u(95%).Total.SURVEY_LC1_2F3
   8.627166,1301.145348,CI.u(95%).Total.SURVEY_LC1_2F4
  0.0000,268.5302,CI.u(95%).Total.SURVEY_LC1_2G1
  0.0000,325.0483,CI.u(95%).Total.SURVEY_LC1_2G2
  0.0000,113.0547,CI.u(95%).Total.SURVEY_LC1_2H1
 3805.794,16791.553,CI.u(95%).Total.SURVEY_LU1_2U11
   13.80164,23122.77611,CI.u(95%).Total.SURVEY_LU1_2U12
  0.000,103.416,CI.u(95%).Total.SURVEY_LU1_2U13
 0.00000,91.17706,CI.u(95%).Total.SURVEY_LU1_2U14
0.000000,7.392535,CI.u(95%).Total.SURVEY_LU1_2U15
  0.0000,126.4937,CI.u(95%).Total.SURVEY_LU1_2U21
  0.000,148.257,CI.u(95%).Total.SURVEY_LU1_2U22
   0.000,1176.684,CI.u(95%).Total.SURVEY_LU1_2U31
  0.000,150.069,CI.u(95%).Total.SURVEY_LU1_2U32
 0.00000,56.55235,CI.u(95%).Total.SURVEY_LU1_2U33
 0.00000,99.19514,CI.u(95%).Total.SURVEY_LU1_2U34
  0.0000,268.7897,CI.u(95%).Total.SURVEY_LU1_2U35
  0.0000,327.8041,CI.u(95%).Total.SURVEY_LU1_2U36
   0.000,1331.103,CI.u(95%).Total.SURVEY_LU1_2U37
 24.31685,414.75357,CI.u(95%).Total.SURVEY_LU1_2U41
  26.57969,4681.35906,CI.u(95%).Total.SURVEY_LU1_2U42
  0.0000,583.7324,CI.u(95%).Total.SURVEY_LC1_3A11
 0.00000,56.55827,CI.u(95%).Total.SURVEY_LC1_3A12
  0.0000,318.9398,CI.u(95%).Total.SURVEY_LC1_3A21
  0.0000,751.0646,CI.u(95%).Total.SURVEY_LC1_3A22
  0.0000,130.5052,CI.u(95%).Total.SURVEY_LC1_3A30
   0.000,2221.197,CI.u(95%).Total.SURVEY_LC1_3B11
  0.0000,238.5763,CI.u(95%).Total.SURVEY_LC1_3B12
  0.0000,717.5418,CI.u(95%).Total.SURVEY_LC1_3B13
  0.0000,128.7189,CI.u(95%).Total.SURVEY_LC1_3B14
  0.0000,120.8369,CI.u(95%).Total.SURVEY_LC1_3B15
   0.000,1799.564,CI.u(95%).Total.SURVEY_LC1_3B16
  0.0000,100.3467,CI.u(95%).Total.SURVEY_LC1_3B18
 0.00000,79.99803,CI.u(95%).Total.SURVEY_LC1_3B19
 0.00000,35.18062,CI.u(95%).Total.SURVEY_LC1_3B21
  0.0000,106.5374,CI.u(95%).Total.SURVEY_LC1_3B22
 0.00000,39.43022,CI.u(95%).Total.SURVEY_LC1_3B23
  0.000,540.563,CI.u(95%).Total.SURVEY_LC1_3B31
   0.000,1008.735,CI.u(95%).Total.SURVEY_LC1_3B32
  0.000,582.933,CI.u(95%).Total.SURVEY_LC1_3B33
 0.00000,53.75364,CI.u(95%).Total.SURVEY_LC1_3B35
 0.00000,32.13229,CI.u(95%).Total.SURVEY_LC1_3B37
  0.0000,128.0266,CI.u(95%).Total.SURVEY_LC1_3B41
 0.00000,50.62131,CI.u(95%).Total.SURVEY_LC1_3B43
  0.0000,132.1124,CI.u(95%).Total.SURVEY_LC1_3B51
  0.0000,364.7198,CI.u(95%).Total.SURVEY_LC1_3B52
  0.0000,286.6914,CI.u(95%).Total.SURVEY_LC1_3B53
 0.00000,44.31324,CI.u(95%).Total.SURVEY_LC1_3B54
  0.0000,201.6967,CI.u(95%).Total.SURVEY_LC1_3B55
  0.0000,200.6798,CI.u(95%).Total.SURVEY_LC1_3B71
 0.00000,19.71918,CI.u(95%).Total.SURVEY_LC1_3B72
 0.00000,19.65715,CI.u(95%).Total.SURVEY_LC1_3B73
 0.00000,33.50725,CI.u(95%).Total.SURVEY_LC1_3B74
 0.00000,82.53424,CI.u(95%).Total.SURVEY_LC1_3B75
  0.0000,112.7019,CI.u(95%).Total.SURVEY_LC1_3B82
 0.00000,23.14515,CI.u(95%).Total.SURVEY_LC1_3B83
0.00000,3.00349,CI.u(95%).Total.SURVEY_LC1_3B84
3522.323,   0.000,CI.u(95%).Total.SURVEY_LC1_3Bx1
306.5722,  0.0000,CI.u(95%).Total.SURVEY_LC1_3Bx2
29.51457, 0.00000,CI.u(95%).Total.SURVEY_LC1_3Bxx
    0.00,16193.66,CI.u(95%).Total.SURVEY_LC1_3C10
4.391229,0.000000,CI.u(95%).Total.SURVEY_LC1_3C1x
   0.000,5449.496,CI.u(95%).Total.SURVEY_LC1_3C21
   0.000,1766.223,CI.u(95%).Total.SURVEY_LC1_3C22
 0.00000,61.26959,CI.u(95%).Total.SURVEY_LC1_3C23
   0.000,4040.785,CI.u(95%).Total.SURVEY_LC1_3C31
   0.000,1017.314,CI.u(95%).Total.SURVEY_LC1_3C32
   0.000,1918.744,CI.u(95%).Total.SURVEY_LC1_3C33
9.410415,0.000000,CI.u(95%).Total.SURVEY_LC1_3C3x
   0.000,1994.712,CI.u(95%).Total.SURVEY_LC1_3D10
3.754786,0.000000,CI.u(95%).Total.SURVEY_LC1_3D1x
   0.000,1058.852,CI.u(95%).Total.SURVEY_LC1_3D20
7.538256,0.000000,CI.u(95%).Total.SURVEY_LC1_3D2x
   0.000,1019.538,CI.u(95%).Total.SURVEY_LC1_3E10
   0.00,7182.21,CI.u(95%).Total.SURVEY_LC1_3E20
   0.000,2186.896,CI.u(95%).Total.SURVEY_LC1_3E30
19.04144, 0.00000,CI.u(95%).Total.SURVEY_LC1_3Exx
  0.0000,143.8783,CI.u(95%).Total.SURVEY_LC1_3F10
0.000000,3.592064,CI.u(95%).Total.SURVEY_LC1_3F20
0.000000,8.663839,CI.u(95%).Total.SURVEY_LC1_3F30
   0.000,1301.145,CI.u(95%).Total.SURVEY_LC1_3F40
8.627166,0.000000,CI.u(95%).Total.SURVEY_LC1_3F4x
  0.0000,268.5302,CI.u(95%).Total.SURVEY_LC1_3G11
  0.0000,325.0483,CI.u(95%).Total.SURVEY_LC1_3G21
  0.0000,113.0547,CI.u(95%).Total.SURVEY_LC1_3H11
 3493.759,16291.056,CI.u(95%).Total.SURVEY_LU1_3U111
 54.80343,307.21907,CI.u(95%).Total.SURVEY_LU1_3U112
295.7356,290.1385,CI.u(95%).Total.SURVEY_LU1_3U113
   13.80164,23122.77611,CI.u(95%).Total.SURVEY_LU1_3U120
  0.000,103.416,CI.u(95%).Total.SURVEY_LU1_3U130
 0.00000,91.17706,CI.u(95%).Total.SURVEY_LU1_3U140
0.000000,7.392535,CI.u(95%).Total.SURVEY_LU1_3U150
  0.0000,126.4937,CI.u(95%).Total.SURVEY_LU1_3U210
 0.00000,48.01001,CI.u(95%).Total.SURVEY_LU1_3U221
 0.00000,35.19821,CI.u(95%).Total.SURVEY_LU1_3U222
 0.0000,23.0456,CI.u(95%).Total.SURVEY_LU1_3U223
0.000000,4.163172,CI.u(95%).Total.SURVEY_LU1_3U224
 0.00000,17.10769,CI.u(95%).Total.SURVEY_LU1_3U225
 0.00000,41.55585,CI.u(95%).Total.SURVEY_LU1_3U226
 0.00000,16.84793,CI.u(95%).Total.SURVEY_LU1_3U227
  0.0000,122.2789,CI.u(95%).Total.SURVEY_LU1_3U311
  0.0000,734.9177,CI.u(95%).Total.SURVEY_LU1_3U312
  0.0000,152.0509,CI.u(95%).Total.SURVEY_LU1_3U313
 0.00000,21.68226,CI.u(95%).Total.SURVEY_LU1_3U314
 0.00000,16.44869,CI.u(95%).Total.SURVEY_LU1_3U315
  0.0000,114.2186,CI.u(95%).Total.SURVEY_LU1_3U317
 0.0000,72.4308,CI.u(95%).Total.SURVEY_LU1_3U318
 0.00000,77.13002,CI.u(95%).Total.SURVEY_LU1_3U319
  0.0000,123.9699,CI.u(95%).Total.SURVEY_LU1_3U321
 0.00000,36.09334,CI.u(95%).Total.SURVEY_LU1_3U322
 0.00000,56.55235,CI.u(95%).Total.SURVEY_LU1_3U330
 0.00000,99.19514,CI.u(95%).Total.SURVEY_LU1_3U341
  0.0000,268.7897,CI.u(95%).Total.SURVEY_LU1_3U350
  0.0000,186.4458,CI.u(95%).Total.SURVEY_LU1_3U361
  0.0000,156.5629,CI.u(95%).Total.SURVEY_LU1_3U362
   0.000,1331.103,CI.u(95%).Total.SURVEY_LU1_3U370
 0.00000,19.32008,CI.u(95%).Total.SURVEY_LU1_3U411
0.00000,3.71958,CI.u(95%).Total.SURVEY_LU1_3U412
0.000000,2.899875,CI.u(95%).Total.SURVEY_LU1_3U413
 0.00000,19.86438,CI.u(95%).Total.SURVEY_LU1_3U414
 24.31685,372.50149,CI.u(95%).Total.SURVEY_LU1_3U415
  26.57969,4681.35906,CI.u(95%).Total.SURVEY_LU1_3U420
 3851.942,42708.688,CI.u(95%).Total.settlement0
   0.000,3101.949,CI.u(95%).Total.settlement1
0.0000000,0.5713884,CI.u(95%).Total.settl_pc
 3842.414,22361.060,CI.u(95%).Total.fao_class_name0
   13.80164,23814.27213,CI.u(95%).Total.fao_class_name1
   0.00,1676.98,CI.u(95%).Total.fao_class_name2
  0.0000,263.6427,CI.u(95%).Total.fao_class_name3
 3851.942,43926.125,CI.u(95%).Total.lue0
   0.000,1912.165,CI.u(95%).Total.lue1
 3851.942,44234.198,CI.u(95%).Total.lud0
   0.0,1612.9,CI.u(95%).Total.lud1
0.01786736,0.00435643,CV.Total.area
NA,0.03779227,CV.Total.SURVEY_LC1_1A
0.01794930,0.01056081,CV.Total.SURVEY_LC1_1B
0.23440235,0.02954799,CV.Total.SURVEY_LC1_1C
0.0000000,0.1876068,CV.Total.SURVEY_LC1_1D
0.69436507,0.06194195,CV.Total.SURVEY_LC1_1E
0.43759497,0.03956382,CV.Total.SURVEY_LC1_1F
NA,0.01727712,CV.Total.SURVEY_LC1_1G
NA,0.07712923,CV.Total.SURVEY_LC1_1H
0.01797514,0.01380463,CV.Total.SURVEY_LU1_1U1
NA,0.1291534,CV.Total.SURVEY_LU1_1U2
NA,0.01836822,CV.Total.SURVEY_LU1_1U3
0.1639563,0.1172451,CV.Total.SURVEY_LU1_1U4
NA,0.1056806,CV.Total.SURVEY_LC1_2A1
NA,0.06944875,CV.Total.SURVEY_LC1_2A2
NA,0.1379121,CV.Total.SURVEY_LC1_2A3
NA,0.01530402,CV.Total.SURVEY_LC1_2B1
NA,0.0929176,CV.Total.SURVEY_LC1_2B2
NA,0.02887491,CV.Total.SURVEY_LC1_2B3
NA,0.1176092,CV.Total.SURVEY_LC1_2B4
NA,0.05171656,CV.Total.SURVEY_LC1_2B5
NA,0.07717731,CV.Total.SURVEY_LC1_2B7
NA,0.1334804,CV.Total.SURVEY_LC1_2B8
0.0179493,NA,CV.Total.SURVEY_LC1_2Bx
0.00000000,0.08696987,CV.Total.SURVEY_LC1_2C1
NA,0.2035686,CV.Total.SURVEY_LC1_2C2
0.4375950,0.2234372,CV.Total.SURVEY_LC1_2C3
0.0000000,0.3048285,CV.Total.SURVEY_LC1_2D1
0.0000000,0.1219217,CV.Total.SURVEY_LC1_2D2
NA,0.07102359,CV.Total.SURVEY_LC1_2E1
NA,0.06778334,CV.Total.SURVEY_LC1_2E2
NA,0.2184803,CV.Total.SURVEY_LC1_2E3
0.6943651,NA,CV.Total.SURVEY_LC1_2Ex
NA,0.02436462,CV.Total.SURVEY_LC1_2F1
NA,  0,CV.Total.SURVEY_LC1_2F2
NA,  0,CV.Total.SURVEY_LC1_2F3
0.43759497,0.04442009,CV.Total.SURVEY_LC1_2F4
NA,0.09428319,CV.Total.SURVEY_LC1_2G1
NA,0.07182037,CV.Total.SURVEY_LC1_2G2
NA,0.07712923,CV.Total.SURVEY_LC1_2H1
0.01801154,0.02679920,CV.Total.SURVEY_LU1_2U11
0.2344023,0.0287006,CV.Total.SURVEY_LU1_2U12
NA,0.2845635,CV.Total.SURVEY_LU1_2U13
NA,0.105048,CV.Total.SURVEY_LU1_2U14
NA,  0,CV.Total.SURVEY_LU1_2U15
NA,0.2472562,CV.Total.SURVEY_LU1_2U21
NA,0.1411808,CV.Total.SURVEY_LU1_2U22
NA,0.06007093,CV.Total.SURVEY_LU1_2U31
NA,0.1657688,CV.Total.SURVEY_LU1_2U32
NA,0.169728,CV.Total.SURVEY_LU1_2U33
NA,0.3992412,CV.Total.SURVEY_LU1_2U34
NA,0.08218259,CV.Total.SURVEY_LU1_2U35
NA,0.07333042,CV.Total.SURVEY_LU1_2U36
NA,0.04743158,CV.Total.SURVEY_LU1_2U37
0.09412687,0.04373999,CV.Total.SURVEY_LU1_2U41
0.3589078,0.1291643,CV.Total.SURVEY_LU1_2U42
NA,0.1115986,CV.Total.SURVEY_LC1_3A11
NA,0.5896682,CV.Total.SURVEY_LC1_3A12
NA,0.1569529,CV.Total.SURVEY_LC1_3A21
NA,0.08859035,CV.Total.SURVEY_LC1_3A22
NA,0.1379121,CV.Total.SURVEY_LC1_3A30
NA,0.02536394,CV.Total.SURVEY_LC1_3B11
NA,0.08236222,CV.Total.SURVEY_LC1_3B12
NA,0.04871477,CV.Total.SURVEY_LC1_3B13
NA,0.3257791,CV.Total.SURVEY_LC1_3B14
NA,0.1528984,CV.Total.SURVEY_LC1_3B15
NA,0.02816642,CV.Total.SURVEY_LC1_3B16
NA,0.1494405,CV.Total.SURVEY_LC1_3B18
NA,0.1647241,CV.Total.SURVEY_LC1_3B19
NA,0.2078539,CV.Total.SURVEY_LC1_3B21
NA,0.1151659,CV.Total.SURVEY_LC1_3B22
NA,0.2356708,CV.Total.SURVEY_LC1_3B23
NA,0.05169983,CV.Total.SURVEY_LC1_3B31
NA,0.04179556,CV.Total.SURVEY_LC1_3B32
NA,0.07316141,CV.Total.SURVEY_LC1_3B33
NA,0.1721214,CV.Total.SURVEY_LC1_3B35
NA,0.3564369,CV.Total.SURVEY_LC1_3B37
NA,0.116579,CV.Total.SURVEY_LC1_3B41
NA,0.3333293,CV.Total.SURVEY_LC1_3B43
NA,0.142524,CV.Total.SURVEY_LC1_3B51
NA,0.06829846,CV.Total.SURVEY_LC1_3B52
NA,0.09250309,CV.Total.SURVEY_LC1_3B53
NA,0.2741021,CV.Total.SURVEY_LC1_3B54
NA,0.1784758,CV.Total.SURVEY_LC1_3B55
NA,0.1222201,CV.Total.SURVEY_LC1_3B71
NA,0.3936643,CV.Total.SURVEY_LC1_3B72
NA,  0,CV.Total.SURVEY_LC1_3B73
NA,0.2899251,CV.Total.SURVEY_LC1_3B74
NA,0.09087375,CV.Total.SURVEY_LC1_3B75
NA,0.1607002,CV.Total.SURVEY_LC1_3B82
NA,0.1826087,CV.Total.SURVEY_LC1_3B83
NA,  0,CV.Total.SURVEY_LC1_3B84
0.01884577,NA,CV.Total.SURVEY_LC1_3Bx1
0.06088277,NA,CV.Total.SURVEY_LC1_3Bx2
0.3546707,NA,CV.Total.SURVEY_LC1_3Bxx
NA,0.08696987,CV.Total.SURVEY_LC1_3C10
  0,NA,CV.Total.SURVEY_LC1_3C1x
NA,0.2383795,CV.Total.SURVEY_LC1_3C21
NA,0.4476973,CV.Total.SURVEY_LC1_3C22
NA,0.2195758,CV.Total.SURVEY_LC1_3C23
NA,0.2840854,CV.Total.SURVEY_LC1_3C31
NA,0.6083205,CV.Total.SURVEY_LC1_3C32
NA,0.5654138,CV.Total.SURVEY_LC1_3C33
0.437595,NA,CV.Total.SURVEY_LC1_3C3x
NA,0.3048285,CV.Total.SURVEY_LC1_3D10
  0,NA,CV.Total.SURVEY_LC1_3D1x
NA,0.1219217,CV.Total.SURVEY_LC1_3D20
  0,NA,CV.Total.SURVEY_LC1_3D2x
NA,0.07102359,CV.Total.SURVEY_LC1_3E10
NA,0.06778334,CV.Total.SURVEY_LC1_3E20
NA,0.2184803,CV.Total.SURVEY_LC1_3E30
0.6943651,NA,CV.Total.SURVEY_LC1_3Exx
NA,0.02436462,CV.Total.SURVEY_LC1_3F10
NA,  0,CV.Total.SURVEY_LC1_3F20
NA,  0,CV.Total.SURVEY_LC1_3F30
NA,0.04442009,CV.Total.SURVEY_LC1_3F40
0.437595,NA,CV.Total.SURVEY_LC1_3F4x
NA,0.09428319,CV.Total.SURVEY_LC1_3G11
NA,0.07182037,CV.Total.SURVEY_LC1_3G21
NA,0.07712923,CV.Total.SURVEY_LC1_3H11
0.01919661,0.02770369,CV.Total.SURVEY_LU1_3U111
0.1494399,0.1027054,CV.Total.SURVEY_LU1_3U112
0.05584030,0.09201789,CV.Total.SURVEY_LU1_3U113
0.2344023,0.0287006,CV.Total.SURVEY_LU1_3U120
NA,0.2845635,CV.Total.SURVEY_LU1_3U130
NA,0.105048,CV.Total.SURVEY_LU1_3U140
NA,  0,CV.Total.SURVEY_LU1_3U150
NA,0.2472562,CV.Total.SURVEY_LU1_3U210
NA,0.4996406,CV.Total.SURVEY_LU1_3U221
NA,0.4075099,CV.Total.SURVEY_LU1_3U222
NA,0.1574773,CV.Total.SURVEY_LU1_3U223
NA,  0,CV.Total.SURVEY_LU1_3U224
NA,0.1855523,CV.Total.SURVEY_LU1_3U225
NA,0.3283522,CV.Total.SURVEY_LU1_3U226
NA,0.1668223,CV.Total.SURVEY_LU1_3U227
NA,0.1755239,CV.Total.SURVEY_LU1_3U311
NA,0.09237927,CV.Total.SURVEY_LU1_3U312
NA,0.207416,CV.Total.SURVEY_LU1_3U313
NA,0.280382,CV.Total.SURVEY_LU1_3U314
NA,0.6943651,CV.Total.SURVEY_LU1_3U315
NA,0.2261066,CV.Total.SURVEY_LU1_3U317
NA,0.04350121,CV.Total.SURVEY_LU1_3U318
NA,0.09936851,CV.Total.SURVEY_LU1_3U319
NA,0.1990117,CV.Total.SURVEY_LU1_3U321
NA,0.2543916,CV.Total.SURVEY_LU1_3U322
NA,0.169728,CV.Total.SURVEY_LU1_3U330
NA,0.3992412,CV.Total.SURVEY_LU1_3U341
NA,0.08218259,CV.Total.SURVEY_LU1_3U350
NA,0.05727877,CV.Total.SURVEY_LU1_3U361
NA,0.1611434,CV.Total.SURVEY_LU1_3U362
NA,0.04743158,CV.Total.SURVEY_LU1_3U370
NA,0.1236767,CV.Total.SURVEY_LU1_3U411
NA,  0,CV.Total.SURVEY_LU1_3U412
NA,  0,CV.Total.SURVEY_LU1_3U413
NA,  0,CV.Total.SURVEY_LU1_3U414
0.09412687,0.04882140,CV.Total.SURVEY_LU1_3U415
0.3589078,0.1291643,CV.Total.SURVEY_LU1_3U420
0.017867361,0.004794919,CV.Total.settlement0
NA,0.0169287,CV.Total.settlement1
NA,0.0169287,CV.Total.settl_pc
0.01790317,0.02036567,CV.Total.fao_class_name0
0.23440235,0.02650563,CV.Total.fao_class_name1
NA,0.4083608,CV.Total.fao_class_name2
NA,0.04804666,CV.Total.fao_class_name3
0.017867361,0.004740664,CV.Total.lue0
NA,0.03432101,CV.Total.lue1
0.017867361,0.004728575,CV.Total.lud0
NA,0.04380224,CV.Total.lud1
