No,Yes,variable
12332.36,18334.64,Total.area
2691.339,1016.618,Total.SURVEY_LC1_1A
 878.5964,6876.7572,Total.SURVEY_LC1_1B
4217.509,3831.651,Total.SURVEY_LC1_1C
170.9728,127.4916,Total.SURVEY_LC1_1D
3435.617,5563.436,Total.SURVEY_LC1_1E
546.1313,746.2108,Total.SURVEY_LC1_1F
319.9848,140.5999,Total.SURVEY_LC1_1G
72.21122,31.87329,Total.SURVEY_LC1_1H
 6809.901,15808.207,Total.SURVEY_LU1_1U1
145.04309, 29.11121,Total.SURVEY_LU1_1U2
4852.296,1908.407,Total.SURVEY_LU1_1U3
525.1227,588.9119,Total.SURVEY_LU1_1U4
1214.9213, 376.8004,Total.SURVEY_LC1_2A1
1420.2342, 619.8074,Total.SURVEY_LC1_2A2
48.17769,20.00998,Total.SURVEY_LC1_2A3
8.006032,0.000000,Total.SURVEY_LC1_2Ax
  75.84872,3300.13361,Total.SURVEY_LC1_2B1
   8.008397,1262.162193,Total.SURVEY_LC1_2B2
  3.931528,653.579610,Total.SURVEY_LC1_2B3
 24.06344,175.24601,Total.SURVEY_LC1_2B4
  32.05154,1234.81585,Total.SURVEY_LC1_2B5
 55.77006,214.78988,Total.SURVEY_LC1_2B7
 3.972541,36.030023,Total.SURVEY_LC1_2B8
674.9502,  0.0000,Total.SURVEY_LC1_2Bx
2670.213,2471.909,Total.SURVEY_LC1_2C1
1139.9759, 674.4523,Total.SURVEY_LC1_2C2
311.5928,685.2895,Total.SURVEY_LC1_2C3
95.72719, 0.00000,Total.SURVEY_LC1_2Cx
47.34645,87.58282,Total.SURVEY_LC1_2D1
103.68380, 39.90873,Total.SURVEY_LC1_2D2
19.94253, 0.00000,Total.SURVEY_LC1_2Dx
435.9199,333.3636,Total.SURVEY_LC1_2E1
2727.492,4667.603,Total.SURVEY_LC1_2E2
222.7338,562.4700,Total.SURVEY_LC1_2E3
49.47162, 0.00000,Total.SURVEY_LC1_2Ex
7.980423,0.000000,Total.SURVEY_LC1_2F1
11.968406, 4.066258,Total.SURVEY_LC1_2F2
526.1825,742.1445,Total.SURVEY_LC1_2F4
152.45747, 39.83533,Total.SURVEY_LC1_2G1
167.5273, 96.8282,Total.SURVEY_LC1_2G2
0.00000,3.93638,Total.SURVEY_LC1_2G3
60.20133,31.87329,Total.SURVEY_LC1_2H1
12.00989, 0.00000,Total.SURVEY_LC1_2Hx
 3196.333,12462.109,Total.SURVEY_LU1_2U11
3525.93,3334.05,Total.SURVEY_LU1_2U12
 8.005365,12.047867,Total.SURVEY_LU1_2U13
75.59279, 0.00000,Total.SURVEY_LU1_2U14
4.039787,0.000000,Total.SURVEY_LU1_2U15
23.930817, 8.031062,Total.SURVEY_LU1_2U21
121.11227, 21.08014,Total.SURVEY_LU1_2U22
1344.5477, 598.2528,Total.SURVEY_LU1_2U31
27.97515,29.21433,Total.SURVEY_LU1_2U32
32.10916,42.63822,Total.SURVEY_LU1_2U33
168.25371, 40.18138,Total.SURVEY_LU1_2U34
252.76861, 77.90131,Total.SURVEY_LU1_2U35
299.8753,197.4174,Total.SURVEY_LU1_2U36
2726.766, 922.802,Total.SURVEY_LU1_2U37
34.59941,31.67941,Total.SURVEY_LU1_2U41
490.5233,557.2324,Total.SURVEY_LU1_2U42
1135.7641, 344.6433,Total.SURVEY_LC1_3A11
59.349282, 4.015615,Total.SURVEY_LC1_3A12
16.05926,28.14154,Total.SURVEY_LC1_3A13
3.748584,0.000000,Total.SURVEY_LC1_3A1x
611.0093,209.4875,Total.SURVEY_LC1_3A21
793.1182,410.3199,Total.SURVEY_LC1_3A22
16.10665, 0.00000,Total.SURVEY_LC1_3A2x
44.15090,20.00998,Total.SURVEY_LC1_3A30
4.026784,0.000000,Total.SURVEY_LC1_3A3x
8.006032,0.000000,Total.SURVEY_LC1_3Axx
  19.97213,1294.73874,Total.SURVEY_LC1_3B11
 0.00000,51.84477,Total.SURVEY_LC1_3B12
  8.017985,335.885954,Total.SURVEY_LC1_3B13
 0.0000,16.0312,Total.SURVEY_LC1_3B14
 0.00000,83.76821,Total.SURVEY_LC1_3B15
  47.8586,1477.8952,Total.SURVEY_LC1_3B16
 0.00000,31.95721,Total.SURVEY_LC1_3B18
0.000000,8.012325,Total.SURVEY_LC1_3B19
  3.978165,743.332395,Total.SURVEY_LC1_3B21
  4.030232,399.307697,Total.SURVEY_LC1_3B22
  0.0000,119.5221,Total.SURVEY_LC1_3B23
 3.931528,95.935848,Total.SURVEY_LC1_3B32
0.000000,4.028051,Total.SURVEY_LC1_3B33
  0.0000,458.0099,Total.SURVEY_LC1_3B35
 0.00000,95.60577,Total.SURVEY_LC1_3B37
 0.00000,23.95734,Total.SURVEY_LC1_3B41
  0.0000,123.3246,Total.SURVEY_LC1_3B43
24.06344,16.04687,Total.SURVEY_LC1_3B44
 0.00000,11.91723,Total.SURVEY_LC1_3B45
 0.00000,47.85791,Total.SURVEY_LC1_3B51
 0.00000,40.06407,Total.SURVEY_LC1_3B52
 0.00000,95.68967,Total.SURVEY_LC1_3B53
0.000000,3.937327,Total.SURVEY_LC1_3B54
  32.05154,1047.26688,Total.SURVEY_LC1_3B55
20.11486,71.57012,Total.SURVEY_LC1_3B71
23.80839,91.48146,Total.SURVEY_LC1_3B72
 7.915285,35.716110,Total.SURVEY_LC1_3B73
 0.00000,16.02218,Total.SURVEY_LC1_3B74
3.931528,0.000000,Total.SURVEY_LC1_3B75
0.000000,4.009882,Total.SURVEY_LC1_3B82
 3.972541,28.032834,Total.SURVEY_LC1_3B83
0.000000,3.987307,Total.SURVEY_LC1_3B84
607.2461,  0.0000,Total.SURVEY_LC1_3Bx1
39.80811, 0.00000,Total.SURVEY_LC1_3Bx2
27.89603, 0.00000,Total.SURVEY_LC1_3Bxx
2602.121,2471.909,Total.SURVEY_LC1_3C10
68.09275, 0.00000,Total.SURVEY_LC1_3C1x
335.6646,448.6579,Total.SURVEY_LC1_3C21
 40.24157,117.15911,Total.SURVEY_LC1_3C22
141.3573,108.6353,Total.SURVEY_LC1_3C23
622.7124,  0.0000,Total.SURVEY_LC1_3C2x
 36.27221,155.09977,Total.SURVEY_LC1_3C31
 78.7952,374.2261,Total.SURVEY_LC1_3C32
 64.31357,155.96355,Total.SURVEY_LC1_3C33
132.2118,  0.0000,Total.SURVEY_LC1_3C3x
95.72719, 0.00000,Total.SURVEY_LC1_3Cxx
35.43703,87.58282,Total.SURVEY_LC1_3D10
11.90942, 0.00000,Total.SURVEY_LC1_3D1x
103.68380, 39.90873,Total.SURVEY_LC1_3D20
19.94253, 0.00000,Total.SURVEY_LC1_3Dxx
431.9821,333.3636,Total.SURVEY_LC1_3E10
3.937751,0.000000,Total.SURVEY_LC1_3E1x
2697.034,4667.603,Total.SURVEY_LC1_3E20
30.45755, 0.00000,Total.SURVEY_LC1_3E2x
218.7355,562.4700,Total.SURVEY_LC1_3E30
3.998295,0.000000,Total.SURVEY_LC1_3E3x
49.47162, 0.00000,Total.SURVEY_LC1_3Exx
7.980423,0.000000,Total.SURVEY_LC1_3F10
11.968406, 4.066258,Total.SURVEY_LC1_3F20
526.1825,742.1445,Total.SURVEY_LC1_3F40
148.47762, 39.83533,Total.SURVEY_LC1_3G11
3.979852,0.000000,Total.SURVEY_LC1_3G12
143.5607, 96.8282,Total.SURVEY_LC1_3G21
23.96664, 0.00000,Total.SURVEY_LC1_3G22
0.00000,3.93638,Total.SURVEY_LC1_3G30
28.10909,19.88324,Total.SURVEY_LC1_3H11
32.09224,11.99005,Total.SURVEY_LC1_3H12
12.00989, 0.00000,Total.SURVEY_LC1_3Hxx
 3128.438,12246.675,Total.SURVEY_LU1_3U111
 15.93475,179.58698,Total.SURVEY_LU1_3U112
51.96035,35.84681,Total.SURVEY_LU1_3U113
3525.93,3334.05,Total.SURVEY_LU1_3U120
 8.005365,12.047867,Total.SURVEY_LU1_3U130
75.59279, 0.00000,Total.SURVEY_LU1_3U140
4.039787,0.000000,Total.SURVEY_LU1_3U150
23.930817, 8.031062,Total.SURVEY_LU1_3U210
13.16301, 0.00000,Total.SURVEY_LU1_3U221
3.971597,0.000000,Total.SURVEY_LU1_3U222
16.1012, 0.0000,Total.SURVEY_LU1_3U223
4.041081,9.114188,Total.SURVEY_LU1_3U224
32.227775, 3.985607,Total.SURVEY_LU1_3U225
23.958498, 3.931528,Total.SURVEY_LU1_3U226
13.825893, 4.048821,Total.SURVEY_LU1_3U227
13.82322, 0.00000,Total.SURVEY_LU1_3U228
37.91180,15.89767,Total.SURVEY_LU1_3U311
921.7137,498.5642,Total.SURVEY_LU1_3U312
123.85800, 43.64478,Total.SURVEY_LU1_3U313
47.99768, 0.00000,Total.SURVEY_LU1_3U314
0.000000,3.985489,Total.SURVEY_LU1_3U316
186.9972, 24.0961,Total.SURVEY_LU1_3U317
26.06929,12.06457,Total.SURVEY_LU1_3U319
15.93476,11.98055,Total.SURVEY_LU1_3U321
12.04039,17.23378,Total.SURVEY_LU1_3U322
32.10916,42.63822,Total.SURVEY_LU1_3U330
156.16418, 36.24985,Total.SURVEY_LU1_3U341
12.089532, 3.931528,Total.SURVEY_LU1_3U342
252.76861, 77.90131,Total.SURVEY_LU1_3U350
194.6014,110.4853,Total.SURVEY_LU1_3U361
105.27396, 86.93209,Total.SURVEY_LU1_3U362
2726.766, 922.802,Total.SURVEY_LU1_3U370
20.37227, 0.00000,Total.SURVEY_LU1_3U411
0.000000,3.748584,Total.SURVEY_LU1_3U412
10.20970,11.91461,Total.SURVEY_LU1_3U414
 4.017447,16.016210,Total.SURVEY_LU1_3U415
490.5233,557.2324,Total.SURVEY_LU1_3U420
 7532.319,16400.730,Total.settlement0
4800.043,1933.908,Total.settlement1
0.4087649,0.1646889,Total.settl_pc
 8282.165,14475.138,Total.fao_class_name0
3626.529,3434.962,Total.fao_class_name1
24.35018,35.86863,Total.fao_class_name2
399.3181,388.6691,Total.fao_class_name3
 8884.698,17096.336,Total.lue0
3447.664,1238.302,Total.lue1
10707.09,17635.42,Total.lud0
1625.2678, 699.2165,Total.lud1
38.32064,38.39024,SE.Total.area
30.85294,21.91928,SE.Total.SURVEY_LC1_1A
0.000000,6.733237,SE.Total.SURVEY_LC1_1B
23.57598,25.91128,SE.Total.SURVEY_LC1_1C
4.983775,0.000000,SE.Total.SURVEY_LC1_1D
20.43716,21.62500,SE.Total.SURVEY_LC1_1E
8.841125,0.000000,SE.Total.SURVEY_LC1_1F
6.772745,2.611340,SE.Total.SURVEY_LC1_1G
0,0,SE.Total.SURVEY_LC1_1H
28.13891,30.82152,SE.Total.SURVEY_LU1_1U1
12.432925, 6.781173,SE.Total.SURVEY_LU1_1U2
34.56420,28.23234,SE.Total.SURVEY_LU1_1U3
9.337567,6.901202,SE.Total.SURVEY_LU1_1U4
46.44781,15.64487,SE.Total.SURVEY_LC1_2A1
45.49484,15.78017,SE.Total.SURVEY_LC1_2A2
0,0,SE.Total.SURVEY_LC1_2A3
0,0,SE.Total.SURVEY_LC1_2Ax
0.000000,1.738086,SE.Total.SURVEY_LC1_2B1
0.000000,3.127997,SE.Total.SURVEY_LC1_2B2
0,0,SE.Total.SURVEY_LC1_2B3
0,0,SE.Total.SURVEY_LC1_2B4
0.000000,5.725415,SE.Total.SURVEY_LC1_2B5
0,0,SE.Total.SURVEY_LC1_2B7
0,0,SE.Total.SURVEY_LC1_2B8
0,0,SE.Total.SURVEY_LC1_2Bx
19.89807,25.01882,SE.Total.SURVEY_LC1_2C1
 6.00840,19.55985,SE.Total.SURVEY_LC1_2C2
13.48228,26.70459,SE.Total.SURVEY_LC1_2C3
0,0,SE.Total.SURVEY_LC1_2Cx
4.983775,0.000000,SE.Total.SURVEY_LC1_2D1
0,0,SE.Total.SURVEY_LC1_2D2
0,0,SE.Total.SURVEY_LC1_2Dx
12.923084, 8.786056,SE.Total.SURVEY_LC1_2E1
20.08636,17.75390,SE.Total.SURVEY_LC1_2E2
 6.654882,10.033086,SE.Total.SURVEY_LC1_2E3
3.056459,0.000000,SE.Total.SURVEY_LC1_2Ex
0,0,SE.Total.SURVEY_LC1_2F1
0,0,SE.Total.SURVEY_LC1_2F2
8.841125,0.000000,SE.Total.SURVEY_LC1_2F4
6.772745,0.000000,SE.Total.SURVEY_LC1_2G1
0.00000,2.61134,SE.Total.SURVEY_LC1_2G2
0,0,SE.Total.SURVEY_LC1_2G3
0,0,SE.Total.SURVEY_LC1_2H1
0,0,SE.Total.SURVEY_LC1_2Hx
15.08385,16.65337,SE.Total.SURVEY_LU1_2U11
23.75792,26.87789,SE.Total.SURVEY_LU1_2U12
0,0,SE.Total.SURVEY_LU1_2U13
0,0,SE.Total.SURVEY_LU1_2U14
0,0,SE.Total.SURVEY_LU1_2U15
0,0,SE.Total.SURVEY_LU1_2U21
12.432925, 6.781173,SE.Total.SURVEY_LU1_2U22
43.26247,11.28488,SE.Total.SURVEY_LU1_2U31
0.00000,2.61134,SE.Total.SURVEY_LU1_2U32
0.000000,8.557214,SE.Total.SURVEY_LU1_2U33
23.85215, 0.00000,SE.Total.SURVEY_LU1_2U34
7.756847,7.107736,SE.Total.SURVEY_LU1_2U35
11.77861, 7.49217,SE.Total.SURVEY_LU1_2U36
49.85980,23.02503,SE.Total.SURVEY_LU1_2U37
8.101495,0.000000,SE.Total.SURVEY_LU1_2U41
4.642835,6.901202,SE.Total.SURVEY_LU1_2U42
46.88103,15.64487,SE.Total.SURVEY_LC1_3A11
15.38451, 0.00000,SE.Total.SURVEY_LC1_3A12
0,0,SE.Total.SURVEY_LC1_3A13
0,0,SE.Total.SURVEY_LC1_3A1x
30.95353,12.75278,SE.Total.SURVEY_LC1_3A21
41.182895, 9.294094,SE.Total.SURVEY_LC1_3A22
0,0,SE.Total.SURVEY_LC1_3A2x
0,0,SE.Total.SURVEY_LC1_3A30
0,0,SE.Total.SURVEY_LC1_3A3x
0,0,SE.Total.SURVEY_LC1_3Axx
0.000000,1.738086,SE.Total.SURVEY_LC1_3B11
0,0,SE.Total.SURVEY_LC1_3B12
0,0,SE.Total.SURVEY_LC1_3B13
0,0,SE.Total.SURVEY_LC1_3B14
0,0,SE.Total.SURVEY_LC1_3B15
0,0,SE.Total.SURVEY_LC1_3B16
0,0,SE.Total.SURVEY_LC1_3B18
0,0,SE.Total.SURVEY_LC1_3B19
0.000000,2.612304,SE.Total.SURVEY_LC1_3B21
0.000000,1.720533,SE.Total.SURVEY_LC1_3B22
0,0,SE.Total.SURVEY_LC1_3B23
0,0,SE.Total.SURVEY_LC1_3B32
0,0,SE.Total.SURVEY_LC1_3B33
0,0,SE.Total.SURVEY_LC1_3B35
0,0,SE.Total.SURVEY_LC1_3B37
0,0,SE.Total.SURVEY_LC1_3B41
0,0,SE.Total.SURVEY_LC1_3B43
0,0,SE.Total.SURVEY_LC1_3B44
0,0,SE.Total.SURVEY_LC1_3B45
0,0,SE.Total.SURVEY_LC1_3B51
0,0,SE.Total.SURVEY_LC1_3B52
0,0,SE.Total.SURVEY_LC1_3B53
0,0,SE.Total.SURVEY_LC1_3B54
0.000000,5.725415,SE.Total.SURVEY_LC1_3B55
0,0,SE.Total.SURVEY_LC1_3B71
0,0,SE.Total.SURVEY_LC1_3B72
0,0,SE.Total.SURVEY_LC1_3B73
0,0,SE.Total.SURVEY_LC1_3B74
0,0,SE.Total.SURVEY_LC1_3B75
0,0,SE.Total.SURVEY_LC1_3B82
0,0,SE.Total.SURVEY_LC1_3B83
0,0,SE.Total.SURVEY_LC1_3B84
0,0,SE.Total.SURVEY_LC1_3Bx1
0,0,SE.Total.SURVEY_LC1_3Bx2
0,0,SE.Total.SURVEY_LC1_3Bxx
19.89807,25.01882,SE.Total.SURVEY_LC1_3C10
0,0,SE.Total.SURVEY_LC1_3C1x
0.000000,9.987766,SE.Total.SURVEY_LC1_3C21
 0.00000,16.81762,SE.Total.SURVEY_LC1_3C22
0,0,SE.Total.SURVEY_LC1_3C23
6.0084,0.0000,SE.Total.SURVEY_LC1_3C2x
1.155629,3.862870,SE.Total.SURVEY_LC1_3C31
12.52475,24.58434,SE.Total.SURVEY_LC1_3C32
 1.156045,12.696142,SE.Total.SURVEY_LC1_3C33
4.773908,0.000000,SE.Total.SURVEY_LC1_3C3x
0,0,SE.Total.SURVEY_LC1_3Cxx
4.983775,0.000000,SE.Total.SURVEY_LC1_3D10
0,0,SE.Total.SURVEY_LC1_3D1x
0,0,SE.Total.SURVEY_LC1_3D20
0,0,SE.Total.SURVEY_LC1_3Dxx
12.923084, 8.786056,SE.Total.SURVEY_LC1_3E10
0,0,SE.Total.SURVEY_LC1_3E1x
19.84671,17.75390,SE.Total.SURVEY_LC1_3E20
3.994507,0.000000,SE.Total.SURVEY_LC1_3E2x
 6.654882,10.033086,SE.Total.SURVEY_LC1_3E30
0,0,SE.Total.SURVEY_LC1_3E3x
3.056459,0.000000,SE.Total.SURVEY_LC1_3Exx
0,0,SE.Total.SURVEY_LC1_3F10
0,0,SE.Total.SURVEY_LC1_3F20
8.841125,0.000000,SE.Total.SURVEY_LC1_3F40
6.772745,0.000000,SE.Total.SURVEY_LC1_3G11
0,0,SE.Total.SURVEY_LC1_3G12
0.00000,2.61134,SE.Total.SURVEY_LC1_3G21
0,0,SE.Total.SURVEY_LC1_3G22
0,0,SE.Total.SURVEY_LC1_3G30
0,0,SE.Total.SURVEY_LC1_3H11
0,0,SE.Total.SURVEY_LC1_3H12
0,0,SE.Total.SURVEY_LC1_3Hxx
15.08385,16.65337,SE.Total.SURVEY_LU1_3U111
0,0,SE.Total.SURVEY_LU1_3U112
0,0,SE.Total.SURVEY_LU1_3U113
23.75792,26.87789,SE.Total.SURVEY_LU1_3U120
0,0,SE.Total.SURVEY_LU1_3U130
0,0,SE.Total.SURVEY_LU1_3U140
0,0,SE.Total.SURVEY_LU1_3U150
0,0,SE.Total.SURVEY_LU1_3U210
6.781173,0.000000,SE.Total.SURVEY_LU1_3U221
0,0,SE.Total.SURVEY_LU1_3U222
0,0,SE.Total.SURVEY_LU1_3U223
0.000000,6.781173,SE.Total.SURVEY_LU1_3U224
0,0,SE.Total.SURVEY_LU1_3U225
0,0,SE.Total.SURVEY_LU1_3U226
7.52711,0.00000,SE.Total.SURVEY_LU1_3U227
7.52711,0.00000,SE.Total.SURVEY_LU1_3U228
3.178699,0.000000,SE.Total.SURVEY_LU1_3U311
41.98260,11.28488,SE.Total.SURVEY_LU1_3U312
0,0,SE.Total.SURVEY_LU1_3U313
0,0,SE.Total.SURVEY_LU1_3U314
0,0,SE.Total.SURVEY_LU1_3U316
11.34127, 0.00000,SE.Total.SURVEY_LU1_3U317
7.756847,0.000000,SE.Total.SURVEY_LU1_3U319
0,0,SE.Total.SURVEY_LU1_3U321
0.00000,2.61134,SE.Total.SURVEY_LU1_3U322
0.000000,8.557214,SE.Total.SURVEY_LU1_3U330
23.85215, 0.00000,SE.Total.SURVEY_LU1_3U341
0,0,SE.Total.SURVEY_LU1_3U342
7.756847,7.107736,SE.Total.SURVEY_LU1_3U350
4.678752,6.367858,SE.Total.SURVEY_LU1_3U361
10.827945, 4.259743,SE.Total.SURVEY_LU1_3U362
49.85980,23.02503,SE.Total.SURVEY_LU1_3U370
1.454041,0.000000,SE.Total.SURVEY_LU1_3U411
0,0,SE.Total.SURVEY_LU1_3U412
7.969943,0.000000,SE.Total.SURVEY_LU1_3U414
0,0,SE.Total.SURVEY_LU1_3U415
4.642835,6.901202,SE.Total.SURVEY_LU1_3U420
27.33187,29.63799,SE.Total.settlement0
30.74268,29.38963,SE.Total.settlement1
0.002618003,0.002502779,SE.Total.settl_pc
30.96713,29.99380,SE.Total.fao_class_name0
23.63326,26.75817,SE.Total.fao_class_name1
1.431019,0.000000,SE.Total.fao_class_name2
6.897035,9.755309,SE.Total.fao_class_name3
52.27433,34.30709,SE.Total.lue0
48.95931,24.88675,SE.Total.lue1
53.63237,35.66472,SE.Total.lud0
44.01160,15.91784,SE.Total.lud1
12257.26,18259.39,CI.l(95%).Total.area
2630.8685, 973.6568,CI.l(95%).Total.SURVEY_LC1_1A
 878.5964,6863.5603,CI.l(95%).Total.SURVEY_LC1_1B
4171.301,3780.866,CI.l(95%).Total.SURVEY_LC1_1C
161.2048,127.4916,CI.l(95%).Total.SURVEY_LC1_1D
3395.561,5521.052,CI.l(95%).Total.SURVEY_LC1_1E
528.8030,746.2108,CI.l(95%).Total.SURVEY_LC1_1F
306.7105,135.4818,CI.l(95%).Total.SURVEY_LC1_1G
72.21122,31.87329,CI.l(95%).Total.SURVEY_LC1_1H
 6754.749,15747.798,CI.l(95%).Total.SURVEY_LU1_1U1
120.67500, 15.82035,CI.l(95%).Total.SURVEY_LU1_1U2
4784.551,1853.073,CI.l(95%).Total.SURVEY_LU1_1U3
506.8214,575.3857,CI.l(95%).Total.SURVEY_LU1_1U4
1123.885, 346.137,CI.l(95%).Total.SURVEY_LC1_2A1
1331.0659, 588.8789,CI.l(95%).Total.SURVEY_LC1_2A2
48.17769,20.00998,CI.l(95%).Total.SURVEY_LC1_2A3
8.006032,0.000000,CI.l(95%).Total.SURVEY_LC1_2Ax
  75.84872,3296.72702,CI.l(95%).Total.SURVEY_LC1_2B1
   8.008397,1256.031431,CI.l(95%).Total.SURVEY_LC1_2B2
  3.931528,653.579610,CI.l(95%).Total.SURVEY_LC1_2B3
 24.06344,175.24601,CI.l(95%).Total.SURVEY_LC1_2B4
  32.05154,1223.59425,CI.l(95%).Total.SURVEY_LC1_2B5
 55.77006,214.78988,CI.l(95%).Total.SURVEY_LC1_2B7
 3.972541,36.030023,CI.l(95%).Total.SURVEY_LC1_2B8
674.9502,  0.0000,CI.l(95%).Total.SURVEY_LC1_2Bx
2631.214,2422.873,CI.l(95%).Total.SURVEY_LC1_2C1
1128.1996, 636.1157,CI.l(95%).Total.SURVEY_LC1_2C2
285.1680,632.9494,CI.l(95%).Total.SURVEY_LC1_2C3
95.72719, 0.00000,CI.l(95%).Total.SURVEY_LC1_2Cx
37.57843,87.58282,CI.l(95%).Total.SURVEY_LC1_2D1
103.68380, 39.90873,CI.l(95%).Total.SURVEY_LC1_2D2
19.94253, 0.00000,CI.l(95%).Total.SURVEY_LC1_2Dx
410.5911,316.1432,CI.l(95%).Total.SURVEY_LC1_2E1
2688.123,4632.806,CI.l(95%).Total.SURVEY_LC1_2E2
209.6905,542.8055,CI.l(95%).Total.SURVEY_LC1_2E3
43.48107, 0.00000,CI.l(95%).Total.SURVEY_LC1_2Ex
7.980423,0.000000,CI.l(95%).Total.SURVEY_LC1_2F1
11.968406, 4.066258,CI.l(95%).Total.SURVEY_LC1_2F2
508.8542,742.1445,CI.l(95%).Total.SURVEY_LC1_2F4
139.18314, 39.83533,CI.l(95%).Total.SURVEY_LC1_2G1
167.52734, 91.71007,CI.l(95%).Total.SURVEY_LC1_2G2
0.00000,3.93638,CI.l(95%).Total.SURVEY_LC1_2G3
60.20133,31.87329,CI.l(95%).Total.SURVEY_LC1_2H1
12.00989, 0.00000,CI.l(95%).Total.SURVEY_LC1_2Hx
 3166.769,12429.469,CI.l(95%).Total.SURVEY_LU1_2U11
3479.365,3281.371,CI.l(95%).Total.SURVEY_LU1_2U12
 8.005365,12.047867,CI.l(95%).Total.SURVEY_LU1_2U13
75.59279, 0.00000,CI.l(95%).Total.SURVEY_LU1_2U14
4.039787,0.000000,CI.l(95%).Total.SURVEY_LU1_2U15
23.930817, 8.031062,CI.l(95%).Total.SURVEY_LU1_2U21
96.74418, 7.78929,CI.l(95%).Total.SURVEY_LU1_2U22
1259.7548, 576.1348,CI.l(95%).Total.SURVEY_LU1_2U31
27.97515,24.09620,CI.l(95%).Total.SURVEY_LU1_2U32
32.10916,25.86639,CI.l(95%).Total.SURVEY_LU1_2U33
121.50435, 40.18138,CI.l(95%).Total.SURVEY_LU1_2U34
237.56547, 63.97041,CI.l(95%).Total.SURVEY_LU1_2U35
276.7897,182.7330,CI.l(95%).Total.SURVEY_LU1_2U36
2629.0427, 877.6738,CI.l(95%).Total.SURVEY_LU1_2U37
18.72077,31.67941,CI.l(95%).Total.SURVEY_LU1_2U41
481.4235,543.7063,CI.l(95%).Total.SURVEY_LU1_2U42
1043.8790, 313.9799,CI.l(95%).Total.SURVEY_LC1_3A11
29.196189, 4.015615,CI.l(95%).Total.SURVEY_LC1_3A12
16.05926,28.14154,CI.l(95%).Total.SURVEY_LC1_3A13
3.748584,0.000000,CI.l(95%).Total.SURVEY_LC1_3A1x
550.3415,184.4925,CI.l(95%).Total.SURVEY_LC1_3A21
712.4012,392.1038,CI.l(95%).Total.SURVEY_LC1_3A22
16.10665, 0.00000,CI.l(95%).Total.SURVEY_LC1_3A2x
44.15090,20.00998,CI.l(95%).Total.SURVEY_LC1_3A30
4.026784,0.000000,CI.l(95%).Total.SURVEY_LC1_3A3x
8.006032,0.000000,CI.l(95%).Total.SURVEY_LC1_3Axx
  19.97213,1291.33215,CI.l(95%).Total.SURVEY_LC1_3B11
 0.00000,51.84477,CI.l(95%).Total.SURVEY_LC1_3B12
  8.017985,335.885954,CI.l(95%).Total.SURVEY_LC1_3B13
 0.0000,16.0312,CI.l(95%).Total.SURVEY_LC1_3B14
 0.00000,83.76821,CI.l(95%).Total.SURVEY_LC1_3B15
  47.8586,1477.8952,CI.l(95%).Total.SURVEY_LC1_3B16
 0.00000,31.95721,CI.l(95%).Total.SURVEY_LC1_3B18
0.000000,8.012325,CI.l(95%).Total.SURVEY_LC1_3B19
  3.978165,738.212374,CI.l(95%).Total.SURVEY_LC1_3B21
  4.030232,395.935513,CI.l(95%).Total.SURVEY_LC1_3B22
  0.0000,119.5221,CI.l(95%).Total.SURVEY_LC1_3B23
 3.931528,95.935848,CI.l(95%).Total.SURVEY_LC1_3B32
0.000000,4.028051,CI.l(95%).Total.SURVEY_LC1_3B33
  0.0000,458.0099,CI.l(95%).Total.SURVEY_LC1_3B35
 0.00000,95.60577,CI.l(95%).Total.SURVEY_LC1_3B37
 0.00000,23.95734,CI.l(95%).Total.SURVEY_LC1_3B41
  0.0000,123.3246,CI.l(95%).Total.SURVEY_LC1_3B43
24.06344,16.04687,CI.l(95%).Total.SURVEY_LC1_3B44
 0.00000,11.91723,CI.l(95%).Total.SURVEY_LC1_3B45
 0.00000,47.85791,CI.l(95%).Total.SURVEY_LC1_3B51
 0.00000,40.06407,CI.l(95%).Total.SURVEY_LC1_3B52
 0.00000,95.68967,CI.l(95%).Total.SURVEY_LC1_3B53
0.000000,3.937327,CI.l(95%).Total.SURVEY_LC1_3B54
  32.05154,1036.04527,CI.l(95%).Total.SURVEY_LC1_3B55
20.11486,71.57012,CI.l(95%).Total.SURVEY_LC1_3B71
23.80839,91.48146,CI.l(95%).Total.SURVEY_LC1_3B72
 7.915285,35.716110,CI.l(95%).Total.SURVEY_LC1_3B73
 0.00000,16.02218,CI.l(95%).Total.SURVEY_LC1_3B74
3.931528,0.000000,CI.l(95%).Total.SURVEY_LC1_3B75
0.000000,4.009882,CI.l(95%).Total.SURVEY_LC1_3B82
 3.972541,28.032834,CI.l(95%).Total.SURVEY_LC1_3B83
0.000000,3.987307,CI.l(95%).Total.SURVEY_LC1_3B84
607.2461,  0.0000,CI.l(95%).Total.SURVEY_LC1_3Bx1
39.80811, 0.00000,CI.l(95%).Total.SURVEY_LC1_3Bx2
27.89603, 0.00000,CI.l(95%).Total.SURVEY_LC1_3Bxx
2563.121,2422.873,CI.l(95%).Total.SURVEY_LC1_3C10
68.09275, 0.00000,CI.l(95%).Total.SURVEY_LC1_3C1x
335.6646,429.0823,CI.l(95%).Total.SURVEY_LC1_3C21
40.24157,84.19718,CI.l(95%).Total.SURVEY_LC1_3C22
141.3573,108.6353,CI.l(95%).Total.SURVEY_LC1_3C23
610.9361,  0.0000,CI.l(95%).Total.SURVEY_LC1_3C2x
 34.00722,147.52868,CI.l(95%).Total.SURVEY_LC1_3C31
 54.24713,326.04172,CI.l(95%).Total.SURVEY_LC1_3C32
 62.04776,131.07957,CI.l(95%).Total.SURVEY_LC1_3C33
122.8551,  0.0000,CI.l(95%).Total.SURVEY_LC1_3C3x
95.72719, 0.00000,CI.l(95%).Total.SURVEY_LC1_3Cxx
25.66901,87.58282,CI.l(95%).Total.SURVEY_LC1_3D10
11.90942, 0.00000,CI.l(95%).Total.SURVEY_LC1_3D1x
103.68380, 39.90873,CI.l(95%).Total.SURVEY_LC1_3D20
19.94253, 0.00000,CI.l(95%).Total.SURVEY_LC1_3Dxx
406.6533,316.1432,CI.l(95%).Total.SURVEY_LC1_3E10
3.937751,0.000000,CI.l(95%).Total.SURVEY_LC1_3E1x
2658.136,4632.806,CI.l(95%).Total.SURVEY_LC1_3E20
22.62846, 0.00000,CI.l(95%).Total.SURVEY_LC1_3E2x
205.6922,542.8055,CI.l(95%).Total.SURVEY_LC1_3E30
3.998295,0.000000,CI.l(95%).Total.SURVEY_LC1_3E3x
43.48107, 0.00000,CI.l(95%).Total.SURVEY_LC1_3Exx
7.980423,0.000000,CI.l(95%).Total.SURVEY_LC1_3F10
11.968406, 4.066258,CI.l(95%).Total.SURVEY_LC1_3F20
508.8542,742.1445,CI.l(95%).Total.SURVEY_LC1_3F40
135.20328, 39.83533,CI.l(95%).Total.SURVEY_LC1_3G11
3.979852,0.000000,CI.l(95%).Total.SURVEY_LC1_3G12
143.56070, 91.71007,CI.l(95%).Total.SURVEY_LC1_3G21
23.96664, 0.00000,CI.l(95%).Total.SURVEY_LC1_3G22
0.00000,3.93638,CI.l(95%).Total.SURVEY_LC1_3G30
28.10909,19.88324,CI.l(95%).Total.SURVEY_LC1_3H11
32.09224,11.99005,CI.l(95%).Total.SURVEY_LC1_3H12
12.00989, 0.00000,CI.l(95%).Total.SURVEY_LC1_3Hxx
 3098.874,12214.035,CI.l(95%).Total.SURVEY_LU1_3U111
 15.93475,179.58698,CI.l(95%).Total.SURVEY_LU1_3U112
51.96035,35.84681,CI.l(95%).Total.SURVEY_LU1_3U113
3479.365,3281.371,CI.l(95%).Total.SURVEY_LU1_3U120
 8.005365,12.047867,CI.l(95%).Total.SURVEY_LU1_3U130
75.59279, 0.00000,CI.l(95%).Total.SURVEY_LU1_3U140
4.039787,0.000000,CI.l(95%).Total.SURVEY_LU1_3U150
23.930817, 8.031062,CI.l(95%).Total.SURVEY_LU1_3U210
-0.1278459, 0.0000000,CI.l(95%).Total.SURVEY_LU1_3U221
3.971597,0.000000,CI.l(95%).Total.SURVEY_LU1_3U222
16.1012, 0.0000,CI.l(95%).Total.SURVEY_LU1_3U223
 4.041081,-4.176666,CI.l(95%).Total.SURVEY_LU1_3U224
32.227775, 3.985607,CI.l(95%).Total.SURVEY_LU1_3U225
23.958498, 3.931528,CI.l(95%).Total.SURVEY_LU1_3U226
-0.926972, 4.048821,CI.l(95%).Total.SURVEY_LU1_3U227
-0.9296461, 0.0000000,CI.l(95%).Total.SURVEY_LU1_3U228
31.68166,15.89767,CI.l(95%).Total.SURVEY_LU1_3U311
839.4293,476.4462,CI.l(95%).Total.SURVEY_LU1_3U312
123.85800, 43.64478,CI.l(95%).Total.SURVEY_LU1_3U313
47.99768, 0.00000,CI.l(95%).Total.SURVEY_LU1_3U314
0.000000,3.985489,CI.l(95%).Total.SURVEY_LU1_3U316
164.7687, 24.0961,CI.l(95%).Total.SURVEY_LU1_3U317
10.86614,12.06457,CI.l(95%).Total.SURVEY_LU1_3U319
15.93476,11.98055,CI.l(95%).Total.SURVEY_LU1_3U321
12.04039,12.11565,CI.l(95%).Total.SURVEY_LU1_3U322
32.10916,25.86639,CI.l(95%).Total.SURVEY_LU1_3U330
109.41482, 36.24985,CI.l(95%).Total.SURVEY_LU1_3U341
12.089532, 3.931528,CI.l(95%).Total.SURVEY_LU1_3U342
237.56547, 63.97041,CI.l(95%).Total.SURVEY_LU1_3U350
185.43119, 98.00457,CI.l(95%).Total.SURVEY_LU1_3U361
84.05158,78.58314,CI.l(95%).Total.SURVEY_LU1_3U362
2629.0427, 877.6738,CI.l(95%).Total.SURVEY_LU1_3U370
17.5224, 0.0000,CI.l(95%).Total.SURVEY_LU1_3U411
0.000000,3.748584,CI.l(95%).Total.SURVEY_LU1_3U412
-5.411103,11.914614,CI.l(95%).Total.SURVEY_LU1_3U414
 4.017447,16.016210,CI.l(95%).Total.SURVEY_LU1_3U415
481.4235,543.7063,CI.l(95%).Total.SURVEY_LU1_3U420
 7478.75,16342.64,CI.l(95%).Total.settlement0
4739.788,1876.305,CI.l(95%).Total.settlement1
0.4036337,0.1597835,CI.l(95%).Total.settl_pc
 8221.47,14416.35,CI.l(95%).Total.fao_class_name0
3580.209,3382.517,CI.l(95%).Total.fao_class_name1
21.54543,35.86863,CI.l(95%).Total.fao_class_name2
385.8001,369.5491,CI.l(95%).Total.fao_class_name3
 8782.243,17029.095,CI.l(95%).Total.lue0
3351.705,1189.525,CI.l(95%).Total.lue1
10601.98,17565.52,CI.l(95%).Total.lud0
1539.0067, 668.0181,CI.l(95%).Total.lud1
12407.47,18409.88,CI.u(95%).Total.area
2751.810,1059.579,CI.u(95%).Total.SURVEY_LC1_1A
 878.5964,6889.9541,CI.u(95%).Total.SURVEY_LC1_1B
4263.717,3882.436,CI.u(95%).Total.SURVEY_LC1_1C
180.7408,127.4916,CI.u(95%).Total.SURVEY_LC1_1D
3475.673,5605.821,CI.u(95%).Total.SURVEY_LC1_1E
563.4596,746.2108,CI.u(95%).Total.SURVEY_LC1_1F
333.2591,145.7180,CI.u(95%).Total.SURVEY_LC1_1G
72.21122,31.87329,CI.u(95%).Total.SURVEY_LC1_1H
 6865.052,15868.616,CI.u(95%).Total.SURVEY_LU1_1U1
169.41117, 42.40206,CI.u(95%).Total.SURVEY_LU1_1U2
4920.040,1963.742,CI.u(95%).Total.SURVEY_LU1_1U3
543.424,602.438,CI.u(95%).Total.SURVEY_LU1_1U4
1305.9573, 407.4638,CI.u(95%).Total.SURVEY_LC1_2A1
1509.402, 650.736,CI.u(95%).Total.SURVEY_LC1_2A2
48.17769,20.00998,CI.u(95%).Total.SURVEY_LC1_2A3
8.006032,0.000000,CI.u(95%).Total.SURVEY_LC1_2Ax
  75.84872,3303.54019,CI.u(95%).Total.SURVEY_LC1_2B1
   8.008397,1268.292954,CI.u(95%).Total.SURVEY_LC1_2B2
  3.931528,653.579610,CI.u(95%).Total.SURVEY_LC1_2B3
 24.06344,175.24601,CI.u(95%).Total.SURVEY_LC1_2B4
  32.05154,1246.03746,CI.u(95%).Total.SURVEY_LC1_2B5
 55.77006,214.78988,CI.u(95%).Total.SURVEY_LC1_2B7
 3.972541,36.030023,CI.u(95%).Total.SURVEY_LC1_2B8
674.9502,  0.0000,CI.u(95%).Total.SURVEY_LC1_2Bx
2709.213,2520.945,CI.u(95%).Total.SURVEY_LC1_2C1
1151.7521, 712.7889,CI.u(95%).Total.SURVEY_LC1_2C2
338.0175,737.6295,CI.u(95%).Total.SURVEY_LC1_2C3
95.72719, 0.00000,CI.u(95%).Total.SURVEY_LC1_2Cx
57.11447,87.58282,CI.u(95%).Total.SURVEY_LC1_2D1
103.68380, 39.90873,CI.u(95%).Total.SURVEY_LC1_2D2
19.94253, 0.00000,CI.u(95%).Total.SURVEY_LC1_2Dx
461.2487,350.5839,CI.u(95%).Total.SURVEY_LC1_2E1
2766.86,4702.40,CI.u(95%).Total.SURVEY_LC1_2E2
235.7771,582.1345,CI.u(95%).Total.SURVEY_LC1_2E3
55.46217, 0.00000,CI.u(95%).Total.SURVEY_LC1_2Ex
7.980423,0.000000,CI.u(95%).Total.SURVEY_LC1_2F1
11.968406, 4.066258,CI.u(95%).Total.SURVEY_LC1_2F2
543.5108,742.1445,CI.u(95%).Total.SURVEY_LC1_2F4
165.73181, 39.83533,CI.u(95%).Total.SURVEY_LC1_2G1
167.5273,101.9463,CI.u(95%).Total.SURVEY_LC1_2G2
0.00000,3.93638,CI.u(95%).Total.SURVEY_LC1_2G3
60.20133,31.87329,CI.u(95%).Total.SURVEY_LC1_2H1
12.00989, 0.00000,CI.u(95%).Total.SURVEY_LC1_2Hx
 3225.897,12494.749,CI.u(95%).Total.SURVEY_LU1_2U11
3572.494,3386.730,CI.u(95%).Total.SURVEY_LU1_2U12
 8.005365,12.047867,CI.u(95%).Total.SURVEY_LU1_2U13
75.59279, 0.00000,CI.u(95%).Total.SURVEY_LU1_2U14
4.039787,0.000000,CI.u(95%).Total.SURVEY_LU1_2U15
23.930817, 8.031062,CI.u(95%).Total.SURVEY_LU1_2U21
145.4804, 34.3710,CI.u(95%).Total.SURVEY_LU1_2U22
1429.3405, 620.3707,CI.u(95%).Total.SURVEY_LU1_2U31
27.97515,34.33246,CI.u(95%).Total.SURVEY_LU1_2U32
32.10916,59.41005,CI.u(95%).Total.SURVEY_LU1_2U33
215.00307, 40.18138,CI.u(95%).Total.SURVEY_LU1_2U34
267.97175, 91.83222,CI.u(95%).Total.SURVEY_LU1_2U35
322.9610,212.1018,CI.u(95%).Total.SURVEY_LU1_2U36
2824.4895, 967.9302,CI.u(95%).Total.SURVEY_LU1_2U37
50.47805,31.67941,CI.u(95%).Total.SURVEY_LU1_2U41
499.6231,570.7586,CI.u(95%).Total.SURVEY_LU1_2U42
1227.6493, 375.3067,CI.u(95%).Total.SURVEY_LC1_3A11
89.502375, 4.015615,CI.u(95%).Total.SURVEY_LC1_3A12
16.05926,28.14154,CI.u(95%).Total.SURVEY_LC1_3A13
3.748584,0.000000,CI.u(95%).Total.SURVEY_LC1_3A1x
671.6771,234.4825,CI.u(95%).Total.SURVEY_LC1_3A21
873.8352,428.5360,CI.u(95%).Total.SURVEY_LC1_3A22
16.10665, 0.00000,CI.u(95%).Total.SURVEY_LC1_3A2x
44.15090,20.00998,CI.u(95%).Total.SURVEY_LC1_3A30
4.026784,0.000000,CI.u(95%).Total.SURVEY_LC1_3A3x
8.006032,0.000000,CI.u(95%).Total.SURVEY_LC1_3Axx
  19.97213,1298.14533,CI.u(95%).Total.SURVEY_LC1_3B11
 0.00000,51.84477,CI.u(95%).Total.SURVEY_LC1_3B12
  8.017985,335.885954,CI.u(95%).Total.SURVEY_LC1_3B13
 0.0000,16.0312,CI.u(95%).Total.SURVEY_LC1_3B14
 0.00000,83.76821,CI.u(95%).Total.SURVEY_LC1_3B15
  47.8586,1477.8952,CI.u(95%).Total.SURVEY_LC1_3B16
 0.00000,31.95721,CI.u(95%).Total.SURVEY_LC1_3B18
0.000000,8.012325,CI.u(95%).Total.SURVEY_LC1_3B19
  3.978165,748.452416,CI.u(95%).Total.SURVEY_LC1_3B21
  4.030232,402.679880,CI.u(95%).Total.SURVEY_LC1_3B22
  0.0000,119.5221,CI.u(95%).Total.SURVEY_LC1_3B23
 3.931528,95.935848,CI.u(95%).Total.SURVEY_LC1_3B32
0.000000,4.028051,CI.u(95%).Total.SURVEY_LC1_3B33
  0.0000,458.0099,CI.u(95%).Total.SURVEY_LC1_3B35
 0.00000,95.60577,CI.u(95%).Total.SURVEY_LC1_3B37
 0.00000,23.95734,CI.u(95%).Total.SURVEY_LC1_3B41
  0.0000,123.3246,CI.u(95%).Total.SURVEY_LC1_3B43
24.06344,16.04687,CI.u(95%).Total.SURVEY_LC1_3B44
 0.00000,11.91723,CI.u(95%).Total.SURVEY_LC1_3B45
 0.00000,47.85791,CI.u(95%).Total.SURVEY_LC1_3B51
 0.00000,40.06407,CI.u(95%).Total.SURVEY_LC1_3B52
 0.00000,95.68967,CI.u(95%).Total.SURVEY_LC1_3B53
0.000000,3.937327,CI.u(95%).Total.SURVEY_LC1_3B54
  32.05154,1058.48848,CI.u(95%).Total.SURVEY_LC1_3B55
20.11486,71.57012,CI.u(95%).Total.SURVEY_LC1_3B71
23.80839,91.48146,CI.u(95%).Total.SURVEY_LC1_3B72
 7.915285,35.716110,CI.u(95%).Total.SURVEY_LC1_3B73
 0.00000,16.02218,CI.u(95%).Total.SURVEY_LC1_3B74
3.931528,0.000000,CI.u(95%).Total.SURVEY_LC1_3B75
0.000000,4.009882,CI.u(95%).Total.SURVEY_LC1_3B82
 3.972541,28.032834,CI.u(95%).Total.SURVEY_LC1_3B83
0.000000,3.987307,CI.u(95%).Total.SURVEY_LC1_3B84
607.2461,  0.0000,CI.u(95%).Total.SURVEY_LC1_3Bx1
39.80811, 0.00000,CI.u(95%).Total.SURVEY_LC1_3Bx2
27.89603, 0.00000,CI.u(95%).Total.SURVEY_LC1_3Bxx
2641.120,2520.945,CI.u(95%).Total.SURVEY_LC1_3C10
68.09275, 0.00000,CI.u(95%).Total.SURVEY_LC1_3C1x
335.6646,468.2336,CI.u(95%).Total.SURVEY_LC1_3C21
 40.24157,150.12103,CI.u(95%).Total.SURVEY_LC1_3C22
141.3573,108.6353,CI.u(95%).Total.SURVEY_LC1_3C23
634.4886,  0.0000,CI.u(95%).Total.SURVEY_LC1_3C2x
 38.5372,162.6709,CI.u(95%).Total.SURVEY_LC1_3C31
103.3433,422.4106,CI.u(95%).Total.SURVEY_LC1_3C32
 66.57937,180.84754,CI.u(95%).Total.SURVEY_LC1_3C33
141.5685,  0.0000,CI.u(95%).Total.SURVEY_LC1_3C3x
95.72719, 0.00000,CI.u(95%).Total.SURVEY_LC1_3Cxx
45.20505,87.58282,CI.u(95%).Total.SURVEY_LC1_3D10
11.90942, 0.00000,CI.u(95%).Total.SURVEY_LC1_3D1x
103.68380, 39.90873,CI.u(95%).Total.SURVEY_LC1_3D20
19.94253, 0.00000,CI.u(95%).Total.SURVEY_LC1_3Dxx
457.3109,350.5839,CI.u(95%).Total.SURVEY_LC1_3E10
3.937751,0.000000,CI.u(95%).Total.SURVEY_LC1_3E1x
2735.933,4702.400,CI.u(95%).Total.SURVEY_LC1_3E20
38.28664, 0.00000,CI.u(95%).Total.SURVEY_LC1_3E2x
231.7789,582.1345,CI.u(95%).Total.SURVEY_LC1_3E30
3.998295,0.000000,CI.u(95%).Total.SURVEY_LC1_3E3x
55.46217, 0.00000,CI.u(95%).Total.SURVEY_LC1_3Exx
7.980423,0.000000,CI.u(95%).Total.SURVEY_LC1_3F10
11.968406, 4.066258,CI.u(95%).Total.SURVEY_LC1_3F20
543.5108,742.1445,CI.u(95%).Total.SURVEY_LC1_3F40
161.75196, 39.83533,CI.u(95%).Total.SURVEY_LC1_3G11
3.979852,0.000000,CI.u(95%).Total.SURVEY_LC1_3G12
143.5607,101.9463,CI.u(95%).Total.SURVEY_LC1_3G21
23.96664, 0.00000,CI.u(95%).Total.SURVEY_LC1_3G22
0.00000,3.93638,CI.u(95%).Total.SURVEY_LC1_3G30
28.10909,19.88324,CI.u(95%).Total.SURVEY_LC1_3H11
32.09224,11.99005,CI.u(95%).Total.SURVEY_LC1_3H12
12.00989, 0.00000,CI.u(95%).Total.SURVEY_LC1_3Hxx
 3158.002,12279.315,CI.u(95%).Total.SURVEY_LU1_3U111
 15.93475,179.58698,CI.u(95%).Total.SURVEY_LU1_3U112
51.96035,35.84681,CI.u(95%).Total.SURVEY_LU1_3U113
3572.494,3386.730,CI.u(95%).Total.SURVEY_LU1_3U120
 8.005365,12.047867,CI.u(95%).Total.SURVEY_LU1_3U130
75.59279, 0.00000,CI.u(95%).Total.SURVEY_LU1_3U140
4.039787,0.000000,CI.u(95%).Total.SURVEY_LU1_3U150
23.930817, 8.031062,CI.u(95%).Total.SURVEY_LU1_3U210
26.45386, 0.00000,CI.u(95%).Total.SURVEY_LU1_3U221
3.971597,0.000000,CI.u(95%).Total.SURVEY_LU1_3U222
16.1012, 0.0000,CI.u(95%).Total.SURVEY_LU1_3U223
 4.041081,22.405041,CI.u(95%).Total.SURVEY_LU1_3U224
32.227775, 3.985607,CI.u(95%).Total.SURVEY_LU1_3U225
23.958498, 3.931528,CI.u(95%).Total.SURVEY_LU1_3U226
28.578758, 4.048821,CI.u(95%).Total.SURVEY_LU1_3U227
28.57608, 0.00000,CI.u(95%).Total.SURVEY_LU1_3U228
44.14193,15.89767,CI.u(95%).Total.SURVEY_LU1_3U311
1003.9981, 520.6821,CI.u(95%).Total.SURVEY_LU1_3U312
123.85800, 43.64478,CI.u(95%).Total.SURVEY_LU1_3U313
47.99768, 0.00000,CI.u(95%).Total.SURVEY_LU1_3U314
0.000000,3.985489,CI.u(95%).Total.SURVEY_LU1_3U316
209.2257, 24.0961,CI.u(95%).Total.SURVEY_LU1_3U317
41.27243,12.06457,CI.u(95%).Total.SURVEY_LU1_3U319
15.93476,11.98055,CI.u(95%).Total.SURVEY_LU1_3U321
12.04039,22.35191,CI.u(95%).Total.SURVEY_LU1_3U322
32.10916,59.41005,CI.u(95%).Total.SURVEY_LU1_3U330
202.91354, 36.24985,CI.u(95%).Total.SURVEY_LU1_3U341
12.089532, 3.931528,CI.u(95%).Total.SURVEY_LU1_3U342
267.97175, 91.83222,CI.u(95%).Total.SURVEY_LU1_3U350
203.7716,122.9661,CI.u(95%).Total.SURVEY_LU1_3U361
126.49635, 95.28103,CI.u(95%).Total.SURVEY_LU1_3U362
2824.4895, 967.9302,CI.u(95%).Total.SURVEY_LU1_3U370
23.22213, 0.00000,CI.u(95%).Total.SURVEY_LU1_3U411
0.000000,3.748584,CI.u(95%).Total.SURVEY_LU1_3U412
25.83050,11.91461,CI.u(95%).Total.SURVEY_LU1_3U414
 4.017447,16.016210,CI.u(95%).Total.SURVEY_LU1_3U415
499.6231,570.7586,CI.u(95%).Total.SURVEY_LU1_3U420
 7585.889,16458.819,CI.u(95%).Total.settlement0
4860.297,1991.510,CI.u(95%).Total.settlement1
0.4138961,0.1695942,CI.u(95%).Total.settl_pc
 8342.859,14533.924,CI.u(95%).Total.fao_class_name0
3672.849,3487.407,CI.u(95%).Total.fao_class_name1
27.15493,35.86863,CI.u(95%).Total.fao_class_name2
412.8360,407.7892,CI.u(95%).Total.fao_class_name3
 8987.154,17163.576,CI.u(95%).Total.lue0
3543.622,1287.079,CI.u(95%).Total.lue1
10812.21,17705.32,CI.u(95%).Total.lud0
1711.5290, 730.4149,CI.u(95%).Total.lud1
0.003107323,0.002093864,CV.Total.area
0.01146379,0.02156099,CV.Total.SURVEY_LC1_1A
0.0000000000,0.0009791297,CV.Total.SURVEY_LC1_1B
0.005590024,0.006762431,CV.Total.SURVEY_LC1_1C
0.02914952,0.00000000,CV.Total.SURVEY_LC1_1D
0.005948614,0.003886986,CV.Total.SURVEY_LC1_1E
0.01618864,0.00000000,CV.Total.SURVEY_LC1_1F
0.02116583,0.01857284,CV.Total.SURVEY_LC1_1G
0,0,CV.Total.SURVEY_LC1_1H
0.004132059,0.001949717,CV.Total.SURVEY_LU1_1U1
0.08571884,0.23294028,CV.Total.SURVEY_LU1_1U2
0.007123268,0.014793663,CV.Total.SURVEY_LU1_1U3
0.01778168,0.01171857,CV.Total.SURVEY_LU1_1U4
0.03823113,0.04152032,CV.Total.SURVEY_LC1_2A1
0.03203334,0.02545979,CV.Total.SURVEY_LC1_2A2
0,0,CV.Total.SURVEY_LC1_2A3
  0,NA,CV.Total.SURVEY_LC1_2Ax
0.0000000000,0.0005266715,CV.Total.SURVEY_LC1_2B1
0.000000000,0.002478285,CV.Total.SURVEY_LC1_2B2
0,0,CV.Total.SURVEY_LC1_2B3
0,0,CV.Total.SURVEY_LC1_2B4
0.000000000,0.004636655,CV.Total.SURVEY_LC1_2B5
0,0,CV.Total.SURVEY_LC1_2B7
0,0,CV.Total.SURVEY_LC1_2B8
  0,NA,CV.Total.SURVEY_LC1_2Bx
0.007451866,0.010121255,CV.Total.SURVEY_LC1_2C1
0.005270638,0.029001087,CV.Total.SURVEY_LC1_2C2
0.04326890,0.03896834,CV.Total.SURVEY_LC1_2C3
  0,NA,CV.Total.SURVEY_LC1_2Cx
0.1052619,0.0000000,CV.Total.SURVEY_LC1_2D1
0,0,CV.Total.SURVEY_LC1_2D2
  0,NA,CV.Total.SURVEY_LC1_2Dx
0.02964555,0.02635578,CV.Total.SURVEY_LC1_2E1
0.007364406,0.003803644,CV.Total.SURVEY_LC1_2E2
0.02987819,0.01783755,CV.Total.SURVEY_LC1_2E3
0.06178206,NA,CV.Total.SURVEY_LC1_2Ex
  0,NA,CV.Total.SURVEY_LC1_2F1
0,0,CV.Total.SURVEY_LC1_2F2
0.01680239,0.00000000,CV.Total.SURVEY_LC1_2F4
0.04442383,0.00000000,CV.Total.SURVEY_LC1_2G1
0.0000000,0.0269688,CV.Total.SURVEY_LC1_2G2
NA,  0,CV.Total.SURVEY_LC1_2G3
0,0,CV.Total.SURVEY_LC1_2H1
  0,NA,CV.Total.SURVEY_LC1_2Hx
0.00471911,0.00133632,CV.Total.SURVEY_LU1_2U11
0.006738058,0.008061633,CV.Total.SURVEY_LU1_2U12
0,0,CV.Total.SURVEY_LU1_2U13
  0,NA,CV.Total.SURVEY_LU1_2U14
  0,NA,CV.Total.SURVEY_LU1_2U15
0,0,CV.Total.SURVEY_LU1_2U21
0.1026562,0.3216853,CV.Total.SURVEY_LU1_2U22
0.03217622,0.01886306,CV.Total.SURVEY_LU1_2U31
0.00000000,0.08938558,CV.Total.SURVEY_LU1_2U32
0.0000000,0.2006935,CV.Total.SURVEY_LU1_2U33
0.141763,0.000000,CV.Total.SURVEY_LU1_2U34
0.03068754,0.09124026,CV.Total.SURVEY_LU1_2U35
0.03927835,0.03795090,CV.Total.SURVEY_LU1_2U36
0.01828532,0.02495121,CV.Total.SURVEY_LU1_2U37
0.2341512,0.0000000,CV.Total.SURVEY_LU1_2U41
0.009465066,0.012384782,CV.Total.SURVEY_LU1_2U42
0.04127709,0.04539440,CV.Total.SURVEY_LC1_3A11
0.2592199,0.0000000,CV.Total.SURVEY_LC1_3A12
0,0,CV.Total.SURVEY_LC1_3A13
  0,NA,CV.Total.SURVEY_LC1_3A1x
0.05065967,0.06087610,CV.Total.SURVEY_LC1_3A21
0.05192529,0.02265085,CV.Total.SURVEY_LC1_3A22
  0,NA,CV.Total.SURVEY_LC1_3A2x
0,0,CV.Total.SURVEY_LC1_3A30
  0,NA,CV.Total.SURVEY_LC1_3A3x
  0,NA,CV.Total.SURVEY_LC1_3Axx
0.000000000,0.001342422,CV.Total.SURVEY_LC1_3B11
NA,  0,CV.Total.SURVEY_LC1_3B12
0,0,CV.Total.SURVEY_LC1_3B13
NA,  0,CV.Total.SURVEY_LC1_3B14
NA,  0,CV.Total.SURVEY_LC1_3B15
0,0,CV.Total.SURVEY_LC1_3B16
NA,  0,CV.Total.SURVEY_LC1_3B18
NA,  0,CV.Total.SURVEY_LC1_3B19
0.000000000,0.003514315,CV.Total.SURVEY_LC1_3B21
0.000000000,0.004308791,CV.Total.SURVEY_LC1_3B22
NA,  0,CV.Total.SURVEY_LC1_3B23
0,0,CV.Total.SURVEY_LC1_3B32
NA,  0,CV.Total.SURVEY_LC1_3B33
NA,  0,CV.Total.SURVEY_LC1_3B35
NA,  0,CV.Total.SURVEY_LC1_3B37
NA,  0,CV.Total.SURVEY_LC1_3B41
NA,  0,CV.Total.SURVEY_LC1_3B43
0,0,CV.Total.SURVEY_LC1_3B44
NA,  0,CV.Total.SURVEY_LC1_3B45
NA,  0,CV.Total.SURVEY_LC1_3B51
NA,  0,CV.Total.SURVEY_LC1_3B52
NA,  0,CV.Total.SURVEY_LC1_3B53
NA,  0,CV.Total.SURVEY_LC1_3B54
0.000000000,0.005467007,CV.Total.SURVEY_LC1_3B55
0,0,CV.Total.SURVEY_LC1_3B71
0,0,CV.Total.SURVEY_LC1_3B72
0,0,CV.Total.SURVEY_LC1_3B73
NA,  0,CV.Total.SURVEY_LC1_3B74
  0,NA,CV.Total.SURVEY_LC1_3B75
NA,  0,CV.Total.SURVEY_LC1_3B82
0,0,CV.Total.SURVEY_LC1_3B83
NA,  0,CV.Total.SURVEY_LC1_3B84
  0,NA,CV.Total.SURVEY_LC1_3Bx1
  0,NA,CV.Total.SURVEY_LC1_3Bx2
  0,NA,CV.Total.SURVEY_LC1_3Bxx
0.007646868,0.010121255,CV.Total.SURVEY_LC1_3C10
  0,NA,CV.Total.SURVEY_LC1_3C1x
0.00000000,0.02226143,CV.Total.SURVEY_LC1_3C21
0.0000000,0.1435451,CV.Total.SURVEY_LC1_3C22
0,0,CV.Total.SURVEY_LC1_3C23
0.009648756,NA,CV.Total.SURVEY_LC1_3C2x
0.03185989,0.02490571,CV.Total.SURVEY_LC1_3C31
0.15895327,0.06569381,CV.Total.SURVEY_LC1_3C32
0.01797514,0.08140455,CV.Total.SURVEY_LC1_3C33
0.03610804,NA,CV.Total.SURVEY_LC1_3C3x
  0,NA,CV.Total.SURVEY_LC1_3Cxx
0.1406375,0.0000000,CV.Total.SURVEY_LC1_3D10
  0,NA,CV.Total.SURVEY_LC1_3D1x
0,0,CV.Total.SURVEY_LC1_3D20
  0,NA,CV.Total.SURVEY_LC1_3Dxx
0.02991578,0.02635578,CV.Total.SURVEY_LC1_3E10
  0,NA,CV.Total.SURVEY_LC1_3E1x
0.007358714,0.003803644,CV.Total.SURVEY_LC1_3E20
0.13115,NA,CV.Total.SURVEY_LC1_3E2x
0.03042433,0.01783755,CV.Total.SURVEY_LC1_3E30
  0,NA,CV.Total.SURVEY_LC1_3E3x
0.06178206,NA,CV.Total.SURVEY_LC1_3Exx
  0,NA,CV.Total.SURVEY_LC1_3F10
0,0,CV.Total.SURVEY_LC1_3F20
0.01680239,0.00000000,CV.Total.SURVEY_LC1_3F40
0.04561458,0.00000000,CV.Total.SURVEY_LC1_3G11
  0,NA,CV.Total.SURVEY_LC1_3G12
0.0000000,0.0269688,CV.Total.SURVEY_LC1_3G21
  0,NA,CV.Total.SURVEY_LC1_3G22
NA,  0,CV.Total.SURVEY_LC1_3G30
0,0,CV.Total.SURVEY_LC1_3H11
0,0,CV.Total.SURVEY_LC1_3H12
  0,NA,CV.Total.SURVEY_LC1_3Hxx
0.004821527,0.001359827,CV.Total.SURVEY_LU1_3U111
0,0,CV.Total.SURVEY_LU1_3U112
0,0,CV.Total.SURVEY_LU1_3U113
0.006738058,0.008061633,CV.Total.SURVEY_LU1_3U120
0,0,CV.Total.SURVEY_LU1_3U130
  0,NA,CV.Total.SURVEY_LU1_3U140
  0,NA,CV.Total.SURVEY_LU1_3U150
0,0,CV.Total.SURVEY_LU1_3U210
0.5151689,NA,CV.Total.SURVEY_LU1_3U221
  0,NA,CV.Total.SURVEY_LU1_3U222
  0,NA,CV.Total.SURVEY_LU1_3U223
0.0000000,0.7440238,CV.Total.SURVEY_LU1_3U224
0,0,CV.Total.SURVEY_LU1_3U225
0,0,CV.Total.SURVEY_LU1_3U226
0.5444213,0.0000000,CV.Total.SURVEY_LU1_3U227
0.5445266,NA,CV.Total.SURVEY_LU1_3U228
0.08384457,0.00000000,CV.Total.SURVEY_LU1_3U311
0.04554842,0.02263476,CV.Total.SURVEY_LU1_3U312
0,0,CV.Total.SURVEY_LU1_3U313
  0,NA,CV.Total.SURVEY_LU1_3U314
NA,  0,CV.Total.SURVEY_LU1_3U316
0.06064941,0.00000000,CV.Total.SURVEY_LU1_3U317
0.2975474,0.0000000,CV.Total.SURVEY_LU1_3U319
0,0,CV.Total.SURVEY_LU1_3U321
0.0000000,0.1515245,CV.Total.SURVEY_LU1_3U322
0.0000000,0.2006935,CV.Total.SURVEY_LU1_3U330
0.1527377,0.0000000,CV.Total.SURVEY_LU1_3U341
0,0,CV.Total.SURVEY_LU1_3U342
0.03068754,0.09124026,CV.Total.SURVEY_LU1_3U350
0.02404275,0.05763532,CV.Total.SURVEY_LU1_3U361
0.10285491,0.04900081,CV.Total.SURVEY_LU1_3U362
0.01828532,0.02495121,CV.Total.SURVEY_LU1_3U370
0.07137355,NA,CV.Total.SURVEY_LU1_3U411
NA,  0,CV.Total.SURVEY_LU1_3U412
0.7806247,0.0000000,CV.Total.SURVEY_LU1_3U414
0,0,CV.Total.SURVEY_LU1_3U415
0.009465066,0.012384782,CV.Total.SURVEY_LU1_3U420
0.003628612,0.001807114,CV.Total.settlement0
0.006404667,0.015197016,CV.Total.settlement1
0.006404667,0.015197016,CV.Total.settl_pc
0.003739014,0.002072091,CV.Total.fao_class_name0
0.006516771,0.007789945,CV.Total.fao_class_name1
0.05876832,0.00000000,CV.Total.fao_class_name2
0.01727203,0.02509926,CV.Total.fao_class_name3
0.005883636,0.002006692,CV.Total.lue0
0.01420072,0.02009748,CV.Total.lue1
0.005009050,0.002022334,CV.Total.lud0
0.02707960,0.02276526,CV.Total.lud1
