CZ0.No,CZ0.Yes,variable
No,Yes,flag_two
35644.58,43226.42,Total.area
3002.6053, 688.9088,Total.SURVEY_LC1_1A
11025.84,13274.69,Total.SURVEY_LC1_1B
10838.09,18018.29,Total.SURVEY_LC1_1C
347.9233,251.8739,Total.SURVEY_LC1_1D
8384.713,9856.027,Total.SURVEY_LC1_1E
1165.665, 865.387,Total.SURVEY_LC1_1F
792.4350,183.2508,Total.SURVEY_LC1_1G
87.30480,87.99208,Total.SURVEY_LC1_1H
27713.87,39699.03,Total.SURVEY_LU1_1U1
355.24217, 32.22754,Total.SURVEY_LU1_1U2
5497.330,1655.296,Total.SURVEY_LU1_1U3
2078.141,1839.865,Total.SURVEY_LU1_1U4
1354.9590, 124.6449,Total.SURVEY_LC1_2A1
1539.6115, 460.4956,Total.SURVEY_LC1_2A2
108.0348,103.7683,Total.SURVEY_LC1_2A3
 104.5914,7893.9744,Total.SURVEY_LC1_2B1
  0.0000,470.0432,Total.SURVEY_LC1_2B2
 173.6815,2858.8580,Total.SURVEY_LC1_2B3
 11.8402,307.0214,Total.SURVEY_LC1_2B4
  10.23019,1038.81529,Total.SURVEY_LC1_2B5
481.8606,616.8008,Total.SURVEY_LC1_2B7
78.31256,89.17968,Total.SURVEY_LC1_2B8
10165.33,    0.00,Total.SURVEY_LC1_2Bx
2696.411,5200.486,Total.SURVEY_LC1_2C1
4538.058,9212.125,Total.SURVEY_LC1_2C2
3569.668,3605.675,Total.SURVEY_LC1_2C3
33.95717, 0.00000,Total.SURVEY_LC1_2Cx
140.2324,138.8945,Total.SURVEY_LC1_2D1
207.6909,112.9794,Total.SURVEY_LC1_2D2
 773.1329,1046.6978,Total.SURVEY_LC1_2E1
6872.413,7825.259,Total.SURVEY_LC1_2E2
739.1671,984.0702,Total.SURVEY_LC1_2E3
33.74744, 0.00000,Total.SURVEY_LC1_2F1
15.97422, 0.00000,Total.SURVEY_LC1_2F2
1115.943, 865.387,Total.SURVEY_LC1_2F4
666.10101, 94.32113,Total.SURVEY_LC1_2G1
126.33398, 88.92971,Total.SURVEY_LC1_2G2
87.30480,87.99208,Total.SURVEY_LC1_2H1
16946.58,21441.50,Total.SURVEY_LU1_2U11
10133.01,18229.35,Total.SURVEY_LU1_2U12
413.7345, 15.7694,Total.SURVEY_LU1_2U13
212.538075,  8.289187,Total.SURVEY_LU1_2U14
8.006363,4.118839,Total.SURVEY_LU1_2U15
121.4658,  0.0000,Total.SURVEY_LU1_2U21
233.77639, 32.22754,Total.SURVEY_LU1_2U22
1410.6509, 742.5219,Total.SURVEY_LU1_2U31
107.98968, 16.39924,Total.SURVEY_LU1_2U32
31.21349,43.80506,Total.SURVEY_LU1_2U33
213.01115, 43.11045,Total.SURVEY_LU1_2U34
794.23832, 25.74934,Total.SURVEY_LU1_2U35
623.4582,216.5451,Total.SURVEY_LU1_2U36
2316.768, 567.165,Total.SURVEY_LU1_2U37
189.7641,106.4048,Total.SURVEY_LU1_2U41
1888.377,1733.460,Total.SURVEY_LU1_2U42
1309.443, 120.376,Total.SURVEY_LC1_3A11
28.34151, 0.00000,Total.SURVEY_LC1_3A12
17.174270, 4.268918,Total.SURVEY_LC1_3A13
514.50361, 96.86073,Total.SURVEY_LC1_3A21
1025.1079, 363.6349,Total.SURVEY_LC1_3A22
108.0348,103.7683,Total.SURVEY_LC1_3A30
   3.97652,3824.45188,Total.SURVEY_LC1_3B11
  0.000,210.003,Total.SURVEY_LC1_3B12
   0.000,1457.561,Total.SURVEY_LC1_3B13
  0.0000,329.6957,Total.SURVEY_LC1_3B14
  0.0000,317.9617,Total.SURVEY_LC1_3B15
  95.92237,1509.64342,Total.SURVEY_LC1_3B16
  0.0000,113.8913,Total.SURVEY_LC1_3B18
  4.692481,130.766334,Total.SURVEY_LC1_3B19
 0.00000,93.05286,Total.SURVEY_LC1_3B21
  0.0000,331.6537,Total.SURVEY_LC1_3B22
 0.00000,45.33663,Total.SURVEY_LC1_3B23
25.82740,81.14569,Total.SURVEY_LC1_3B31
 110.7501,2331.9866,Total.SURVEY_LC1_3B32
  0.0000,114.8194,Total.SURVEY_LC1_3B33
  4.061038,269.624398,Total.SURVEY_LC1_3B35
33.04291,61.28200,Total.SURVEY_LC1_3B37
  7.85086,269.33547,Total.SURVEY_LC1_3B41
0.000000,3.716902,Total.SURVEY_LC1_3B42
 0.00000,28.39006,Total.SURVEY_LC1_3B43
3.989340,5.578938,Total.SURVEY_LC1_3B44
  0.0000,438.8965,Total.SURVEY_LC1_3B51
  0.0000,332.7191,Total.SURVEY_LC1_3B52
  0.0000,119.5017,Total.SURVEY_LC1_3B53
0.00000,4.12824,Total.SURVEY_LC1_3B54
 10.23019,143.56979,Total.SURVEY_LC1_3B55
226.0342,258.2969,Total.SURVEY_LC1_3B71
11.73816,15.93492,Total.SURVEY_LC1_3B72
73.38036,84.84672,Total.SURVEY_LC1_3B73
 27.76054,131.12221,Total.SURVEY_LC1_3B74
142.9473,126.6000,Total.SURVEY_LC1_3B75
78.31256,71.25457,Total.SURVEY_LC1_3B82
0.000000,4.061038,Total.SURVEY_LC1_3B83
 0.00000,13.86407,Total.SURVEY_LC1_3B84
9924.309,   0.000,Total.SURVEY_LC1_3Bx1
241.0182,  0.0000,Total.SURVEY_LC1_3Bx2
2679.981,5200.486,Total.SURVEY_LC1_3C10
16.43012, 0.00000,Total.SURVEY_LC1_3C1x
3206.537,6981.179,Total.SURVEY_LC1_3C21
368.7275,498.4137,Total.SURVEY_LC1_3C22
 946.6507,1732.5323,Total.SURVEY_LC1_3C23
16.14227, 0.00000,Total.SURVEY_LC1_3C2x
850.9348,799.1807,Total.SURVEY_LC1_3C31
294.5126,957.4186,Total.SURVEY_LC1_3C32
2416.217,1849.075,Total.SURVEY_LC1_3C33
8.003645,0.000000,Total.SURVEY_LC1_3C3x
33.95717, 0.00000,Total.SURVEY_LC1_3Cxx
136.4579,138.8945,Total.SURVEY_LC1_3D10
3.774488,0.000000,Total.SURVEY_LC1_3D1x
207.6909,112.9794,Total.SURVEY_LC1_3D20
 768.2005,1046.6978,Total.SURVEY_LC1_3E10
4.932407,0.000000,Total.SURVEY_LC1_3E1x
6868.257,7825.259,Total.SURVEY_LC1_3E20
4.155373,0.000000,Total.SURVEY_LC1_3E2x
739.1671,984.0702,Total.SURVEY_LC1_3E30
33.74744, 0.00000,Total.SURVEY_LC1_3F10
15.97422, 0.00000,Total.SURVEY_LC1_3F20
1115.943, 865.387,Total.SURVEY_LC1_3F40
666.10101, 94.32113,Total.SURVEY_LC1_3G11
126.33398, 88.92971,Total.SURVEY_LC1_3G21
83.25449,87.99208,Total.SURVEY_LC1_3H11
4.050312,0.000000,Total.SURVEY_LC1_3H12
16377.45,20979.91,Total.SURVEY_LU1_3U111
41.49931,77.88345,Total.SURVEY_LU1_3U112
527.6327,383.7060,Total.SURVEY_LU1_3U113
10133.01,18229.35,Total.SURVEY_LU1_3U120
413.7345, 15.7694,Total.SURVEY_LU1_3U130
212.538075,  8.289187,Total.SURVEY_LU1_3U140
8.006363,4.118839,Total.SURVEY_LU1_3U150
121.4658,  0.0000,Total.SURVEY_LU1_3U210
20.210421, 5.702708,Total.SURVEY_LU1_3U221
0.000000,4.418356,Total.SURVEY_LU1_3U222
25.62169, 0.00000,Total.SURVEY_LU1_3U223
74.70972, 0.00000,Total.SURVEY_LU1_3U224
9.380254,0.000000,Total.SURVEY_LU1_3U225
75.02014,18.15672,Total.SURVEY_LU1_3U226
19.472163, 3.949765,Total.SURVEY_LU1_3U227
9.362002,0.000000,Total.SURVEY_LU1_3U228
80.90825,37.82494,Total.SURVEY_LU1_3U311
1032.4678, 493.2296,Total.SURVEY_LU1_3U312
25.01081,41.50144,Total.SURVEY_LU1_3U313
71.73885,13.32696,Total.SURVEY_LU1_3U314
101.45788, 48.16026,Total.SURVEY_LU1_3U317
12.446023, 8.797533,Total.SURVEY_LU1_3U318
86.62133,99.68115,Total.SURVEY_LU1_3U319
99.61821,16.39924,Total.SURVEY_LU1_3U321
8.371476,0.000000,Total.SURVEY_LU1_3U322
31.21349,43.80506,Total.SURVEY_LU1_3U330
203.55704, 39.11249,Total.SURVEY_LU1_3U341
9.454112,3.997967,Total.SURVEY_LU1_3U342
794.23832, 25.74934,Total.SURVEY_LU1_3U350
401.8954,129.9683,Total.SURVEY_LU1_3U361
221.56277, 86.57675,Total.SURVEY_LU1_3U362
2316.768, 567.165,Total.SURVEY_LU1_3U370
11.65755, 0.00000,Total.SURVEY_LU1_3U411
14.461359, 3.533137,Total.SURVEY_LU1_3U412
0.00000,7.85086,Total.SURVEY_LU1_3U413
0.000000,8.136588,Total.SURVEY_LU1_3U414
163.64522, 86.88424,Total.SURVEY_LU1_3U415
1888.377,1733.460,Total.SURVEY_LU1_3U420
29999.35,41697.94,Total.settlement0
5645.234,1528.480,Total.settlement1
0.5213779,0.1411661,Total.settl_pc
24425.52,24575.77,Total.fao_class_name0
10612.50,17742.92,Total.fao_class_name1
212.0383,379.4038,Total.fao_class_name2
394.5220,528.3232,Total.fao_class_name3
31697.11,42373.85,Total.lue0
3947.4754, 852.5699,Total.lue1
33526.95,42383.17,Total.lud0
2117.6344, 843.2429,Total.lud1
954.0960,957.4864,SE.Total.area
67.72223,47.03663,SE.Total.SURVEY_LC1_1A
158.1187,177.1057,SE.Total.SURVEY_LC1_1B
908.7419,996.5015,SE.Total.SURVEY_LC1_1C
22.70752,17.75246,SE.Total.SURVEY_LC1_1D
296.9631,487.2489,SE.Total.SURVEY_LC1_1E
60.60402,64.17083,SE.Total.SURVEY_LC1_1F
6.578647,6.720402,SE.Total.SURVEY_LC1_1G
 0.00000,13.46053,SE.Total.SURVEY_LC1_1H
951.9795,979.7770,SE.Total.SURVEY_LU1_1U1
69.76476,16.38504,SE.Total.SURVEY_LU1_1U2
178.19360, 79.00747,SE.Total.SURVEY_LU1_1U3
 82.19886,289.15597,SE.Total.SURVEY_LU1_1U4
91.26531,22.30178,SE.Total.SURVEY_LC1_2A1
96.62648,40.67331,SE.Total.SURVEY_LC1_2A2
14.37669,15.76344,SE.Total.SURVEY_LC1_2A3
 19.11892,145.68917,SE.Total.SURVEY_LC1_2B1
 0.0000,36.0673,SE.Total.SURVEY_LC1_2B2
20.49770,99.08325,SE.Total.SURVEY_LC1_2B3
 5.515152,28.306212,SE.Total.SURVEY_LC1_2B4
 3.039317,70.214069,SE.Total.SURVEY_LC1_2B5
15.91183,68.88185,SE.Total.SURVEY_LC1_2B7
16.74735,19.42267,SE.Total.SURVEY_LC1_2B8
156.3981,  0.0000,SE.Total.SURVEY_LC1_2Bx
269.5370,711.2704,SE.Total.SURVEY_LC1_2C1
 723.6607,1026.2370,SE.Total.SURVEY_LC1_2C2
640.8426,646.0404,SE.Total.SURVEY_LC1_2C3
19.05282, 0.00000,SE.Total.SURVEY_LC1_2Cx
15.87311,12.67927,SE.Total.SURVEY_LC1_2D1
16.38653,12.42521,SE.Total.SURVEY_LC1_2D2
 54.94344,312.74357,SE.Total.SURVEY_LC1_2E1
291.3538,282.9393,SE.Total.SURVEY_LC1_2E2
 45.97747,270.57592,SE.Total.SURVEY_LC1_2E3
0,0,SE.Total.SURVEY_LC1_2F1
0,0,SE.Total.SURVEY_LC1_2F2
60.60402,64.17083,SE.Total.SURVEY_LC1_2F4
7.38379,5.02834,SE.Total.SURVEY_LC1_2G1
4.885622,5.234484,SE.Total.SURVEY_LC1_2G2
 0.00000,13.46053,SE.Total.SURVEY_LC1_2H1
204.9496,213.7415,SE.Total.SURVEY_LU1_2U11
930.4339,957.3015,SE.Total.SURVEY_LU1_2U12
7.38379,0.00000,SE.Total.SURVEY_LU1_2U13
7.637621,0.000000,SE.Total.SURVEY_LU1_2U14
0,0,SE.Total.SURVEY_LU1_2U15
59.59184, 0.00000,SE.Total.SURVEY_LU1_2U21
36.66494,16.38504,SE.Total.SURVEY_LU1_2U22
84.34986,63.69404,SE.Total.SURVEY_LU1_2U31
8.683057,0.000000,SE.Total.SURVEY_LU1_2U32
6.340242,9.347904,SE.Total.SURVEY_LU1_2U33
40.17630,10.75645,SE.Total.SURVEY_LU1_2U34
166.081986,  9.728921,SE.Total.SURVEY_LU1_2U35
53.04239,18.87370,SE.Total.SURVEY_LU1_2U36
102.6898, 42.6789,SE.Total.SURVEY_LU1_2U37
25.47474,15.54205,SE.Total.SURVEY_LU1_2U41
 78.69912,288.73927,SE.Total.SURVEY_LU1_2U42
90.97288,22.30178,SE.Total.SURVEY_LC1_3A11
14.5451, 0.0000,SE.Total.SURVEY_LC1_3A12
6.887341,0.000000,SE.Total.SURVEY_LC1_3A13
67.92781,19.21530,SE.Total.SURVEY_LC1_3A21
80.46727,37.02932,SE.Total.SURVEY_LC1_3A22
14.37669,15.76344,SE.Total.SURVEY_LC1_3A30
  0.0000,112.2607,SE.Total.SURVEY_LC1_3B11
 0.00000,25.30925,SE.Total.SURVEY_LC1_3B12
 0.00000,71.51315,SE.Total.SURVEY_LC1_3B13
 0.00000,40.64571,SE.Total.SURVEY_LC1_3B14
 0.00000,38.52661,SE.Total.SURVEY_LC1_3B15
19.03084,68.50061,SE.Total.SURVEY_LC1_3B16
 0.00000,19.77224,SE.Total.SURVEY_LC1_3B18
 1.84664,25.33513,SE.Total.SURVEY_LC1_3B19
0.000000,9.539061,SE.Total.SURVEY_LC1_3B21
 0.00000,33.63574,SE.Total.SURVEY_LC1_3B22
0.000000,9.201801,SE.Total.SURVEY_LC1_3B23
13.23609,12.11000,SE.Total.SURVEY_LC1_3B31
15.65244,90.83558,SE.Total.SURVEY_LC1_3B32
 0.00000,14.90712,SE.Total.SURVEY_LC1_3B33
 0.00000,35.84621,SE.Total.SURVEY_LC1_3B35
 0.00000,16.80581,SE.Total.SURVEY_LC1_3B37
 5.515152,27.847238,SE.Total.SURVEY_LC1_3B41
0,0,SE.Total.SURVEY_LC1_3B42
0.000000,4.161582,SE.Total.SURVEY_LC1_3B43
0.000000,3.014842,SE.Total.SURVEY_LC1_3B44
 0.00000,55.38192,SE.Total.SURVEY_LC1_3B51
 0.00000,33.92324,SE.Total.SURVEY_LC1_3B52
 0.00000,20.84472,SE.Total.SURVEY_LC1_3B53
0.0000000,0.2789606,SE.Total.SURVEY_LC1_3B54
 3.039317,18.591806,SE.Total.SURVEY_LC1_3B55
14.57036,47.83403,SE.Total.SURVEY_LC1_3B71
0,0,SE.Total.SURVEY_LC1_3B72
0.000000,9.818252,SE.Total.SURVEY_LC1_3B73
 5.059082,46.488336,SE.Total.SURVEY_LC1_3B74
 6.116582,14.682882,SE.Total.SURVEY_LC1_3B75
16.74735,15.62729,SE.Total.SURVEY_LC1_3B82
0,0,SE.Total.SURVEY_LC1_3B83
 0.00000,11.53377,SE.Total.SURVEY_LC1_3B84
153.7386,  0.0000,SE.Total.SURVEY_LC1_3Bx1
29.09657, 0.00000,SE.Total.SURVEY_LC1_3Bx2
269.4121,711.2704,SE.Total.SURVEY_LC1_3C10
14.4199, 0.0000,SE.Total.SURVEY_LC1_3C1x
598.8573,961.8504,SE.Total.SURVEY_LC1_3C21
213.5920,308.8579,SE.Total.SURVEY_LC1_3C22
390.1049,574.3456,SE.Total.SURVEY_LC1_3C23
2.154449,0.000000,SE.Total.SURVEY_LC1_3C2x
352.5280,264.0556,SE.Total.SURVEY_LC1_3C31
205.1876,348.8733,SE.Total.SURVEY_LC1_3C32
527.9227,506.9965,SE.Total.SURVEY_LC1_3C33
0,0,SE.Total.SURVEY_LC1_3C3x
19.05282, 0.00000,SE.Total.SURVEY_LC1_3Cxx
15.87311,12.67927,SE.Total.SURVEY_LC1_3D10
0,0,SE.Total.SURVEY_LC1_3D1x
16.38653,12.42521,SE.Total.SURVEY_LC1_3D20
 54.94344,312.74357,SE.Total.SURVEY_LC1_3E10
0,0,SE.Total.SURVEY_LC1_3E1x
291.3538,282.9393,SE.Total.SURVEY_LC1_3E20
0,0,SE.Total.SURVEY_LC1_3E2x
 45.97747,270.57592,SE.Total.SURVEY_LC1_3E30
0,0,SE.Total.SURVEY_LC1_3F10
0,0,SE.Total.SURVEY_LC1_3F20
60.60402,64.17083,SE.Total.SURVEY_LC1_3F40
7.38379,5.02834,SE.Total.SURVEY_LC1_3G11
4.885622,5.234484,SE.Total.SURVEY_LC1_3G21
 0.00000,13.46053,SE.Total.SURVEY_LC1_3H11
0,0,SE.Total.SURVEY_LC1_3H12
203.0293,210.9325,SE.Total.SURVEY_LU1_3U111
 5.449663,17.497696,SE.Total.SURVEY_LU1_3U112
32.15607,63.37751,SE.Total.SURVEY_LU1_3U113
930.4339,957.3015,SE.Total.SURVEY_LU1_3U120
7.38379,0.00000,SE.Total.SURVEY_LU1_3U130
7.637621,0.000000,SE.Total.SURVEY_LU1_3U140
0,0,SE.Total.SURVEY_LU1_3U150
59.59184, 0.00000,SE.Total.SURVEY_LU1_3U210
8.316861,2.851354,SE.Total.SURVEY_LU1_3U221
0.000000,1.397207,SE.Total.SURVEY_LU1_3U222
8.181597,0.000000,SE.Total.SURVEY_LU1_3U223
31.85419, 0.00000,SE.Total.SURVEY_LU1_3U224
1.584847,0.000000,SE.Total.SURVEY_LU1_3U225
12.85208,16.07442,SE.Total.SURVEY_LU1_3U226
4.541998,0.000000,SE.Total.SURVEY_LU1_3U227
7.123415,0.000000,SE.Total.SURVEY_LU1_3U228
12.418904, 8.967235,SE.Total.SURVEY_LU1_3U311
78.69349,59.67028,SE.Total.SURVEY_LU1_3U312
0,0,SE.Total.SURVEY_LU1_3U313
7.443626,6.081236,SE.Total.SURVEY_LU1_3U314
25.82055,13.79033,SE.Total.SURVEY_LU1_3U317
0.000000,2.550815,SE.Total.SURVEY_LU1_3U318
14.33637,15.76344,SE.Total.SURVEY_LU1_3U319
8.595548,0.000000,SE.Total.SURVEY_LU1_3U321
1.229651,0.000000,SE.Total.SURVEY_LU1_3U322
6.340242,9.347904,SE.Total.SURVEY_LU1_3U330
40.13347,10.75645,SE.Total.SURVEY_LU1_3U341
2.194576,0.000000,SE.Total.SURVEY_LU1_3U342
166.081986,  9.728921,SE.Total.SURVEY_LU1_3U350
25.95131,16.51198,SE.Total.SURVEY_LU1_3U361
46.296802, 9.142224,SE.Total.SURVEY_LU1_3U362
102.6898, 42.6789,SE.Total.SURVEY_LU1_3U370
0,0,SE.Total.SURVEY_LU1_3U411
12.30608, 0.00000,SE.Total.SURVEY_LU1_3U412
0.000000,5.515152,SE.Total.SURVEY_LU1_3U413
0.0000000,0.2789606,SE.Total.SURVEY_LU1_3U414
22.30522,14.52793,SE.Total.SURVEY_LU1_3U415
 78.69912,288.73927,SE.Total.SURVEY_LU1_3U420
952.3684,957.7721,SE.Total.settlement0
182.45533, 78.91695,SE.Total.settlement1
0.016851059,0.007288547,SE.Total.settl_pc
219.1236,442.1782,SE.Total.fao_class_name0
933.4513,995.2595,SE.Total.fao_class_name1
 31.24366,240.31451,SE.Total.fao_class_name2
19.22235,57.05276,SE.Total.fao_class_name3
956.3285,957.3765,SE.Total.lue0
184.00456, 48.15462,SE.Total.lue1
956.5393,957.9937,SE.Total.lud0
106.96294, 65.85788,SE.Total.lud1
33774.59,41349.78,CI.l(95%).Total.area
2869.8722, 596.7187,CI.l(95%).Total.SURVEY_LC1_1A
10715.94,12927.57,CI.l(95%).Total.SURVEY_LC1_1B
 9056.992,16065.178,CI.l(95%).Total.SURVEY_LC1_1C
303.4174,217.0797,CI.l(95%).Total.SURVEY_LC1_1D
7802.676,8901.037,CI.l(95%).Total.SURVEY_LC1_1E
1046.8828, 739.6145,CI.l(95%).Total.SURVEY_LC1_1F
779.5411,170.0791,CI.l(95%).Total.SURVEY_LC1_1G
87.30480,61.60993,CI.l(95%).Total.SURVEY_LC1_1H
25848.02,37778.70,CI.l(95%).Total.SURVEY_LU1_1U1
218.5057630,  0.1134563,CI.l(95%).Total.SURVEY_LU1_1U2
5148.077,1500.444,CI.l(95%).Total.SURVEY_LU1_1U3
1917.034,1273.130,CI.l(95%).Total.SURVEY_LU1_1U4
1176.08225,  80.93425,CI.l(95%).Total.SURVEY_LC1_2A1
1350.2271, 380.7774,CI.l(95%).Total.SURVEY_LC1_2A2
79.85700,72.87251,CI.l(95%).Total.SURVEY_LC1_2A3
  67.11898,7608.42884,CI.l(95%).Total.SURVEY_LC1_2B1
  0.0000,399.3526,CI.l(95%).Total.SURVEY_LC1_2B2
 133.5068,2664.6584,CI.l(95%).Total.SURVEY_LC1_2B3
  1.030702,251.542213,CI.l(95%).Total.SURVEY_LC1_2B4
  4.273237,901.198241,CI.l(95%).Total.SURVEY_LC1_2B5
450.6740,481.7948,CI.l(95%).Total.SURVEY_LC1_2B7
45.48835,51.11195,CI.l(95%).Total.SURVEY_LC1_2B8
9858.793,   0.000,CI.l(95%).Total.SURVEY_LC1_2Bx
2168.128,3806.421,CI.l(95%).Total.SURVEY_LC1_2C1
3119.709,7200.737,CI.l(95%).Total.SURVEY_LC1_2C2
2313.639,2339.459,CI.l(95%).Total.SURVEY_LC1_2C3
-3.38567, 0.00000,CI.l(95%).Total.SURVEY_LC1_2Cx
109.1216,114.0436,CI.l(95%).Total.SURVEY_LC1_2D1
175.57391, 88.62642,CI.l(95%).Total.SURVEY_LC1_2D2
665.4457,433.7316,CI.l(95%).Total.SURVEY_LC1_2E1
6301.370,7270.708,CI.l(95%).Total.SURVEY_LC1_2E2
649.0530,453.7511,CI.l(95%).Total.SURVEY_LC1_2E3
33.74744, 0.00000,CI.l(95%).Total.SURVEY_LC1_2F1
15.97422, 0.00000,CI.l(95%).Total.SURVEY_LC1_2F2
997.1612,739.6145,CI.l(95%).Total.SURVEY_LC1_2F4
651.62905, 84.46576,CI.l(95%).Total.SURVEY_LC1_2G1
116.75834, 78.67031,CI.l(95%).Total.SURVEY_LC1_2G2
87.30480,61.60993,CI.l(95%).Total.SURVEY_LC1_2H1
16544.89,21022.58,CI.l(95%).Total.SURVEY_LU1_2U11
 8309.39,16353.07,CI.l(95%).Total.SURVEY_LU1_2U12
399.2626, 15.7694,CI.l(95%).Total.SURVEY_LU1_2U13
197.568614,  8.289187,CI.l(95%).Total.SURVEY_LU1_2U14
8.006363,4.118839,CI.l(95%).Total.SURVEY_LU1_2U15
4.667918,0.000000,CI.l(95%).Total.SURVEY_LU1_2U21
161.9144387,  0.1134563,CI.l(95%).Total.SURVEY_LU1_2U22
1245.3282, 617.6838,CI.l(95%).Total.SURVEY_LU1_2U31
90.97121,16.39924,CI.l(95%).Total.SURVEY_LU1_2U32
18.78685,25.48350,CI.l(95%).Total.SURVEY_LU1_2U33
134.2670, 22.0282,CI.l(95%).Total.SURVEY_LU1_2U34
468.723609,  6.681007,CI.l(95%).Total.SURVEY_LU1_2U35
519.4970,179.5533,CI.l(95%).Total.SURVEY_LU1_2U36
2115.4995, 483.5159,CI.l(95%).Total.SURVEY_LU1_2U37
139.83456, 75.94296,CI.l(95%).Total.SURVEY_LU1_2U41
1734.129,1167.542,CI.l(95%).Total.SURVEY_LU1_2U42
1131.13962,  76.66533,CI.l(95%).Total.SURVEY_LC1_3A11
-0.1663549, 0.0000000,CI.l(95%).Total.SURVEY_LC1_3A12
3.675331,4.268918,CI.l(95%).Total.SURVEY_LC1_3A13
381.36754, 59.19944,CI.l(95%).Total.SURVEY_LC1_3A21
867.3950,291.0587,CI.l(95%).Total.SURVEY_LC1_3A22
79.85700,72.87251,CI.l(95%).Total.SURVEY_LC1_3A30
   3.97652,3604.42488,CI.l(95%).Total.SURVEY_LC1_3B11
  0.0000,160.3978,CI.l(95%).Total.SURVEY_LC1_3B12
   0.000,1317.398,CI.l(95%).Total.SURVEY_LC1_3B13
  0.0000,250.0316,CI.l(95%).Total.SURVEY_LC1_3B14
  0.000,242.451,CI.l(95%).Total.SURVEY_LC1_3B15
  58.62261,1375.38470,CI.l(95%).Total.SURVEY_LC1_3B16
 0.00000,75.13842,CI.l(95%).Total.SURVEY_LC1_3B18
 1.073132,81.110391,CI.l(95%).Total.SURVEY_LC1_3B19
 0.00000,74.35664,CI.l(95%).Total.SURVEY_LC1_3B21
  0.0000,265.7289,CI.l(95%).Total.SURVEY_LC1_3B22
 0.00000,27.30143,CI.l(95%).Total.SURVEY_LC1_3B23
-0.1148586,57.4105313,CI.l(95%).Total.SURVEY_LC1_3B31
  80.07194,2153.95211,CI.l(95%).Total.SURVEY_LC1_3B32
 0.00000,85.60196,CI.l(95%).Total.SURVEY_LC1_3B33
  4.061038,199.367115,CI.l(95%).Total.SURVEY_LC1_3B35
33.04291,28.34322,CI.l(95%).Total.SURVEY_LC1_3B37
 -2.958639,214.755882,CI.l(95%).Total.SURVEY_LC1_3B41
0.000000,3.716902,CI.l(95%).Total.SURVEY_LC1_3B42
 0.00000,20.23351,CI.l(95%).Total.SURVEY_LC1_3B43
 3.9893405,-0.3300432,CI.l(95%).Total.SURVEY_LC1_3B44
  0.0000,330.3499,CI.l(95%).Total.SURVEY_LC1_3B51
  0.0000,266.2308,CI.l(95%).Total.SURVEY_LC1_3B52
 0.00000,78.64678,CI.l(95%).Total.SURVEY_LC1_3B53
0.000000,3.581488,CI.l(95%).Total.SURVEY_LC1_3B54
  4.273237,107.130515,CI.l(95%).Total.SURVEY_LC1_3B55
197.4768,164.5439,CI.l(95%).Total.SURVEY_LC1_3B71
11.73816,15.93492,CI.l(95%).Total.SURVEY_LC1_3B72
73.38036,65.60330,CI.l(95%).Total.SURVEY_LC1_3B73
17.84492,40.00675,CI.l(95%).Total.SURVEY_LC1_3B74
130.9591, 97.8221,CI.l(95%).Total.SURVEY_LC1_3B75
45.48835,40.62565,CI.l(95%).Total.SURVEY_LC1_3B82
0.000000,4.061038,CI.l(95%).Total.SURVEY_LC1_3B83
 0.000000,-8.741706,CI.l(95%).Total.SURVEY_LC1_3B84
9622.987,   0.000,CI.l(95%).Total.SURVEY_LC1_3Bx1
183.9899,  0.0000,CI.l(95%).Total.SURVEY_LC1_3Bx2
2151.942,3806.421,CI.l(95%).Total.SURVEY_LC1_3C10
-11.83237,  0.00000,CI.l(95%).Total.SURVEY_LC1_3C1x
2032.798,5095.987,CI.l(95%).Total.SURVEY_LC1_3C21
 -49.90499,-106.93670,CI.l(95%).Total.SURVEY_LC1_3C22
182.0591,606.8356,CI.l(95%).Total.SURVEY_LC1_3C23
11.91963, 0.00000,CI.l(95%).Total.SURVEY_LC1_3C2x
159.9927,281.6412,CI.l(95%).Total.SURVEY_LC1_3C31
-107.6477, 273.6395,CI.l(95%).Total.SURVEY_LC1_3C32
1381.5071, 855.3805,CI.l(95%).Total.SURVEY_LC1_3C33
8.003645,0.000000,CI.l(95%).Total.SURVEY_LC1_3C3x
-3.38567, 0.00000,CI.l(95%).Total.SURVEY_LC1_3Cxx
105.3472,114.0436,CI.l(95%).Total.SURVEY_LC1_3D10
3.774488,0.000000,CI.l(95%).Total.SURVEY_LC1_3D1x
175.57391, 88.62642,CI.l(95%).Total.SURVEY_LC1_3D20
660.5133,433.7316,CI.l(95%).Total.SURVEY_LC1_3E10
4.932407,0.000000,CI.l(95%).Total.SURVEY_LC1_3E1x
6297.214,7270.708,CI.l(95%).Total.SURVEY_LC1_3E20
4.155373,0.000000,CI.l(95%).Total.SURVEY_LC1_3E2x
649.0530,453.7511,CI.l(95%).Total.SURVEY_LC1_3E30
33.74744, 0.00000,CI.l(95%).Total.SURVEY_LC1_3F10
15.97422, 0.00000,CI.l(95%).Total.SURVEY_LC1_3F20
997.1612,739.6145,CI.l(95%).Total.SURVEY_LC1_3F40
651.62905, 84.46576,CI.l(95%).Total.SURVEY_LC1_3G11
116.75834, 78.67031,CI.l(95%).Total.SURVEY_LC1_3G21
83.25449,61.60993,CI.l(95%).Total.SURVEY_LC1_3H11
4.050312,0.000000,CI.l(95%).Total.SURVEY_LC1_3H12
15979.52,20566.49,CI.l(95%).Total.SURVEY_LU1_3U111
30.81817,43.58860,CI.l(95%).Total.SURVEY_LU1_3U112
464.6080,259.4884,CI.l(95%).Total.SURVEY_LU1_3U113
 8309.39,16353.07,CI.l(95%).Total.SURVEY_LU1_3U120
399.2626, 15.7694,CI.l(95%).Total.SURVEY_LU1_3U130
197.568614,  8.289187,CI.l(95%).Total.SURVEY_LU1_3U140
8.006363,4.118839,CI.l(95%).Total.SURVEY_LU1_3U150
4.667918,0.000000,CI.l(95%).Total.SURVEY_LU1_3U210
3.9096727,0.1141569,CI.l(95%).Total.SURVEY_LU1_3U221
0.000000,1.679881,CI.l(95%).Total.SURVEY_LU1_3U222
9.586051,0.000000,CI.l(95%).Total.SURVEY_LU1_3U223
12.27665, 0.00000,CI.l(95%).Total.SURVEY_LU1_3U224
6.274011,0.000000,CI.l(95%).Total.SURVEY_LU1_3U225
 49.83052,-13.34858,CI.l(95%).Total.SURVEY_LU1_3U226
10.570010, 3.949765,CI.l(95%).Total.SURVEY_LU1_3U227
-4.599636, 0.000000,CI.l(95%).Total.SURVEY_LU1_3U228
56.56765,20.24948,CI.l(95%).Total.SURVEY_LU1_3U311
878.2314,376.2780,CI.l(95%).Total.SURVEY_LU1_3U312
25.01081,41.50144,CI.l(95%).Total.SURVEY_LU1_3U313
57.149612, 1.407956,CI.l(95%).Total.SURVEY_LU1_3U314
50.85054,21.13171,CI.l(95%).Total.SURVEY_LU1_3U317
12.446023, 3.798028,CI.l(95%).Total.SURVEY_LU1_3U318
58.52256,68.78538,CI.l(95%).Total.SURVEY_LU1_3U319
82.77124,16.39924,CI.l(95%).Total.SURVEY_LU1_3U321
5.961405,0.000000,CI.l(95%).Total.SURVEY_LU1_3U322
18.78685,25.48350,CI.l(95%).Total.SURVEY_LU1_3U330
124.89689, 18.03023,CI.l(95%).Total.SURVEY_LU1_3U341
5.152823,3.997967,CI.l(95%).Total.SURVEY_LU1_3U342
468.723609,  6.681007,CI.l(95%).Total.SURVEY_LU1_3U350
351.03181, 97.60545,CI.l(95%).Total.SURVEY_LU1_3U361
130.82270, 68.65832,CI.l(95%).Total.SURVEY_LU1_3U362
2115.4995, 483.5159,CI.l(95%).Total.SURVEY_LU1_3U370
11.65755, 0.00000,CI.l(95%).Total.SURVEY_LU1_3U411
-9.658116, 3.533137,CI.l(95%).Total.SURVEY_LU1_3U412
 0.000000,-2.958639,CI.l(95%).Total.SURVEY_LU1_3U413
0.000000,7.589836,CI.l(95%).Total.SURVEY_LU1_3U414
119.92780, 58.41002,CI.l(95%).Total.SURVEY_LU1_3U415
1734.129,1167.542,CI.l(95%).Total.SURVEY_LU1_3U420
28132.74,39820.74,CI.l(95%).Total.settlement0
5287.629,1373.806,CI.l(95%).Total.settlement1
0.4883504,0.1268808,CI.l(95%).Total.settl_pc
23996.05,23709.11,CI.l(95%).Total.fao_class_name0
 8782.968,15792.252,CI.l(95%).Total.fao_class_name1
150.80183,-91.60396,CI.l(95%).Total.fao_class_name2
356.8469,416.5018,CI.l(95%).Total.fao_class_name3
29822.74,40497.42,CI.l(95%).Total.lue0
3586.8331, 758.1886,CI.l(95%).Total.lue1
31652.17,40505.54,CI.l(95%).Total.lud0
1907.9909, 714.1638,CI.l(95%).Total.lud1
37514.58,45103.06,CI.u(95%).Total.area
3135.3384, 781.0989,CI.u(95%).Total.SURVEY_LC1_1A
11335.75,13621.81,CI.u(95%).Total.SURVEY_LC1_1B
12619.19,19971.39,CI.u(95%).Total.SURVEY_LC1_1C
392.4292,286.6680,CI.u(95%).Total.SURVEY_LC1_1D
 8966.75,10811.02,CI.u(95%).Total.SURVEY_LC1_1E
1284.4462, 991.1595,CI.u(95%).Total.SURVEY_LC1_1F
805.3289,196.4226,CI.u(95%).Total.SURVEY_LC1_1G
 87.3048,114.3742,CI.u(95%).Total.SURVEY_LC1_1H
29579.72,41619.36,CI.u(95%).Total.SURVEY_LU1_1U1
491.97858, 64.34163,CI.u(95%).Total.SURVEY_LU1_1U2
5846.583,1810.148,CI.u(95%).Total.SURVEY_LU1_1U3
2239.248,2406.600,CI.u(95%).Total.SURVEY_LU1_1U4
1533.8357, 168.3556,CI.u(95%).Total.SURVEY_LC1_2A1
1728.9960, 540.2138,CI.u(95%).Total.SURVEY_LC1_2A2
136.2126,134.6640,CI.u(95%).Total.SURVEY_LC1_2A3
 142.0638,8179.5199,CI.u(95%).Total.SURVEY_LC1_2B1
  0.0000,540.7338,CI.u(95%).Total.SURVEY_LC1_2B2
 213.8563,3053.0576,CI.u(95%).Total.SURVEY_LC1_2B3
 22.6497,362.5005,CI.u(95%).Total.SURVEY_LC1_2B4
  16.18714,1176.43233,CI.u(95%).Total.SURVEY_LC1_2B5
513.0472,751.8067,CI.u(95%).Total.SURVEY_LC1_2B7
111.1368,127.2474,CI.u(95%).Total.SURVEY_LC1_2B8
10471.86,    0.00,CI.u(95%).Total.SURVEY_LC1_2Bx
3224.693,6594.550,CI.u(95%).Total.SURVEY_LC1_2C1
 5956.407,11223.512,CI.u(95%).Total.SURVEY_LC1_2C2
4825.696,4871.891,CI.u(95%).Total.SURVEY_LC1_2C3
71.30001, 0.00000,CI.u(95%).Total.SURVEY_LC1_2Cx
171.3431,163.7454,CI.u(95%).Total.SURVEY_LC1_2D1
239.8079,137.3324,CI.u(95%).Total.SURVEY_LC1_2D2
 880.8201,1659.6639,CI.u(95%).Total.SURVEY_LC1_2E1
7443.456,8379.810,CI.u(95%).Total.SURVEY_LC1_2E2
 829.2813,1514.3893,CI.u(95%).Total.SURVEY_LC1_2E3
33.74744, 0.00000,CI.u(95%).Total.SURVEY_LC1_2F1
15.97422, 0.00000,CI.u(95%).Total.SURVEY_LC1_2F2
1234.7246, 991.1595,CI.u(95%).Total.SURVEY_LC1_2F4
680.5730,104.1765,CI.u(95%).Total.SURVEY_LC1_2G1
135.90963, 99.18911,CI.u(95%).Total.SURVEY_LC1_2G2
 87.3048,114.3742,CI.u(95%).Total.SURVEY_LC1_2H1
17348.28,21860.43,CI.u(95%).Total.SURVEY_LU1_2U11
11956.62,20105.62,CI.u(95%).Total.SURVEY_LU1_2U12
428.2065, 15.7694,CI.u(95%).Total.SURVEY_LU1_2U13
227.507537,  8.289187,CI.u(95%).Total.SURVEY_LU1_2U14
8.006363,4.118839,CI.u(95%).Total.SURVEY_LU1_2U15
238.2636,  0.0000,CI.u(95%).Total.SURVEY_LU1_2U21
305.63834, 64.34163,CI.u(95%).Total.SURVEY_LU1_2U22
1575.9736, 867.3599,CI.u(95%).Total.SURVEY_LU1_2U31
125.00816, 16.39924,CI.u(95%).Total.SURVEY_LU1_2U32
43.64014,62.12661,CI.u(95%).Total.SURVEY_LU1_2U33
291.75525, 64.19271,CI.u(95%).Total.SURVEY_LU1_2U34
1119.75303,  44.81768,CI.u(95%).Total.SURVEY_LU1_2U35
727.4194,253.5369,CI.u(95%).Total.SURVEY_LU1_2U36
2518.0360, 650.8142,CI.u(95%).Total.SURVEY_LU1_2U37
239.6937,136.8667,CI.u(95%).Total.SURVEY_LU1_2U41
2042.624,2299.379,CI.u(95%).Total.SURVEY_LU1_2U42
1487.7468, 164.0867,CI.u(95%).Total.SURVEY_LC1_3A11
56.84938, 0.00000,CI.u(95%).Total.SURVEY_LC1_3A12
30.673210, 4.268918,CI.u(95%).Total.SURVEY_LC1_3A13
647.6397,134.5220,CI.u(95%).Total.SURVEY_LC1_3A21
1182.821, 436.211,CI.u(95%).Total.SURVEY_LC1_3A22
136.2126,134.6640,CI.u(95%).Total.SURVEY_LC1_3A30
   3.97652,4044.47887,CI.u(95%).Total.SURVEY_LC1_3B11
  0.0000,259.6083,CI.u(95%).Total.SURVEY_LC1_3B12
   0.000,1597.724,CI.u(95%).Total.SURVEY_LC1_3B13
  0.0000,409.3599,CI.u(95%).Total.SURVEY_LC1_3B14
  0.0000,393.4725,CI.u(95%).Total.SURVEY_LC1_3B15
 133.2221,1643.9022,CI.u(95%).Total.SURVEY_LC1_3B16
  0.0000,152.6442,CI.u(95%).Total.SURVEY_LC1_3B18
  8.311829,180.422277,CI.u(95%).Total.SURVEY_LC1_3B19
  0.0000,111.7491,CI.u(95%).Total.SURVEY_LC1_3B21
  0.0000,397.5786,CI.u(95%).Total.SURVEY_LC1_3B22
 0.00000,63.37183,CI.u(95%).Total.SURVEY_LC1_3B23
 51.76966,104.88085,CI.u(95%).Total.SURVEY_LC1_3B31
 141.4284,2510.0210,CI.u(95%).Total.SURVEY_LC1_3B32
  0.0000,144.0368,CI.u(95%).Total.SURVEY_LC1_3B33
  4.061038,339.881682,CI.u(95%).Total.SURVEY_LC1_3B35
33.04291,94.22078,CI.u(95%).Total.SURVEY_LC1_3B37
 18.66036,323.91505,CI.u(95%).Total.SURVEY_LC1_3B41
0.000000,3.716902,CI.u(95%).Total.SURVEY_LC1_3B42
 0.00000,36.54661,CI.u(95%).Total.SURVEY_LC1_3B43
 3.98934,11.48792,CI.u(95%).Total.SURVEY_LC1_3B44
  0.000,547.443,CI.u(95%).Total.SURVEY_LC1_3B51
  0.0000,399.2075,CI.u(95%).Total.SURVEY_LC1_3B52
  0.0000,160.3566,CI.u(95%).Total.SURVEY_LC1_3B53
0.000000,4.674993,CI.u(95%).Total.SURVEY_LC1_3B54
 16.18714,180.00906,CI.u(95%).Total.SURVEY_LC1_3B55
254.5916,352.0499,CI.u(95%).Total.SURVEY_LC1_3B71
11.73816,15.93492,CI.u(95%).Total.SURVEY_LC1_3B72
 73.38036,104.09013,CI.u(95%).Total.SURVEY_LC1_3B73
 37.67616,222.23768,CI.u(95%).Total.SURVEY_LC1_3B74
154.9356,155.3779,CI.u(95%).Total.SURVEY_LC1_3B75
111.1368,101.8835,CI.u(95%).Total.SURVEY_LC1_3B82
0.000000,4.061038,CI.u(95%).Total.SURVEY_LC1_3B83
 0.00000,36.46985,CI.u(95%).Total.SURVEY_LC1_3B84
10225.63,    0.00,CI.u(95%).Total.SURVEY_LC1_3Bx1
298.0464,  0.0000,CI.u(95%).Total.SURVEY_LC1_3Bx2
3208.019,6594.550,CI.u(95%).Total.SURVEY_LC1_3C10
44.69261, 0.00000,CI.u(95%).Total.SURVEY_LC1_3C1x
4380.276,8866.371,CI.u(95%).Total.SURVEY_LC1_3C21
 787.3601,1103.7641,CI.u(95%).Total.SURVEY_LC1_3C22
1711.242,2858.229,CI.u(95%).Total.SURVEY_LC1_3C23
20.36491, 0.00000,CI.u(95%).Total.SURVEY_LC1_3C2x
1541.877,1316.720,CI.u(95%).Total.SURVEY_LC1_3C31
 696.6729,1641.1978,CI.u(95%).Total.SURVEY_LC1_3C32
3450.926,2842.770,CI.u(95%).Total.SURVEY_LC1_3C33
8.003645,0.000000,CI.u(95%).Total.SURVEY_LC1_3C3x
71.30001, 0.00000,CI.u(95%).Total.SURVEY_LC1_3Cxx
167.5686,163.7454,CI.u(95%).Total.SURVEY_LC1_3D10
3.774488,0.000000,CI.u(95%).Total.SURVEY_LC1_3D1x
239.8079,137.3324,CI.u(95%).Total.SURVEY_LC1_3D20
 875.8877,1659.6639,CI.u(95%).Total.SURVEY_LC1_3E10
4.932407,0.000000,CI.u(95%).Total.SURVEY_LC1_3E1x
7439.30,8379.81,CI.u(95%).Total.SURVEY_LC1_3E20
4.155373,0.000000,CI.u(95%).Total.SURVEY_LC1_3E2x
 829.2813,1514.3893,CI.u(95%).Total.SURVEY_LC1_3E30
33.74744, 0.00000,CI.u(95%).Total.SURVEY_LC1_3F10
15.97422, 0.00000,CI.u(95%).Total.SURVEY_LC1_3F20
1234.7246, 991.1595,CI.u(95%).Total.SURVEY_LC1_3F40
680.5730,104.1765,CI.u(95%).Total.SURVEY_LC1_3G11
135.90963, 99.18911,CI.u(95%).Total.SURVEY_LC1_3G21
 83.25449,114.37422,CI.u(95%).Total.SURVEY_LC1_3H11
4.050312,0.000000,CI.u(95%).Total.SURVEY_LC1_3H12
16775.38,21393.33,CI.u(95%).Total.SURVEY_LU1_3U111
 52.18046,112.17831,CI.u(95%).Total.SURVEY_LU1_3U112
590.6575,507.9236,CI.u(95%).Total.SURVEY_LU1_3U113
11956.62,20105.62,CI.u(95%).Total.SURVEY_LU1_3U120
428.2065, 15.7694,CI.u(95%).Total.SURVEY_LU1_3U130
227.507537,  8.289187,CI.u(95%).Total.SURVEY_LU1_3U140
8.006363,4.118839,CI.u(95%).Total.SURVEY_LU1_3U150
238.2636,  0.0000,CI.u(95%).Total.SURVEY_LU1_3U210
36.51117,11.29126,CI.u(95%).Total.SURVEY_LU1_3U221
0.00000,7.15683,CI.u(95%).Total.SURVEY_LU1_3U222
41.65732, 0.00000,CI.u(95%).Total.SURVEY_LU1_3U223
137.1428,  0.0000,CI.u(95%).Total.SURVEY_LU1_3U224
12.4865, 0.0000,CI.u(95%).Total.SURVEY_LU1_3U225
100.20976, 49.66201,CI.u(95%).Total.SURVEY_LU1_3U226
28.374316, 3.949765,CI.u(95%).Total.SURVEY_LU1_3U227
23.32364, 0.00000,CI.u(95%).Total.SURVEY_LU1_3U228
105.2489, 55.4004,CI.u(95%).Total.SURVEY_LU1_3U311
1186.7042, 610.1812,CI.u(95%).Total.SURVEY_LU1_3U312
25.01081,41.50144,CI.u(95%).Total.SURVEY_LU1_3U313
86.32809,25.24596,CI.u(95%).Total.SURVEY_LU1_3U314
152.0652, 75.1888,CI.u(95%).Total.SURVEY_LU1_3U317
12.44602,13.79704,CI.u(95%).Total.SURVEY_LU1_3U318
114.7201,130.5769,CI.u(95%).Total.SURVEY_LU1_3U319
116.46517, 16.39924,CI.u(95%).Total.SURVEY_LU1_3U321
10.78155, 0.00000,CI.u(95%).Total.SURVEY_LU1_3U322
43.64014,62.12661,CI.u(95%).Total.SURVEY_LU1_3U330
282.21719, 60.19474,CI.u(95%).Total.SURVEY_LU1_3U341
13.755401, 3.997967,CI.u(95%).Total.SURVEY_LU1_3U342
1119.75303,  44.81768,CI.u(95%).Total.SURVEY_LU1_3U350
452.7591,162.3312,CI.u(95%).Total.SURVEY_LU1_3U361
312.3028,104.4952,CI.u(95%).Total.SURVEY_LU1_3U362
2518.0360, 650.8142,CI.u(95%).Total.SURVEY_LU1_3U370
11.65755, 0.00000,CI.u(95%).Total.SURVEY_LU1_3U411
38.580834, 3.533137,CI.u(95%).Total.SURVEY_LU1_3U412
 0.00000,18.66036,CI.u(95%).Total.SURVEY_LU1_3U413
0.000000,8.683341,CI.u(95%).Total.SURVEY_LU1_3U414
207.3626,115.3585,CI.u(95%).Total.SURVEY_LU1_3U415
2042.624,2299.379,CI.u(95%).Total.SURVEY_LU1_3U420
31865.96,43575.14,CI.u(95%).Total.settlement0
6002.840,1683.155,CI.u(95%).Total.settlement1
0.5544054,0.1554514,CI.u(95%).Total.settl_pc
24855.00,25442.42,CI.u(95%).Total.fao_class_name0
12442.03,19693.60,CI.u(95%).Total.fao_class_name1
273.2747,850.4116,CI.u(95%).Total.fao_class_name2
432.1971,640.1446,CI.u(95%).Total.fao_class_name3
33571.48,44250.27,CI.u(95%).Total.lue0
4308.1177, 946.9512,CI.u(95%).Total.lue1
35401.73,44260.81,CI.u(95%).Total.lud0
2327.278, 972.322,CI.u(95%).Total.lud1
0.02676693,0.02215049,CV.Total.area
0.02255449,0.06827701,CV.Total.SURVEY_LC1_1A
0.01434073,0.01334160,CV.Total.SURVEY_LC1_1B
0.08384703,0.05530501,CV.Total.SURVEY_LC1_1C
0.06526589,0.07048154,CV.Total.SURVEY_LC1_1D
0.03541720,0.04943664,CV.Total.SURVEY_LC1_1E
0.05199097,0.07415275,CV.Total.SURVEY_LC1_1F
0.008301813,0.036673241,CV.Total.SURVEY_LC1_1G
0.0000000,0.1529743,CV.Total.SURVEY_LC1_1H
0.03435029,0.02468012,CV.Total.SURVEY_LU1_1U1
0.1963865,0.5084173,CV.Total.SURVEY_LU1_1U2
0.03241457,0.04773012,CV.Total.SURVEY_LU1_1U3
0.03955404,0.15716150,CV.Total.SURVEY_LU1_1U4
0.06735651,0.17892245,CV.Total.SURVEY_LC1_2A1
0.06276030,0.08832508,CV.Total.SURVEY_LC1_2A2
0.1330746,0.1519100,CV.Total.SURVEY_LC1_2A3
0.18279631,0.01845574,CV.Total.SURVEY_LC1_2B1
NA,0.07673187,CV.Total.SURVEY_LC1_2B2
0.11801889,0.03465833,CV.Total.SURVEY_LC1_2B3
0.46579885,0.09219623,CV.Total.SURVEY_LC1_2B4
0.29709295,0.06759052,CV.Total.SURVEY_LC1_2B5
0.03302164,0.11167600,CV.Total.SURVEY_LC1_2B7
0.2138527,0.2177925,CV.Total.SURVEY_LC1_2B8
0.01538545,NA,CV.Total.SURVEY_LC1_2Bx
0.0999614,0.1367700,CV.Total.SURVEY_LC1_2C1
0.1594649,0.1114007,CV.Total.SURVEY_LC1_2C2
0.1795245,0.1791732,CV.Total.SURVEY_LC1_2C3
0.5610839,NA,CV.Total.SURVEY_LC1_2Cx
0.11319146,0.09128705,CV.Total.SURVEY_LC1_2D1
0.07889863,0.10997770,CV.Total.SURVEY_LC1_2D2
0.07106597,0.29879072,CV.Total.SURVEY_LC1_2E1
0.04239468,0.03615718,CV.Total.SURVEY_LC1_2E2
0.06220173,0.27495592,CV.Total.SURVEY_LC1_2E3
  0,NA,CV.Total.SURVEY_LC1_2F1
  0,NA,CV.Total.SURVEY_LC1_2F2
0.05430746,0.07415275,CV.Total.SURVEY_LC1_2F4
0.01108509,0.05331086,CV.Total.SURVEY_LC1_2G1
0.03867227,0.05886091,CV.Total.SURVEY_LC1_2G2
0.0000000,0.1529743,CV.Total.SURVEY_LC1_2H1
0.012093860,0.009968586,CV.Total.SURVEY_LU1_2U11
0.09182210,0.05251431,CV.Total.SURVEY_LU1_2U12
0.01784668,0.00000000,CV.Total.SURVEY_LU1_2U13
0.03593531,0.00000000,CV.Total.SURVEY_LU1_2U14
0,0,CV.Total.SURVEY_LU1_2U15
0.490606,NA,CV.Total.SURVEY_LU1_2U21
0.1568376,0.5084173,CV.Total.SURVEY_LU1_2U22
0.05979499,0.08578069,CV.Total.SURVEY_LU1_2U31
0.08040636,0.00000000,CV.Total.SURVEY_LU1_2U32
0.2031251,0.2133978,CV.Total.SURVEY_LU1_2U33
0.1886113,0.2495091,CV.Total.SURVEY_LU1_2U34
0.2091085,0.3778318,CV.Total.SURVEY_LU1_2U35
0.08507769,0.08715830,CV.Total.SURVEY_LU1_2U36
0.04432459,0.07524952,CV.Total.SURVEY_LU1_2U37
0.1342442,0.1460653,CV.Total.SURVEY_LU1_2U41
0.04167553,0.16656814,CV.Total.SURVEY_LU1_2U42
0.06947448,0.18526761,CV.Total.SURVEY_LC1_3A11
0.5132082,NA,CV.Total.SURVEY_LC1_3A12
0.4010267,0.0000000,CV.Total.SURVEY_LC1_3A13
0.1320259,0.1983807,CV.Total.SURVEY_LC1_3A21
0.07849639,0.10183104,CV.Total.SURVEY_LC1_3A22
0.1330746,0.1519100,CV.Total.SURVEY_LC1_3A30
0.00000000,0.02935342,CV.Total.SURVEY_LC1_3B11
NA,0.1205185,CV.Total.SURVEY_LC1_3B12
NA,0.04906357,CV.Total.SURVEY_LC1_3B13
NA,0.1232825,CV.Total.SURVEY_LC1_3B14
NA,0.1211674,CV.Total.SURVEY_LC1_3B15
0.19839836,0.04537536,CV.Total.SURVEY_LC1_3B16
NA,0.1736063,CV.Total.SURVEY_LC1_3B18
0.3935318,0.1937435,CV.Total.SURVEY_LC1_3B19
NA,0.1025123,CV.Total.SURVEY_LC1_3B21
NA,0.1014182,CV.Total.SURVEY_LC1_3B22
NA,0.2029661,CV.Total.SURVEY_LC1_3B23
0.5124825,0.1492377,CV.Total.SURVEY_LC1_3B31
0.14133107,0.03895202,CV.Total.SURVEY_LC1_3B32
NA,0.1298311,CV.Total.SURVEY_LC1_3B33
0.0000000,0.1329487,CV.Total.SURVEY_LC1_3B35
0.0000000,0.2742373,CV.Total.SURVEY_LC1_3B37
0.7024901,0.1033924,CV.Total.SURVEY_LC1_3B41
NA,  0,CV.Total.SURVEY_LC1_3B42
NA,0.1465859,CV.Total.SURVEY_LC1_3B43
0.0000000,0.5403971,CV.Total.SURVEY_LC1_3B44
NA,0.1261845,CV.Total.SURVEY_LC1_3B51
NA,0.1019576,CV.Total.SURVEY_LC1_3B52
NA,0.1744303,CV.Total.SURVEY_LC1_3B53
NA,0.06757374,CV.Total.SURVEY_LC1_3B54
0.2970929,0.1294966,CV.Total.SURVEY_LC1_3B55
0.06446089,0.18519010,CV.Total.SURVEY_LC1_3B71
0,0,CV.Total.SURVEY_LC1_3B72
0.0000000,0.1157175,CV.Total.SURVEY_LC1_3B73
0.1822401,0.3545420,CV.Total.SURVEY_LC1_3B74
0.04278906,0.11597851,CV.Total.SURVEY_LC1_3B75
0.2138527,0.2193163,CV.Total.SURVEY_LC1_3B82
NA,  0,CV.Total.SURVEY_LC1_3B83
NA,0.8319181,CV.Total.SURVEY_LC1_3B84
0.01549112,NA,CV.Total.SURVEY_LC1_3Bx1
0.1207236,NA,CV.Total.SURVEY_LC1_3Bx2
0.1005277,0.1367700,CV.Total.SURVEY_LC1_3C10
0.8776504,NA,CV.Total.SURVEY_LC1_3C1x
0.1867614,0.1377777,CV.Total.SURVEY_LC1_3C21
0.5792677,0.6196818,CV.Total.SURVEY_LC1_3C22
0.4120896,0.3315065,CV.Total.SURVEY_LC1_3C23
0.1334663,NA,CV.Total.SURVEY_LC1_3C2x
0.4142832,0.3304079,CV.Total.SURVEY_LC1_3C31
0.6967022,0.3643895,CV.Total.SURVEY_LC1_3C32
0.2184915,0.2741892,CV.Total.SURVEY_LC1_3C33
  0,NA,CV.Total.SURVEY_LC1_3C3x
0.5610839,NA,CV.Total.SURVEY_LC1_3Cxx
0.11632239,0.09128705,CV.Total.SURVEY_LC1_3D10
  0,NA,CV.Total.SURVEY_LC1_3D1x
0.07889863,0.10997770,CV.Total.SURVEY_LC1_3D20
0.07152227,0.29879072,CV.Total.SURVEY_LC1_3E10
  0,NA,CV.Total.SURVEY_LC1_3E1x
0.04242033,0.03615718,CV.Total.SURVEY_LC1_3E20
  0,NA,CV.Total.SURVEY_LC1_3E2x
0.06220173,0.27495592,CV.Total.SURVEY_LC1_3E30
  0,NA,CV.Total.SURVEY_LC1_3F10
  0,NA,CV.Total.SURVEY_LC1_3F20
0.05430746,0.07415275,CV.Total.SURVEY_LC1_3F40
0.01108509,0.05331086,CV.Total.SURVEY_LC1_3G11
0.03867227,0.05886091,CV.Total.SURVEY_LC1_3G21
0.0000000,0.1529743,CV.Total.SURVEY_LC1_3H11
  0,NA,CV.Total.SURVEY_LC1_3H12
0.01239688,0.01005402,CV.Total.SURVEY_LU1_3U111
0.1313194,0.2246651,CV.Total.SURVEY_LU1_3U112
0.06094404,0.16517206,CV.Total.SURVEY_LU1_3U113
0.09182210,0.05251431,CV.Total.SURVEY_LU1_3U120
0.01784668,0.00000000,CV.Total.SURVEY_LU1_3U130
0.03593531,0.00000000,CV.Total.SURVEY_LU1_3U140
0,0,CV.Total.SURVEY_LU1_3U150
0.490606,NA,CV.Total.SURVEY_LU1_3U210
0.4115135,0.5000000,CV.Total.SURVEY_LU1_3U221
NA,0.3162278,CV.Total.SURVEY_LU1_3U222
0.3193231,NA,CV.Total.SURVEY_LU1_3U223
0.4263728,NA,CV.Total.SURVEY_LU1_3U224
0.1689557,NA,CV.Total.SURVEY_LU1_3U225
0.1713151,0.8853156,CV.Total.SURVEY_LU1_3U226
0.233256,0.000000,CV.Total.SURVEY_LU1_3U227
0.7608859,NA,CV.Total.SURVEY_LU1_3U228
0.1534937,0.2370720,CV.Total.SURVEY_LU1_3U311
0.07621883,0.12097871,CV.Total.SURVEY_LU1_3U312
0,0,CV.Total.SURVEY_LU1_3U313
0.1037600,0.4563108,CV.Total.SURVEY_LU1_3U314
0.2544952,0.2863425,CV.Total.SURVEY_LU1_3U317
0.0000000,0.2899466,CV.Total.SURVEY_LU1_3U318
0.1655062,0.1581386,CV.Total.SURVEY_LU1_3U319
0.08628491,0.00000000,CV.Total.SURVEY_LU1_3U321
0.1468858,NA,CV.Total.SURVEY_LU1_3U322
0.2031251,0.2133978,CV.Total.SURVEY_LU1_3U330
0.1971608,0.2750132,CV.Total.SURVEY_LU1_3U341
0.2321292,0.0000000,CV.Total.SURVEY_LU1_3U342
0.2091085,0.3778318,CV.Total.SURVEY_LU1_3U350
0.06457229,0.12704617,CV.Total.SURVEY_LU1_3U361
0.2089557,0.1055968,CV.Total.SURVEY_LU1_3U362
0.04432459,0.07524952,CV.Total.SURVEY_LU1_3U370
  0,NA,CV.Total.SURVEY_LU1_3U411
0.8509629,0.0000000,CV.Total.SURVEY_LU1_3U412
NA,0.7024901,CV.Total.SURVEY_LU1_3U413
NA,0.03428472,CV.Total.SURVEY_LU1_3U414
0.1363023,0.1672102,CV.Total.SURVEY_LU1_3U415
0.04167553,0.16656814,CV.Total.SURVEY_LU1_3U420
0.03174630,0.02296929,CV.Total.settlement0
0.03232024,0.05163099,CV.Total.settlement1
0.03232024,0.05163099,CV.Total.settl_pc
0.008971093,0.017992448,CV.Total.fao_class_name0
0.08795773,0.05609332,CV.Total.fao_class_name1
0.1473491,0.6334003,CV.Total.fao_class_name2
0.04872313,0.10798837,CV.Total.fao_class_name3
0.03017084,0.02259357,CV.Total.lue0
0.04661322,0.05648173,CV.Total.lue1
0.02853046,0.02260316,CV.Total.lud0
0.05051058,0.07810072,CV.Total.lud1
