No,Yes,variable
193141.0,164424.9,Total.area
19773.506, 7934.253,Total.SURVEY_LC1_1A
39060.36,60252.67,Total.SURVEY_LC1_1B
68906.64,53840.29,Total.SURVEY_LC1_1C
2137.909,1814.752,Total.SURVEY_LC1_1D
39526.53,36877.31,Total.SURVEY_LC1_1E
16757.775, 2718.507,Total.SURVEY_LC1_1F
5478.268, 727.917,Total.SURVEY_LC1_1G
1500.0369, 259.2048,Total.SURVEY_LC1_1H
144837.9,146542.0,Total.SURVEY_LU1_1U1
1292.3798, 353.2828,Total.SURVEY_LU1_1U2
37651.97,12299.97,Total.SURVEY_LU1_1U3
9358.810,5229.683,Total.SURVEY_LU1_1U4
7009.094,1618.982,Total.SURVEY_LC1_2A1
11890.925, 5457.209,Total.SURVEY_LC1_2A2
873.4871,858.0626,Total.SURVEY_LC1_2A3
 1332.159,37382.520,Total.SURVEY_LC1_2B1
  86.70411,3772.27976,Total.SURVEY_LC1_2B2
 595.1566,8227.4223,Total.SURVEY_LC1_2B3
 147.3997,1323.3024,Total.SURVEY_LC1_2B4
 327.5357,6448.8053,Total.SURVEY_LC1_2B5
 531.4264,2077.1463,Total.SURVEY_LC1_2B7
 169.5306,1021.1988,Total.SURVEY_LC1_2B8
35870.45,    0.00,Total.SURVEY_LC1_2Bx
29248.51,24075.37,Total.SURVEY_LC1_2C1
29297.39,16630.69,Total.SURVEY_LC1_2C2
10356.35,13134.23,Total.SURVEY_LC1_2C3
4.38896,0.00000,Total.SURVEY_LC1_2Cx
 731.7069,1269.5537,Total.SURVEY_LC1_2D1
1406.2024, 545.1986,Total.SURVEY_LC1_2D2
2819.921,1985.585,Total.SURVEY_LC1_2E1
35197.12,31530.19,Total.SURVEY_LC1_2E2
1505.476,3361.536,Total.SURVEY_LC1_2E3
4.004001,0.000000,Total.SURVEY_LC1_2Ex
244.478924,  8.280992,Total.SURVEY_LC1_2F1
507.32381, 16.13053,Total.SURVEY_LC1_2F2
16005.972, 2694.095,Total.SURVEY_LC1_2F4
4140.8371, 441.1801,Total.SURVEY_LC1_2G1
1328.2832, 286.7368,Total.SURVEY_LC1_2G2
9.147514,0.000000,Total.SURVEY_LC1_2G4
1285.7812, 255.2137,Total.SURVEY_LC1_2H1
210.301326,  3.991047,Total.SURVEY_LC1_2H2
3.954363,0.000000,Total.SURVEY_LC1_2Hx
84376.55,95800.28,Total.SURVEY_LU1_2U11
58760.30,50511.22,Total.SURVEY_LU1_2U12
293.38466, 69.72975,Total.SURVEY_LU1_2U13
1386.4048, 152.7918,Total.SURVEY_LU1_2U14
21.226004, 7.951638,Total.SURVEY_LU1_2U15
265.3646,141.2336,Total.SURVEY_LU1_2U21
1027.0153, 212.0491,Total.SURVEY_LU1_2U22
11048.850, 6760.235,Total.SURVEY_LU1_2U31
588.535,142.418,Total.SURVEY_LU1_2U32
226.7468,285.8906,Total.SURVEY_LU1_2U33
2388.7415, 266.9057,Total.SURVEY_LU1_2U34
3420.1123, 415.2372,Total.SURVEY_LU1_2U35
6212.011,1128.901,Total.SURVEY_LU1_2U36
13766.971, 3300.382,Total.SURVEY_LU1_2U37
717.6814,519.3398,Total.SURVEY_LU1_2U41
8641.129,4710.343,Total.SURVEY_LU1_2U42
6386.706,1535.492,Total.SURVEY_LC1_3A11
600.25296, 53.86877,Total.SURVEY_LC1_3A12
22.13448,29.62063,Total.SURVEY_LC1_3A13
5234.477,1233.696,Total.SURVEY_LC1_3A21
6610.521,4223.513,Total.SURVEY_LC1_3A22
45.92719, 0.00000,Total.SURVEY_LC1_3A2x
873.4871,858.0626,Total.SURVEY_LC1_3A30
  412.6783,13666.5710,Total.SURVEY_LC1_3B11
  0.0000,197.3521,Total.SURVEY_LC1_3B12
 232.4176,6017.7482,Total.SURVEY_LC1_3B13
 100.3801,2454.1101,Total.SURVEY_LC1_3B14
  6.857437,787.555483,Total.SURVEY_LC1_3B15
  548.2335,12653.4824,Total.SURVEY_LC1_3B16
  31.59181,1495.25903,Total.SURVEY_LC1_3B18
  0.0000,110.4414,Total.SURVEY_LC1_3B19
  30.62049,1292.07396,Total.SURVEY_LC1_3B21
  56.08363,2087.06396,Total.SURVEY_LC1_3B22
  0.0000,393.1418,Total.SURVEY_LC1_3B23
 17.83791,415.66766,Total.SURVEY_LC1_3B31
 527.4481,5889.3709,Total.SURVEY_LC1_3B32
 14.63873,376.80754,Total.SURVEY_LC1_3B33
  19.34452,1331.36428,Total.SURVEY_LC1_3B35
0.000000,4.705789,Total.SURVEY_LC1_3B36
 15.88728,209.50610,Total.SURVEY_LC1_3B37
 29.42093,762.10991,Total.SURVEY_LC1_3B41
 45.34338,446.24820,Total.SURVEY_LC1_3B43
72.63540,15.50183,Total.SURVEY_LC1_3B44
 0.00000,99.44251,Total.SURVEY_LC1_3B45
  0.0000,640.9486,Total.SURVEY_LC1_3B51
  0.0000,527.3283,Total.SURVEY_LC1_3B52
  19.9883,2757.2297,Total.SURVEY_LC1_3B53
  0.0000,115.2711,Total.SURVEY_LC1_3B54
 307.5474,2408.0276,Total.SURVEY_LC1_3B55
 325.3101,1262.6588,Total.SURVEY_LC1_3B71
 32.18249,133.24795,Total.SURVEY_LC1_3B72
 85.5993,287.0815,Total.SURVEY_LC1_3B73
 24.23291,161.87597,Total.SURVEY_LC1_3B74
 64.10155,232.28201,Total.SURVEY_LC1_3B75
 63.39696,852.51937,Total.SURVEY_LC1_3B82
102.1130,129.0905,Total.SURVEY_LC1_3B83
 4.020646,39.588913,Total.SURVEY_LC1_3B84
35029.78,    0.00,Total.SURVEY_LC1_3Bx1
819.6773,  0.0000,Total.SURVEY_LC1_3Bx2
20.98725, 0.00000,Total.SURVEY_LC1_3Bxx
28924.36,24075.37,Total.SURVEY_LC1_3C10
324.155,  0.000,Total.SURVEY_LC1_3C1x
14586.661, 8318.317,Total.SURVEY_LC1_3C21
9812.825,6025.855,Total.SURVEY_LC1_3C22
1803.325,2286.520,Total.SURVEY_LC1_3C23
3094.58,   0.00,Total.SURVEY_LC1_3C2x
3395.740,4571.936,Total.SURVEY_LC1_3C31
2023.967,4182.494,Total.SURVEY_LC1_3C32
2198.879,4379.795,Total.SURVEY_LC1_3C33
2737.761,   0.000,Total.SURVEY_LC1_3C3x
4.38896,0.00000,Total.SURVEY_LC1_3Cxx
 720.8499,1269.5537,Total.SURVEY_LC1_3D10
10.85705, 0.00000,Total.SURVEY_LC1_3D1x
1402.3141, 545.1986,Total.SURVEY_LC1_3D20
3.888311,0.000000,Total.SURVEY_LC1_3D2x
2819.921,1985.585,Total.SURVEY_LC1_3E10
35175.26,31530.19,Total.SURVEY_LC1_3E20
21.8652, 0.0000,Total.SURVEY_LC1_3E2x
1505.476,3361.536,Total.SURVEY_LC1_3E30
4.004001,0.000000,Total.SURVEY_LC1_3Exx
244.478924,  8.280992,Total.SURVEY_LC1_3F10
507.32381, 16.13053,Total.SURVEY_LC1_3F20
15999.907, 2694.095,Total.SURVEY_LC1_3F40
6.065288,0.000000,Total.SURVEY_LC1_3F4x
4140.8371, 441.1801,Total.SURVEY_LC1_3G11
1318.9234, 286.7368,Total.SURVEY_LC1_3G21
9.359781,0.000000,Total.SURVEY_LC1_3G22
9.147514,0.000000,Total.SURVEY_LC1_3G40
884.7496,242.1510,Total.SURVEY_LC1_3H11
401.03164, 13.06275,Total.SURVEY_LC1_3H12
139.071581,  3.991047,Total.SURVEY_LC1_3H21
71.22974, 0.00000,Total.SURVEY_LC1_3H23
3.954363,0.000000,Total.SURVEY_LC1_3Hxx
83571.76,94268.82,Total.SURVEY_LU1_3U111
 252.5867,1034.9022,Total.SURVEY_LU1_3U112
552.2044,496.5563,Total.SURVEY_LU1_3U113
58760.30,50511.22,Total.SURVEY_LU1_3U120
293.38466, 69.72975,Total.SURVEY_LU1_3U130
1386.4048, 152.7918,Total.SURVEY_LU1_3U140
21.226004, 7.951638,Total.SURVEY_LU1_3U150
265.3646,141.2336,Total.SURVEY_LU1_3U210
44.83984,15.94018,Total.SURVEY_LU1_3U221
39.24036, 0.00000,Total.SURVEY_LU1_3U222
215.37649, 39.08539,Total.SURVEY_LU1_3U223
50.69065,51.36249,Total.SURVEY_LU1_3U224
170.62389, 10.86791,Total.SURVEY_LU1_3U225
312.54295, 29.83862,Total.SURVEY_LU1_3U226
184.98709, 64.95454,Total.SURVEY_LU1_3U227
8.714,0.000,Total.SURVEY_LU1_3U228
480.3882,261.2712,Total.SURVEY_LU1_3U311
7834.473,5270.010,Total.SURVEY_LU1_3U312
1041.2592, 234.0251,Total.SURVEY_LU1_3U313
243.74557, 20.70654,Total.SURVEY_LU1_3U314
7.925666,6.843153,Total.SURVEY_LU1_3U316
632.2492,137.4958,Total.SURVEY_LU1_3U317
254.6217,111.6666,Total.SURVEY_LU1_3U318
554.1877,718.2163,Total.SURVEY_LU1_3U319
332.62187, 95.87759,Total.SURVEY_LU1_3U321
255.91309, 46.54038,Total.SURVEY_LU1_3U322
226.7468,285.8906,Total.SURVEY_LU1_3U330
2231.0244, 250.6472,Total.SURVEY_LU1_3U341
157.71712, 16.25853,Total.SURVEY_LU1_3U342
3420.1123, 415.2372,Total.SURVEY_LU1_3U350
5089.6986, 771.2481,Total.SURVEY_LU1_3U361
1122.3126, 357.6528,Total.SURVEY_LU1_3U362
13766.971, 3300.382,Total.SURVEY_LU1_3U370
93.12922,39.20048,Total.SURVEY_LU1_3U411
 7.795005,39.884137,Total.SURVEY_LU1_3U412
 9.236524,22.366865,Total.SURVEY_LU1_3U413
43.25132,66.54536,Total.SURVEY_LU1_3U414
564.2694,351.3430,Total.SURVEY_LU1_3U415
8641.129,4710.343,Total.SURVEY_LU1_3U420
159077.7,152147.1,Total.settlement0
34063.29,12277.80,Total.settlement1
0.4037903,0.1455426,Total.settl_pc
129094.6,109693.4,Total.fao_class_name0
61384.94,51503.39,Total.fao_class_name1
 790.0434,1104.0430,Total.fao_class_name2
1871.420,2124.103,Total.fao_class_name3
167353.2,159313.5,Total.lue0
25787.837, 5111.426,Total.lue1
178598.1,156730.3,Total.lud0
14542.917, 7694.618,Total.lud1
1518.271,1516.549,SE.Total.area
267.6978,223.0003,SE.Total.SURVEY_LC1_1A
381.5639,385.9672,SE.Total.SURVEY_LC1_1B
1430.722,1449.720,SE.Total.SURVEY_LC1_1C
 99.26094,321.36534,SE.Total.SURVEY_LC1_1D
509.0603,475.8809,SE.Total.SURVEY_LC1_1E
309.94173, 96.49007,SE.Total.SURVEY_LC1_1F
35.12959,42.34120,SE.Total.SURVEY_LC1_1G
51.85663,36.87542,SE.Total.SURVEY_LC1_1H
1535.426,1511.203,SE.Total.SURVEY_LU1_1U1
102.56341, 39.81468,SE.Total.SURVEY_LU1_1U2
383.6488,276.6829,SE.Total.SURVEY_LU1_1U3
435.9748,385.2567,SE.Total.SURVEY_LU1_1U4
298.6895,141.3160,SE.Total.SURVEY_LC1_2A1
318.4571,188.5847,SE.Total.SURVEY_LC1_2A2
94.90243,40.72977,SE.Total.SURVEY_LC1_2A3
 99.74798,342.57724,SE.Total.SURVEY_LC1_2B1
 24.65237,128.84044,SE.Total.SURVEY_LC1_2B2
 67.10084,179.69309,SE.Total.SURVEY_LC1_2B3
23.24996,77.69957,SE.Total.SURVEY_LC1_2B4
 39.76403,150.97272,SE.Total.SURVEY_LC1_2B5
33.99670,78.77889,SE.Total.SURVEY_LC1_2B7
21.42227,62.44016,SE.Total.SURVEY_LC1_2B8
375.8004,  0.0000,SE.Total.SURVEY_LC1_2Bx
1157.744,1103.532,SE.Total.SURVEY_LC1_2C1
1276.160,1099.687,SE.Total.SURVEY_LC1_2C2
688.2364,959.9873,SE.Total.SURVEY_LC1_2C3
0,0,SE.Total.SURVEY_LC1_2Cx
 53.05433,319.43812,SE.Total.SURVEY_LC1_2D1
85.27277,35.18239,SE.Total.SURVEY_LC1_2D2
187.1580,246.4835,SE.Total.SURVEY_LC1_2E1
487.8739,304.4614,SE.Total.SURVEY_LC1_2E2
105.1404,305.9074,SE.Total.SURVEY_LC1_2E3
0,0,SE.Total.SURVEY_LC1_2Ex
8.848077,0.000000,SE.Total.SURVEY_LC1_2F1
25.396187, 5.381491,SE.Total.SURVEY_LC1_2F2
308.95536, 96.34001,SE.Total.SURVEY_LC1_2F4
47.69612,40.68492,SE.Total.SURVEY_LC1_2G1
52.25601,12.17474,SE.Total.SURVEY_LC1_2G2
0,0,SE.Total.SURVEY_LC1_2G4
51.85663,36.87542,SE.Total.SURVEY_LC1_2H1
0,0,SE.Total.SURVEY_LC1_2H2
0,0,SE.Total.SURVEY_LC1_2Hx
584.9891,467.3283,SE.Total.SURVEY_LU1_2U11
1447.032,1440.274,SE.Total.SURVEY_LU1_2U12
41.861921, 3.765764,SE.Total.SURVEY_LU1_2U13
51.45988,24.68701,SE.Total.SURVEY_LU1_2U14
2.644619,0.000000,SE.Total.SURVEY_LU1_2U15
29.79443,14.73101,SE.Total.SURVEY_LU1_2U21
98.30217,36.98927,SE.Total.SURVEY_LU1_2U22
316.5069,209.3874,SE.Total.SURVEY_LU1_2U31
69.73937,17.27391,SE.Total.SURVEY_LU1_2U32
33.74358,43.76629,SE.Total.SURVEY_LU1_2U33
182.76513, 45.60476,SE.Total.SURVEY_LU1_2U34
190.78191, 63.88891,SE.Total.SURVEY_LU1_2U35
230.58882, 71.17895,SE.Total.SURVEY_LU1_2U36
337.0107,169.8231,SE.Total.SURVEY_LU1_2U37
97.67158,95.62278,SE.Total.SURVEY_LU1_2U41
425.5062,373.4888,SE.Total.SURVEY_LU1_2U42
295.2441,140.7147,SE.Total.SURVEY_LC1_3A11
93.58517,12.19442,SE.Total.SURVEY_LC1_3A12
3.788820,8.183845,SE.Total.SURVEY_LC1_3A13
269.0661,102.9152,SE.Total.SURVEY_LC1_3A21
272.5529,168.6712,SE.Total.SURVEY_LC1_3A22
25.79968, 0.00000,SE.Total.SURVEY_LC1_3A2x
94.90243,40.72977,SE.Total.SURVEY_LC1_3A30
 58.23793,223.19728,SE.Total.SURVEY_LC1_3B11
 0.0000,25.0281,SE.Total.SURVEY_LC1_3B12
 41.61649,150.40113,SE.Total.SURVEY_LC1_3B13
 31.81969,113.15886,SE.Total.SURVEY_LC1_3B14
 4.394093,48.073204,SE.Total.SURVEY_LC1_3B15
 61.7732,222.6771,SE.Total.SURVEY_LC1_3B16
11.48123,87.21908,SE.Total.SURVEY_LC1_3B18
 0.00000,20.42286,SE.Total.SURVEY_LC1_3B19
14.83047,79.50784,SE.Total.SURVEY_LC1_3B21
19.69255,95.67800,SE.Total.SURVEY_LC1_3B22
 0.00000,40.94711,SE.Total.SURVEY_LC1_3B23
15.70557,47.15804,SE.Total.SURVEY_LC1_3B31
 62.78125,156.58140,SE.Total.SURVEY_LC1_3B32
12.55453,38.63051,SE.Total.SURVEY_LC1_3B33
12.68898,67.74336,SE.Total.SURVEY_LC1_3B35
0.000000,1.842309,SE.Total.SURVEY_LC1_3B36
 0.00000,21.97924,SE.Total.SURVEY_LC1_3B37
12.09139,64.64556,SE.Total.SURVEY_LC1_3B41
16.24836,38.34366,SE.Total.SURVEY_LC1_3B43
11.417082, 4.768731,SE.Total.SURVEY_LC1_3B44
 0.00000,19.74716,SE.Total.SURVEY_LC1_3B45
 0.00000,42.95931,SE.Total.SURVEY_LC1_3B51
 0.00000,42.62577,SE.Total.SURVEY_LC1_3B52
  7.349273,102.289366,SE.Total.SURVEY_LC1_3B53
 0.00000,23.71319,SE.Total.SURVEY_LC1_3B54
39.08252,96.56474,SE.Total.SURVEY_LC1_3B55
28.48234,68.25309,SE.Total.SURVEY_LC1_3B71
 0.00000,15.00679,SE.Total.SURVEY_LC1_3B72
14.49723,29.05393,SE.Total.SURVEY_LC1_3B73
10.15917,23.80998,SE.Total.SURVEY_LC1_3B74
 5.798685,24.200929,SE.Total.SURVEY_LC1_3B75
14.33928,58.48983,SE.Total.SURVEY_LC1_3B82
15.91536,18.88764,SE.Total.SURVEY_LC1_3B83
 0.0000,11.0202,SE.Total.SURVEY_LC1_3B84
369.8324,  0.0000,SE.Total.SURVEY_LC1_3Bx1
69.71426, 0.00000,SE.Total.SURVEY_LC1_3Bx2
8.908885,0.000000,SE.Total.SURVEY_LC1_3Bxx
1138.255,1103.532,SE.Total.SURVEY_LC1_3C10
301.7161,  0.0000,SE.Total.SURVEY_LC1_3C1x
919.5620,795.4755,SE.Total.SURVEY_LC1_3C21
843.9762,702.8302,SE.Total.SURVEY_LC1_3C22
202.3053,483.1875,SE.Total.SURVEY_LC1_3C23
502.0822,  0.0000,SE.Total.SURVEY_LC1_3C2x
295.3890,519.4306,SE.Total.SURVEY_LC1_3C31
361.4816,563.4365,SE.Total.SURVEY_LC1_3C32
211.5608,663.2029,SE.Total.SURVEY_LC1_3C33
470.3618,  0.0000,SE.Total.SURVEY_LC1_3C3x
0,0,SE.Total.SURVEY_LC1_3Cxx
 52.88368,319.43812,SE.Total.SURVEY_LC1_3D10
4.251883,0.000000,SE.Total.SURVEY_LC1_3D1x
85.27277,35.18239,SE.Total.SURVEY_LC1_3D20
0,0,SE.Total.SURVEY_LC1_3D2x
187.1580,246.4835,SE.Total.SURVEY_LC1_3E10
487.8695,304.4614,SE.Total.SURVEY_LC1_3E20
6.014385,0.000000,SE.Total.SURVEY_LC1_3E2x
105.1404,305.9074,SE.Total.SURVEY_LC1_3E30
0,0,SE.Total.SURVEY_LC1_3Exx
8.848077,0.000000,SE.Total.SURVEY_LC1_3F10
25.396187, 5.381491,SE.Total.SURVEY_LC1_3F20
308.93918, 96.34001,SE.Total.SURVEY_LC1_3F40
3.517677,0.000000,SE.Total.SURVEY_LC1_3F4x
47.69612,40.68492,SE.Total.SURVEY_LC1_3G11
52.20368,12.17474,SE.Total.SURVEY_LC1_3G21
2.699516,0.000000,SE.Total.SURVEY_LC1_3G22
0,0,SE.Total.SURVEY_LC1_3G40
50.80093,36.81531,SE.Total.SURVEY_LC1_3H11
10.415698, 2.104555,SE.Total.SURVEY_LC1_3H12
0,0,SE.Total.SURVEY_LC1_3H21
0,0,SE.Total.SURVEY_LC1_3H23
0,0,SE.Total.SURVEY_LC1_3Hxx
583.0709,466.2648,SE.Total.SURVEY_LU1_3U111
36.04956,59.16991,SE.Total.SURVEY_LU1_3U112
40.21976,28.39984,SE.Total.SURVEY_LU1_3U113
1447.032,1440.274,SE.Total.SURVEY_LU1_3U120
41.861921, 3.765764,SE.Total.SURVEY_LU1_3U130
51.45988,24.68701,SE.Total.SURVEY_LU1_3U140
2.644619,0.000000,SE.Total.SURVEY_LU1_3U150
29.79443,14.73101,SE.Total.SURVEY_LU1_3U210
18.864222, 5.132156,SE.Total.SURVEY_LU1_3U221
14.94385, 0.00000,SE.Total.SURVEY_LU1_3U222
51.77839,20.43494,SE.Total.SURVEY_LU1_3U223
17.32822,24.45858,SE.Total.SURVEY_LU1_3U224
28.478908, 4.109387,SE.Total.SURVEY_LU1_3U225
54.530925, 5.959339,SE.Total.SURVEY_LU1_3U226
51.73438,16.54313,SE.Total.SURVEY_LU1_3U227
2.039316,0.000000,SE.Total.SURVEY_LU1_3U228
42.53282,32.78292,SE.Total.SURVEY_LU1_3U311
288.0417,179.8187,SE.Total.SURVEY_LU1_3U312
69.45373,92.02187,SE.Total.SURVEY_LU1_3U313
17.67065,10.31971,SE.Total.SURVEY_LU1_3U314
0.00000,4.32799,SE.Total.SURVEY_LU1_3U316
67.01129,23.11599,SE.Total.SURVEY_LU1_3U317
41.64314,11.95471,SE.Total.SURVEY_LU1_3U318
91.32758,38.56741,SE.Total.SURVEY_LU1_3U319
42.82210,16.01847,SE.Total.SURVEY_LU1_3U321
55.044042, 6.465026,SE.Total.SURVEY_LU1_3U322
33.74358,43.76629,SE.Total.SURVEY_LU1_3U330
178.23859, 45.60476,SE.Total.SURVEY_LU1_3U341
43.48081, 0.00000,SE.Total.SURVEY_LU1_3U342
190.78191, 63.88891,SE.Total.SURVEY_LU1_3U350
222.41848, 64.52907,SE.Total.SURVEY_LU1_3U361
97.93910,30.16405,SE.Total.SURVEY_LU1_3U362
337.0107,169.8231,SE.Total.SURVEY_LU1_3U370
 8.405163,13.450295,SE.Total.SURVEY_LU1_3U411
 0.00000,21.47617,SE.Total.SURVEY_LU1_3U412
 2.636341,14.639589,SE.Total.SURVEY_LU1_3U413
15.07598,29.69635,SE.Total.SURVEY_LU1_3U414
96.14035,86.05471,SE.Total.SURVEY_LU1_3U415
425.5062,373.4888,SE.Total.SURVEY_LU1_3U420
1513.269,1503.356,SE.Total.settlement0
326.8858,257.2434,SE.Total.settlement1
0.003874944,0.003049394,SE.Total.settl_pc
647.9982,552.5620,SE.Total.fao_class_name0
1423.300,1445.844,SE.Total.fao_class_name1
356.4204,369.4507,SE.Total.fao_class_name2
140.46473, 88.16524,SE.Total.fao_class_name3
1542.858,1511.169,SE.Total.lue0
414.9135,198.3305,SE.Total.lue1
1538.190,1511.753,SE.Total.lud0
330.0440,217.7838,SE.Total.lud1
190165.3,161452.5,CI.l(95%).Total.area
19248.83, 7497.18,CI.l(95%).Total.SURVEY_LC1_1A
38312.51,59496.19,CI.l(95%).Total.SURVEY_LC1_1B
66102.48,50998.89,CI.l(95%).Total.SURVEY_LC1_1C
1943.361,1184.888,CI.l(95%).Total.SURVEY_LC1_1D
38528.79,35944.60,CI.l(95%).Total.SURVEY_LC1_1E
16150.30, 2529.39,CI.l(95%).Total.SURVEY_LC1_1F
5409.4151, 644.9297,CI.l(95%).Total.SURVEY_LC1_1G
1398.3998, 186.9303,CI.l(95%).Total.SURVEY_LC1_1H
141828.5,143580.1,CI.l(95%).Total.SURVEY_LU1_1U1
1091.3592, 275.2474,CI.l(95%).Total.SURVEY_LU1_1U2
36900.03,11757.68,CI.l(95%).Total.SURVEY_LU1_1U3
8504.315,4474.594,CI.l(95%).Total.SURVEY_LU1_1U4
6423.673,1342.007,CI.l(95%).Total.SURVEY_LC1_2A1
11266.76, 5087.59,CI.l(95%).Total.SURVEY_LC1_2A2
687.4817,778.2337,CI.l(95%).Total.SURVEY_LC1_2A3
 1136.656,36711.081,CI.l(95%).Total.SURVEY_LC1_2B1
  38.38636,3519.75714,CI.l(95%).Total.SURVEY_LC1_2B2
 463.6413,7875.2303,CI.l(95%).Total.SURVEY_LC1_2B3
 101.8306,1171.0141,CI.l(95%).Total.SURVEY_LC1_2B4
 249.5997,6152.9042,CI.l(95%).Total.SURVEY_LC1_2B5
 464.7941,1922.7425,CI.l(95%).Total.SURVEY_LC1_2B7
127.5438,898.8184,CI.l(95%).Total.SURVEY_LC1_2B8
35133.89,    0.00,CI.l(95%).Total.SURVEY_LC1_2Bx
26979.38,21912.49,CI.l(95%).Total.SURVEY_LC1_2C1
26796.16,14475.35,CI.l(95%).Total.SURVEY_LC1_2C2
 9007.428,11252.685,CI.l(95%).Total.SURVEY_LC1_2C3
4.38896,0.00000,CI.l(95%).Total.SURVEY_LC1_2Cx
627.7224,643.4665,CI.l(95%).Total.SURVEY_LC1_2D1
1239.0708, 476.2424,CI.l(95%).Total.SURVEY_LC1_2D2
2453.098,1502.486,CI.l(95%).Total.SURVEY_LC1_2E1
34240.91,30933.46,CI.l(95%).Total.SURVEY_LC1_2E2
1299.404,2761.969,CI.l(95%).Total.SURVEY_LC1_2E3
4.004001,0.000000,CI.l(95%).Total.SURVEY_LC1_2Ex
227.137012,  8.280992,CI.l(95%).Total.SURVEY_LC1_2F1
457.548201,  5.583004,CI.l(95%).Total.SURVEY_LC1_2F2
15400.431, 2505.272,CI.l(95%).Total.SURVEY_LC1_2F4
4047.3544, 361.4392,CI.l(95%).Total.SURVEY_LC1_2G1
1225.8633, 262.8748,CI.l(95%).Total.SURVEY_LC1_2G2
9.147514,0.000000,CI.l(95%).Total.SURVEY_LC1_2G4
1184.1441, 182.9392,CI.l(95%).Total.SURVEY_LC1_2H1
210.301326,  3.991047,CI.l(95%).Total.SURVEY_LC1_2H2
3.954363,0.000000,CI.l(95%).Total.SURVEY_LC1_2Hx
83229.99,94884.33,CI.l(95%).Total.SURVEY_LU1_2U11
55924.17,47688.34,CI.l(95%).Total.SURVEY_LU1_2U12
211.33681, 62.34899,CI.l(95%).Total.SURVEY_LU1_2U13
1285.5453, 104.4062,CI.l(95%).Total.SURVEY_LU1_2U14
16.042646, 7.951638,CI.l(95%).Total.SURVEY_LU1_2U15
206.9686,112.3614,CI.l(95%).Total.SURVEY_LU1_2U21
834.3466,139.5515,CI.l(95%).Total.SURVEY_LU1_2U22
10428.508, 6349.843,CI.l(95%).Total.SURVEY_LU1_2U31
451.8483,108.5617,CI.l(95%).Total.SURVEY_LU1_2U32
160.6106,200.1103,CI.l(95%).Total.SURVEY_LU1_2U33
2030.528, 177.522,CI.l(95%).Total.SURVEY_LU1_2U34
3046.1866, 290.0172,CI.l(95%).Total.SURVEY_LU1_2U35
5760.0655, 989.3927,CI.l(95%).Total.SURVEY_LU1_2U36
13106.443, 2967.535,CI.l(95%).Total.SURVEY_LU1_2U37
526.2486,331.9226,CI.l(95%).Total.SURVEY_LU1_2U41
7807.152,3978.319,CI.l(95%).Total.SURVEY_LU1_2U42
5808.038,1259.696,CI.l(95%).Total.SURVEY_LC1_3A11
416.82938, 29.96815,CI.l(95%).Total.SURVEY_LC1_3A12
14.70853,13.58059,CI.l(95%).Total.SURVEY_LC1_3A13
4707.117,1031.986,CI.l(95%).Total.SURVEY_LC1_3A21
6076.327,3892.924,CI.l(95%).Total.SURVEY_LC1_3A22
-4.639254, 0.000000,CI.l(95%).Total.SURVEY_LC1_3A2x
687.4817,778.2337,CI.l(95%).Total.SURVEY_LC1_3A30
  298.534,13229.112,CI.l(95%).Total.SURVEY_LC1_3B11
  0.000,148.298,CI.l(95%).Total.SURVEY_LC1_3B12
 150.8508,5722.9674,CI.l(95%).Total.SURVEY_LC1_3B13
  38.01464,2232.32278,CI.l(95%).Total.SURVEY_LC1_3B14
 -1.754826,693.333735,CI.l(95%).Total.SURVEY_LC1_3B15
  427.1603,12217.0433,CI.l(95%).Total.SURVEY_LC1_3B16
   9.089015,1324.312781,CI.l(95%).Total.SURVEY_LC1_3B18
 0.00000,70.41334,CI.l(95%).Total.SURVEY_LC1_3B19
   1.553299,1136.241453,CI.l(95%).Total.SURVEY_LC1_3B21
  17.48694,1899.53851,CI.l(95%).Total.SURVEY_LC1_3B22
  0.000,312.887,CI.l(95%).Total.SURVEY_LC1_3B23
-12.94445,323.23960,CI.l(95%).Total.SURVEY_LC1_3B31
 404.3991,5582.4770,CI.l(95%).Total.SURVEY_LC1_3B32
 -9.967692,301.093128,CI.l(95%).Total.SURVEY_LC1_3B33
  -5.525429,1198.589732,CI.l(95%).Total.SURVEY_LC1_3B35
0.00000,1.09493,CI.l(95%).Total.SURVEY_LC1_3B36
 15.88728,166.42758,CI.l(95%).Total.SURVEY_LC1_3B37
  5.72224,635.40695,CI.l(95%).Total.SURVEY_LC1_3B41
 13.49718,371.09600,CI.l(95%).Total.SURVEY_LC1_3B43
50.25833, 6.15529,CI.l(95%).Total.SURVEY_LC1_3B44
 0.00000,60.73879,CI.l(95%).Total.SURVEY_LC1_3B45
  0.0000,556.7499,CI.l(95%).Total.SURVEY_LC1_3B51
  0.0000,443.7834,CI.l(95%).Total.SURVEY_LC1_3B52
   5.583991,2556.746242,CI.l(95%).Total.SURVEY_LC1_3B53
 0.0000,68.7941,CI.l(95%).Total.SURVEY_LC1_3B54
 230.9471,2218.7642,CI.l(95%).Total.SURVEY_LC1_3B55
 269.4858,1128.8852,CI.l(95%).Total.SURVEY_LC1_3B71
 32.18249,103.83518,CI.l(95%).Total.SURVEY_LC1_3B72
 57.18524,230.13687,CI.l(95%).Total.SURVEY_LC1_3B73
  4.321309,115.209272,CI.l(95%).Total.SURVEY_LC1_3B74
 52.73634,184.84906,CI.l(95%).Total.SURVEY_LC1_3B75
 35.29249,737.88140,CI.l(95%).Total.SURVEY_LC1_3B82
70.91949,92.07145,CI.l(95%).Total.SURVEY_LC1_3B83
 4.020646,17.989718,CI.l(95%).Total.SURVEY_LC1_3B84
34304.93,    0.00,CI.l(95%).Total.SURVEY_LC1_3Bx1
683.0398,  0.0000,CI.l(95%).Total.SURVEY_LC1_3Bx2
3.52616,0.00000,CI.l(95%).Total.SURVEY_LC1_3Bxx
26693.42,21912.49,CI.l(95%).Total.SURVEY_LC1_3C10
-267.1976,   0.0000,CI.l(95%).Total.SURVEY_LC1_3C1x
12784.352, 6759.214,CI.l(95%).Total.SURVEY_LC1_3C21
8158.662,4648.334,CI.l(95%).Total.SURVEY_LC1_3C22
1406.814,1339.490,CI.l(95%).Total.SURVEY_LC1_3C23
2110.518,   0.000,CI.l(95%).Total.SURVEY_LC1_3C2x
2816.788,3553.871,CI.l(95%).Total.SURVEY_LC1_3C31
1315.476,3078.179,CI.l(95%).Total.SURVEY_LC1_3C32
1784.227,3079.942,CI.l(95%).Total.SURVEY_LC1_3C33
1815.869,   0.000,CI.l(95%).Total.SURVEY_LC1_3C3x
4.38896,0.00000,CI.l(95%).Total.SURVEY_LC1_3Cxx
617.1998,643.4665,CI.l(95%).Total.SURVEY_LC1_3D10
2.523517,0.000000,CI.l(95%).Total.SURVEY_LC1_3D1x
1235.1825, 476.2424,CI.l(95%).Total.SURVEY_LC1_3D20
3.888311,0.000000,CI.l(95%).Total.SURVEY_LC1_3D2x
2453.098,1502.486,CI.l(95%).Total.SURVEY_LC1_3E10
34219.05,30933.46,CI.l(95%).Total.SURVEY_LC1_3E20
10.07722, 0.00000,CI.l(95%).Total.SURVEY_LC1_3E2x
1299.404,2761.969,CI.l(95%).Total.SURVEY_LC1_3E30
4.004001,0.000000,CI.l(95%).Total.SURVEY_LC1_3Exx
227.137012,  8.280992,CI.l(95%).Total.SURVEY_LC1_3F10
457.548201,  5.583004,CI.l(95%).Total.SURVEY_LC1_3F20
15394.397, 2505.272,CI.l(95%).Total.SURVEY_LC1_3F40
-0.829232, 0.000000,CI.l(95%).Total.SURVEY_LC1_3F4x
4047.3544, 361.4392,CI.l(95%).Total.SURVEY_LC1_3G11
1216.6061, 262.8748,CI.l(95%).Total.SURVEY_LC1_3G21
4.068828,0.000000,CI.l(95%).Total.SURVEY_LC1_3G22
9.147514,0.000000,CI.l(95%).Total.SURVEY_LC1_3G40
785.1816,169.9943,CI.l(95%).Total.SURVEY_LC1_3H11
380.617250,  8.937897,CI.l(95%).Total.SURVEY_LC1_3H12
139.071581,  3.991047,CI.l(95%).Total.SURVEY_LC1_3H21
71.22974, 0.00000,CI.l(95%).Total.SURVEY_LC1_3H23
3.954363,0.000000,CI.l(95%).Total.SURVEY_LC1_3Hxx
82428.96,93354.96,CI.l(95%).Total.SURVEY_LU1_3U111
181.9309,918.9313,CI.l(95%).Total.SURVEY_LU1_3U112
473.3751,440.8936,CI.l(95%).Total.SURVEY_LU1_3U113
55924.17,47688.34,CI.l(95%).Total.SURVEY_LU1_3U120
211.33681, 62.34899,CI.l(95%).Total.SURVEY_LU1_3U130
1285.5453, 104.4062,CI.l(95%).Total.SURVEY_LU1_3U140
16.042646, 7.951638,CI.l(95%).Total.SURVEY_LU1_3U150
206.9686,112.3614,CI.l(95%).Total.SURVEY_LU1_3U210
7.866644,5.881342,CI.l(95%).Total.SURVEY_LU1_3U221
9.95096,0.00000,CI.l(95%).Total.SURVEY_LU1_3U222
113.8927025, -0.9663624,CI.l(95%).Total.SURVEY_LU1_3U223
16.727961, 3.424557,CI.l(95%).Total.SURVEY_LU1_3U224
114.806254,  2.813658,CI.l(95%).Total.SURVEY_LU1_3U225
205.66430, 18.15853,CI.l(95%).Total.SURVEY_LU1_3U226
83.58957,32.53059,CI.l(95%).Total.SURVEY_LU1_3U227
4.717013,0.000000,CI.l(95%).Total.SURVEY_LU1_3U228
397.0254,197.0179,CI.l(95%).Total.SURVEY_LU1_3U311
7269.922,4917.572,CI.l(95%).Total.SURVEY_LU1_3U312
905.13236, 53.66556,CI.l(95%).Total.SURVEY_LU1_3U313
209.1117302,  0.4802804,CI.l(95%).Total.SURVEY_LU1_3U314
 7.925666,-1.639551,CI.l(95%).Total.SURVEY_LU1_3U316
500.90950, 92.18931,CI.l(95%).Total.SURVEY_LU1_3U317
173.00260, 88.23581,CI.l(95%).Total.SURVEY_LU1_3U318
375.1889,642.6256,CI.l(95%).Total.SURVEY_LU1_3U319
248.69208, 64.48196,CI.l(95%).Total.SURVEY_LU1_3U321
148.02875, 33.86916,CI.l(95%).Total.SURVEY_LU1_3U322
160.6106,200.1103,CI.l(95%).Total.SURVEY_LU1_3U330
1881.6832, 161.2635,CI.l(95%).Total.SURVEY_LU1_3U341
72.49630,16.25853,CI.l(95%).Total.SURVEY_LU1_3U342
3046.1866, 290.0172,CI.l(95%).Total.SURVEY_LU1_3U350
4653.7664, 644.7734,CI.l(95%).Total.SURVEY_LU1_3U361
930.3555,298.5324,CI.l(95%).Total.SURVEY_LU1_3U362
13106.443, 2967.535,CI.l(95%).Total.SURVEY_LU1_3U370
76.65540,12.83838,CI.l(95%).Total.SURVEY_LU1_3U411
 7.795005,-2.208391,CI.l(95%).Total.SURVEY_LU1_3U412
 4.069390,-6.326202,CI.l(95%).Total.SURVEY_LU1_3U413
13.702944, 8.341575,CI.l(95%).Total.SURVEY_LU1_3U414
375.8377,182.6789,CI.l(95%).Total.SURVEY_LU1_3U415
7807.152,3978.319,CI.l(95%).Total.SURVEY_LU1_3U420
156111.8,149200.6,CI.l(95%).Total.settlement0
33422.60,11773.62,CI.l(95%).Total.settlement1
0.3961956,0.1395659,CI.l(95%).Total.settl_pc
127824.6,108610.4,CI.l(95%).Total.fao_class_name0
58595.32,48669.59,CI.l(95%).Total.fao_class_name1
 91.47221,379.93282,CI.l(95%).Total.fao_class_name2
1596.115,1951.302,CI.l(95%).Total.fao_class_name3
164329.2,156351.6,CI.l(95%).Total.lue0
24974.621, 4722.705,CI.l(95%).Total.lue1
175583.3,153767.3,CI.l(95%).Total.lud0
13896.042, 7267.769,CI.l(95%).Total.lud1
196116.8,167397.3,CI.u(95%).Total.area
20298.184, 8371.326,CI.u(95%).Total.SURVEY_LC1_1A
39808.21,61009.16,CI.u(95%).Total.SURVEY_LC1_1B
71710.80,56681.69,CI.u(95%).Total.SURVEY_LC1_1C
2332.457,2444.617,CI.u(95%).Total.SURVEY_LC1_1D
40524.27,37810.02,CI.u(95%).Total.SURVEY_LC1_1E
17365.250, 2907.624,CI.u(95%).Total.SURVEY_LC1_1F
5547.1205, 810.9042,CI.u(95%).Total.SURVEY_LC1_1G
1601.6741, 331.4792,CI.u(95%).Total.SURVEY_LC1_1H
147847.2,149503.9,CI.u(95%).Total.SURVEY_LU1_1U1
1493.4004, 431.3181,CI.u(95%).Total.SURVEY_LU1_1U2
38403.91,12842.26,CI.u(95%).Total.SURVEY_LU1_1U3
10213.305, 5984.772,CI.u(95%).Total.SURVEY_LU1_1U4
7594.514,1895.956,CI.u(95%).Total.SURVEY_LC1_2A1
12515.089, 5826.828,CI.u(95%).Total.SURVEY_LC1_2A2
1059.4924, 937.8915,CI.u(95%).Total.SURVEY_LC1_2A3
 1527.661,38053.959,CI.u(95%).Total.SURVEY_LC1_2B1
 135.0219,4024.8024,CI.u(95%).Total.SURVEY_LC1_2B2
 726.6718,8579.6142,CI.u(95%).Total.SURVEY_LC1_2B3
 192.9688,1475.5908,CI.u(95%).Total.SURVEY_LC1_2B4
 405.4718,6744.7064,CI.u(95%).Total.SURVEY_LC1_2B5
 598.0587,2231.5501,CI.u(95%).Total.SURVEY_LC1_2B7
 211.5175,1143.5793,CI.u(95%).Total.SURVEY_LC1_2B8
36607,    0,CI.u(95%).Total.SURVEY_LC1_2Bx
31517.65,26238.26,CI.u(95%).Total.SURVEY_LC1_2C1
31798.62,18786.04,CI.u(95%).Total.SURVEY_LC1_2C2
11705.27,15015.77,CI.u(95%).Total.SURVEY_LC1_2C3
4.38896,0.00000,CI.u(95%).Total.SURVEY_LC1_2Cx
 835.6915,1895.6409,CI.u(95%).Total.SURVEY_LC1_2D1
1573.3339, 614.1548,CI.u(95%).Total.SURVEY_LC1_2D2
3186.744,2468.684,CI.u(95%).Total.SURVEY_LC1_2E1
36153.34,32126.92,CI.u(95%).Total.SURVEY_LC1_2E2
1711.547,3961.104,CI.u(95%).Total.SURVEY_LC1_2E3
4.004001,0.000000,CI.u(95%).Total.SURVEY_LC1_2Ex
261.820836,  8.280992,CI.u(95%).Total.SURVEY_LC1_2F1
557.09942, 26.67806,CI.u(95%).Total.SURVEY_LC1_2F2
16611.514, 2882.918,CI.u(95%).Total.SURVEY_LC1_2F4
4234.3198, 520.9211,CI.u(95%).Total.SURVEY_LC1_2G1
1430.7031, 310.5989,CI.u(95%).Total.SURVEY_LC1_2G2
9.147514,0.000000,CI.u(95%).Total.SURVEY_LC1_2G4
1387.4184, 327.4882,CI.u(95%).Total.SURVEY_LC1_2H1
210.301326,  3.991047,CI.u(95%).Total.SURVEY_LC1_2H2
3.954363,0.000000,CI.u(95%).Total.SURVEY_LC1_2Hx
85523.11,96716.23,CI.u(95%).Total.SURVEY_LU1_2U11
61596.43,53334.11,CI.u(95%).Total.SURVEY_LU1_2U12
375.43252, 77.11051,CI.u(95%).Total.SURVEY_LU1_2U13
1487.2643, 201.1775,CI.u(95%).Total.SURVEY_LU1_2U14
26.409363, 7.951638,CI.u(95%).Total.SURVEY_LU1_2U15
323.7606,170.1059,CI.u(95%).Total.SURVEY_LU1_2U21
1219.6840, 284.5468,CI.u(95%).Total.SURVEY_LU1_2U22
11669.192, 7170.626,CI.u(95%).Total.SURVEY_LU1_2U31
725.2216,176.2742,CI.u(95%).Total.SURVEY_LU1_2U32
292.883,371.671,CI.u(95%).Total.SURVEY_LU1_2U33
2746.9546, 356.2894,CI.u(95%).Total.SURVEY_LU1_2U34
3794.0380, 540.4571,CI.u(95%).Total.SURVEY_LU1_2U35
6663.957,1268.409,CI.u(95%).Total.SURVEY_LU1_2U36
14427.500, 3633.229,CI.u(95%).Total.SURVEY_LU1_2U37
909.1142,706.7570,CI.u(95%).Total.SURVEY_LU1_2U41
9475.106,5442.368,CI.u(95%).Total.SURVEY_LU1_2U42
6965.374,1811.288,CI.u(95%).Total.SURVEY_LC1_3A11
783.67653, 77.76939,CI.u(95%).Total.SURVEY_LC1_3A12
29.56044,45.66068,CI.u(95%).Total.SURVEY_LC1_3A13
5761.837,1435.406,CI.u(95%).Total.SURVEY_LC1_3A21
7144.714,4554.103,CI.u(95%).Total.SURVEY_LC1_3A22
96.49363, 0.00000,CI.u(95%).Total.SURVEY_LC1_3A2x
1059.4924, 937.8915,CI.u(95%).Total.SURVEY_LC1_3A30
  526.8225,14104.0296,CI.u(95%).Total.SURVEY_LC1_3B11
  0.0000,246.4063,CI.u(95%).Total.SURVEY_LC1_3B12
 313.9844,6312.5290,CI.u(95%).Total.SURVEY_LC1_3B13
 162.7455,2675.8974,CI.u(95%).Total.SURVEY_LC1_3B14
 15.4697,881.7772,CI.u(95%).Total.SURVEY_LC1_3B15
  669.3068,13089.9215,CI.u(95%).Total.SURVEY_LC1_3B16
  54.0946,1666.2053,CI.u(95%).Total.SURVEY_LC1_3B18
  0.0000,150.4695,CI.u(95%).Total.SURVEY_LC1_3B19
  59.68767,1447.90646,CI.u(95%).Total.SURVEY_LC1_3B21
  94.68031,2274.58940,CI.u(95%).Total.SURVEY_LC1_3B22
  0.0000,473.3967,CI.u(95%).Total.SURVEY_LC1_3B23
 48.62027,508.09571,CI.u(95%).Total.SURVEY_LC1_3B31
 650.4971,6196.2648,CI.u(95%).Total.SURVEY_LC1_3B32
 39.24515,452.52195,CI.u(95%).Total.SURVEY_LC1_3B33
  44.21447,1464.13884,CI.u(95%).Total.SURVEY_LC1_3B35
0.000000,8.316649,CI.u(95%).Total.SURVEY_LC1_3B36
 15.88728,252.58461,CI.u(95%).Total.SURVEY_LC1_3B37
 53.11963,888.81287,CI.u(95%).Total.SURVEY_LC1_3B41
 77.18959,521.40040,CI.u(95%).Total.SURVEY_LC1_3B43
95.01247,24.84837,CI.u(95%).Total.SURVEY_LC1_3B44
  0.0000,138.1462,CI.u(95%).Total.SURVEY_LC1_3B45
  0.0000,725.1473,CI.u(95%).Total.SURVEY_LC1_3B51
  0.0000,610.8733,CI.u(95%).Total.SURVEY_LC1_3B52
  34.39261,2957.71319,CI.u(95%).Total.SURVEY_LC1_3B53
  0.0000,161.7481,CI.u(95%).Total.SURVEY_LC1_3B54
 384.1478,2597.2910,CI.u(95%).Total.SURVEY_LC1_3B55
 381.1345,1396.4324,CI.u(95%).Total.SURVEY_LC1_3B71
 32.18249,162.66073,CI.u(95%).Total.SURVEY_LC1_3B72
114.0134,344.0262,CI.u(95%).Total.SURVEY_LC1_3B73
 44.14451,208.54266,CI.u(95%).Total.SURVEY_LC1_3B74
 75.46677,279.71496,CI.u(95%).Total.SURVEY_LC1_3B75
 91.50144,967.15733,CI.u(95%).Total.SURVEY_LC1_3B82
133.3065,166.1096,CI.u(95%).Total.SURVEY_LC1_3B83
 4.020646,61.188107,CI.u(95%).Total.SURVEY_LC1_3B84
35754.64,    0.00,CI.u(95%).Total.SURVEY_LC1_3Bx1
956.3147,  0.0000,CI.u(95%).Total.SURVEY_LC1_3Bx2
38.44835, 0.00000,CI.u(95%).Total.SURVEY_LC1_3Bxx
31155.30,26238.26,CI.u(95%).Total.SURVEY_LC1_3C10
915.5076,  0.0000,CI.u(95%).Total.SURVEY_LC1_3C1x
16388.969, 9877.421,CI.u(95%).Total.SURVEY_LC1_3C21
11466.988, 7403.377,CI.u(95%).Total.SURVEY_LC1_3C22
2199.836,3233.550,CI.u(95%).Total.SURVEY_LC1_3C23
4078.643,   0.000,CI.u(95%).Total.SURVEY_LC1_3C2x
3974.692,5590.001,CI.u(95%).Total.SURVEY_LC1_3C31
2732.458,5286.809,CI.u(95%).Total.SURVEY_LC1_3C32
2613.530,5679.649,CI.u(95%).Total.SURVEY_LC1_3C33
3659.653,   0.000,CI.u(95%).Total.SURVEY_LC1_3C3x
4.38896,0.00000,CI.u(95%).Total.SURVEY_LC1_3Cxx
 824.500,1895.641,CI.u(95%).Total.SURVEY_LC1_3D10
19.19059, 0.00000,CI.u(95%).Total.SURVEY_LC1_3D1x
1569.4456, 614.1548,CI.u(95%).Total.SURVEY_LC1_3D20
3.888311,0.000000,CI.u(95%).Total.SURVEY_LC1_3D2x
3186.744,2468.684,CI.u(95%).Total.SURVEY_LC1_3E10
36131.47,32126.92,CI.u(95%).Total.SURVEY_LC1_3E20
33.65318, 0.00000,CI.u(95%).Total.SURVEY_LC1_3E2x
1711.547,3961.104,CI.u(95%).Total.SURVEY_LC1_3E30
4.004001,0.000000,CI.u(95%).Total.SURVEY_LC1_3Exx
261.820836,  8.280992,CI.u(95%).Total.SURVEY_LC1_3F10
557.09942, 26.67806,CI.u(95%).Total.SURVEY_LC1_3F20
16605.417, 2882.918,CI.u(95%).Total.SURVEY_LC1_3F40
12.95981, 0.00000,CI.u(95%).Total.SURVEY_LC1_3F4x
4234.3198, 520.9211,CI.u(95%).Total.SURVEY_LC1_3G11
1421.2407, 310.5989,CI.u(95%).Total.SURVEY_LC1_3G21
14.65073, 0.00000,CI.u(95%).Total.SURVEY_LC1_3G22
9.147514,0.000000,CI.u(95%).Total.SURVEY_LC1_3G40
984.3176,314.3076,CI.u(95%).Total.SURVEY_LC1_3H11
421.4460, 17.1876,CI.u(95%).Total.SURVEY_LC1_3H12
139.071581,  3.991047,CI.u(95%).Total.SURVEY_LC1_3H21
71.22974, 0.00000,CI.u(95%).Total.SURVEY_LC1_3H23
3.954363,0.000000,CI.u(95%).Total.SURVEY_LC1_3Hxx
84714.55,95182.69,CI.u(95%).Total.SURVEY_LU1_3U111
 323.2426,1150.8731,CI.u(95%).Total.SURVEY_LU1_3U112
631.0337,552.2190,CI.u(95%).Total.SURVEY_LU1_3U113
61596.43,53334.11,CI.u(95%).Total.SURVEY_LU1_3U120
375.43252, 77.11051,CI.u(95%).Total.SURVEY_LU1_3U130
1487.2643, 201.1775,CI.u(95%).Total.SURVEY_LU1_3U140
26.409363, 7.951638,CI.u(95%).Total.SURVEY_LU1_3U150
323.7606,170.1059,CI.u(95%).Total.SURVEY_LU1_3U210
81.81303,25.99903,CI.u(95%).Total.SURVEY_LU1_3U221
68.52976, 0.00000,CI.u(95%).Total.SURVEY_LU1_3U222
316.86028, 79.13713,CI.u(95%).Total.SURVEY_LU1_3U223
84.65334,99.30042,CI.u(95%).Total.SURVEY_LU1_3U224
226.44152, 18.92216,CI.u(95%).Total.SURVEY_LU1_3U225
419.42159, 41.51871,CI.u(95%).Total.SURVEY_LU1_3U226
286.38461, 97.37848,CI.u(95%).Total.SURVEY_LU1_3U227
12.71099, 0.00000,CI.u(95%).Total.SURVEY_LU1_3U228
563.7510,325.5245,CI.u(95%).Total.SURVEY_LU1_3U311
8399.024,5622.448,CI.u(95%).Total.SURVEY_LU1_3U312
1177.3860, 414.3847,CI.u(95%).Total.SURVEY_LU1_3U313
278.37941, 40.93281,CI.u(95%).Total.SURVEY_LU1_3U314
 7.925666,15.325857,CI.u(95%).Total.SURVEY_LU1_3U316
763.5889,182.8023,CI.u(95%).Total.SURVEY_LU1_3U317
336.2407,135.0974,CI.u(95%).Total.SURVEY_LU1_3U318
733.1865,793.8070,CI.u(95%).Total.SURVEY_LU1_3U319
416.5516,127.2732,CI.u(95%).Total.SURVEY_LU1_3U321
363.79743, 59.21159,CI.u(95%).Total.SURVEY_LU1_3U322
292.883,371.671,CI.u(95%).Total.SURVEY_LU1_3U330
2580.3656, 340.0309,CI.u(95%).Total.SURVEY_LU1_3U341
242.93794, 16.25853,CI.u(95%).Total.SURVEY_LU1_3U342
3794.0380, 540.4571,CI.u(95%).Total.SURVEY_LU1_3U350
5525.6309, 897.7227,CI.u(95%).Total.SURVEY_LU1_3U361
1314.2697, 416.7733,CI.u(95%).Total.SURVEY_LU1_3U362
14427.500, 3633.229,CI.u(95%).Total.SURVEY_LU1_3U370
109.60304, 65.56257,CI.u(95%).Total.SURVEY_LU1_3U411
 7.795005,81.976665,CI.u(95%).Total.SURVEY_LU1_3U412
14.40366,51.05993,CI.u(95%).Total.SURVEY_LU1_3U413
 72.79971,124.74914,CI.u(95%).Total.SURVEY_LU1_3U414
752.7010,520.0071,CI.u(95%).Total.SURVEY_LU1_3U415
9475.106,5442.368,CI.u(95%).Total.SURVEY_LU1_3U420
162043.7,155093.6,CI.u(95%).Total.settlement0
34703.97,12781.99,CI.u(95%).Total.settlement1
0.4113851,0.1515193,CI.u(95%).Total.settl_pc
130364.7,110776.4,CI.u(95%).Total.fao_class_name0
64174.56,54337.19,CI.u(95%).Total.fao_class_name1
1488.615,1828.153,CI.u(95%).Total.fao_class_name2
2146.726,2296.903,CI.u(95%).Total.fao_class_name3
170377.1,162275.3,CI.u(95%).Total.lue0
26601.052, 5500.146,CI.u(95%).Total.lue1
181612.9,159693.3,CI.u(95%).Total.lud0
15189.791, 8121.466,CI.u(95%).Total.lud1
0.007860947,0.009223354,CV.Total.area
0.01353821,0.02810603,CV.Total.SURVEY_LC1_1A
0.009768571,0.006405810,CV.Total.SURVEY_LC1_1B
0.02076319,0.02692630,CV.Total.SURVEY_LC1_1C
0.04642898,0.17708496,CV.Total.SURVEY_LC1_1D
0.01287895,0.01290444,CV.Total.SURVEY_LC1_1E
0.01849540,0.03549378,CV.Total.SURVEY_LC1_1F
0.006412535,0.058167619,CV.Total.SURVEY_LC1_1G
0.03457024,0.14226366,CV.Total.SURVEY_LC1_1H
0.01060100,0.01031242,CV.Total.SURVEY_LU1_1U1
0.07936012,0.11269920,CV.Total.SURVEY_LU1_1U2
0.01018934,0.02249460,CV.Total.SURVEY_LU1_1U3
0.04658442,0.07366732,CV.Total.SURVEY_LU1_1U4
0.04261457,0.08728698,CV.Total.SURVEY_LC1_2A1
0.02678153,0.03455698,CV.Total.SURVEY_LC1_2A2
0.10864778,0.04746714,CV.Total.SURVEY_LC1_2A3
0.074876952,0.009164102,CV.Total.SURVEY_LC1_2B1
0.28432755,0.03415453,CV.Total.SURVEY_LC1_2B2
0.11274485,0.02184075,CV.Total.SURVEY_LC1_2B3
0.15773412,0.05871641,CV.Total.SURVEY_LC1_2B4
0.12140365,0.02341096,CV.Total.SURVEY_LC1_2B5
0.06397255,0.03792650,CV.Total.SURVEY_LC1_2B7
0.12636224,0.06114398,CV.Total.SURVEY_LC1_2B8
0.0104766,NA,CV.Total.SURVEY_LC1_2Bx
0.03958302,0.04583653,CV.Total.SURVEY_LC1_2C1
0.04355884,0.06612393,CV.Total.SURVEY_LC1_2C2
0.06645552,0.07309052,CV.Total.SURVEY_LC1_2C3
  0,NA,CV.Total.SURVEY_LC1_2Cx
0.07250762,0.25161449,CV.Total.SURVEY_LC1_2D1
0.06064047,0.06453133,CV.Total.SURVEY_LC1_2D2
0.06636995,0.12413646,CV.Total.SURVEY_LC1_2E1
0.013861185,0.009656185,CV.Total.SURVEY_LC1_2E2
0.06983865,0.09100227,CV.Total.SURVEY_LC1_2E3
  0,NA,CV.Total.SURVEY_LC1_2Ex
0.03619157,0.00000000,CV.Total.SURVEY_LC1_2F1
0.05005913,0.33362141,CV.Total.SURVEY_LC1_2F2
0.01930251,0.03575969,CV.Total.SURVEY_LC1_2F4
0.01151847,0.09221838,CV.Total.SURVEY_LC1_2G1
0.03934101,0.04245964,CV.Total.SURVEY_LC1_2G2
  0,NA,CV.Total.SURVEY_LC1_2G4
0.04033084,0.14448839,CV.Total.SURVEY_LC1_2H1
0,0,CV.Total.SURVEY_LC1_2H2
  0,NA,CV.Total.SURVEY_LC1_2Hx
0.006933077,0.004878152,CV.Total.SURVEY_LU1_2U11
0.02462602,0.02851394,CV.Total.SURVEY_LU1_2U12
0.14268612,0.05400512,CV.Total.SURVEY_LU1_2U13
0.0371175,0.1615729,CV.Total.SURVEY_LU1_2U14
0.1245934,0.0000000,CV.Total.SURVEY_LU1_2U15
0.1122773,0.1043024,CV.Total.SURVEY_LU1_2U21
0.09571637,0.17443729,CV.Total.SURVEY_LU1_2U22
0.02864614,0.03097339,CV.Total.SURVEY_LU1_2U31
0.1184966,0.1212902,CV.Total.SURVEY_LU1_2U32
0.1488161,0.1530875,CV.Total.SURVEY_LU1_2U33
0.07651105,0.17086469,CV.Total.SURVEY_LU1_2U34
0.05578235,0.15386125,CV.Total.SURVEY_LU1_2U35
0.03711983,0.06305155,CV.Total.SURVEY_LU1_2U36
0.02447966,0.05145558,CV.Total.SURVEY_LU1_2U37
0.1360932,0.1841237,CV.Total.SURVEY_LU1_2U41
0.04924197,0.07929120,CV.Total.SURVEY_LU1_2U42
0.04622792,0.09164142,CV.Total.SURVEY_LC1_3A11
0.1559096,0.2263727,CV.Total.SURVEY_LC1_3A12
0.1711727,0.2762886,CV.Total.SURVEY_LC1_3A13
0.05140267,0.08342025,CV.Total.SURVEY_LC1_3A21
0.04123016,0.03993622,CV.Total.SURVEY_LC1_3A22
0.5617518,NA,CV.Total.SURVEY_LC1_3A2x
0.10864778,0.04746714,CV.Total.SURVEY_LC1_3A30
0.14112187,0.01633162,CV.Total.SURVEY_LC1_3B11
NA,0.1268195,CV.Total.SURVEY_LC1_3B12
0.17905911,0.02499293,CV.Total.SURVEY_LC1_3B13
0.31699204,0.04610994,CV.Total.SURVEY_LC1_3B14
0.64077767,0.06104104,CV.Total.SURVEY_LC1_3B15
0.11267680,0.01759809,CV.Total.SURVEY_LC1_3B16
0.36342421,0.05833041,CV.Total.SURVEY_LC1_3B18
NA,0.1849203,CV.Total.SURVEY_LC1_3B19
0.48433164,0.06153505,CV.Total.SURVEY_LC1_3B21
0.35112827,0.04584335,CV.Total.SURVEY_LC1_3B22
NA,0.1041535,CV.Total.SURVEY_LC1_3B23
0.8804607,0.1134513,CV.Total.SURVEY_LC1_3B31
0.11902828,0.02658712,CV.Total.SURVEY_LC1_3B32
0.8576241,0.1025205,CV.Total.SURVEY_LC1_3B33
0.65594715,0.05088267,CV.Total.SURVEY_LC1_3B35
NA,0.3914984,CV.Total.SURVEY_LC1_3B36
0.0000000,0.1049098,CV.Total.SURVEY_LC1_3B37
0.41097923,0.08482445,CV.Total.SURVEY_LC1_3B41
0.35834033,0.08592452,CV.Total.SURVEY_LC1_3B43
0.1571834,0.3076237,CV.Total.SURVEY_LC1_3B44
NA,0.1985787,CV.Total.SURVEY_LC1_3B45
NA,0.06702457,CV.Total.SURVEY_LC1_3B51
NA,0.08083345,CV.Total.SURVEY_LC1_3B52
0.3676787,0.0370986,CV.Total.SURVEY_LC1_3B53
NA,0.2057167,CV.Total.SURVEY_LC1_3B54
0.12707801,0.04010118,CV.Total.SURVEY_LC1_3B55
0.08755441,0.05405505,CV.Total.SURVEY_LC1_3B71
0.0000000,0.1126231,CV.Total.SURVEY_LC1_3B72
0.1693616,0.1012045,CV.Total.SURVEY_LC1_3B73
0.4192302,0.1470878,CV.Total.SURVEY_LC1_3B74
0.09046092,0.10418770,CV.Total.SURVEY_LC1_3B75
0.22618248,0.06860821,CV.Total.SURVEY_LC1_3B82
0.1558602,0.1463131,CV.Total.SURVEY_LC1_3B83
0.0000000,0.2783658,CV.Total.SURVEY_LC1_3B84
0.01055766,NA,CV.Total.SURVEY_LC1_3Bx1
0.08505087,NA,CV.Total.SURVEY_LC1_3Bx2
0.4244903,NA,CV.Total.SURVEY_LC1_3Bxx
0.03935282,0.04583653,CV.Total.SURVEY_LC1_3C10
0.9307772,NA,CV.Total.SURVEY_LC1_3C1x
0.06304130,0.09562938,CV.Total.SURVEY_LC1_3C21
0.08600746,0.11663575,CV.Total.SURVEY_LC1_3C22
0.1121846,0.2113201,CV.Total.SURVEY_LC1_3C23
0.1622456,NA,CV.Total.SURVEY_LC1_3C2x
0.08698812,0.11361284,CV.Total.SURVEY_LC1_3C31
0.1786005,0.1347130,CV.Total.SURVEY_LC1_3C32
0.09621306,0.15142326,CV.Total.SURVEY_LC1_3C33
0.1718053,NA,CV.Total.SURVEY_LC1_3C3x
  0,NA,CV.Total.SURVEY_LC1_3Cxx
0.07336296,0.25161449,CV.Total.SURVEY_LC1_3D10
0.391624,NA,CV.Total.SURVEY_LC1_3D1x
0.06080861,0.06453133,CV.Total.SURVEY_LC1_3D20
  0,NA,CV.Total.SURVEY_LC1_3D2x
0.06636995,0.12413646,CV.Total.SURVEY_LC1_3E10
0.013869676,0.009656185,CV.Total.SURVEY_LC1_3E20
0.2750665,NA,CV.Total.SURVEY_LC1_3E2x
0.06983865,0.09100227,CV.Total.SURVEY_LC1_3E30
  0,NA,CV.Total.SURVEY_LC1_3Exx
0.03619157,0.00000000,CV.Total.SURVEY_LC1_3F10
0.05005913,0.33362141,CV.Total.SURVEY_LC1_3F20
0.01930881,0.03575969,CV.Total.SURVEY_LC1_3F40
0.5799687,NA,CV.Total.SURVEY_LC1_3F4x
0.01151847,0.09221838,CV.Total.SURVEY_LC1_3G11
0.03958053,0.04245964,CV.Total.SURVEY_LC1_3G21
0.2884165,NA,CV.Total.SURVEY_LC1_3G22
  0,NA,CV.Total.SURVEY_LC1_3G40
0.05741843,0.15203455,CV.Total.SURVEY_LC1_3H11
0.02597226,0.16111117,CV.Total.SURVEY_LC1_3H12
0,0,CV.Total.SURVEY_LC1_3H21
  0,NA,CV.Total.SURVEY_LC1_3H23
  0,NA,CV.Total.SURVEY_LC1_3Hxx
0.006976890,0.004946119,CV.Total.SURVEY_LU1_3U111
0.1427215,0.0571744,CV.Total.SURVEY_LU1_3U112
0.07283491,0.05719360,CV.Total.SURVEY_LU1_3U113
0.02462602,0.02851394,CV.Total.SURVEY_LU1_3U120
0.14268612,0.05400512,CV.Total.SURVEY_LU1_3U130
0.0371175,0.1615729,CV.Total.SURVEY_LU1_3U140
0.1245934,0.0000000,CV.Total.SURVEY_LU1_3U150
0.1122773,0.1043024,CV.Total.SURVEY_LU1_3U210
0.4207023,0.3219634,CV.Total.SURVEY_LU1_3U221
0.3808285,NA,CV.Total.SURVEY_LU1_3U222
0.2404088,0.5228282,CV.Total.SURVEY_LU1_3U223
0.3418425,0.4761953,CV.Total.SURVEY_LU1_3U224
0.1669104,0.3781212,CV.Total.SURVEY_LU1_3U225
0.174475,0.199719,CV.Total.SURVEY_LU1_3U226
0.2796648,0.2546879,CV.Total.SURVEY_LU1_3U227
0.2340276,NA,CV.Total.SURVEY_LU1_3U228
0.08853844,0.12547468,CV.Total.SURVEY_LU1_3U311
0.03676594,0.03412112,CV.Total.SURVEY_LU1_3U312
0.06670167,0.39321367,CV.Total.SURVEY_LU1_3U313
0.07249629,0.49837925,CV.Total.SURVEY_LU1_3U314
0.0000000,0.6324555,CV.Total.SURVEY_LU1_3U316
0.1059887,0.1681214,CV.Total.SURVEY_LU1_3U317
0.1635491,0.1070571,CV.Total.SURVEY_LU1_3U318
0.16479539,0.05369888,CV.Total.SURVEY_LU1_3U319
0.1287411,0.1670721,CV.Total.SURVEY_LU1_3U321
0.2150888,0.1389122,CV.Total.SURVEY_LU1_3U322
0.1488161,0.1530875,CV.Total.SURVEY_LU1_3U330
0.07989092,0.18194803,CV.Total.SURVEY_LU1_3U341
0.2756886,0.0000000,CV.Total.SURVEY_LU1_3U342
0.05578235,0.15386125,CV.Total.SURVEY_LU1_3U350
0.04369974,0.08366837,CV.Total.SURVEY_LU1_3U361
0.08726543,0.08433892,CV.Total.SURVEY_LU1_3U362
0.02447966,0.05145558,CV.Total.SURVEY_LU1_3U370
0.0902527,0.3431156,CV.Total.SURVEY_LU1_3U411
0.0000000,0.5384641,CV.Total.SURVEY_LU1_3U412
0.2854257,0.6545213,CV.Total.SURVEY_LU1_3U413
0.3485669,0.4462573,CV.Total.SURVEY_LU1_3U414
0.1703802,0.2449308,CV.Total.SURVEY_LU1_3U415
0.04924197,0.07929120,CV.Total.SURVEY_LU1_3U420
0.009512766,0.009880936,CV.Total.settlement0
0.009596426,0.020951905,CV.Total.settlement1
0.009596426,0.020951905,CV.Total.settl_pc
0.005019560,0.005037333,CV.Total.fao_class_name0
0.02318646,0.02807279,CV.Total.fao_class_name1
0.4511403,0.3346344,CV.Total.fao_class_name2
0.07505782,0.04150705,CV.Total.fao_class_name3
0.009219176,0.009485504,CV.Total.lue0
0.01608950,0.03880141,CV.Total.lue1
0.008612578,0.009645572,CV.Total.lud0
0.02269448,0.02830340,CV.Total.lud1
