No,Yes,variable
14615.41,28305.79,Total.area
1577.674,1482.994,Total.SURVEY_LC1_1A
 3886.842,15388.162,Total.SURVEY_LC1_1B
3245.967,5322.083,Total.SURVEY_LC1_1C
509.9966,333.1541,Total.SURVEY_LC1_1D
2989.821,5258.682,Total.SURVEY_LC1_1E
1439.7583, 320.1242,Total.SURVEY_LC1_1F
617.33029, 90.24929,Total.SURVEY_LC1_1G
348.0218,110.3398,Total.SURVEY_LC1_1H
 9391.618,23655.870,Total.SURVEY_LU1_1U1
79.35555,62.55715,Total.SURVEY_LU1_1U2
3330.024,3095.005,Total.SURVEY_LU1_1U3
1814.415,1492.356,Total.SURVEY_LU1_1U4
597.0755,230.8767,Total.SURVEY_LC1_2A1
 918.5729,1177.3078,Total.SURVEY_LC1_2A2
62.02592,74.80903,Total.SURVEY_LC1_2A3
  446.6361,10310.3131,Total.SURVEY_LC1_2B1
  50.01192,1000.51327,Total.SURVEY_LC1_2B2
 233.8335,1372.5659,Total.SURVEY_LC1_2B3
 32.52138,295.53175,Total.SURVEY_LC1_2B4
  60.70146,2273.22441,Total.SURVEY_LC1_2B5
16.38856,46.87891,Total.SURVEY_LC1_2B7
18.71932,89.13465,Total.SURVEY_LC1_2B8
3028.03,   0.00,Total.SURVEY_LC1_2Bx
2310.904,2606.038,Total.SURVEY_LC1_2C1
 681.4875,2088.2524,Total.SURVEY_LC1_2C2
253.5753,627.7928,Total.SURVEY_LC1_2C3
 44.55648,141.85444,Total.SURVEY_LC1_2D1
465.4401,191.2997,Total.SURVEY_LC1_2D2
284.1549,649.7925,Total.SURVEY_LC1_2E1
2592.226,4142.977,Total.SURVEY_LC1_2E2
113.4407,465.9130,Total.SURVEY_LC1_2E3
4.342859,4.343829,Total.SURVEY_LC1_2F1
98.21837,33.63868,Total.SURVEY_LC1_2F2
1337.1970, 282.1417,Total.SURVEY_LC1_2F4
513.25740, 74.11171,Total.SURVEY_LC1_2G1
68.89150,16.13757,Total.SURVEY_LC1_2G2
30.28944, 0.00000,Total.SURVEY_LC1_2G3
4.891943,0.000000,Total.SURVEY_LC1_2G4
178.5558,102.2587,Total.SURVEY_LC1_2H1
169.465918,  8.081022,Total.SURVEY_LC1_2H2
 7300.619,19633.920,Total.SURVEY_LU1_2U11
2035.271,3982.709,Total.SURVEY_LU1_2U12
11.84114, 0.00000,Total.SURVEY_LU1_2U13
43.88700,39.24168,Total.SURVEY_LU1_2U14
25.465962, 4.056233,Total.SURVEY_LU1_2U21
53.88959,58.50091,Total.SURVEY_LU1_2U22
 766.9224,1116.7169,Total.SURVEY_LU1_2U31
40.81092,34.52837,Total.SURVEY_LU1_2U32
35.71009,39.71893,Total.SURVEY_LU1_2U33
196.5672,125.4203,Total.SURVEY_LU1_2U34
227.5075,151.3173,Total.SURVEY_LU1_2U35
721.2232,456.4909,Total.SURVEY_LU1_2U36
1341.282,1170.812,Total.SURVEY_LU1_2U37
12.11269,28.30517,Total.SURVEY_LU1_2U41
1802.302,1464.051,Total.SURVEY_LU1_2U42
575.4724,230.8767,Total.SURVEY_LC1_3A11
14.49052, 0.00000,Total.SURVEY_LC1_3A12
7.112624,0.000000,Total.SURVEY_LC1_3A13
448.3231,301.5542,Total.SURVEY_LC1_3A21
470.2498,875.7536,Total.SURVEY_LC1_3A22
62.02592,74.80903,Total.SURVEY_LC1_3A30
 136.3997,3126.8666,Total.SURVEY_LC1_3B11
 0.00000,10.62705,Total.SURVEY_LC1_3B12
 102.4978,4304.0265,Total.SURVEY_LC1_3B13
 37.46643,828.17035,Total.SURVEY_LC1_3B14
 21.67005,426.05992,Total.SURVEY_LC1_3B15
 144.5979,1354.0238,Total.SURVEY_LC1_3B16
  4.004203,249.908198,Total.SURVEY_LC1_3B18
 0.00000,10.63069,Total.SURVEY_LC1_3B19
 20.00659,490.80879,Total.SURVEY_LC1_3B21
 30.00534,268.87187,Total.SURVEY_LC1_3B22
  0.0000,240.8326,Total.SURVEY_LC1_3B23
 233.8335,1351.3082,Total.SURVEY_LC1_3B32
0.000000,6.668862,Total.SURVEY_LC1_3B33
 0.00000,14.58887,Total.SURVEY_LC1_3B35
 32.52138,251.46533,Total.SURVEY_LC1_3B41
 0.00000,37.39756,Total.SURVEY_LC1_3B43
0.000000,6.668862,Total.SURVEY_LC1_3B45
  0.000,137.725,Total.SURVEY_LC1_3B51
 13.33772,313.93819,Total.SURVEY_LC1_3B53
 0.00000,22.20926,Total.SURVEY_LC1_3B54
  47.36373,1799.35195,Total.SURVEY_LC1_3B55
12.32194,42.82268,Total.SURVEY_LC1_3B71
4.06662,0.00000,Total.SURVEY_LC1_3B72
0.000000,4.056233,Total.SURVEY_LC1_3B75
3.991758,0.000000,Total.SURVEY_LC1_3B82
14.72756,48.09826,Total.SURVEY_LC1_3B83
 0.00000,41.03639,Total.SURVEY_LC1_3B84
3000.36,   0.00,Total.SURVEY_LC1_3Bx1
22.07626, 0.00000,Total.SURVEY_LC1_3Bx2
5.593167,0.000000,Total.SURVEY_LC1_3Bxx
2306.791,2606.038,Total.SURVEY_LC1_3C10
4.112931,0.000000,Total.SURVEY_LC1_3C1x
 342.6959,1341.1001,Total.SURVEY_LC1_3C21
100.6862,436.6898,Total.SURVEY_LC1_3C22
140.2463,310.4624,Total.SURVEY_LC1_3C23
97.85912, 0.00000,Total.SURVEY_LC1_3C2x
 15.5529,132.3209,Total.SURVEY_LC1_3C31
 82.97456,126.31019,Total.SURVEY_LC1_3C32
101.6246,369.1617,Total.SURVEY_LC1_3C33
53.42331, 0.00000,Total.SURVEY_LC1_3C3x
 44.55648,141.85444,Total.SURVEY_LC1_3D10
465.4401,191.2997,Total.SURVEY_LC1_3D20
284.1549,649.7925,Total.SURVEY_LC1_3E10
2580.201,4142.977,Total.SURVEY_LC1_3E20
12.02471, 0.00000,Total.SURVEY_LC1_3E2x
113.4407,465.9130,Total.SURVEY_LC1_3E30
4.342859,4.343829,Total.SURVEY_LC1_3F10
98.21837,33.63868,Total.SURVEY_LC1_3F20
1332.1859, 282.1417,Total.SURVEY_LC1_3F40
5.011172,0.000000,Total.SURVEY_LC1_3F4x
453.85797, 74.11171,Total.SURVEY_LC1_3G11
55.37555, 0.00000,Total.SURVEY_LC1_3G12
4.023886,0.000000,Total.SURVEY_LC1_3G1x
60.75127,16.13757,Total.SURVEY_LC1_3G21
8.140239,0.000000,Total.SURVEY_LC1_3G22
30.28944, 0.00000,Total.SURVEY_LC1_3G30
4.891943,0.000000,Total.SURVEY_LC1_3G40
166.1055,102.2587,Total.SURVEY_LC1_3H11
12.45033, 0.00000,Total.SURVEY_LC1_3H12
136.099355,  8.081022,Total.SURVEY_LC1_3H21
33.36656, 0.00000,Total.SURVEY_LC1_3H23
 7271.478,19411.984,Total.SURVEY_LU1_3U111
 24.85448,200.83287,Total.SURVEY_LU1_3U112
 4.285929,21.103130,Total.SURVEY_LU1_3U113
2035.271,3982.709,Total.SURVEY_LU1_3U120
11.84114, 0.00000,Total.SURVEY_LU1_3U130
43.88700,39.24168,Total.SURVEY_LU1_3U140
25.465962, 4.056233,Total.SURVEY_LU1_3U210
14.49052,24.51274,Total.SURVEY_LU1_3U221
18.69509, 0.00000,Total.SURVEY_LU1_3U223
16.48593, 0.00000,Total.SURVEY_LU1_3U224
4.218044,9.650779,Total.SURVEY_LU1_3U226
 0.0000,24.3374,Total.SURVEY_LU1_3U227
 6.493796,54.992840,Total.SURVEY_LU1_3U311
569.7472,994.3458,Total.SURVEY_LU1_3U312
12.04113, 0.00000,Total.SURVEY_LU1_3U313
34.2249, 0.0000,Total.SURVEY_LU1_3U314
101.5103, 24.2870,Total.SURVEY_LU1_3U317
8.058377,0.000000,Total.SURVEY_LU1_3U318
34.84665,43.09124,Total.SURVEY_LU1_3U319
 3.991758,17.881680,Total.SURVEY_LU1_3U321
36.81917,16.64669,Total.SURVEY_LU1_3U322
35.71009,39.71893,Total.SURVEY_LU1_3U330
184.35032, 98.46393,Total.SURVEY_LU1_3U341
12.21685,26.95633,Total.SURVEY_LU1_3U342
227.5075,151.3173,Total.SURVEY_LU1_3U350
615.9331,364.7310,Total.SURVEY_LU1_3U361
105.29006, 91.75984,Total.SURVEY_LU1_3U362
1341.282,1170.812,Total.SURVEY_LU1_3U370
0.000000,3.975328,Total.SURVEY_LU1_3U414
12.11269,24.32984,Total.SURVEY_LU1_3U415
1802.302,1464.051,Total.SURVEY_LU1_3U420
11774.51,25393.69,Total.settlement0
2840.906,2912.102,Total.settlement1
0.4788593,0.4908599,Total.settl_pc
11816.54,23450.70,Total.fao_class_name0
2445.924,4238.095,Total.fao_class_name1
 61.74973,190.99131,Total.fao_class_name2
291.1982,426.0043,Total.fao_class_name3
12128.83,26401.75,Total.lue0
2486.580,1904.041,Total.lue1
13648.73,27013.03,Total.lud0
 966.6859,1292.7630,Total.lud1
246.6123,242.3225,SE.Total.area
54.03726,58.52230,SE.Total.SURVEY_LC1_1A
 81.5615,113.0914,SE.Total.SURVEY_LC1_1B
221.9930,218.3007,SE.Total.SURVEY_LC1_1C
25.61780,16.32343,SE.Total.SURVEY_LC1_1D
65.89045,89.69203,SE.Total.SURVEY_LC1_1E
50.58717,24.40582,SE.Total.SURVEY_LC1_1F
2.324607,3.854550,SE.Total.SURVEY_LC1_1G
 8.382928,10.065460,SE.Total.SURVEY_LC1_1H
244.8233,242.1589,SE.Total.SURVEY_LU1_1U1
20.35565,26.57580,SE.Total.SURVEY_LU1_1U2
117.27634, 91.15833,SE.Total.SURVEY_LU1_1U3
88.75986,53.27583,SE.Total.SURVEY_LU1_1U4
81.92192,32.97502,SE.Total.SURVEY_LC1_2A1
86.91435,63.96635,SE.Total.SURVEY_LC1_2A2
10.37484, 9.85137,SE.Total.SURVEY_LC1_2A3
 33.79261,115.36943,SE.Total.SURVEY_LC1_2B1
10.68772,47.17346,SE.Total.SURVEY_LC1_2B2
24.85925,50.99412,SE.Total.SURVEY_LC1_2B3
 9.579473,26.379346,SE.Total.SURVEY_LC1_2B4
11.63286,64.60965,SE.Total.SURVEY_LC1_2B5
0.000000,9.761054,SE.Total.SURVEY_LC1_2B7
 4.254445,11.211362,SE.Total.SURVEY_LC1_2B8
71.38178, 0.00000,SE.Total.SURVEY_LC1_2Bx
209.9166,165.5423,SE.Total.SURVEY_LC1_2C1
108.9877,172.6653,SE.Total.SURVEY_LC1_2C2
87.90751,79.79408,SE.Total.SURVEY_LC1_2C3
 0.00000,15.74354,SE.Total.SURVEY_LC1_2D1
25.617795, 4.313979,SE.Total.SURVEY_LC1_2D2
36.36875,42.26442,SE.Total.SURVEY_LC1_2E1
67.74579,78.45790,SE.Total.SURVEY_LC1_2E2
19.15293,28.69006,SE.Total.SURVEY_LC1_2E3
0,0,SE.Total.SURVEY_LC1_2F1
0,0,SE.Total.SURVEY_LC1_2F2
50.58717,24.40582,SE.Total.SURVEY_LC1_2F4
15.27489, 3.85455,SE.Total.SURVEY_LC1_2G1
14.74342, 0.00000,SE.Total.SURVEY_LC1_2G2
3.994235,0.000000,SE.Total.SURVEY_LC1_2G3
2.324607,0.000000,SE.Total.SURVEY_LC1_2G4
 7.501259,10.065460,SE.Total.SURVEY_LC1_2H1
3.742273,0.000000,SE.Total.SURVEY_LC1_2H2
103.1522,118.8638,SE.Total.SURVEY_LU1_2U11
222.8654,216.5324,SE.Total.SURVEY_LU1_2U12
0,0,SE.Total.SURVEY_LU1_2U13
3.994235,8.865306,SE.Total.SURVEY_LU1_2U14
8.730622,0.000000,SE.Total.SURVEY_LU1_2U21
18.82016,26.57580,SE.Total.SURVEY_LU1_2U22
83.53572,68.85996,SE.Total.SURVEY_LU1_2U31
10.21733,14.85786,SE.Total.SURVEY_LU1_2U32
8.117884,6.914598,SE.Total.SURVEY_LU1_2U33
33.85865,20.39519,SE.Total.SURVEY_LU1_2U34
35.96946,24.69293,SE.Total.SURVEY_LU1_2U35
106.20087, 46.58053,SE.Total.SURVEY_LU1_2U36
95.19720,62.23607,SE.Total.SURVEY_LU1_2U37
0.8410348,5.7510686,SE.Total.SURVEY_LU1_2U41
88.75660,52.96451,SE.Total.SURVEY_LU1_2U42
80.98156,32.97502,SE.Total.SURVEY_LC1_3A11
12.16018, 0.00000,SE.Total.SURVEY_LC1_3A12
4.483884,0.000000,SE.Total.SURVEY_LC1_3A13
67.88261,41.01160,SE.Total.SURVEY_LC1_3A21
78.89864,65.50119,SE.Total.SURVEY_LC1_3A22
10.37484, 9.85137,SE.Total.SURVEY_LC1_3A30
21.17883,78.24265,SE.Total.SURVEY_LC1_3B11
0.000000,4.204131,SE.Total.SURVEY_LC1_3B12
14.94635,86.85861,SE.Total.SURVEY_LC1_3B13
 9.580783,40.038483,SE.Total.SURVEY_LC1_3B14
 8.407952,29.404697,SE.Total.SURVEY_LC1_3B15
17.96744,56.21051,SE.Total.SURVEY_LC1_3B16
 0.00000,23.38535,SE.Total.SURVEY_LC1_3B18
0.000000,4.204131,SE.Total.SURVEY_LC1_3B19
 7.27396,32.83998,SE.Total.SURVEY_LC1_3B21
 7.830514,23.212512,SE.Total.SURVEY_LC1_3B22
 0.00000,25.80062,SE.Total.SURVEY_LC1_3B23
24.85925,50.67893,SE.Total.SURVEY_LC1_3B32
0.000000,4.204131,SE.Total.SURVEY_LC1_3B33
0.000000,4.204131,SE.Total.SURVEY_LC1_3B35
 9.579473,24.335335,SE.Total.SURVEY_LC1_3B41
0.00000,9.38055,SE.Total.SURVEY_LC1_3B43
0.000000,4.204131,SE.Total.SURVEY_LC1_3B45
 0.00000,17.77698,SE.Total.SURVEY_LC1_3B51
 5.942352,22.296113,SE.Total.SURVEY_LC1_3B53
0.00000,6.90466,SE.Total.SURVEY_LC1_3B54
10.01952,58.65838,SE.Total.SURVEY_LC1_3B55
0.000000,9.761054,SE.Total.SURVEY_LC1_3B71
0,0,SE.Total.SURVEY_LC1_3B72
0,0,SE.Total.SURVEY_LC1_3B75
0,0,SE.Total.SURVEY_LC1_3B82
4.254445,9.230705,SE.Total.SURVEY_LC1_3B83
0.000000,6.363076,SE.Total.SURVEY_LC1_3B84
71.27378, 0.00000,SE.Total.SURVEY_LC1_3Bx1
3.554107,0.000000,SE.Total.SURVEY_LC1_3Bx2
3.020656,0.000000,SE.Total.SURVEY_LC1_3Bxx
209.9153,165.5423,SE.Total.SURVEY_LC1_3C10
0.8904758,0.0000000,SE.Total.SURVEY_LC1_3C1x
 76.63075,221.62748,SE.Total.SURVEY_LC1_3C21
 70.6542,183.5210,SE.Total.SURVEY_LC1_3C22
27.60580,37.02511,SE.Total.SURVEY_LC1_3C23
19.60557, 0.00000,SE.Total.SURVEY_LC1_3C2x
 4.387226,17.244384,SE.Total.SURVEY_LC1_3C31
62.42058,24.46657,SE.Total.SURVEY_LC1_3C32
66.75129,75.34892,SE.Total.SURVEY_LC1_3C33
16.60073, 0.00000,SE.Total.SURVEY_LC1_3C3x
 0.00000,15.74354,SE.Total.SURVEY_LC1_3D10
25.617795, 4.313979,SE.Total.SURVEY_LC1_3D20
36.36875,42.26442,SE.Total.SURVEY_LC1_3E10
67.74579,78.45790,SE.Total.SURVEY_LC1_3E20
0,0,SE.Total.SURVEY_LC1_3E2x
19.15293,28.69006,SE.Total.SURVEY_LC1_3E30
0,0,SE.Total.SURVEY_LC1_3F10
0,0,SE.Total.SURVEY_LC1_3F20
50.53634,24.40582,SE.Total.SURVEY_LC1_3F40
2.542818,0.000000,SE.Total.SURVEY_LC1_3F4x
19.99952, 3.85455,SE.Total.SURVEY_LC1_3G11
15.27489, 0.00000,SE.Total.SURVEY_LC1_3G12
0,0,SE.Total.SURVEY_LC1_3G1x
14.74342, 0.00000,SE.Total.SURVEY_LC1_3G21
0,0,SE.Total.SURVEY_LC1_3G22
3.994235,0.000000,SE.Total.SURVEY_LC1_3G30
2.324607,0.000000,SE.Total.SURVEY_LC1_3G40
 7.501259,10.065460,SE.Total.SURVEY_LC1_3H11
0,0,SE.Total.SURVEY_LC1_3H12
3.742273,0.000000,SE.Total.SURVEY_LC1_3H21
0,0,SE.Total.SURVEY_LC1_3H23
103.0969,119.2738,SE.Total.SURVEY_LU1_3U111
 5.582088,16.682595,SE.Total.SURVEY_LU1_3U112
0.000000,2.411202,SE.Total.SURVEY_LU1_3U113
222.8654,216.5324,SE.Total.SURVEY_LU1_3U120
0,0,SE.Total.SURVEY_LU1_3U130
3.994235,8.865306,SE.Total.SURVEY_LU1_3U140
8.730622,0.000000,SE.Total.SURVEY_LU1_3U210
12.16018,14.35347,SE.Total.SURVEY_LU1_3U221
12.16018, 0.00000,SE.Total.SURVEY_LU1_3U223
8.558369,0.000000,SE.Total.SURVEY_LU1_3U224
0.000000,2.580714,SE.Total.SURVEY_LU1_3U226
 0.0000,22.2169,SE.Total.SURVEY_LU1_3U227
 3.749195,16.316605,SE.Total.SURVEY_LU1_3U311
81.04123,67.60013,SE.Total.SURVEY_LU1_3U312
0,0,SE.Total.SURVEY_LU1_3U313
8.117884,0.000000,SE.Total.SURVEY_LU1_3U314
19.276122, 8.161739,SE.Total.SURVEY_LU1_3U317
0,0,SE.Total.SURVEY_LU1_3U318
4.152101,8.862425,SE.Total.SURVEY_LU1_3U319
0.000000,3.133692,SE.Total.SURVEY_LU1_3U321
10.21733,14.52364,SE.Total.SURVEY_LU1_3U322
8.117884,6.914598,SE.Total.SURVEY_LU1_3U330
33.38629,15.79422,SE.Total.SURVEY_LU1_3U341
 5.635917,13.533359,SE.Total.SURVEY_LU1_3U342
35.96946,24.69293,SE.Total.SURVEY_LU1_3U350
103.90527, 45.46856,SE.Total.SURVEY_LU1_3U361
25.27279,10.15431,SE.Total.SURVEY_LU1_3U362
95.19720,62.23607,SE.Total.SURVEY_LU1_3U370
0,0,SE.Total.SURVEY_LU1_3U414
0.8410348,5.7510686,SE.Total.SURVEY_LU1_3U415
88.75660,52.96451,SE.Total.SURVEY_LU1_3U420
243.9060,241.1291,SE.Total.settlement0
66.05726,75.22787,SE.Total.settlement1
0.01113452,0.01268031,SE.Total.settl_pc
118.1228,140.1302,SE.Total.fao_class_name0
221.2523,208.1644,SE.Total.fao_class_name1
12.92673,19.37671,SE.Total.fao_class_name2
98.64101,57.95595,SE.Total.fao_class_name3
259.3587,245.2696,SE.Total.lue0
137.77812, 81.85776,SE.Total.lue1
257.7149,246.3803,SE.Total.lud0
85.84445,70.72096,SE.Total.lud1
14132.06,27830.84,CI.l(95%).Total.area
1471.763,1368.292,CI.l(95%).Total.SURVEY_LC1_1A
 3726.984,15166.507,CI.l(95%).Total.SURVEY_LC1_1B
2810.869,4894.221,CI.l(95%).Total.SURVEY_LC1_1C
459.7866,301.1608,CI.l(95%).Total.SURVEY_LC1_1D
2860.679,5082.889,CI.l(95%).Total.SURVEY_LC1_1E
1340.6092, 272.2897,CI.l(95%).Total.SURVEY_LC1_1F
612.77415, 82.69451,CI.l(95%).Total.SURVEY_LC1_1G
331.59151, 90.61182,CI.l(95%).Total.SURVEY_LC1_1H
 8911.773,23181.247,CI.l(95%).Total.SURVEY_LU1_1U1
39.45921,10.46954,CI.l(95%).Total.SURVEY_LU1_1U2
3100.166,2916.338,CI.l(95%).Total.SURVEY_LU1_1U3
1640.449,1387.937,CI.l(95%).Total.SURVEY_LU1_1U4
436.5115,166.2469,CI.l(95%).Total.SURVEY_LC1_2A1
 748.2239,1051.9361,CI.l(95%).Total.SURVEY_LC1_2A2
41.69161,55.50070,CI.l(95%).Total.SURVEY_LC1_2A3
  380.4038,10084.1932,CI.l(95%).Total.SURVEY_LC1_2B1
 29.06437,908.05499,CI.l(95%).Total.SURVEY_LC1_2B2
 185.1102,1272.6193,CI.l(95%).Total.SURVEY_LC1_2B3
 13.74596,243.82919,CI.l(95%).Total.SURVEY_LC1_2B4
  37.90147,2146.59182,CI.l(95%).Total.SURVEY_LC1_2B5
16.38856,27.74760,CI.l(95%).Total.SURVEY_LC1_2B7
10.38076,67.16078,CI.l(95%).Total.SURVEY_LC1_2B8
2888.124,   0.000,CI.l(95%).Total.SURVEY_LC1_2Bx
1899.475,2281.581,CI.l(95%).Total.SURVEY_LC1_2C1
 467.8755,1749.8346,CI.l(95%).Total.SURVEY_LC1_2C2
 81.27977,471.39932,CI.l(95%).Total.SURVEY_LC1_2C3
 44.55648,110.99766,CI.l(95%).Total.SURVEY_LC1_2D1
415.2301,182.8444,CI.l(95%).Total.SURVEY_LC1_2D2
212.8735,566.9558,CI.l(95%).Total.SURVEY_LC1_2E1
2459.446,3989.202,CI.l(95%).Total.SURVEY_LC1_2E2
 75.90169,409.68156,CI.l(95%).Total.SURVEY_LC1_2E3
4.342859,4.343829,CI.l(95%).Total.SURVEY_LC1_2F1
98.21837,33.63868,CI.l(95%).Total.SURVEY_LC1_2F2
1238.0480, 234.3072,CI.l(95%).Total.SURVEY_LC1_2F4
483.31917, 66.55694,CI.l(95%).Total.SURVEY_LC1_2G1
39.99494,16.13757,CI.l(95%).Total.SURVEY_LC1_2G2
22.46089, 0.00000,CI.l(95%).Total.SURVEY_LC1_2G3
0.3357968,0.0000000,CI.l(95%).Total.SURVEY_LC1_2G4
163.8536, 82.5308,CI.l(95%).Total.SURVEY_LC1_2H1
162.131198,  8.081022,CI.l(95%).Total.SURVEY_LC1_2H2
 7098.444,19400.951,CI.l(95%).Total.SURVEY_LU1_2U11
1598.463,3558.313,CI.l(95%).Total.SURVEY_LU1_2U12
11.84114, 0.00000,CI.l(95%).Total.SURVEY_LU1_2U13
36.05844,21.86600,CI.l(95%).Total.SURVEY_LU1_2U14
8.354257,4.056233,CI.l(95%).Total.SURVEY_LU1_2U21
17.002750, 6.413311,CI.l(95%).Total.SURVEY_LU1_2U22
603.1953,981.7539,CI.l(95%).Total.SURVEY_LU1_2U31
20.785326, 5.407486,CI.l(95%).Total.SURVEY_LU1_2U32
19.79933,26.16657,CI.l(95%).Total.SURVEY_LU1_2U33
130.20544, 85.44642,CI.l(95%).Total.SURVEY_LU1_2U34
157.0087,102.9200,CI.l(95%).Total.SURVEY_LU1_2U35
513.0733,365.1947,CI.l(95%).Total.SURVEY_LU1_2U36
1154.699,1048.832,CI.l(95%).Total.SURVEY_LU1_2U37
10.46429,17.03328,CI.l(95%).Total.SURVEY_LU1_2U41
1628.342,1360.242,CI.l(95%).Total.SURVEY_LU1_2U42
416.7514,166.2469,CI.l(95%).Total.SURVEY_LC1_3A11
-9.342986, 0.000000,CI.l(95%).Total.SURVEY_LC1_3A12
-1.675627, 0.000000,CI.l(95%).Total.SURVEY_LC1_3A13
315.2756,221.1729,CI.l(95%).Total.SURVEY_LC1_3A21
315.6113,747.3737,CI.l(95%).Total.SURVEY_LC1_3A22
41.69161,55.50070,CI.l(95%).Total.SURVEY_LC1_3A30
  94.88997,2973.51381,CI.l(95%).Total.SURVEY_LC1_3B11
0.0000,2.3871,CI.l(95%).Total.SURVEY_LC1_3B12
  73.20349,4133.78673,CI.l(95%).Total.SURVEY_LC1_3B13
 18.68844,749.69637,CI.l(95%).Total.SURVEY_LC1_3B14
  5.190767,368.427772,CI.l(95%).Total.SURVEY_LC1_3B15
 109.3824,1243.8533,CI.l(95%).Total.SURVEY_LC1_3B16
  4.004203,204.073761,CI.l(95%).Total.SURVEY_LC1_3B18
0.000000,2.390743,CI.l(95%).Total.SURVEY_LC1_3B19
  5.749887,426.443604,CI.l(95%).Total.SURVEY_LC1_3B21
 14.65781,223.37618,CI.l(95%).Total.SURVEY_LC1_3B22
  0.0000,190.2643,CI.l(95%).Total.SURVEY_LC1_3B23
 185.1102,1251.9793,CI.l(95%).Total.SURVEY_LC1_3B32
 0.000000,-1.571083,CI.l(95%).Total.SURVEY_LC1_3B33
0.000000,6.348927,CI.l(95%).Total.SURVEY_LC1_3B35
 13.74596,203.76895,CI.l(95%).Total.SURVEY_LC1_3B41
 0.00000,19.01202,CI.l(95%).Total.SURVEY_LC1_3B43
 0.000000,-1.571083,CI.l(95%).Total.SURVEY_LC1_3B45
  0.0000,102.8828,CI.l(95%).Total.SURVEY_LC1_3B51
  1.690928,270.238615,CI.l(95%).Total.SURVEY_LC1_3B53
0.00000,8.67638,CI.l(95%).Total.SURVEY_LC1_3B54
  27.72583,1684.38365,CI.l(95%).Total.SURVEY_LC1_3B55
12.32194,23.69137,CI.l(95%).Total.SURVEY_LC1_3B71
4.06662,0.00000,CI.l(95%).Total.SURVEY_LC1_3B72
0.000000,4.056233,CI.l(95%).Total.SURVEY_LC1_3B75
3.991758,0.000000,CI.l(95%).Total.SURVEY_LC1_3B82
 6.389004,30.006414,CI.l(95%).Total.SURVEY_LC1_3B83
 0.00000,28.56499,CI.l(95%).Total.SURVEY_LC1_3B84
2860.666,   0.000,CI.l(95%).Total.SURVEY_LC1_3Bx1
15.11034, 0.00000,CI.l(95%).Total.SURVEY_LC1_3Bx2
-0.3272088, 0.0000000,CI.l(95%).Total.SURVEY_LC1_3Bxx
1895.365,2281.581,CI.l(95%).Total.SURVEY_LC1_3C10
2.367631,0.000000,CI.l(95%).Total.SURVEY_LC1_3C1x
192.5024,906.7183,CI.l(95%).Total.SURVEY_LC1_3C21
-37.7935, 76.9952,CI.l(95%).Total.SURVEY_LC1_3C22
 86.13991,237.89454,CI.l(95%).Total.SURVEY_LC1_3C23
59.43291, 0.00000,CI.l(95%).Total.SURVEY_LC1_3C2x
 6.954095,98.522574,CI.l(95%).Total.SURVEY_LC1_3C31
-39.36754, 78.35660,CI.l(95%).Total.SURVEY_LC1_3C32
-29.20558,221.48052,CI.l(95%).Total.SURVEY_LC1_3C33
20.88648, 0.00000,CI.l(95%).Total.SURVEY_LC1_3C3x
 44.55648,110.99766,CI.l(95%).Total.SURVEY_LC1_3D10
415.2301,182.8444,CI.l(95%).Total.SURVEY_LC1_3D20
212.8735,566.9558,CI.l(95%).Total.SURVEY_LC1_3E10
2447.422,3989.202,CI.l(95%).Total.SURVEY_LC1_3E20
12.02471, 0.00000,CI.l(95%).Total.SURVEY_LC1_3E2x
 75.90169,409.68156,CI.l(95%).Total.SURVEY_LC1_3E30
4.342859,4.343829,CI.l(95%).Total.SURVEY_LC1_3F10
98.21837,33.63868,CI.l(95%).Total.SURVEY_LC1_3F20
1233.1365, 234.3072,CI.l(95%).Total.SURVEY_LC1_3F40
0.02734002,0.00000000,CI.l(95%).Total.SURVEY_LC1_3F4x
414.65963, 66.55694,CI.l(95%).Total.SURVEY_LC1_3G11
25.43732, 0.00000,CI.l(95%).Total.SURVEY_LC1_3G12
4.023886,0.000000,CI.l(95%).Total.SURVEY_LC1_3G1x
31.85470,16.13757,CI.l(95%).Total.SURVEY_LC1_3G21
8.140239,0.000000,CI.l(95%).Total.SURVEY_LC1_3G22
22.46089, 0.00000,CI.l(95%).Total.SURVEY_LC1_3G30
0.3357968,0.0000000,CI.l(95%).Total.SURVEY_LC1_3G40
151.4033, 82.5308,CI.l(95%).Total.SURVEY_LC1_3H11
12.45033, 0.00000,CI.l(95%).Total.SURVEY_LC1_3H12
128.764635,  8.081022,CI.l(95%).Total.SURVEY_LC1_3H21
33.36656, 0.00000,CI.l(95%).Total.SURVEY_LC1_3H23
 7069.412,19178.211,CI.l(95%).Total.SURVEY_LU1_3U111
 13.91379,168.13558,CI.l(95%).Total.SURVEY_LU1_3U112
 4.285929,16.377261,CI.l(95%).Total.SURVEY_LU1_3U113
1598.463,3558.313,CI.l(95%).Total.SURVEY_LU1_3U120
11.84114, 0.00000,CI.l(95%).Total.SURVEY_LU1_3U130
36.05844,21.86600,CI.l(95%).Total.SURVEY_LU1_3U140
8.354257,4.056233,CI.l(95%).Total.SURVEY_LU1_3U210
-9.342986,-3.619549,CI.l(95%).Total.SURVEY_LU1_3U221
-5.138419, 0.000000,CI.l(95%).Total.SURVEY_LU1_3U223
-0.288162, 0.000000,CI.l(95%).Total.SURVEY_LU1_3U224
4.218044,4.592673,CI.l(95%).Total.SURVEY_LU1_3U226
  0.00000,-19.20693,CI.l(95%).Total.SURVEY_LU1_3U227
-0.854491,23.012882,CI.l(95%).Total.SURVEY_LU1_3U311
410.9093,861.8520,CI.l(95%).Total.SURVEY_LU1_3U312
12.04113, 0.00000,CI.l(95%).Total.SURVEY_LU1_3U313
18.31414, 0.00000,CI.l(95%).Total.SURVEY_LU1_3U314
63.729774, 8.290287,CI.l(95%).Total.SURVEY_LU1_3U317
8.058377,0.000000,CI.l(95%).Total.SURVEY_LU1_3U318
26.70869,25.72120,CI.l(95%).Total.SURVEY_LU1_3U319
 3.991758,11.739756,CI.l(95%).Total.SURVEY_LU1_3U321
 16.79357,-11.81913,CI.l(95%).Total.SURVEY_LU1_3U322
19.79933,26.16657,CI.l(95%).Total.SURVEY_LU1_3U330
118.91439, 67.50783,CI.l(95%).Total.SURVEY_LU1_3U341
1.1706591,0.4314317,CI.l(95%).Total.SURVEY_LU1_3U342
157.0087,102.9200,CI.l(95%).Total.SURVEY_LU1_3U350
412.2826,275.6143,CI.l(95%).Total.SURVEY_LU1_3U361
55.75630,71.85776,CI.l(95%).Total.SURVEY_LU1_3U362
1154.699,1048.832,CI.l(95%).Total.SURVEY_LU1_3U370
0.000000,3.975328,CI.l(95%).Total.SURVEY_LU1_3U414
10.46429,13.05795,CI.l(95%).Total.SURVEY_LU1_3U415
1628.342,1360.242,CI.l(95%).Total.SURVEY_LU1_3U420
11296.46,24921.08,CI.l(95%).Total.settlement0
2711.437,2764.658,CI.l(95%).Total.settlement1
0.457036,0.466007,CI.l(95%).Total.settl_pc
11585.02,23176.05,CI.l(95%).Total.fao_class_name0
2012.278,3830.100,CI.l(95%).Total.fao_class_name1
 36.41381,153.01366,CI.l(95%).Total.fao_class_name2
 97.86534,312.41276,CI.l(95%).Total.fao_class_name3
11620.50,25921.03,CI.l(95%).Total.lue0
2216.540,1743.603,CI.l(95%).Total.lue1
13143.61,26530.13,CI.l(95%).Total.lud0
 798.4339,1154.1525,CI.l(95%).Total.lud1
15098.76,28780.73,CI.u(95%).Total.area
1683.585,1597.695,CI.u(95%).Total.SURVEY_LC1_1A
 4046.70,15609.82,CI.u(95%).Total.SURVEY_LC1_1B
3681.065,5749.944,CI.u(95%).Total.SURVEY_LC1_1C
560.2065,365.1475,CI.u(95%).Total.SURVEY_LC1_1D
3118.964,5434.476,CI.u(95%).Total.SURVEY_LC1_1E
1538.9073, 367.9587,CI.u(95%).Total.SURVEY_LC1_1F
621.88644, 97.80407,CI.u(95%).Total.SURVEY_LC1_1G
364.4520,130.0677,CI.u(95%).Total.SURVEY_LC1_1H
 9871.463,24130.493,CI.u(95%).Total.SURVEY_LU1_1U1
119.2519,114.6447,CI.u(95%).Total.SURVEY_LU1_1U2
3559.881,3273.672,CI.u(95%).Total.SURVEY_LU1_1U3
1988.381,1596.775,CI.u(95%).Total.SURVEY_LU1_1U4
757.6395,295.5066,CI.u(95%).Total.SURVEY_LC1_2A1
1088.922,1302.680,CI.u(95%).Total.SURVEY_LC1_2A2
82.36023,94.11736,CI.u(95%).Total.SURVEY_LC1_2A3
  512.8684,10536.4330,CI.u(95%).Total.SURVEY_LC1_2B1
  70.95948,1092.97156,CI.u(95%).Total.SURVEY_LC1_2B2
 282.5567,1472.5126,CI.u(95%).Total.SURVEY_LC1_2B3
 51.2968,347.2343,CI.u(95%).Total.SURVEY_LC1_2B4
  83.50145,2399.85700,CI.u(95%).Total.SURVEY_LC1_2B5
16.38856,66.01023,CI.u(95%).Total.SURVEY_LC1_2B7
 27.05788,111.10852,CI.u(95%).Total.SURVEY_LC1_2B8
3167.935,   0.000,CI.u(95%).Total.SURVEY_LC1_2Bx
2722.333,2930.495,CI.u(95%).Total.SURVEY_LC1_2C1
 895.0995,2426.6702,CI.u(95%).Total.SURVEY_LC1_2C2
425.8709,784.1863,CI.u(95%).Total.SURVEY_LC1_2C3
 44.55648,172.71121,CI.u(95%).Total.SURVEY_LC1_2D1
515.6500,199.7549,CI.u(95%).Total.SURVEY_LC1_2D2
355.4364,732.6293,CI.u(95%).Total.SURVEY_LC1_2E1
2725.005,4296.752,CI.u(95%).Total.SURVEY_LC1_2E2
150.9798,522.1445,CI.u(95%).Total.SURVEY_LC1_2E3
4.342859,4.343829,CI.u(95%).Total.SURVEY_LC1_2F1
98.21837,33.63868,CI.u(95%).Total.SURVEY_LC1_2F2
1436.3461, 329.9762,CI.u(95%).Total.SURVEY_LC1_2F4
543.19563, 81.66649,CI.u(95%).Total.SURVEY_LC1_2G1
97.78807,16.13757,CI.u(95%).Total.SURVEY_LC1_2G2
38.118, 0.000,CI.u(95%).Total.SURVEY_LC1_2G3
9.44809,0.00000,CI.u(95%).Total.SURVEY_LC1_2G4
193.2580,121.9867,CI.u(95%).Total.SURVEY_LC1_2H1
176.800638,  8.081022,CI.u(95%).Total.SURVEY_LC1_2H2
 7502.793,19866.888,CI.u(95%).Total.SURVEY_LU1_2U11
2472.079,4407.104,CI.u(95%).Total.SURVEY_LU1_2U12
11.84114, 0.00000,CI.u(95%).Total.SURVEY_LU1_2U13
51.71555,56.61736,CI.u(95%).Total.SURVEY_LU1_2U14
42.577667, 4.056233,CI.u(95%).Total.SURVEY_LU1_2U21
 90.77643,110.58852,CI.u(95%).Total.SURVEY_LU1_2U22
 930.6494,1251.6800,CI.u(95%).Total.SURVEY_LU1_2U31
60.83652,63.64925,CI.u(95%).Total.SURVEY_LU1_2U32
51.62085,53.27130,CI.u(95%).Total.SURVEY_LU1_2U33
262.9289,165.3941,CI.u(95%).Total.SURVEY_LU1_2U34
298.0063,199.7145,CI.u(95%).Total.SURVEY_LU1_2U35
929.3731,547.7870,CI.u(95%).Total.SURVEY_LU1_2U36
1527.865,1292.793,CI.u(95%).Total.SURVEY_LU1_2U37
13.76109,39.57705,CI.u(95%).Total.SURVEY_LU1_2U41
1976.262,1567.859,CI.u(95%).Total.SURVEY_LU1_2U42
734.1933,295.5066,CI.u(95%).Total.SURVEY_LC1_3A11
38.32403, 0.00000,CI.u(95%).Total.SURVEY_LC1_3A12
15.90087, 0.00000,CI.u(95%).Total.SURVEY_LC1_3A13
581.3706,381.9354,CI.u(95%).Total.SURVEY_LC1_3A21
 624.8883,1004.1336,CI.u(95%).Total.SURVEY_LC1_3A22
82.36023,94.11736,CI.u(95%).Total.SURVEY_LC1_3A30
 177.9095,3280.2194,CI.u(95%).Total.SURVEY_LC1_3B11
 0.00000,18.86699,CI.u(95%).Total.SURVEY_LC1_3B12
 131.7921,4474.2662,CI.u(95%).Total.SURVEY_LC1_3B13
 56.24442,906.64433,CI.u(95%).Total.SURVEY_LC1_3B14
 38.14933,483.69207,CI.u(95%).Total.SURVEY_LC1_3B15
 179.8134,1464.1944,CI.u(95%).Total.SURVEY_LC1_3B16
  4.004203,295.742636,CI.u(95%).Total.SURVEY_LC1_3B18
 0.00000,18.87063,CI.u(95%).Total.SURVEY_LC1_3B19
 34.26329,555.17397,CI.u(95%).Total.SURVEY_LC1_3B21
 45.35286,314.36756,CI.u(95%).Total.SURVEY_LC1_3B22
  0.0000,291.4009,CI.u(95%).Total.SURVEY_LC1_3B23
 282.5567,1450.6371,CI.u(95%).Total.SURVEY_LC1_3B32
 0.00000,14.90881,CI.u(95%).Total.SURVEY_LC1_3B33
 0.00000,22.82882,CI.u(95%).Total.SURVEY_LC1_3B35
 51.2968,299.1617,CI.u(95%).Total.SURVEY_LC1_3B41
 0.0000,55.7831,CI.u(95%).Total.SURVEY_LC1_3B43
 0.00000,14.90881,CI.u(95%).Total.SURVEY_LC1_3B45
  0.0000,172.5672,CI.u(95%).Total.SURVEY_LC1_3B51
 24.98452,357.63777,CI.u(95%).Total.SURVEY_LC1_3B53
 0.00000,35.74215,CI.u(95%).Total.SURVEY_LC1_3B54
  67.00164,1914.32025,CI.u(95%).Total.SURVEY_LC1_3B55
12.32194,61.95400,CI.u(95%).Total.SURVEY_LC1_3B71
4.06662,0.00000,CI.u(95%).Total.SURVEY_LC1_3B72
0.000000,4.056233,CI.u(95%).Total.SURVEY_LC1_3B75
3.991758,0.000000,CI.u(95%).Total.SURVEY_LC1_3B82
23.06612,66.19011,CI.u(95%).Total.SURVEY_LC1_3B83
 0.00000,53.50779,CI.u(95%).Total.SURVEY_LC1_3B84
3140.054,   0.000,CI.u(95%).Total.SURVEY_LC1_3Bx1
29.04218, 0.00000,CI.u(95%).Total.SURVEY_LC1_3Bx2
11.51354, 0.00000,CI.u(95%).Total.SURVEY_LC1_3Bxx
2718.218,2930.495,CI.u(95%).Total.SURVEY_LC1_3C10
5.858232,0.000000,CI.u(95%).Total.SURVEY_LC1_3C1x
 492.8894,1775.4820,CI.u(95%).Total.SURVEY_LC1_3C21
239.1659,796.3844,CI.u(95%).Total.SURVEY_LC1_3C22
194.3527,383.0303,CI.u(95%).Total.SURVEY_LC1_3C23
136.2853,  0.0000,CI.u(95%).Total.SURVEY_LC1_3C2x
 24.1517,166.1193,CI.u(95%).Total.SURVEY_LC1_3C31
205.3167,174.2638,CI.u(95%).Total.SURVEY_LC1_3C32
232.4547,516.8429,CI.u(95%).Total.SURVEY_LC1_3C33
85.96014, 0.00000,CI.u(95%).Total.SURVEY_LC1_3C3x
 44.55648,172.71121,CI.u(95%).Total.SURVEY_LC1_3D10
515.6500,199.7549,CI.u(95%).Total.SURVEY_LC1_3D20
355.4364,732.6293,CI.u(95%).Total.SURVEY_LC1_3E10
2712.980,4296.752,CI.u(95%).Total.SURVEY_LC1_3E20
12.02471, 0.00000,CI.u(95%).Total.SURVEY_LC1_3E2x
150.9798,522.1445,CI.u(95%).Total.SURVEY_LC1_3E30
4.342859,4.343829,CI.u(95%).Total.SURVEY_LC1_3F10
98.21837,33.63868,CI.u(95%).Total.SURVEY_LC1_3F20
1431.2353, 329.9762,CI.u(95%).Total.SURVEY_LC1_3F40
9.995005,0.000000,CI.u(95%).Total.SURVEY_LC1_3F4x
493.05632, 81.66649,CI.u(95%).Total.SURVEY_LC1_3G11
85.31378, 0.00000,CI.u(95%).Total.SURVEY_LC1_3G12
4.023886,0.000000,CI.u(95%).Total.SURVEY_LC1_3G1x
89.64783,16.13757,CI.u(95%).Total.SURVEY_LC1_3G21
8.140239,0.000000,CI.u(95%).Total.SURVEY_LC1_3G22
38.118, 0.000,CI.u(95%).Total.SURVEY_LC1_3G30
9.44809,0.00000,CI.u(95%).Total.SURVEY_LC1_3G40
180.8077,121.9867,CI.u(95%).Total.SURVEY_LC1_3H11
12.45033, 0.00000,CI.u(95%).Total.SURVEY_LC1_3H12
143.434075,  8.081022,CI.u(95%).Total.SURVEY_LC1_3H21
33.36656, 0.00000,CI.u(95%).Total.SURVEY_LC1_3H23
 7473.545,19645.756,CI.u(95%).Total.SURVEY_LU1_3U111
 35.79518,233.53016,CI.u(95%).Total.SURVEY_LU1_3U112
 4.285929,25.829000,CI.u(95%).Total.SURVEY_LU1_3U113
2472.079,4407.104,CI.u(95%).Total.SURVEY_LU1_3U120
11.84114, 0.00000,CI.u(95%).Total.SURVEY_LU1_3U130
51.71555,56.61736,CI.u(95%).Total.SURVEY_LU1_3U140
42.577667, 4.056233,CI.u(95%).Total.SURVEY_LU1_3U210
38.32403,52.64503,CI.u(95%).Total.SURVEY_LU1_3U221
42.5286, 0.0000,CI.u(95%).Total.SURVEY_LU1_3U223
33.26003, 0.00000,CI.u(95%).Total.SURVEY_LU1_3U224
 4.218044,14.708886,CI.u(95%).Total.SURVEY_LU1_3U226
 0.00000,67.88172,CI.u(95%).Total.SURVEY_LU1_3U227
13.84208,86.97280,CI.u(95%).Total.SURVEY_LU1_3U311
 728.5851,1126.8397,CI.u(95%).Total.SURVEY_LU1_3U312
12.04113, 0.00000,CI.u(95%).Total.SURVEY_LU1_3U313
50.13566, 0.00000,CI.u(95%).Total.SURVEY_LU1_3U314
139.29078, 40.28371,CI.u(95%).Total.SURVEY_LU1_3U317
8.058377,0.000000,CI.u(95%).Total.SURVEY_LU1_3U318
42.98462,60.46127,CI.u(95%).Total.SURVEY_LU1_3U319
 3.991758,24.023605,CI.u(95%).Total.SURVEY_LU1_3U321
56.84476,45.11250,CI.u(95%).Total.SURVEY_LU1_3U322
51.62085,53.27130,CI.u(95%).Total.SURVEY_LU1_3U330
249.7862,129.4200,CI.u(95%).Total.SURVEY_LU1_3U341
23.26305,53.48122,CI.u(95%).Total.SURVEY_LU1_3U342
298.0063,199.7145,CI.u(95%).Total.SURVEY_LU1_3U350
819.5837,453.8478,CI.u(95%).Total.SURVEY_LU1_3U361
154.8238,111.6619,CI.u(95%).Total.SURVEY_LU1_3U362
1527.865,1292.793,CI.u(95%).Total.SURVEY_LU1_3U370
0.000000,3.975328,CI.u(95%).Total.SURVEY_LU1_3U414
13.76109,35.60173,CI.u(95%).Total.SURVEY_LU1_3U415
1976.262,1567.859,CI.u(95%).Total.SURVEY_LU1_3U420
12252.55,25866.29,CI.u(95%).Total.settlement0
2970.376,3059.546,CI.u(95%).Total.settlement1
0.5006825,0.5157129,CI.u(95%).Total.settl_pc
12048.06,23725.35,CI.u(95%).Total.fao_class_name0
2879.571,4646.089,CI.u(95%).Total.fao_class_name1
 87.08565,228.96895,CI.u(95%).Total.fao_class_name2
484.5310,539.5959,CI.u(95%).Total.fao_class_name3
12637.17,26882.47,CI.u(95%).Total.lue0
2756.620,2064.479,CI.u(95%).Total.lue1
14153.84,27495.92,CI.u(95%).Total.lud0
1134.938,1431.374,CI.u(95%).Total.lud1
0.016873442,0.008560882,CV.Total.area
0.03425121,0.03946227,CV.Total.SURVEY_LC1_1A
0.020984001,0.007349245,CV.Total.SURVEY_LC1_1B
0.06839042,0.04101791,CV.Total.SURVEY_LC1_1C
0.05023131,0.04899662,CV.Total.SURVEY_LC1_1D
0.02203826,0.01705599,CV.Total.SURVEY_LC1_1E
0.03513588,0.07623859,CV.Total.SURVEY_LC1_1F
0.003765581,0.042710035,CV.Total.SURVEY_LC1_1G
0.02408737,0.09122242,CV.Total.SURVEY_LC1_1H
0.02606827,0.01023673,CV.Total.SURVEY_LU1_1U1
0.2565120,0.4248243,CV.Total.SURVEY_LU1_1U2
0.03521787,0.02945337,CV.Total.SURVEY_LU1_1U3
0.04891928,0.03569915,CV.Total.SURVEY_LU1_1U4
0.1372053,0.1428252,CV.Total.SURVEY_LC1_2A1
0.09461889,0.05433273,CV.Total.SURVEY_LC1_2A2
0.1672662,0.1316869,CV.Total.SURVEY_LC1_2A3
0.07566027,0.01118971,CV.Total.SURVEY_LC1_2B1
0.21370352,0.04714926,CV.Total.SURVEY_LC1_2B2
0.1063118,0.0371524,CV.Total.SURVEY_LC1_2B3
0.29455927,0.08926062,CV.Total.SURVEY_LC1_2B4
0.19164055,0.02842203,CV.Total.SURVEY_LC1_2B5
0.0000000,0.2082184,CV.Total.SURVEY_LC1_2B7
0.2272756,0.1257801,CV.Total.SURVEY_LC1_2B8
0.02357367,NA,CV.Total.SURVEY_LC1_2Bx
0.09083743,0.06352260,CV.Total.SURVEY_LC1_2C1
0.15992623,0.08268412,CV.Total.SURVEY_LC1_2C2
0.3466722,0.1271026,CV.Total.SURVEY_LC1_2C3
0.0000000,0.1109838,CV.Total.SURVEY_LC1_2D1
0.05503994,0.02255089,CV.Total.SURVEY_LC1_2D2
0.12798918,0.06504295,CV.Total.SURVEY_LC1_2E1
0.02613422,0.01893757,CV.Total.SURVEY_LC1_2E2
0.16883643,0.06157814,CV.Total.SURVEY_LC1_2E3
0,0,CV.Total.SURVEY_LC1_2F1
0,0,CV.Total.SURVEY_LC1_2F2
0.03783075,0.08650198,CV.Total.SURVEY_LC1_2F4
0.02976068,0.05201000,CV.Total.SURVEY_LC1_2G1
0.2140092,0.0000000,CV.Total.SURVEY_LC1_2G2
0.1318689,NA,CV.Total.SURVEY_LC1_2G3
0.475191,NA,CV.Total.SURVEY_LC1_2G4
0.04201072,0.09843130,CV.Total.SURVEY_LC1_2H1
0.02208275,0.00000000,CV.Total.SURVEY_LC1_2H2
0.014129235,0.006054001,CV.Total.SURVEY_LU1_2U11
0.10950160,0.05436813,CV.Total.SURVEY_LU1_2U12
  0,NA,CV.Total.SURVEY_LU1_2U13
0.0910118,0.2259156,CV.Total.SURVEY_LU1_2U14
0.342835,0.000000,CV.Total.SURVEY_LU1_2U21
0.3492356,0.4542800,CV.Total.SURVEY_LU1_2U22
0.10892331,0.06166287,CV.Total.SURVEY_LU1_2U31
0.2503577,0.4303089,CV.Total.SURVEY_LU1_2U32
0.2273275,0.1740882,CV.Total.SURVEY_LU1_2U33
0.1722498,0.1626148,CV.Total.SURVEY_LU1_2U34
0.1581023,0.1631865,CV.Total.SURVEY_LU1_2U35
0.1472510,0.1020404,CV.Total.SURVEY_LU1_2U36
0.07097477,0.05315631,CV.Total.SURVEY_LU1_2U37
0.06943418,0.20318088,CV.Total.SURVEY_LU1_2U41
0.04924624,0.03617669,CV.Total.SURVEY_LU1_2U42
0.1407219,0.1428252,CV.Total.SURVEY_LC1_3A11
0.8391814,NA,CV.Total.SURVEY_LC1_3A12
0.6304121,NA,CV.Total.SURVEY_LC1_3A13
0.1514145,0.1360008,CV.Total.SURVEY_LC1_3A21
0.16778028,0.07479408,CV.Total.SURVEY_LC1_3A22
0.1672662,0.1316869,CV.Total.SURVEY_LC1_3A30
0.1552704,0.0250227,CV.Total.SURVEY_LC1_3B11
NA,0.3956068,CV.Total.SURVEY_LC1_3B12
0.14582121,0.02018078,CV.Total.SURVEY_LC1_3B13
0.25571645,0.04834571,CV.Total.SURVEY_LC1_3B14
0.3879987,0.0690154,CV.Total.SURVEY_LC1_3B15
0.12425793,0.04151368,CV.Total.SURVEY_LC1_3B16
0.00000000,0.09357575,CV.Total.SURVEY_LC1_3B18
NA,0.3954712,CV.Total.SURVEY_LC1_3B19
0.36357825,0.06690993,CV.Total.SURVEY_LC1_3B21
0.26097071,0.08633299,CV.Total.SURVEY_LC1_3B22
NA,0.1071309,CV.Total.SURVEY_LC1_3B23
0.10631180,0.03750361,CV.Total.SURVEY_LC1_3B32
NA,0.6304121,CV.Total.SURVEY_LC1_3B33
NA,0.2881738,CV.Total.SURVEY_LC1_3B35
0.29455927,0.09677412,CV.Total.SURVEY_LC1_3B41
NA,0.2508332,CV.Total.SURVEY_LC1_3B43
NA,0.6304121,CV.Total.SURVEY_LC1_3B45
NA,0.1290759,CV.Total.SURVEY_LC1_3B51
0.44552968,0.07102071,CV.Total.SURVEY_LC1_3B53
NA,0.310891,CV.Total.SURVEY_LC1_3B54
0.21154422,0.03259972,CV.Total.SURVEY_LC1_3B55
0.0000000,0.2279412,CV.Total.SURVEY_LC1_3B71
  0,NA,CV.Total.SURVEY_LC1_3B72
NA,  0,CV.Total.SURVEY_LC1_3B75
  0,NA,CV.Total.SURVEY_LC1_3B82
0.2888764,0.1919135,CV.Total.SURVEY_LC1_3B83
NA,0.1550594,CV.Total.SURVEY_LC1_3B84
0.02375507,NA,CV.Total.SURVEY_LC1_3Bx1
0.1609922,NA,CV.Total.SURVEY_LC1_3Bx2
0.5400617,NA,CV.Total.SURVEY_LC1_3Bxx
0.09099882,0.06352260,CV.Total.SURVEY_LC1_3C10
0.2165064,NA,CV.Total.SURVEY_LC1_3C1x
0.2236115,0.1652580,CV.Total.SURVEY_LC1_3C21
0.7017268,0.4202549,CV.Total.SURVEY_LC1_3C22
0.1968380,0.1192579,CV.Total.SURVEY_LC1_3C23
0.2003448,NA,CV.Total.SURVEY_LC1_3C2x
0.2820841,0.1303224,CV.Total.SURVEY_LC1_3C31
0.7522859,0.1937022,CV.Total.SURVEY_LC1_3C32
0.6568422,0.2041082,CV.Total.SURVEY_LC1_3C33
0.3107394,NA,CV.Total.SURVEY_LC1_3C3x
0.0000000,0.1109838,CV.Total.SURVEY_LC1_3D10
0.05503994,0.02255089,CV.Total.SURVEY_LC1_3D20
0.12798918,0.06504295,CV.Total.SURVEY_LC1_3E10
0.02625601,0.01893757,CV.Total.SURVEY_LC1_3E20
  0,NA,CV.Total.SURVEY_LC1_3E2x
0.16883643,0.06157814,CV.Total.SURVEY_LC1_3E30
0,0,CV.Total.SURVEY_LC1_3F10
0,0,CV.Total.SURVEY_LC1_3F20
0.03793490,0.08650198,CV.Total.SURVEY_LC1_3F40
0.5074298,NA,CV.Total.SURVEY_LC1_3F4x
0.0440656,0.0520100,CV.Total.SURVEY_LC1_3G11
0.2758418,NA,CV.Total.SURVEY_LC1_3G12
  0,NA,CV.Total.SURVEY_LC1_3G1x
0.2426849,0.0000000,CV.Total.SURVEY_LC1_3G21
  0,NA,CV.Total.SURVEY_LC1_3G22
0.1318689,NA,CV.Total.SURVEY_LC1_3G30
0.475191,NA,CV.Total.SURVEY_LC1_3G40
0.0451596,0.0984313,CV.Total.SURVEY_LC1_3H11
  0,NA,CV.Total.SURVEY_LC1_3H12
0.02749663,0.00000000,CV.Total.SURVEY_LC1_3H21
  0,NA,CV.Total.SURVEY_LC1_3H23
0.014178264,0.006144338,CV.Total.SURVEY_LU1_3U111
0.22459078,0.08306706,CV.Total.SURVEY_LU1_3U112
0.000000,0.114258,CV.Total.SURVEY_LU1_3U113
0.10950160,0.05436813,CV.Total.SURVEY_LU1_3U120
  0,NA,CV.Total.SURVEY_LU1_3U130
0.0910118,0.2259156,CV.Total.SURVEY_LU1_3U140
0.342835,0.000000,CV.Total.SURVEY_LU1_3U210
0.8391814,0.5855515,CV.Total.SURVEY_LU1_3U221
0.6504476,NA,CV.Total.SURVEY_LU1_3U223
0.5191316,NA,CV.Total.SURVEY_LU1_3U224
0.0000000,0.2674099,CV.Total.SURVEY_LU1_3U226
NA,0.9128709,CV.Total.SURVEY_LU1_3U227
0.5773503,0.2967042,CV.Total.SURVEY_LU1_3U311
0.14224068,0.06798453,CV.Total.SURVEY_LU1_3U312
  0,NA,CV.Total.SURVEY_LU1_3U313
0.2371923,NA,CV.Total.SURVEY_LU1_3U314
0.1898933,0.3360538,CV.Total.SURVEY_LU1_3U317
  0,NA,CV.Total.SURVEY_LU1_3U318
0.1191535,0.2056665,CV.Total.SURVEY_LU1_3U319
0.000000,0.175246,CV.Total.SURVEY_LU1_3U321
0.2775003,0.8724643,CV.Total.SURVEY_LU1_3U322
0.2273275,0.1740882,CV.Total.SURVEY_LU1_3U330
0.1811024,0.1604062,CV.Total.SURVEY_LU1_3U341
0.4613231,0.5020476,CV.Total.SURVEY_LU1_3U342
0.1581023,0.1631865,CV.Total.SURVEY_LU1_3U350
0.1686957,0.1246632,CV.Total.SURVEY_LU1_3U361
0.2400302,0.1106618,CV.Total.SURVEY_LU1_3U362
0.07097477,0.05315631,CV.Total.SURVEY_LU1_3U370
NA,  0,CV.Total.SURVEY_LU1_3U414
0.06943418,0.23637924,CV.Total.SURVEY_LU1_3U415
0.04924624,0.03617669,CV.Total.SURVEY_LU1_3U420
0.020714752,0.009495631,CV.Total.settlement0
0.02325218,0.02583284,CV.Total.settlement1
0.02325218,0.02583284,CV.Total.settl_pc
0.009996395,0.005975522,CV.Total.fao_class_name0
0.09045754,0.04911744,CV.Total.fao_class_name1
0.2093406,0.1014534,CV.Total.fao_class_name2
0.3387419,0.1360455,CV.Total.fao_class_name3
0.021383652,0.009289899,CV.Total.lue0
0.05540868,0.04299160,CV.Total.lue1
0.018881976,0.009120797,CV.Total.lud0
0.08880283,0.05470528,CV.Total.lud1
