No,Yes,variable
72671.85,59014.09,Total.area
2242.689,3277.688,Total.SURVEY_LC1_1A
 5443.035,20725.167,Total.SURVEY_LC1_1B
35340.45,15758.15,Total.SURVEY_LC1_1C
20345.347, 7567.094,Total.SURVEY_LC1_1D
6057.158,9346.725,Total.SURVEY_LC1_1E
1442.006,1670.586,Total.SURVEY_LC1_1F
1294.2675, 300.9144,Total.SURVEY_LC1_1G
506.9035,367.7718,Total.SURVEY_LC1_1H
38165.20,39600.95,Total.SURVEY_LU1_1U1
170.4814,225.3926,Total.SURVEY_LU1_1U2
3199.618,3849.565,Total.SURVEY_LU1_1U3
31136.56,15338.19,Total.SURVEY_LU1_1U4
633.0414,608.3316,Total.SURVEY_LC1_2A1
1563.793,2538.987,Total.SURVEY_LC1_2A2
 45.85402,130.36995,Total.SURVEY_LC1_2A3
 298.7939,4005.4861,Total.SURVEY_LC1_2B1
  0.0000,113.1044,Total.SURVEY_LC1_2B2
 374.206,2371.570,Total.SURVEY_LC1_2B3
 32.52769,395.26759,Total.SURVEY_LC1_2B4
  88.31942,1652.40480,Total.SURVEY_LC1_2B5
 205.5659,2371.7561,Total.SURVEY_LC1_2B7
1172.908,9815.578,Total.SURVEY_LC1_2B8
3270.714,   0.000,Total.SURVEY_LC1_2Bx
22317.20,10445.03,Total.SURVEY_LC1_2C1
9077.831,3876.117,Total.SURVEY_LC1_2C2
3945.418,1437.003,Total.SURVEY_LC1_2C3
8806.817,4044.978,Total.SURVEY_LC1_2D1
11538.531, 3522.116,Total.SURVEY_LC1_2D2
1879.032,2471.609,Total.SURVEY_LC1_2E1
3573.599,2586.027,Total.SURVEY_LC1_2E2
 604.5261,4289.0882,Total.SURVEY_LC1_2E3
380.1121,106.4390,Total.SURVEY_LC1_2F1
32.63822,19.69769,Total.SURVEY_LC1_2F2
1029.256,1544.449,Total.SURVEY_LC1_2F4
913.62593, 43.71313,Total.SURVEY_LC1_2G1
295.1894,257.2013,Total.SURVEY_LC1_2G2
20.11872, 0.00000,Total.SURVEY_LC1_2G3
65.33344, 0.00000,Total.SURVEY_LC1_2G4
399.5521,343.8537,Total.SURVEY_LC1_2H1
107.35142, 23.91805,Total.SURVEY_LC1_2H2
17809.71,29841.83,Total.SURVEY_LU1_2U11
19461.293, 9644.131,Total.SURVEY_LU1_2U12
639.892190,  7.911972,Total.SURVEY_LU1_2U13
249.49824, 61.99455,Total.SURVEY_LU1_2U14
 4.801434,45.080604,Total.SURVEY_LU1_2U15
115.7574,108.1283,Total.SURVEY_LU1_2U21
 54.72395,117.26429,Total.SURVEY_LU1_2U22
1077.778,2047.957,Total.SURVEY_LU1_2U31
137.7457,145.8842,Total.SURVEY_LU1_2U32
36.91574,92.98271,Total.SURVEY_LU1_2U33
217.0121,144.7587,Total.SURVEY_LU1_2U34
244.9884,140.8482,Total.SURVEY_LU1_2U35
352.1153,226.7843,Total.SURVEY_LU1_2U36
1133.063,1050.350,Total.SURVEY_LU1_2U37
 822.9217,2422.7198,Total.SURVEY_LU1_2U41
30313.64,12915.47,Total.SURVEY_LU1_2U42
555.2695,548.9593,Total.SURVEY_LC1_3A11
64.381784, 8.917841,Total.SURVEY_LC1_3A12
13.39007,50.45445,Total.SURVEY_LC1_3A13
582.8687,654.9492,Total.SURVEY_LC1_3A21
 980.9247,1884.0375,Total.SURVEY_LC1_3A22
 45.85402,130.36995,Total.SURVEY_LC1_3A30
 16.24402,521.84132,Total.SURVEY_LC1_3B11
  32.34249,1033.00657,Total.SURVEY_LC1_3B12
 32.24304,672.91555,Total.SURVEY_LC1_3B13
 0.00000,62.92515,Total.SURVEY_LC1_3B14
  0.0000,244.4975,Total.SURVEY_LC1_3B15
170.6603,956.2434,Total.SURVEY_LC1_3B16
 35.42115,123.97403,Total.SURVEY_LC1_3B17
  0.0000,372.3719,Total.SURVEY_LC1_3B18
11.88286,17.71058,Total.SURVEY_LC1_3B19
 0.00000,81.33433,Total.SURVEY_LC1_3B21
 0.00000,31.77004,Total.SURVEY_LC1_3B23
 30.45735,505.67500,Total.SURVEY_LC1_3B31
 0.0000,59.0256,Total.SURVEY_LC1_3B32
 0.00000,22.06789,Total.SURVEY_LC1_3B33
 343.7487,1691.6037,Total.SURVEY_LC1_3B34
 0.00000,57.40215,Total.SURVEY_LC1_3B36
 0.00000,35.79611,Total.SURVEY_LC1_3B37
 0.00000,89.23932,Total.SURVEY_LC1_3B41
 0.00000,68.08014,Total.SURVEY_LC1_3B42
 32.52769,233.78223,Total.SURVEY_LC1_3B43
0.000000,4.165897,Total.SURVEY_LC1_3B44
 13.1262,155.0715,Total.SURVEY_LC1_3B51
 32.8542,792.5182,Total.SURVEY_LC1_3B52
 23.22831,160.82017,Total.SURVEY_LC1_3B53
 19.11071,404.40212,Total.SURVEY_LC1_3B54
  0.0000,139.5928,Total.SURVEY_LC1_3B55
 13.90925,112.29176,Total.SURVEY_LC1_3B71
 0.00000,44.48045,Total.SURVEY_LC1_3B72
  4.096068,146.110729,Total.SURVEY_LC1_3B73
 55.89616,637.68531,Total.SURVEY_LC1_3B74
 75.37009,863.74143,Total.SURVEY_LC1_3B75
 31.44511,460.68507,Total.SURVEY_LC1_3B76
 24.84925,106.76137,Total.SURVEY_LC1_3B77
1083.857,9084.778,Total.SURVEY_LC1_3B81
 85.00733,620.97061,Total.SURVEY_LC1_3B82
0.000000,3.935683,Total.SURVEY_LC1_3B83
  4.04413,105.89401,Total.SURVEY_LC1_3B84
2515.493,   0.000,Total.SURVEY_LC1_3Bx1
734.4332,  0.0000,Total.SURVEY_LC1_3Bx2
20.78774, 0.00000,Total.SURVEY_LC1_3Bxx
22317.20,10445.03,Total.SURVEY_LC1_3C10
4553.221,1460.470,Total.SURVEY_LC1_3C21
4266.268,2203.956,Total.SURVEY_LC1_3C22
258.3418,211.6904,Total.SURVEY_LC1_3C23
1563.0351, 409.2634,Total.SURVEY_LC1_3C31
2084.1027, 640.4025,Total.SURVEY_LC1_3C32
298.2803,387.3367,Total.SURVEY_LC1_3C33
8806.817,4044.978,Total.SURVEY_LC1_3D10
11534.374, 3522.116,Total.SURVEY_LC1_3D20
4.156584,0.000000,Total.SURVEY_LC1_3D2x
1879.032,2471.609,Total.SURVEY_LC1_3E10
3555.901,2586.027,Total.SURVEY_LC1_3E20
17.69802, 0.00000,Total.SURVEY_LC1_3E2x
 604.5261,4289.0882,Total.SURVEY_LC1_3E30
380.1121,106.4390,Total.SURVEY_LC1_3F10
32.63822,19.69769,Total.SURVEY_LC1_3F20
1029.256,1544.449,Total.SURVEY_LC1_3F40
909.62593, 43.71313,Total.SURVEY_LC1_3G11
4.000003,0.000000,Total.SURVEY_LC1_3G12
291.1626,257.2013,Total.SURVEY_LC1_3G21
4.026857,0.000000,Total.SURVEY_LC1_3G22
20.11872, 0.00000,Total.SURVEY_LC1_3G30
65.33344, 0.00000,Total.SURVEY_LC1_3G40
399.5521,343.8537,Total.SURVEY_LC1_3H11
91.56293,19.88935,Total.SURVEY_LC1_3H21
15.788493, 4.028702,Total.SURVEY_LC1_3H22
17356.97,26352.68,Total.SURVEY_LU1_3U111
 334.2658,3233.0149,Total.SURVEY_LU1_3U112
118.4793,256.1355,Total.SURVEY_LU1_3U113
19461.293, 9644.131,Total.SURVEY_LU1_3U120
639.892190,  7.911972,Total.SURVEY_LU1_3U130
249.49824, 61.99455,Total.SURVEY_LU1_3U140
 4.801434,45.080604,Total.SURVEY_LU1_3U150
115.7574,108.1283,Total.SURVEY_LU1_3U210
 8.558037,63.613672,Total.SURVEY_LU1_3U221
4.499748,0.000000,Total.SURVEY_LU1_3U222
8.846728,6.653728,Total.SURVEY_LU1_3U223
 4.042667,28.252434,Total.SURVEY_LU1_3U224
15.25493, 0.00000,Total.SURVEY_LU1_3U225
 4.546617,14.771114,Total.SURVEY_LU1_3U226
8.975227,3.973345,Total.SURVEY_LU1_3U227
24.82162,20.77962,Total.SURVEY_LU1_3U311
 958.5273,1925.1621,Total.SURVEY_LU1_3U312
4.013179,0.000000,Total.SURVEY_LU1_3U313
24.20868, 0.00000,Total.SURVEY_LU1_3U314
39.61899,75.78615,Total.SURVEY_LU1_3U317
4.020909,4.020909,Total.SURVEY_LU1_3U318
22.56690,22.20789,Total.SURVEY_LU1_3U319
129.7282,121.5842,Total.SURVEY_LU1_3U321
 8.017461,24.300055,Total.SURVEY_LU1_3U322
36.91574,92.98271,Total.SURVEY_LU1_3U330
212.0401,144.7587,Total.SURVEY_LU1_3U341
4.972017,0.000000,Total.SURVEY_LU1_3U342
244.9884,140.8482,Total.SURVEY_LU1_3U350
297.6260,161.3593,Total.SURVEY_LU1_3U361
54.48937,65.42501,Total.SURVEY_LU1_3U362
1133.063,1050.350,Total.SURVEY_LU1_3U370
 4.448597,20.162279,Total.SURVEY_LU1_3U411
4.505180,8.434188,Total.SURVEY_LU1_3U412
18.18579,14.72750,Total.SURVEY_LU1_3U413
32.61701,49.67614,Total.SURVEY_LU1_3U414
 763.1652,2329.7197,Total.SURVEY_LU1_3U415
30313.64,12915.47,Total.SURVEY_LU1_3U420
69468.85,54911.59,Total.settlement0
3203.001,4102.506,Total.settlement1
0.3075674,0.3939421,Total.settl_pc
30825.75,29859.37,Total.fao_class_name0
32973.80,13661.66,Total.fao_class_name1
5835.439,3151.729,Total.fao_class_name2
 3036.865,12341.338,Total.fao_class_name3
70724.68,57451.35,Total.lue0
1947.179,1562.741,Total.lue1
70999.44,56439.88,Total.lud0
1672.419,2574.211,Total.lud1
516.3694,509.1973,SE.Total.area
 64.25183,108.70720,SE.Total.SURVEY_LC1_1A
217.4426,258.0475,SE.Total.SURVEY_LC1_1B
466.4855,436.0484,SE.Total.SURVEY_LC1_1C
195.7414,137.0370,SE.Total.SURVEY_LC1_1D
 94.48093,145.45473,SE.Total.SURVEY_LC1_1E
63.98102,92.18568,SE.Total.SURVEY_LC1_1F
 9.321223,26.624629,SE.Total.SURVEY_LC1_1G
13.40145,22.18455,SE.Total.SURVEY_LC1_1H
546.1274,500.1575,SE.Total.SURVEY_LU1_1U1
10.22926,51.98083,SE.Total.SURVEY_LU1_1U2
 66.9644,101.9152,SE.Total.SURVEY_LU1_1U3
347.7481,218.2160,SE.Total.SURVEY_LU1_1U4
76.92935,74.14338,SE.Total.SURVEY_LC1_2A1
90.99264,95.43966,SE.Total.SURVEY_LC1_2A2
 8.530686,11.080722,SE.Total.SURVEY_LC1_2A3
 51.01143,140.91279,SE.Total.SURVEY_LC1_2B1
 0.00000,20.62028,SE.Total.SURVEY_LC1_2B2
 60.14081,122.66328,SE.Total.SURVEY_LC1_2B3
21.66861,41.38032,SE.Total.SURVEY_LC1_2B4
19.54969,92.31579,SE.Total.SURVEY_LC1_2B5
 36.70751,181.65420,SE.Total.SURVEY_LC1_2B7
144.6212,226.0591,SE.Total.SURVEY_LC1_2B8
148.9307,  0.0000,SE.Total.SURVEY_LC1_2Bx
436.8748,380.5632,SE.Total.SURVEY_LC1_2C1
335.7392,300.4090,SE.Total.SURVEY_LC1_2C2
315.8894,186.6448,SE.Total.SURVEY_LC1_2C3
158.2289,102.3494,SE.Total.SURVEY_LC1_2D1
171.58002, 98.25852,SE.Total.SURVEY_LC1_2D2
45.35536,64.34640,SE.Total.SURVEY_LC1_2E1
84.50744,71.04295,SE.Total.SURVEY_LC1_2E2
 24.35861,117.51517,SE.Total.SURVEY_LC1_2E3
12.98045,17.00100,SE.Total.SURVEY_LC1_2F1
6.105261,0.000000,SE.Total.SURVEY_LC1_2F2
62.50753,90.60444,SE.Total.SURVEY_LC1_2F4
1.057758,0.000000,SE.Total.SURVEY_LC1_2G1
 9.261012,26.624629,SE.Total.SURVEY_LC1_2G2
0,0,SE.Total.SURVEY_LC1_2G3
0,0,SE.Total.SURVEY_LC1_2G4
13.40145,22.18455,SE.Total.SURVEY_LC1_2H1
0,0,SE.Total.SURVEY_LC1_2H2
279.0418,261.3105,SE.Total.SURVEY_LU1_2U11
483.1994,428.5272,SE.Total.SURVEY_LU1_2U12
0,0,SE.Total.SURVEY_LU1_2U13
4.747695,3.099875,SE.Total.SURVEY_LU1_2U14
 1.944558,11.916806,SE.Total.SURVEY_LU1_2U15
 7.474381,14.685778,SE.Total.SURVEY_LU1_2U21
 8.07784,49.91135,SE.Total.SURVEY_LU1_2U22
72.47403,73.59729,SE.Total.SURVEY_LU1_2U31
 2.356792,16.334666,SE.Total.SURVEY_LU1_2U32
 0.00000,14.44228,SE.Total.SURVEY_LU1_2U33
58.15711,22.69361,SE.Total.SURVEY_LU1_2U34
12.63895,19.88877,SE.Total.SURVEY_LU1_2U35
20.25269,31.57982,SE.Total.SURVEY_LU1_2U36
82.57073,74.44584,SE.Total.SURVEY_LU1_2U37
43.64292,83.44716,SE.Total.SURVEY_LU1_2U41
345.8397,204.6305,SE.Total.SURVEY_LU1_2U42
71.38328,74.14338,SE.Total.SURVEY_LC1_3A11
43.44011, 0.00000,SE.Total.SURVEY_LC1_3A12
0,0,SE.Total.SURVEY_LC1_3A13
78.35127,67.11291,SE.Total.SURVEY_LC1_3A21
72.64163,73.93703,SE.Total.SURVEY_LC1_3A22
 8.530686,11.080722,SE.Total.SURVEY_LC1_3A30
 0.00000,48.76623,SE.Total.SURVEY_LC1_3B11
13.99114,78.97803,SE.Total.SURVEY_LC1_3B12
17.72007,55.02939,SE.Total.SURVEY_LC1_3B13
 0.00000,12.11697,SE.Total.SURVEY_LC1_3B14
 0.00000,32.97834,SE.Total.SURVEY_LC1_3B15
39.43848,80.93167,SE.Total.SURVEY_LC1_3B16
22.03503,40.71543,SE.Total.SURVEY_LC1_3B17
 0.00000,50.63522,SE.Total.SURVEY_LC1_3B18
 9.699295,15.619259,SE.Total.SURVEY_LC1_3B19
 0.00000,18.67075,SE.Total.SURVEY_LC1_3B21
0.000000,8.752087,SE.Total.SURVEY_LC1_3B23
12.69446,56.52719,SE.Total.SURVEY_LC1_3B31
 0.00000,20.99576,SE.Total.SURVEY_LC1_3B32
 0.00000,12.46637,SE.Total.SURVEY_LC1_3B33
 58.8114,109.1807,SE.Total.SURVEY_LC1_3B34
 0.00000,13.07801,SE.Total.SURVEY_LC1_3B36
0.000000,8.219651,SE.Total.SURVEY_LC1_3B37
 0.00000,21.42769,SE.Total.SURVEY_LC1_3B41
 0.00000,17.00164,SE.Total.SURVEY_LC1_3B42
21.66861,31.32163,SE.Total.SURVEY_LC1_3B43
0,0,SE.Total.SURVEY_LC1_3B44
 2.374748,25.209227,SE.Total.SURVEY_LC1_3B51
11.30430,67.27018,SE.Total.SURVEY_LC1_3B52
13.28854,30.98793,SE.Total.SURVEY_LC1_3B53
 8.742539,45.428948,SE.Total.SURVEY_LC1_3B54
 0.0000,29.9884,SE.Total.SURVEY_LC1_3B55
 7.584301,33.720263,SE.Total.SURVEY_LC1_3B71
 0.00000,19.34141,SE.Total.SURVEY_LC1_3B72
 0.00000,54.12757,SE.Total.SURVEY_LC1_3B73
19.05638,68.31528,SE.Total.SURVEY_LC1_3B74
 29.08728,114.21784,SE.Total.SURVEY_LC1_3B75
  8.742539,115.180684,SE.Total.SURVEY_LC1_3B76
 2.066995,51.117397,SE.Total.SURVEY_LC1_3B77
142.8961,234.2916,SE.Total.SURVEY_LC1_3B81
24.94065,97.77203,SE.Total.SURVEY_LC1_3B82
0,0,SE.Total.SURVEY_LC1_3B83
 0.00000,27.57666,SE.Total.SURVEY_LC1_3B84
120.819,  0.000,SE.Total.SURVEY_LC1_3Bx1
88.46124, 0.00000,SE.Total.SURVEY_LC1_3Bx2
1.54535,0.00000,SE.Total.SURVEY_LC1_3Bxx
436.8748,380.5632,SE.Total.SURVEY_LC1_3C10
297.1946,240.4209,SE.Total.SURVEY_LC1_3C21
193.022,192.829,SE.Total.SURVEY_LC1_3C22
47.01089,20.63036,SE.Total.SURVEY_LC1_3C23
219.2071,167.1231,SE.Total.SURVEY_LC1_3C31
238.00620, 78.61699,SE.Total.SURVEY_LC1_3C32
51.71363,27.57735,SE.Total.SURVEY_LC1_3C33
158.2289,102.3494,SE.Total.SURVEY_LC1_3D10
171.58002, 98.25852,SE.Total.SURVEY_LC1_3D20
0,0,SE.Total.SURVEY_LC1_3D2x
45.35536,64.34640,SE.Total.SURVEY_LC1_3E10
83.93118,71.04295,SE.Total.SURVEY_LC1_3E20
10.18688, 0.00000,SE.Total.SURVEY_LC1_3E2x
 24.35861,117.51517,SE.Total.SURVEY_LC1_3E30
12.98045,17.00100,SE.Total.SURVEY_LC1_3F10
6.105261,0.000000,SE.Total.SURVEY_LC1_3F20
62.50753,90.60444,SE.Total.SURVEY_LC1_3F40
1.057758,0.000000,SE.Total.SURVEY_LC1_3G11
0,0,SE.Total.SURVEY_LC1_3G12
 9.261012,26.624629,SE.Total.SURVEY_LC1_3G21
0,0,SE.Total.SURVEY_LC1_3G22
0,0,SE.Total.SURVEY_LC1_3G30
0,0,SE.Total.SURVEY_LC1_3G40
13.40145,22.18455,SE.Total.SURVEY_LC1_3H11
0,0,SE.Total.SURVEY_LC1_3H21
0,0,SE.Total.SURVEY_LC1_3H22
278.3741,269.4806,SE.Total.SURVEY_LU1_3U111
 21.99982,107.07895,SE.Total.SURVEY_LU1_3U112
 7.60287,33.40846,SE.Total.SURVEY_LU1_3U113
483.1994,428.5272,SE.Total.SURVEY_LU1_3U120
0,0,SE.Total.SURVEY_LU1_3U130
4.747695,3.099875,SE.Total.SURVEY_LU1_3U140
 1.944558,11.916806,SE.Total.SURVEY_LU1_3U150
 7.474381,14.685778,SE.Total.SURVEY_LU1_3U210
 0.00000,49.40097,SE.Total.SURVEY_LU1_3U221
0,0,SE.Total.SURVEY_LU1_3U222
0.000000,4.126467,SE.Total.SURVEY_LU1_3U223
0.000000,3.785142,SE.Total.SURVEY_LU1_3U224
8.07784,0.00000,SE.Total.SURVEY_LU1_3U225
0.000000,4.396771,SE.Total.SURVEY_LU1_3U226
0,0,SE.Total.SURVEY_LU1_3U227
9.442992,4.808798,SE.Total.SURVEY_LU1_3U311
71.69177,74.03384,SE.Total.SURVEY_LU1_3U312
0,0,SE.Total.SURVEY_LU1_3U313
0,0,SE.Total.SURVEY_LU1_3U314
13.40142,23.93564,SE.Total.SURVEY_LU1_3U317
0,0,SE.Total.SURVEY_LU1_3U318
6.594041,3.312485,SE.Total.SURVEY_LU1_3U319
 2.356792,16.334666,SE.Total.SURVEY_LU1_3U321
0,0,SE.Total.SURVEY_LU1_3U322
 0.00000,14.44228,SE.Total.SURVEY_LU1_3U330
58.11459,22.69361,SE.Total.SURVEY_LU1_3U341
2.223554,0.000000,SE.Total.SURVEY_LU1_3U342
12.63895,19.88877,SE.Total.SURVEY_LU1_3U350
19.58783,30.23074,SE.Total.SURVEY_LU1_3U361
5.164777,9.131673,SE.Total.SURVEY_LU1_3U362
82.57073,74.44584,SE.Total.SURVEY_LU1_3U370
0,0,SE.Total.SURVEY_LU1_3U411
0,0,SE.Total.SURVEY_LU1_3U412
3.151327,3.786598,SE.Total.SURVEY_LU1_3U413
8.439664,2.655159,SE.Total.SURVEY_LU1_3U414
42.70300,83.35478,SE.Total.SURVEY_LU1_3U415
345.8397,204.6305,SE.Total.SURVEY_LU1_3U420
513.4582,510.8103,SE.Total.settlement0
 66.24887,113.03917,SE.Total.settlement1
0.006361531,0.010854558,SE.Total.settl_pc
266.4636,292.1628,SE.Total.fao_class_name0
470.5703,431.1169,SE.Total.fao_class_name1
135.56818, 88.88801,SE.Total.fao_class_name2
212.3408,259.6566,SE.Total.fao_class_name3
518.0514,511.9564,SE.Total.lue0
72.89713,84.31912,SE.Total.lue1
517.8976,510.7447,SE.Total.lud0
73.17184,91.99750,SE.Total.lud1
71659.79,58016.08,CI.l(95%).Total.area
2116.758,3064.626,CI.l(95%).Total.SURVEY_LC1_1A
 5016.855,20219.403,CI.l(95%).Total.SURVEY_LC1_1B
34426.15,14903.51,CI.l(95%).Total.SURVEY_LC1_1C
19961.701, 7298.507,CI.l(95%).Total.SURVEY_LC1_1D
5871.978,9061.639,CI.l(95%).Total.SURVEY_LC1_1E
1316.606,1489.905,CI.l(95%).Total.SURVEY_LC1_1F
1275.9983, 248.7311,CI.l(95%).Total.SURVEY_LC1_1G
480.6371,324.2908,CI.l(95%).Total.SURVEY_LC1_1H
37094.81,38620.66,CI.l(95%).Total.SURVEY_LU1_1U1
150.4324,123.5121,CI.l(95%).Total.SURVEY_LU1_1U2
3068.370,3649.815,CI.l(95%).Total.SURVEY_LU1_1U3
30454.98,14910.49,CI.l(95%).Total.SURVEY_LU1_1U4
482.2627,463.0132,CI.l(95%).Total.SURVEY_LC1_2A1
1385.451,2351.928,CI.l(95%).Total.SURVEY_LC1_2A2
 29.13418,108.65213,CI.l(95%).Total.SURVEY_LC1_2A3
 198.8133,3729.3021,CI.l(95%).Total.SURVEY_LC1_2B1
 0.00000,72.68936,CI.l(95%).Total.SURVEY_LC1_2B2
 256.3322,2131.1548,CI.l(95%).Total.SURVEY_LC1_2B3
 -9.942003,314.163647,CI.l(95%).Total.SURVEY_LC1_2B4
  50.00273,1471.46918,CI.l(95%).Total.SURVEY_LC1_2B5
 133.6205,2015.7204,CI.l(95%).Total.SURVEY_LC1_2B7
 889.4561,9372.5102,CI.l(95%).Total.SURVEY_LC1_2B8
2978.815,   0.000,CI.l(95%).Total.SURVEY_LC1_2Bx
21460.940, 9699.135,CI.l(95%).Total.SURVEY_LC1_2C1
8419.794,3287.326,CI.l(95%).Total.SURVEY_LC1_2C2
3326.286,1071.186,CI.l(95%).Total.SURVEY_LC1_2C3
8496.694,3844.377,CI.l(95%).Total.SURVEY_LC1_2D1
11202.240, 3329.533,CI.l(95%).Total.SURVEY_LC1_2D2
1790.137,2345.493,CI.l(95%).Total.SURVEY_LC1_2E1
3407.968,2446.786,CI.l(95%).Total.SURVEY_LC1_2E2
 556.7841,4058.7627,CI.l(95%).Total.SURVEY_LC1_2E3
354.67089, 73.11767,CI.l(95%).Total.SURVEY_LC1_2F1
20.67213,19.69769,CI.l(95%).Total.SURVEY_LC1_2F2
 906.7436,1366.8679,CI.l(95%).Total.SURVEY_LC1_2F4
911.55276, 43.71313,CI.l(95%).Total.SURVEY_LC1_2G1
277.0382,205.0179,CI.l(95%).Total.SURVEY_LC1_2G2
20.11872, 0.00000,CI.l(95%).Total.SURVEY_LC1_2G3
65.33344, 0.00000,CI.l(95%).Total.SURVEY_LC1_2G4
373.2857,300.3728,CI.l(95%).Total.SURVEY_LC1_2H1
107.35142, 23.91805,CI.l(95%).Total.SURVEY_LC1_2H2
17262.80,29329.67,CI.l(95%).Total.SURVEY_LU1_2U11
18514.239, 8804.233,CI.l(95%).Total.SURVEY_LU1_2U12
639.892190,  7.911972,CI.l(95%).Total.SURVEY_LU1_2U13
240.19293, 55.91891,CI.l(95%).Total.SURVEY_LU1_2U14
 0.9901703,21.7240932,CI.l(95%).Total.SURVEY_LU1_2U15
101.10791, 79.34474,CI.l(95%).Total.SURVEY_LU1_2U21
38.89168,19.43985,CI.l(95%).Total.SURVEY_LU1_2U22
 935.7311,1903.7087,CI.l(95%).Total.SURVEY_LU1_2U31
133.1264,113.8689,CI.l(95%).Total.SURVEY_LU1_2U32
36.91574,64.67636,CI.l(95%).Total.SURVEY_LU1_2U33
103.0262,100.2800,CI.l(95%).Total.SURVEY_LU1_2U34
220.2165,101.8669,CI.l(95%).Total.SURVEY_LU1_2U35
312.4208,164.8890,CI.l(95%).Total.SURVEY_LU1_2U36
971.2274,904.4387,CI.l(95%).Total.SURVEY_LU1_2U37
 737.3832,2259.1664,CI.l(95%).Total.SURVEY_LU1_2U41
29635.8,12514.4,CI.l(95%).Total.SURVEY_LU1_2U42
415.3609,403.6410,CI.l(95%).Total.SURVEY_LC1_3A11
-20.759259,  8.917841,CI.l(95%).Total.SURVEY_LC1_3A12
13.39007,50.45445,CI.l(95%).Total.SURVEY_LC1_3A13
429.3030,523.4103,CI.l(95%).Total.SURVEY_LC1_3A21
 838.5498,1739.1236,CI.l(95%).Total.SURVEY_LC1_3A22
 29.13418,108.65213,CI.l(95%).Total.SURVEY_LC1_3A30
 16.24402,426.26126,CI.l(95%).Total.SURVEY_LC1_3B11
  4.920348,878.212471,CI.l(95%).Total.SURVEY_LC1_3B12
 -2.487659,565.059920,CI.l(95%).Total.SURVEY_LC1_3B13
 0.00000,39.17634,CI.l(95%).Total.SURVEY_LC1_3B14
  0.0000,179.8612,CI.l(95%).Total.SURVEY_LC1_3B15
 93.36232,797.62026,CI.l(95%).Total.SURVEY_LC1_3B16
-7.766708,44.173244,CI.l(95%).Total.SURVEY_LC1_3B17
  0.0000,273.1287,CI.l(95%).Total.SURVEY_LC1_3B18
 -7.127407,-12.902610,CI.l(95%).Total.SURVEY_LC1_3B19
 0.00000,44.74033,CI.l(95%).Total.SURVEY_LC1_3B21
 0.00000,14.61626,CI.l(95%).Total.SURVEY_LC1_3B23
  5.576661,394.883757,CI.l(95%).Total.SURVEY_LC1_3B31
 0.00000,17.87468,CI.l(95%).Total.SURVEY_LC1_3B32
 0.000000,-2.365751,CI.l(95%).Total.SURVEY_LC1_3B33
 228.4805,1477.6133,CI.l(95%).Total.SURVEY_LC1_3B34
 0.00000,31.76973,CI.l(95%).Total.SURVEY_LC1_3B36
 0.00000,19.68589,CI.l(95%).Total.SURVEY_LC1_3B37
 0.00000,47.24182,CI.l(95%).Total.SURVEY_LC1_3B41
 0.00000,34.75754,CI.l(95%).Total.SURVEY_LC1_3B42
 -9.942003,172.392967,CI.l(95%).Total.SURVEY_LC1_3B43
0.000000,4.165897,CI.l(95%).Total.SURVEY_LC1_3B44
  8.471779,105.662348,CI.l(95%).Total.SURVEY_LC1_3B51
 10.69817,660.67108,CI.l(95%).Total.SURVEY_LC1_3B52
 -2.816739,100.084938,CI.l(95%).Total.SURVEY_LC1_3B53
  1.975645,315.363022,CI.l(95%).Total.SURVEY_LC1_3B54
 0.00000,80.81659,CI.l(95%).Total.SURVEY_LC1_3B55
-0.9557124,46.2012645,CI.l(95%).Total.SURVEY_LC1_3B71
0.000000,6.571982,CI.l(95%).Total.SURVEY_LC1_3B72
 4.096068,40.022642,CI.l(95%).Total.SURVEY_LC1_3B73
 18.54635,503.78982,CI.l(95%).Total.SURVEY_LC1_3B74
 18.36007,639.87858,CI.l(95%).Total.SURVEY_LC1_3B75
 14.31005,234.93508,CI.l(95%).Total.SURVEY_LC1_3B76
20.798017, 6.573113,CI.l(95%).Total.SURVEY_LC1_3B77
 803.7857,8625.5745,CI.l(95%).Total.SURVEY_LC1_3B81
 36.12456,429.34096,CI.l(95%).Total.SURVEY_LC1_3B82
0.000000,3.935683,CI.l(95%).Total.SURVEY_LC1_3B83
 4.04413,51.84474,CI.l(95%).Total.SURVEY_LC1_3B84
2278.692,   0.000,CI.l(95%).Total.SURVEY_LC1_3Bx1
561.0523,  0.0000,CI.l(95%).Total.SURVEY_LC1_3Bx2
17.75891, 0.00000,CI.l(95%).Total.SURVEY_LC1_3Bxx
21460.940, 9699.135,CI.l(95%).Total.SURVEY_LC1_3C10
3970.7303, 989.2541,CI.l(95%).Total.SURVEY_LC1_3C21
3887.952,1826.018,CI.l(95%).Total.SURVEY_LC1_3C22
166.2022,171.2557,CI.l(95%).Total.SURVEY_LC1_3C23
1133.39708,  81.70822,CI.l(95%).Total.SURVEY_LC1_3C31
1617.619, 486.316,CI.l(95%).Total.SURVEY_LC1_3C32
196.9235,333.2861,CI.l(95%).Total.SURVEY_LC1_3C33
8496.694,3844.377,CI.l(95%).Total.SURVEY_LC1_3D10
11198.083, 3329.533,CI.l(95%).Total.SURVEY_LC1_3D20
4.156584,0.000000,CI.l(95%).Total.SURVEY_LC1_3D2x
1790.137,2345.493,CI.l(95%).Total.SURVEY_LC1_3E10
3391.399,2446.786,CI.l(95%).Total.SURVEY_LC1_3E20
-2.267894, 0.000000,CI.l(95%).Total.SURVEY_LC1_3E2x
 556.7841,4058.7627,CI.l(95%).Total.SURVEY_LC1_3E30
354.67089, 73.11767,CI.l(95%).Total.SURVEY_LC1_3F10
20.67213,19.69769,CI.l(95%).Total.SURVEY_LC1_3F20
 906.7436,1366.8679,CI.l(95%).Total.SURVEY_LC1_3F40
907.55276, 43.71313,CI.l(95%).Total.SURVEY_LC1_3G11
4.000003,0.000000,CI.l(95%).Total.SURVEY_LC1_3G12
273.0113,205.0179,CI.l(95%).Total.SURVEY_LC1_3G21
4.026857,0.000000,CI.l(95%).Total.SURVEY_LC1_3G22
20.11872, 0.00000,CI.l(95%).Total.SURVEY_LC1_3G30
65.33344, 0.00000,CI.l(95%).Total.SURVEY_LC1_3G40
373.2857,300.3728,CI.l(95%).Total.SURVEY_LC1_3H11
91.56293,19.88935,CI.l(95%).Total.SURVEY_LC1_3H21
15.788493, 4.028702,CI.l(95%).Total.SURVEY_LC1_3H22
16811.36,25824.51,CI.l(95%).Total.SURVEY_LU1_3U111
 291.1469,3023.1440,CI.l(95%).Total.SURVEY_LU1_3U112
103.5780,190.6561,CI.l(95%).Total.SURVEY_LU1_3U113
18514.239, 8804.233,CI.l(95%).Total.SURVEY_LU1_3U120
639.892190,  7.911972,CI.l(95%).Total.SURVEY_LU1_3U130
240.19293, 55.91891,CI.l(95%).Total.SURVEY_LU1_3U140
 0.9901703,21.7240932,CI.l(95%).Total.SURVEY_LU1_3U150
101.10791, 79.34474,CI.l(95%).Total.SURVEY_LU1_3U210
  8.558037,-33.210456,CI.l(95%).Total.SURVEY_LU1_3U221
4.499748,0.000000,CI.l(95%).Total.SURVEY_LU1_3U222
 8.846728,-1.433999,CI.l(95%).Total.SURVEY_LU1_3U223
 4.042667,20.833691,CI.l(95%).Total.SURVEY_LU1_3U224
-0.5773486, 0.0000000,CI.l(95%).Total.SURVEY_LU1_3U225
4.546617,6.153602,CI.l(95%).Total.SURVEY_LU1_3U226
8.975227,3.973345,CI.l(95%).Total.SURVEY_LU1_3U227
 6.313696,11.354551,CI.l(95%).Total.SURVEY_LU1_3U311
 818.014,1780.058,CI.l(95%).Total.SURVEY_LU1_3U312
4.013179,0.000000,CI.l(95%).Total.SURVEY_LU1_3U313
24.20868, 0.00000,CI.l(95%).Total.SURVEY_LU1_3U314
13.35269,28.87315,CI.l(95%).Total.SURVEY_LU1_3U317
4.020909,4.020909,CI.l(95%).Total.SURVEY_LU1_3U318
 9.642817,15.715536,CI.l(95%).Total.SURVEY_LU1_3U319
125.10897, 89.56883,CI.l(95%).Total.SURVEY_LU1_3U321
 8.017461,24.300055,CI.l(95%).Total.SURVEY_LU1_3U322
36.91574,64.67636,CI.l(95%).Total.SURVEY_LU1_3U330
 98.13757,100.28001,CI.l(95%).Total.SURVEY_LU1_3U341
0.6139321,0.0000000,CI.l(95%).Total.SURVEY_LU1_3U342
220.2165,101.8669,CI.l(95%).Total.SURVEY_LU1_3U350
259.2345,102.1081,CI.l(95%).Total.SURVEY_LU1_3U361
44.36660,47.52726,CI.l(95%).Total.SURVEY_LU1_3U362
971.2274,904.4387,CI.l(95%).Total.SURVEY_LU1_3U370
 4.448597,20.162279,CI.l(95%).Total.SURVEY_LU1_3U411
4.505180,8.434188,CI.l(95%).Total.SURVEY_LU1_3U412
12.009300, 7.305908,CI.l(95%).Total.SURVEY_LU1_3U413
16.07557,44.47212,CI.l(95%).Total.SURVEY_LU1_3U414
 679.4688,2166.3473,CI.l(95%).Total.SURVEY_LU1_3U415
29635.8,12514.4,CI.l(95%).Total.SURVEY_LU1_3U420
68462.49,53910.42,CI.l(95%).Total.settlement0
3073.156,3880.953,CI.l(95%).Total.settlement1
0.2950990,0.3726675,CI.l(95%).Total.settl_pc
30303.49,29286.74,CI.l(95%).Total.fao_class_name0
32051.50,12816.69,CI.l(95%).Total.fao_class_name1
5569.730,2977.511,CI.l(95%).Total.fao_class_name2
 2620.685,11832.420,CI.l(95%).Total.fao_class_name3
69709.31,56447.93,CI.l(95%).Total.lue0
1804.303,1397.479,CI.l(95%).Total.lue1
69984.38,55438.84,CI.l(95%).Total.lud0
1529.004,2393.899,CI.l(95%).Total.lud1
73683.92,60012.10,CI.u(95%).Total.area
2368.62,3490.75,CI.u(95%).Total.SURVEY_LC1_1A
 5869.215,21230.931,CI.u(95%).Total.SURVEY_LC1_1B
36254.74,16612.78,CI.u(95%).Total.SURVEY_LC1_1C
20728.993, 7835.682,CI.u(95%).Total.SURVEY_LC1_1D
6242.337,9631.811,CI.u(95%).Total.SURVEY_LC1_1E
1567.407,1851.267,CI.u(95%).Total.SURVEY_LC1_1F
1312.5368, 353.0977,CI.u(95%).Total.SURVEY_LC1_1G
533.1698,411.2527,CI.u(95%).Total.SURVEY_LC1_1H
39235.59,40581.24,CI.u(95%).Total.SURVEY_LU1_1U1
190.5304,327.2732,CI.u(95%).Total.SURVEY_LU1_1U2
3330.866,4049.315,CI.u(95%).Total.SURVEY_LU1_1U3
31818.13,15765.88,CI.u(95%).Total.SURVEY_LU1_1U4
783.8202,753.6500,CI.u(95%).Total.SURVEY_LC1_2A1
1742.136,2726.045,CI.u(95%).Total.SURVEY_LC1_2A2
 62.57386,152.08777,CI.u(95%).Total.SURVEY_LC1_2A3
 398.7744,4281.6701,CI.u(95%).Total.SURVEY_LC1_2B1
  0.0000,153.5194,CI.u(95%).Total.SURVEY_LC1_2B2
 492.0798,2611.9860,CI.u(95%).Total.SURVEY_LC1_2B3
 74.99738,476.37154,CI.u(95%).Total.SURVEY_LC1_2B4
 126.6361,1833.3404,CI.u(95%).Total.SURVEY_LC1_2B5
 277.5113,2727.7918,CI.u(95%).Total.SURVEY_LC1_2B7
 1456.361,10258.646,CI.u(95%).Total.SURVEY_LC1_2B8
3562.613,   0.000,CI.u(95%).Total.SURVEY_LC1_2Bx
23173.46,11190.92,CI.u(95%).Total.SURVEY_LC1_2C1
9735.868,4464.908,CI.u(95%).Total.SURVEY_LC1_2C2
4564.55,1802.82,CI.u(95%).Total.SURVEY_LC1_2C3
9116.940,4245.579,CI.u(95%).Total.SURVEY_LC1_2D1
11874.82, 3714.70,CI.u(95%).Total.SURVEY_LC1_2D2
1967.927,2597.726,CI.u(95%).Total.SURVEY_LC1_2E1
3739.231,2725.269,CI.u(95%).Total.SURVEY_LC1_2E2
 652.2681,4519.4137,CI.u(95%).Total.SURVEY_LC1_2E3
405.5533,139.7603,CI.u(95%).Total.SURVEY_LC1_2F1
44.60431,19.69769,CI.u(95%).Total.SURVEY_LC1_2F2
1151.769,1722.031,CI.u(95%).Total.SURVEY_LC1_2F4
915.69910, 43.71313,CI.u(95%).Total.SURVEY_LC1_2G1
313.3407,309.3846,CI.u(95%).Total.SURVEY_LC1_2G2
20.11872, 0.00000,CI.u(95%).Total.SURVEY_LC1_2G3
65.33344, 0.00000,CI.u(95%).Total.SURVEY_LC1_2G4
425.8184,387.3346,CI.u(95%).Total.SURVEY_LC1_2H1
107.35142, 23.91805,CI.u(95%).Total.SURVEY_LC1_2H2
18356.62,30353.99,CI.u(95%).Total.SURVEY_LU1_2U11
20408.35,10484.03,CI.u(95%).Total.SURVEY_LU1_2U12
639.892190,  7.911972,CI.u(95%).Total.SURVEY_LU1_2U13
258.8036, 68.0702,CI.u(95%).Total.SURVEY_LU1_2U14
 8.612697,68.437114,CI.u(95%).Total.SURVEY_LU1_2U15
130.4069,136.9119,CI.u(95%).Total.SURVEY_LU1_2U21
 70.55623,215.08874,CI.u(95%).Total.SURVEY_LU1_2U22
1219.824,2192.205,CI.u(95%).Total.SURVEY_LU1_2U31
142.3649,177.8996,CI.u(95%).Total.SURVEY_LU1_2U32
 36.91574,121.28906,CI.u(95%).Total.SURVEY_LU1_2U33
330.9979,189.2373,CI.u(95%).Total.SURVEY_LU1_2U34
269.7603,179.8295,CI.u(95%).Total.SURVEY_LU1_2U35
391.8099,288.6796,CI.u(95%).Total.SURVEY_LU1_2U36
1294.899,1196.261,CI.u(95%).Total.SURVEY_LU1_2U37
 908.4603,2586.2733,CI.u(95%).Total.SURVEY_LU1_2U41
30991.47,13316.54,CI.u(95%).Total.SURVEY_LU1_2U42
695.1782,694.2777,CI.u(95%).Total.SURVEY_LC1_3A11
149.522826,  8.917841,CI.u(95%).Total.SURVEY_LC1_3A12
13.39007,50.45445,CI.u(95%).Total.SURVEY_LC1_3A13
736.4343,786.4880,CI.u(95%).Total.SURVEY_LC1_3A21
1123.300,2028.951,CI.u(95%).Total.SURVEY_LC1_3A22
 62.57386,152.08777,CI.u(95%).Total.SURVEY_LC1_3A30
 16.24402,617.42139,CI.u(95%).Total.SURVEY_LC1_3B11
  59.76462,1187.80066,CI.u(95%).Total.SURVEY_LC1_3B12
 66.97373,780.77118,CI.u(95%).Total.SURVEY_LC1_3B13
 0.00000,86.67397,CI.u(95%).Total.SURVEY_LC1_3B14
  0.0000,309.1339,CI.u(95%).Total.SURVEY_LC1_3B15
 247.9583,1114.8666,CI.u(95%).Total.SURVEY_LC1_3B16
 78.60901,203.77481,CI.u(95%).Total.SURVEY_LC1_3B17
  0.0000,471.6152,CI.u(95%).Total.SURVEY_LC1_3B18
30.89313,48.32376,CI.u(95%).Total.SURVEY_LC1_3B19
  0.0000,117.9283,CI.u(95%).Total.SURVEY_LC1_3B21
 0.00000,48.92381,CI.u(95%).Total.SURVEY_LC1_3B23
 55.33804,616.46625,CI.u(95%).Total.SURVEY_LC1_3B31
  0.0000,100.1765,CI.u(95%).Total.SURVEY_LC1_3B32
 0.00000,46.50154,CI.u(95%).Total.SURVEY_LC1_3B33
 459.0169,1905.5940,CI.u(95%).Total.SURVEY_LC1_3B34
 0.00000,83.03457,CI.u(95%).Total.SURVEY_LC1_3B36
 0.00000,51.90633,CI.u(95%).Total.SURVEY_LC1_3B37
  0.0000,131.2368,CI.u(95%).Total.SURVEY_LC1_3B41
  0.0000,101.4028,CI.u(95%).Total.SURVEY_LC1_3B42
 74.99738,295.17149,CI.u(95%).Total.SURVEY_LC1_3B43
0.000000,4.165897,CI.u(95%).Total.SURVEY_LC1_3B44
 17.78062,204.48070,CI.u(95%).Total.SURVEY_LC1_3B51
 55.01023,924.36534,CI.u(95%).Total.SURVEY_LC1_3B52
 49.27337,221.55541,CI.u(95%).Total.SURVEY_LC1_3B53
 36.24577,493.44122,CI.u(95%).Total.SURVEY_LC1_3B54
  0.0000,198.3689,CI.u(95%).Total.SURVEY_LC1_3B55
 28.7742,178.3823,CI.u(95%).Total.SURVEY_LC1_3B71
 0.00000,82.38891,CI.u(95%).Total.SURVEY_LC1_3B72
  4.096068,252.198816,CI.u(95%).Total.SURVEY_LC1_3B73
 93.24598,771.58079,CI.u(95%).Total.SURVEY_LC1_3B74
 132.3801,1087.6043,CI.u(95%).Total.SURVEY_LC1_3B75
 48.58017,686.43506,CI.u(95%).Total.SURVEY_LC1_3B76
 28.90049,206.94963,CI.u(95%).Total.SURVEY_LC1_3B77
1363.928,9543.981,CI.u(95%).Total.SURVEY_LC1_3B81
133.8901,812.6003,CI.u(95%).Total.SURVEY_LC1_3B82
0.000000,3.935683,CI.u(95%).Total.SURVEY_LC1_3B83
  4.04413,159.94327,CI.u(95%).Total.SURVEY_LC1_3B84
2752.294,   0.000,CI.u(95%).Total.SURVEY_LC1_3Bx1
907.814,  0.000,CI.u(95%).Total.SURVEY_LC1_3Bx2
23.81657, 0.00000,CI.u(95%).Total.SURVEY_LC1_3Bxx
23173.46,11190.92,CI.u(95%).Total.SURVEY_LC1_3C10
5135.712,1931.687,CI.u(95%).Total.SURVEY_LC1_3C21
4644.584,2581.894,CI.u(95%).Total.SURVEY_LC1_3C22
350.4815,252.1252,CI.u(95%).Total.SURVEY_LC1_3C23
1992.6731, 736.8186,CI.u(95%).Total.SURVEY_LC1_3C31
2550.586, 794.489,CI.u(95%).Total.SURVEY_LC1_3C32
399.6372,441.3873,CI.u(95%).Total.SURVEY_LC1_3C33
9116.940,4245.579,CI.u(95%).Total.SURVEY_LC1_3D10
11870.66, 3714.70,CI.u(95%).Total.SURVEY_LC1_3D20
4.156584,0.000000,CI.u(95%).Total.SURVEY_LC1_3D2x
1967.927,2597.726,CI.u(95%).Total.SURVEY_LC1_3E10
3720.403,2725.269,CI.u(95%).Total.SURVEY_LC1_3E20
37.66394, 0.00000,CI.u(95%).Total.SURVEY_LC1_3E2x
 652.2681,4519.4137,CI.u(95%).Total.SURVEY_LC1_3E30
405.5533,139.7603,CI.u(95%).Total.SURVEY_LC1_3F10
44.60431,19.69769,CI.u(95%).Total.SURVEY_LC1_3F20
1151.769,1722.031,CI.u(95%).Total.SURVEY_LC1_3F40
911.69909, 43.71313,CI.u(95%).Total.SURVEY_LC1_3G11
4.000003,0.000000,CI.u(95%).Total.SURVEY_LC1_3G12
309.3138,309.3846,CI.u(95%).Total.SURVEY_LC1_3G21
4.026857,0.000000,CI.u(95%).Total.SURVEY_LC1_3G22
20.11872, 0.00000,CI.u(95%).Total.SURVEY_LC1_3G30
65.33344, 0.00000,CI.u(95%).Total.SURVEY_LC1_3G40
425.8184,387.3346,CI.u(95%).Total.SURVEY_LC1_3H11
91.56293,19.88935,CI.u(95%).Total.SURVEY_LC1_3H21
15.788493, 4.028702,CI.u(95%).Total.SURVEY_LC1_3H22
17902.57,26880.85,CI.u(95%).Total.SURVEY_LU1_3U111
 377.3846,3442.8858,CI.u(95%).Total.SURVEY_LU1_3U112
133.3807,321.6149,CI.u(95%).Total.SURVEY_LU1_3U113
20408.35,10484.03,CI.u(95%).Total.SURVEY_LU1_3U120
639.892190,  7.911972,CI.u(95%).Total.SURVEY_LU1_3U130
258.8036, 68.0702,CI.u(95%).Total.SURVEY_LU1_3U140
 8.612697,68.437114,CI.u(95%).Total.SURVEY_LU1_3U150
130.4069,136.9119,CI.u(95%).Total.SURVEY_LU1_3U210
  8.558037,160.437801,CI.u(95%).Total.SURVEY_LU1_3U221
4.499748,0.000000,CI.u(95%).Total.SURVEY_LU1_3U222
 8.846728,14.741454,CI.u(95%).Total.SURVEY_LU1_3U223
 4.042667,35.671177,CI.u(95%).Total.SURVEY_LU1_3U224
31.0872, 0.0000,CI.u(95%).Total.SURVEY_LU1_3U225
 4.546617,23.388626,CI.u(95%).Total.SURVEY_LU1_3U226
8.975227,3.973345,CI.u(95%).Total.SURVEY_LU1_3U227
43.32955,30.20469,CI.u(95%).Total.SURVEY_LU1_3U311
1099.041,2070.266,CI.u(95%).Total.SURVEY_LU1_3U312
4.013179,0.000000,CI.u(95%).Total.SURVEY_LU1_3U313
24.20868, 0.00000,CI.u(95%).Total.SURVEY_LU1_3U314
 65.88528,122.69914,CI.u(95%).Total.SURVEY_LU1_3U317
4.020909,4.020909,CI.u(95%).Total.SURVEY_LU1_3U318
35.49098,28.70024,CI.u(95%).Total.SURVEY_LU1_3U319
134.3474,153.5995,CI.u(95%).Total.SURVEY_LU1_3U321
 8.017461,24.300055,CI.u(95%).Total.SURVEY_LU1_3U322
 36.91574,121.28906,CI.u(95%).Total.SURVEY_LU1_3U330
325.9426,189.2373,CI.u(95%).Total.SURVEY_LU1_3U341
9.330102,0.000000,CI.u(95%).Total.SURVEY_LU1_3U342
269.7603,179.8295,CI.u(95%).Total.SURVEY_LU1_3U350
336.0174,220.6105,CI.u(95%).Total.SURVEY_LU1_3U361
64.61215,83.32276,CI.u(95%).Total.SURVEY_LU1_3U362
1294.899,1196.261,CI.u(95%).Total.SURVEY_LU1_3U370
 4.448597,20.162279,CI.u(95%).Total.SURVEY_LU1_3U411
4.505180,8.434188,CI.u(95%).Total.SURVEY_LU1_3U412
24.36227,22.14910,CI.u(95%).Total.SURVEY_LU1_3U413
49.15845,54.88016,CI.u(95%).Total.SURVEY_LU1_3U414
 846.8615,2493.0921,CI.u(95%).Total.SURVEY_LU1_3U415
30991.47,13316.54,CI.u(95%).Total.SURVEY_LU1_3U420
70475.21,55912.76,CI.u(95%).Total.settlement0
3332.847,4324.059,CI.u(95%).Total.settlement1
0.3200358,0.4152166,CI.u(95%).Total.settl_pc
31348.01,30431.99,CI.u(95%).Total.fao_class_name0
33896.10,14506.63,CI.u(95%).Total.fao_class_name1
6101.148,3325.946,CI.u(95%).Total.fao_class_name2
 3453.046,12850.255,CI.u(95%).Total.fao_class_name3
71740.04,58454.77,CI.u(95%).Total.lue0
2090.055,1728.003,CI.u(95%).Total.lue1
72014.50,57440.92,CI.u(95%).Total.lud0
1815.833,2754.523,CI.u(95%).Total.lud1
0.007105494,0.008628401,CV.Total.area
0.02864946,0.03316581,CV.Total.SURVEY_LC1_1A
0.03994878,0.01245092,CV.Total.SURVEY_LC1_1B
0.01319976,0.02767130,CV.Total.SURVEY_LC1_1C
0.009620939,0.018109589,CV.Total.SURVEY_LC1_1D
0.01559823,0.01556211,CV.Total.SURVEY_LC1_1E
0.04436944,0.05518164,CV.Total.SURVEY_LC1_1F
0.007201929,0.088479085,CV.Total.SURVEY_LC1_1G
0.02643786,0.06032151,CV.Total.SURVEY_LC1_1H
0.01430957,0.01262994,CV.Total.SURVEY_LU1_1U1
0.06000224,0.23062346,CV.Total.SURVEY_LU1_1U2
0.02092887,0.02647448,CV.Total.SURVEY_LU1_1U3
0.01116848,0.01422697,CV.Total.SURVEY_LU1_1U4
0.1215234,0.1218799,CV.Total.SURVEY_LC1_2A1
0.05818713,0.03758966,CV.Total.SURVEY_LC1_2A2
0.18604008,0.08499445,CV.Total.SURVEY_LC1_2A3
0.17072450,0.03517995,CV.Total.SURVEY_LC1_2B1
NA,0.182312,CV.Total.SURVEY_LC1_2B2
0.16071576,0.05172239,CV.Total.SURVEY_LC1_2B3
0.6661589,0.1046894,CV.Total.SURVEY_LC1_2B4
0.22135215,0.05586754,CV.Total.SURVEY_LC1_2B5
0.17856808,0.07659059,CV.Total.SURVEY_LC1_2B7
0.12330133,0.02303065,CV.Total.SURVEY_LC1_2B8
0.04553462,NA,CV.Total.SURVEY_LC1_2Bx
0.01957570,0.03643487,CV.Total.SURVEY_LC1_2C1
0.03698452,0.07750257,CV.Total.SURVEY_LC1_2C2
0.08006488,0.12988478,CV.Total.SURVEY_LC1_2C3
0.01796664,0.02530282,CV.Total.SURVEY_LC1_2D1
0.01487018,0.02789758,CV.Total.SURVEY_LC1_2D2
0.02413762,0.02603421,CV.Total.SURVEY_LC1_2E1
0.02364771,0.02747185,CV.Total.SURVEY_LC1_2E2
0.04029373,0.02739864,CV.Total.SURVEY_LC1_2E3
0.0341490,0.1597252,CV.Total.SURVEY_LC1_2F1
0.1870586,0.0000000,CV.Total.SURVEY_LC1_2F2
0.06073078,0.05866456,CV.Total.SURVEY_LC1_2F4
0.001157758,0.000000000,CV.Total.SURVEY_LC1_2G1
0.03137311,0.10351672,CV.Total.SURVEY_LC1_2G2
  0,NA,CV.Total.SURVEY_LC1_2G3
  0,NA,CV.Total.SURVEY_LC1_2G4
0.03354117,0.06451740,CV.Total.SURVEY_LC1_2H1
0,0,CV.Total.SURVEY_LC1_2H2
0.015667954,0.008756518,CV.Total.SURVEY_LU1_2U11
0.02482874,0.04443399,CV.Total.SURVEY_LU1_2U12
0,0,CV.Total.SURVEY_LU1_2U13
0.01902897,0.05000237,CV.Total.SURVEY_LU1_2U14
0.4049953,0.2643444,CV.Total.SURVEY_LU1_2U15
0.06456934,0.13581804,CV.Total.SURVEY_LU1_2U21
0.1476107,0.4256313,CV.Total.SURVEY_LU1_2U22
0.06724396,0.03593694,CV.Total.SURVEY_LU1_2U31
0.01710973,0.11197005,CV.Total.SURVEY_LU1_2U32
0.0000000,0.1553222,CV.Total.SURVEY_LU1_2U33
0.2679902,0.1567686,CV.Total.SURVEY_LU1_2U34
0.05158998,0.14120711,CV.Total.SURVEY_LU1_2U35
0.0575172,0.1392505,CV.Total.SURVEY_LU1_2U36
0.07287390,0.07087718,CV.Total.SURVEY_LU1_2U37
0.05303411,0.03444359,CV.Total.SURVEY_LU1_2U41
0.01140872,0.01584383,CV.Total.SURVEY_LU1_2U42
0.1285561,0.1350617,CV.Total.SURVEY_LC1_3A11
0.6747267,0.0000000,CV.Total.SURVEY_LC1_3A12
0,0,CV.Total.SURVEY_LC1_3A13
0.1344235,0.1024704,CV.Total.SURVEY_LC1_3A21
0.07405423,0.03924393,CV.Total.SURVEY_LC1_3A22
0.18604008,0.08499445,CV.Total.SURVEY_LC1_3A30
0.00000000,0.09345031,CV.Total.SURVEY_LC1_3B11
0.43259333,0.07645453,CV.Total.SURVEY_LC1_3B12
0.54957815,0.08177756,CV.Total.SURVEY_LC1_3B13
NA,0.1925616,CV.Total.SURVEY_LC1_3B14
NA,0.1348821,CV.Total.SURVEY_LC1_3B15
0.23109342,0.08463501,CV.Total.SURVEY_LC1_3B16
0.6220867,0.3284191,CV.Total.SURVEY_LC1_3B17
NA,0.1359802,CV.Total.SURVEY_LC1_3B18
0.8162423,0.8819171,CV.Total.SURVEY_LC1_3B19
NA,0.2295556,CV.Total.SURVEY_LC1_3B21
NA,0.2754825,CV.Total.SURVEY_LC1_3B23
0.4167947,0.1117856,CV.Total.SURVEY_LC1_3B31
NA,0.3557059,CV.Total.SURVEY_LC1_3B32
NA,0.56491,CV.Total.SURVEY_LC1_3B33
0.17108837,0.06454274,CV.Total.SURVEY_LC1_3B34
NA,0.2278313,CV.Total.SURVEY_LC1_3B36
NA,0.2296241,CV.Total.SURVEY_LC1_3B37
NA,0.2401149,CV.Total.SURVEY_LC1_3B41
NA,0.2497298,CV.Total.SURVEY_LC1_3B42
0.6661589,0.1339778,CV.Total.SURVEY_LC1_3B43
NA,  0,CV.Total.SURVEY_LC1_3B44
0.1809167,0.1625652,CV.Total.SURVEY_LC1_3B51
0.34407480,0.08488155,CV.Total.SURVEY_LC1_3B52
0.5720836,0.1926869,CV.Total.SURVEY_LC1_3B53
0.4574681,0.1123361,CV.Total.SURVEY_LC1_3B54
NA,0.2148277,CV.Total.SURVEY_LC1_3B55
0.5452705,0.3002915,CV.Total.SURVEY_LC1_3B71
NA,0.4348295,CV.Total.SURVEY_LC1_3B72
0.0000000,0.3704558,CV.Total.SURVEY_LC1_3B73
0.3409246,0.1071301,CV.Total.SURVEY_LC1_3B74
0.3859260,0.1322361,CV.Total.SURVEY_LC1_3B75
0.2780254,0.2500204,CV.Total.SURVEY_LC1_3B76
0.08318139,0.47880050,CV.Total.SURVEY_LC1_3B77
0.13184038,0.02578947,CV.Total.SURVEY_LC1_3B81
0.2933941,0.1574503,CV.Total.SURVEY_LC1_3B82
NA,  0,CV.Total.SURVEY_LC1_3B83
0.0000000,0.2604176,CV.Total.SURVEY_LC1_3B84
0.04802994,NA,CV.Total.SURVEY_LC1_3Bx1
0.1204483,NA,CV.Total.SURVEY_LC1_3Bx2
0.07433952,NA,CV.Total.SURVEY_LC1_3Bxx
0.01957570,0.03643487,CV.Total.SURVEY_LC1_3C10
0.06527128,0.16461881,CV.Total.SURVEY_LC1_3C21
0.04524376,0.08749223,CV.Total.SURVEY_LC1_3C22
0.18197167,0.09745531,CV.Total.SURVEY_LC1_3C23
0.1402445,0.4083509,CV.Total.SURVEY_LC1_3C31
0.1142008,0.1227618,CV.Total.SURVEY_LC1_3C32
0.17337256,0.07119735,CV.Total.SURVEY_LC1_3C33
0.01796664,0.02530282,CV.Total.SURVEY_LC1_3D10
0.01487554,0.02789758,CV.Total.SURVEY_LC1_3D20
  0,NA,CV.Total.SURVEY_LC1_3D2x
0.02413762,0.02603421,CV.Total.SURVEY_LC1_3E10
0.02360335,0.02747185,CV.Total.SURVEY_LC1_3E20
0.5755942,NA,CV.Total.SURVEY_LC1_3E2x
0.04029373,0.02739864,CV.Total.SURVEY_LC1_3E30
0.0341490,0.1597252,CV.Total.SURVEY_LC1_3F10
0.1870586,0.0000000,CV.Total.SURVEY_LC1_3F20
0.06073078,0.05866456,CV.Total.SURVEY_LC1_3F40
0.001162849,0.000000000,CV.Total.SURVEY_LC1_3G11
  0,NA,CV.Total.SURVEY_LC1_3G12
0.03180701,0.10351672,CV.Total.SURVEY_LC1_3G21
  0,NA,CV.Total.SURVEY_LC1_3G22
  0,NA,CV.Total.SURVEY_LC1_3G30
  0,NA,CV.Total.SURVEY_LC1_3G40
0.03354117,0.06451740,CV.Total.SURVEY_LC1_3H11
0,0,CV.Total.SURVEY_LC1_3H21
0,0,CV.Total.SURVEY_LC1_3H22
0.01603818,0.01022593,CV.Total.SURVEY_LU1_3U111
0.06581534,0.03312046,CV.Total.SURVEY_LU1_3U112
0.06417044,0.13043277,CV.Total.SURVEY_LU1_3U113
0.02482874,0.04443399,CV.Total.SURVEY_LU1_3U120
0,0,CV.Total.SURVEY_LU1_3U130
0.01902897,0.05000237,CV.Total.SURVEY_LU1_3U140
0.4049953,0.2643444,CV.Total.SURVEY_LU1_3U150
0.06456934,0.13581804,CV.Total.SURVEY_LU1_3U210
0.0000000,0.7765779,CV.Total.SURVEY_LU1_3U221
  0,NA,CV.Total.SURVEY_LU1_3U222
0.0000000,0.6201737,CV.Total.SURVEY_LU1_3U223
0.0000000,0.1339758,CV.Total.SURVEY_LU1_3U224
0.5295234,NA,CV.Total.SURVEY_LU1_3U225
0.00000,0.29766,CV.Total.SURVEY_LU1_3U226
0,0,CV.Total.SURVEY_LU1_3U227
0.3804342,0.2314189,CV.Total.SURVEY_LU1_3U311
0.07479366,0.03845590,CV.Total.SURVEY_LU1_3U312
  0,NA,CV.Total.SURVEY_LU1_3U313
  0,NA,CV.Total.SURVEY_LU1_3U314
0.3382574,0.3158313,CV.Total.SURVEY_LU1_3U317
0,0,CV.Total.SURVEY_LU1_3U318
0.2921997,0.1491580,CV.Total.SURVEY_LU1_3U319
0.01816715,0.13434861,CV.Total.SURVEY_LU1_3U321
0,0,CV.Total.SURVEY_LU1_3U322
0.0000000,0.1553222,CV.Total.SURVEY_LU1_3U330
0.2740736,0.1567686,CV.Total.SURVEY_LU1_3U341
0.4472136,NA,CV.Total.SURVEY_LU1_3U342
0.05158998,0.14120711,CV.Total.SURVEY_LU1_3U350
0.06581356,0.18735048,CV.Total.SURVEY_LU1_3U361
0.09478503,0.13957465,CV.Total.SURVEY_LU1_3U362
0.07287390,0.07087718,CV.Total.SURVEY_LU1_3U370
0,0,CV.Total.SURVEY_LU1_3U411
0,0,CV.Total.SURVEY_LU1_3U412
0.1732851,0.2571107,CV.Total.SURVEY_LU1_3U413
0.25875039,0.05344939,CV.Total.SURVEY_LU1_3U414
0.05595512,0.03577889,CV.Total.SURVEY_LU1_3U415
0.01140872,0.01584383,CV.Total.SURVEY_LU1_3U420
0.007391200,0.009302413,CV.Total.settlement0
0.02068337,0.02755369,CV.Total.settlement1
0.02068337,0.02755369,CV.Total.settl_pc
0.008644186,0.009784630,CV.Total.fao_class_name0
0.01427104,0.03155670,CV.Total.fao_class_name1
0.02323187,0.02820294,CV.Total.fao_class_name2
0.06992103,0.02103958,CV.Total.fao_class_name3
0.007324904,0.008911129,CV.Total.lue0
0.03743731,0.05395591,CV.Total.lue1
0.007294390,0.009049359,CV.Total.lud0
0.04375211,0.03573814,CV.Total.lud1
