No,Yes,variable
231412.3,267072.4,Total.area
 9515.413,10266.866,Total.SURVEY_LC1_1A
 26150.39,107870.08,Total.SURVEY_LC1_1B
103210.40, 71774.89,Total.SURVEY_LC1_1C
48900.81,23393.14,Total.SURVEY_LC1_1D
24514.33,35413.05,Total.SURVEY_LC1_1E
13608.85,17405.20,Total.SURVEY_LC1_1F
4739.7065, 862.7017,Total.SURVEY_LC1_1G
772.38841, 86.44039,Total.SURVEY_LC1_1H
136143.7,197722.9,Total.SURVEY_LU1_1U1
657.3932,186.6803,Total.SURVEY_LU1_1U2
11191.62,12110.38,Total.SURVEY_LU1_1U3
83419.53,57052.42,Total.SURVEY_LU1_1U4
2336.989,2165.942,Total.SURVEY_LC1_2A1
6381.063,7434.298,Total.SURVEY_LC1_2A2
777.2167,666.6251,Total.SURVEY_LC1_2A3
20.14439, 0.00000,Total.SURVEY_LC1_2Ax
  553.1994,43913.3331,Total.SURVEY_LC1_2B1
 25.41414,977.10321,Total.SURVEY_LC1_2B2
 113.0906,9160.1305,Total.SURVEY_LC1_2B3
  22.4945,2506.1831,Total.SURVEY_LC1_2B4
  51.51678,5091.66836,Total.SURVEY_LC1_2B5
 1112.721,13653.651,Total.SURVEY_LC1_2B7
 3045.736,32568.012,Total.SURVEY_LC1_2B8
21226.21,    0.00,Total.SURVEY_LC1_2Bx
61724.14,40347.91,Total.SURVEY_LC1_2C1
37723.15,23463.79,Total.SURVEY_LC1_2C2
3763.107,7963.189,Total.SURVEY_LC1_2C3
9835.477,7011.233,Total.SURVEY_LC1_2D1
39065.33,16381.90,Total.SURVEY_LC1_2D2
4752.199,5878.535,Total.SURVEY_LC1_2E1
18741.27,19774.31,Total.SURVEY_LC1_2E2
1020.861,9760.211,Total.SURVEY_LC1_2E3
2982.7600, 516.2671,Total.SURVEY_LC1_2F1
127.47509, 15.52262,Total.SURVEY_LC1_2F2
10498.62,16873.41,Total.SURVEY_LC1_2F4
3026.0466, 227.9814,Total.SURVEY_LC1_2G1
1683.8035, 634.7203,Total.SURVEY_LC1_2G2
11.9611, 0.0000,Total.SURVEY_LC1_2G4
4.000838,0.000000,Total.SURVEY_LC1_2G5
13.89447, 0.00000,Total.SURVEY_LC1_2Gx
290.63489, 42.82427,Total.SURVEY_LC1_2H1
481.75353, 43.61612,Total.SURVEY_LC1_2H2
 59025.16,150667.73,Total.SURVEY_LU1_2U11
75994.04,46681.84,Total.SURVEY_LU1_2U12
49.334403, 8.494202,Total.SURVEY_LU1_2U13
516.6737,289.9766,Total.SURVEY_LU1_2U14
558.53352, 74.85202,Total.SURVEY_LU1_2U15
359.6294, 78.6726,Total.SURVEY_LU1_2U21
297.7638,108.0077,Total.SURVEY_LU1_2U22
5763.501,7614.688,Total.SURVEY_LU1_2U31
197.5640,294.2985,Total.SURVEY_LU1_2U32
 98.06807,206.09005,Total.SURVEY_LU1_2U33
386.4820,167.5758,Total.SURVEY_LU1_2U34
565.5294,369.6203,Total.SURVEY_LU1_2U35
871.0035,933.8834,Total.SURVEY_LU1_2U36
3309.473,2524.228,Total.SURVEY_LU1_2U37
1203.388,5099.387,Total.SURVEY_LU1_2U41
82216.14,51953.03,Total.SURVEY_LU1_2U42
4.016586,0.000000,Total.SURVEY_LC1_3A10
1635.406,1766.314,Total.SURVEY_LC1_3A11
404.16958, 32.80185,Total.SURVEY_LC1_3A12
225.8364,366.8267,Total.SURVEY_LC1_3A13
67.56012, 0.00000,Total.SURVEY_LC1_3A1x
1812.037,1486.310,Total.SURVEY_LC1_3A21
4569.026,5947.989,Total.SURVEY_LC1_3A22
777.2167,666.6251,Total.SURVEY_LC1_3A30
20.14439, 0.00000,Total.SURVEY_LC1_3Axx
   25.80939,12733.32407,Total.SURVEY_LC1_3B11
  14.16672,3209.43875,Total.SURVEY_LC1_3B12
   25.07273,18487.58898,Total.SURVEY_LC1_3B13
  14.24976,1034.36447,Total.SURVEY_LC1_3B14
   4.790657,3320.030448,Total.SURVEY_LC1_3B15
 424.877,3646.354,Total.SURVEY_LC1_3B16
 44.23308,288.82522,Total.SURVEY_LC1_3B17
   0.000,1185.731,Total.SURVEY_LC1_3B18
0.000000,7.676283,Total.SURVEY_LC1_3B19
  0.0000,424.4957,Total.SURVEY_LC1_3B21
  0.0000,192.5681,Total.SURVEY_LC1_3B22
 25.41414,360.03949,Total.SURVEY_LC1_3B23
  54.58139,7281.85739,Total.SURVEY_LC1_3B31
  48.94283,1130.60817,Total.SURVEY_LC1_3B32
 0.00000,82.62408,Total.SURVEY_LC1_3B33
  0.0000,404.3953,Total.SURVEY_LC1_3B34
 5.665956,64.369768,Total.SURVEY_LC1_3B35
 3.900468,26.041359,Total.SURVEY_LC1_3B36
  0.0000,170.2345,Total.SURVEY_LC1_3B37
   0.00,1665.04,Total.SURVEY_LC1_3B41
 18.47791,253.14891,Total.SURVEY_LC1_3B42
  0.0000,580.0378,Total.SURVEY_LC1_3B43
4.016586,7.956294,Total.SURVEY_LC1_3B44
  19.80529,2105.72626,Total.SURVEY_LC1_3B52
  0.0000,813.1963,Total.SURVEY_LC1_3B53
  3.959552,758.259796,Total.SURVEY_LC1_3B54
  27.75194,1414.48598,Total.SURVEY_LC1_3B55
 12.28303,404.38892,Total.SURVEY_LC1_3B71
 39.18565,161.33067,Total.SURVEY_LC1_3B72
 20.75116,188.98650,Total.SURVEY_LC1_3B73
 699.1164,8994.7974,Total.SURVEY_LC1_3B74
  71.26086,1463.19284,Total.SURVEY_LC1_3B75
 250.7318,1404.5883,Total.SURVEY_LC1_3B76
  19.39202,1036.36604,Total.SURVEY_LC1_3B77
 2536.89,22790.97,Total.SURVEY_LC1_3B81
 499.9244,9456.5657,Total.SURVEY_LC1_3B82
 4.836432,88.775388,Total.SURVEY_LC1_3B83
  4.084575,231.699810,Total.SURVEY_LC1_3B84
16814.26,    0.00,Total.SURVEY_LC1_3Bx1
4338.233,   0.000,Total.SURVEY_LC1_3Bx2
73.72042, 0.00000,Total.SURVEY_LC1_3Bxx
61527.49,40347.91,Total.SURVEY_LC1_3C10
196.6466,  0.0000,Total.SURVEY_LC1_3C1x
24.49457, 0.00000,Total.SURVEY_LC1_3C20
 14.86539,121.66622,Total.SURVEY_LC1_3C21
35944.90,21799.55,Total.SURVEY_LC1_3C22
1424.434,1542.578,Total.SURVEY_LC1_3C23
314.4514,  0.0000,Total.SURVEY_LC1_3C2x
13.41396,41.92843,Total.SURVEY_LC1_3C31
2110.457,5280.687,Total.SURVEY_LC1_3C32
1455.807,2640.573,Total.SURVEY_LC1_3C33
183.4291,  0.0000,Total.SURVEY_LC1_3C3x
9790.261,7011.233,Total.SURVEY_LC1_3D10
45.21635, 0.00000,Total.SURVEY_LC1_3D1x
38953.2,16381.9,Total.SURVEY_LC1_3D20
112.1276,  0.0000,Total.SURVEY_LC1_3D2x
4737.565,5878.535,Total.SURVEY_LC1_3E10
14.63409, 0.00000,Total.SURVEY_LC1_3E1x
18646.76,19774.31,Total.SURVEY_LC1_3E20
94.50933, 0.00000,Total.SURVEY_LC1_3E2x
 980.1228,9760.2109,Total.SURVEY_LC1_3E30
40.73873, 0.00000,Total.SURVEY_LC1_3E3x
2982.7600, 516.2671,Total.SURVEY_LC1_3F10
127.47509, 15.52262,Total.SURVEY_LC1_3F20
10483.69,16873.41,Total.SURVEY_LC1_3F40
14.93241, 0.00000,Total.SURVEY_LC1_3F4x
2944.0802, 223.9338,Total.SURVEY_LC1_3G11
81.966399, 4.047595,Total.SURVEY_LC1_3G12
1671.3967, 630.4502,Total.SURVEY_LC1_3G21
12.406782, 4.270144,Total.SURVEY_LC1_3G22
11.9611, 0.0000,Total.SURVEY_LC1_3G40
4.000838,0.000000,Total.SURVEY_LC1_3G50
13.89447, 0.00000,Total.SURVEY_LC1_3Gxx
290.63489, 42.82427,Total.SURVEY_LC1_3H11
366.89518, 43.61612,Total.SURVEY_LC1_3H21
82.49668, 0.00000,Total.SURVEY_LC1_3H22
32.36167, 0.00000,Total.SURVEY_LC1_3H23
 58599.25,139829.30,Total.SURVEY_LU1_3U111
   82.99132,10013.13665,Total.SURVEY_LU1_3U112
342.9184,825.2925,Total.SURVEY_LU1_3U113
75994.04,46681.84,Total.SURVEY_LU1_3U120
49.334403, 8.494202,Total.SURVEY_LU1_3U130
516.6737,289.9766,Total.SURVEY_LU1_3U140
558.53352, 74.85202,Total.SURVEY_LU1_3U150
359.6294, 78.6726,Total.SURVEY_LU1_3U210
26.87298,62.52889,Total.SURVEY_LU1_3U221
4.016586,0.000000,Total.SURVEY_LU1_3U222
45.30624, 0.00000,Total.SURVEY_LU1_3U223
63.53713,15.52270,Total.SURVEY_LU1_3U224
4.508097,5.955673,Total.SURVEY_LU1_3U225
138.63415, 19.76824,Total.SURVEY_LU1_3U226
14.888608, 4.232162,Total.SURVEY_LU1_3U227
 99.18445,195.78150,Total.SURVEY_LU1_3U311
4638.198,6382.678,Total.SURVEY_LU1_3U312
105.48994, 11.54304,Total.SURVEY_LU1_3U313
104.36470, 14.48032,Total.SURVEY_LU1_3U314
4.093681,6.878463,Total.SURVEY_LU1_3U316
350.3984,285.2695,Total.SURVEY_LU1_3U317
32.82493,87.34484,Total.SURVEY_LU1_3U318
428.9466,630.7117,Total.SURVEY_LU1_3U319
123.0069,211.0895,Total.SURVEY_LU1_3U321
74.55709,83.20898,Total.SURVEY_LU1_3U322
 98.06807,206.09005,Total.SURVEY_LU1_3U330
333.9437,163.5410,Total.SURVEY_LU1_3U341
52.538361, 4.034756,Total.SURVEY_LU1_3U342
565.5294,369.6203,Total.SURVEY_LU1_3U350
515.3325,570.1019,Total.SURVEY_LU1_3U361
355.6710,363.7815,Total.SURVEY_LU1_3U362
3309.473,2524.228,Total.SURVEY_LU1_3U370
192.8993,147.8639,Total.SURVEY_LU1_3U411
8.524683,9.651680,Total.SURVEY_LU1_3U413
 74.14831,196.97103,Total.SURVEY_LU1_3U414
 927.8154,4744.9003,Total.SURVEY_LU1_3U415
82216.14,51953.03,Total.SURVEY_LU1_3U420
219380.4,254201.0,Total.settlement0
12031.91,12871.40,Total.settlement1
0.2502198,0.2676781,Total.settl_pc
120344.1,155466.3,Total.fao_class_name0
76780.54,59565.39,Total.fao_class_name1
9666.969,6874.685,Total.fao_class_name2
24620.71,45166.01,Total.fao_class_name3
226279.8,263077.1,Total.lue0
5132.488,3995.307,Total.lue1
224179.1,258480.6,Total.lud0
7233.199,8591.733,Total.lud1
1985.928,1878.452,SE.Total.area
378.5887,386.4192,SE.Total.SURVEY_LC1_1A
702.4079,891.5409,SE.Total.SURVEY_LC1_1B
1670.192,1493.760,SE.Total.SURVEY_LC1_1C
1047.3434, 863.8138,SE.Total.SURVEY_LC1_1D
564.1633,676.6859,SE.Total.SURVEY_LC1_1E
399.4674,450.5644,SE.Total.SURVEY_LC1_1F
175.4339, 88.7112,SE.Total.SURVEY_LC1_1G
18.011359, 8.892184,SE.Total.SURVEY_LC1_1H
1874.838,1640.353,SE.Total.SURVEY_LU1_1U1
77.70078,32.01477,SE.Total.SURVEY_LU1_1U2
393.1914,432.8259,SE.Total.SURVEY_LU1_1U3
1450.109,1333.969,SE.Total.SURVEY_LU1_1U4
271.6285,254.2637,SE.Total.SURVEY_LC1_2A1
376.6428,353.4483,SE.Total.SURVEY_LC1_2A2
124.8320, 95.8443,SE.Total.SURVEY_LC1_2A3
11.50524, 0.00000,SE.Total.SURVEY_LC1_2Ax
 81.47981,674.60220,SE.Total.SURVEY_LC1_2B1
 23.23226,133.04805,SE.Total.SURVEY_LC1_2B2
 50.79156,418.40561,SE.Total.SURVEY_LC1_2B3
 16.37892,206.17417,SE.Total.SURVEY_LC1_2B4
 24.84491,292.83842,SE.Total.SURVEY_LC1_2B5
181.5679,649.2895,SE.Total.SURVEY_LC1_2B7
382.2263,806.7889,SE.Total.SURVEY_LC1_2B8
571.8939,  0.0000,SE.Total.SURVEY_LC1_2Bx
1522.739,1316.409,SE.Total.SURVEY_LC1_2C1
1275.798,1057.322,SE.Total.SURVEY_LC1_2C2
410.2304,618.2037,SE.Total.SURVEY_LC1_2C3
588.0915,511.3679,SE.Total.SURVEY_LC1_2D1
1049.100, 753.376,SE.Total.SURVEY_LC1_2D2
281.9027,350.3718,SE.Total.SURVEY_LC1_2E1
498.6276,487.5491,SE.Total.SURVEY_LC1_2E2
 99.43975,399.79936,SE.Total.SURVEY_LC1_2E3
145.2836,135.8154,SE.Total.SURVEY_LC1_2F1
10.786211, 1.073167,SE.Total.SURVEY_LC1_2F2
372.4115,429.6315,SE.Total.SURVEY_LC1_2F4
43.52588,17.50822,SE.Total.SURVEY_LC1_2G1
172.68125, 87.49776,SE.Total.SURVEY_LC1_2G2
1.242193,0.000000,SE.Total.SURVEY_LC1_2G4
0,0,SE.Total.SURVEY_LC1_2G5
2.778894,0.000000,SE.Total.SURVEY_LC1_2Gx
16.26150, 1.59698,SE.Total.SURVEY_LC1_2H1
7.823208,8.747605,SE.Total.SURVEY_LC1_2H2
968.3517,977.4287,SE.Total.SURVEY_LU1_2U11
1658.372,1364.435,SE.Total.SURVEY_LU1_2U12
4.555607,0.000000,SE.Total.SURVEY_LU1_2U13
26.32622,41.64341,SE.Total.SURVEY_LU1_2U14
165.64283, 43.24385,SE.Total.SURVEY_LU1_2U15
55.91494,10.85172,SE.Total.SURVEY_LU1_2U21
54.13864,30.11952,SE.Total.SURVEY_LU1_2U22
392.6917,355.4444,SE.Total.SURVEY_LU1_2U31
32.63007,81.86250,SE.Total.SURVEY_LU1_2U32
27.07117,85.96458,SE.Total.SURVEY_LU1_2U33
149.22107, 49.27998,SE.Total.SURVEY_LU1_2U34
 91.31456,133.73579,SE.Total.SURVEY_LU1_2U35
 67.68899,147.46174,SE.Total.SURVEY_LU1_2U36
255.4449,237.8712,SE.Total.SURVEY_LU1_2U37
134.8728,342.7945,SE.Total.SURVEY_LU1_2U41
1445.176,1294.789,SE.Total.SURVEY_LU1_2U42
0,0,SE.Total.SURVEY_LC1_3A10
199.0510,244.7586,SE.Total.SURVEY_LC1_3A11
165.767971,  4.266672,SE.Total.SURVEY_LC1_3A12
82.70243,68.74863,SE.Total.SURVEY_LC1_3A13
24.55067, 0.00000,SE.Total.SURVEY_LC1_3A1x
175.5623,173.5086,SE.Total.SURVEY_LC1_3A21
371.6965,331.8009,SE.Total.SURVEY_LC1_3A22
124.8320, 95.8443,SE.Total.SURVEY_LC1_3A30
11.50524, 0.00000,SE.Total.SURVEY_LC1_3Axx
 15.60028,473.80618,SE.Total.SURVEY_LC1_3B11
 11.96155,219.41254,SE.Total.SURVEY_LC1_3B12
 11.16105,541.49345,SE.Total.SURVEY_LC1_3B13
 12.03167,141.87216,SE.Total.SURVEY_LC1_3B14
  1.553523,254.411526,SE.Total.SURVEY_LC1_3B15
 74.66356,240.47592,SE.Total.SURVEY_LC1_3B16
20.50322,48.97013,SE.Total.SURVEY_LC1_3B17
  0.0000,149.1947,SE.Total.SURVEY_LC1_3B18
0,0,SE.Total.SURVEY_LC1_3B19
 0.00000,86.48687,SE.Total.SURVEY_LC1_3B21
 0.0000,67.1867,SE.Total.SURVEY_LC1_3B22
23.23226,76.07877,SE.Total.SURVEY_LC1_3B23
 37.00648,381.97365,SE.Total.SURVEY_LC1_3B31
 34.6897,157.1250,SE.Total.SURVEY_LC1_3B32
 0.00000,36.12504,SE.Total.SURVEY_LC1_3B33
 0.00000,68.74456,SE.Total.SURVEY_LC1_3B34
 3.047295,40.000430,SE.Total.SURVEY_LC1_3B35
 0.00000,20.09625,SE.Total.SURVEY_LC1_3B36
 0.00000,61.49036,SE.Total.SURVEY_LC1_3B37
  0.0000,187.1789,SE.Total.SURVEY_LC1_3B41
16.37892,63.09349,SE.Total.SURVEY_LC1_3B42
 0.00000,59.78244,SE.Total.SURVEY_LC1_3B43
0,0,SE.Total.SURVEY_LC1_3B44
 17.5836,210.0274,SE.Total.SURVEY_LC1_3B52
  0.0000,145.6738,SE.Total.SURVEY_LC1_3B53
  0.0000,113.5391,SE.Total.SURVEY_LC1_3B54
 17.5836,100.4835,SE.Total.SURVEY_LC1_3B55
 0.00000,88.18695,SE.Total.SURVEY_LC1_3B71
23.35236,59.55213,SE.Total.SURVEY_LC1_3B72
 6.468819,62.286584,SE.Total.SURVEY_LC1_3B73
158.2830,577.2674,SE.Total.SURVEY_LC1_3B74
 22.82833,235.24151,SE.Total.SURVEY_LC1_3B75
 83.80349,248.97081,SE.Total.SURVEY_LC1_3B76
  4.259394,195.904308,SE.Total.SURVEY_LC1_3B77
356.8725,808.6351,SE.Total.SURVEY_LC1_3B81
139.4863,606.8555,SE.Total.SURVEY_LC1_3B82
 1.827999,40.193265,SE.Total.SURVEY_LC1_3B83
 0.00000,61.76448,SE.Total.SURVEY_LC1_3B84
431.051,  0.000,SE.Total.SURVEY_LC1_3Bx1
385.3776,  0.0000,SE.Total.SURVEY_LC1_3Bx2
27.92325, 0.00000,SE.Total.SURVEY_LC1_3Bxx
1522.696,1316.409,SE.Total.SURVEY_LC1_3C10
96.58971, 0.00000,SE.Total.SURVEY_LC1_3C1x
22.81376, 0.00000,SE.Total.SURVEY_LC1_3C20
 3.825248,67.434581,SE.Total.SURVEY_LC1_3C21
1263.819,1036.566,SE.Total.SURVEY_LC1_3C22
202.7205,268.7970,SE.Total.SURVEY_LC1_3C23
125.4347,  0.0000,SE.Total.SURVEY_LC1_3C2x
11.02243,31.24177,SE.Total.SURVEY_LC1_3C31
299.5348,523.1954,SE.Total.SURVEY_LC1_3C32
258.8324,350.7468,SE.Total.SURVEY_LC1_3C33
123.7253,  0.0000,SE.Total.SURVEY_LC1_3C3x
586.5228,511.3679,SE.Total.SURVEY_LC1_3D10
42.92541, 0.00000,SE.Total.SURVEY_LC1_3D1x
1049.334, 753.376,SE.Total.SURVEY_LC1_3D20
67.65162, 0.00000,SE.Total.SURVEY_LC1_3D2x
281.8639,350.3718,SE.Total.SURVEY_LC1_3E10
5.221209,0.000000,SE.Total.SURVEY_LC1_3E1x
497.6740,487.5491,SE.Total.SURVEY_LC1_3E20
36.15461, 0.00000,SE.Total.SURVEY_LC1_3E2x
 97.00789,399.79936,SE.Total.SURVEY_LC1_3E30
21.85818, 0.00000,SE.Total.SURVEY_LC1_3E3x
145.2836,135.8154,SE.Total.SURVEY_LC1_3F10
10.786211, 1.073167,SE.Total.SURVEY_LC1_3F20
372.3414,429.6315,SE.Total.SURVEY_LC1_3F40
7.503497,0.000000,SE.Total.SURVEY_LC1_3F4x
43.69901,17.50822,SE.Total.SURVEY_LC1_3G11
7.315709,0.000000,SE.Total.SURVEY_LC1_3G12
172.68125, 87.49776,SE.Total.SURVEY_LC1_3G21
0,0,SE.Total.SURVEY_LC1_3G22
1.242193,0.000000,SE.Total.SURVEY_LC1_3G40
0,0,SE.Total.SURVEY_LC1_3G50
2.778894,0.000000,SE.Total.SURVEY_LC1_3Gxx
16.26150, 1.59698,SE.Total.SURVEY_LC1_3H11
6.860875,8.747605,SE.Total.SURVEY_LC1_3H21
3.75912,0.00000,SE.Total.SURVEY_LC1_3H22
0,0,SE.Total.SURVEY_LC1_3H23
 967.5707,1003.9914,SE.Total.SURVEY_LU1_3U111
 18.69379,375.21338,SE.Total.SURVEY_LU1_3U112
48.00481,97.08352,SE.Total.SURVEY_LU1_3U113
1658.372,1364.435,SE.Total.SURVEY_LU1_3U120
4.555607,0.000000,SE.Total.SURVEY_LU1_3U130
26.32622,41.64341,SE.Total.SURVEY_LU1_3U140
165.64283, 43.24385,SE.Total.SURVEY_LU1_3U150
55.91494,10.85172,SE.Total.SURVEY_LU1_3U210
 7.09894,28.80476,SE.Total.SURVEY_LU1_3U221
0,0,SE.Total.SURVEY_LU1_3U222
15.82521, 0.00000,SE.Total.SURVEY_LU1_3U223
31.08966, 0.00000,SE.Total.SURVEY_LU1_3U224
0.000000,3.438509,SE.Total.SURVEY_LU1_3U225
41.140484, 8.102345,SE.Total.SURVEY_LU1_3U226
0,0,SE.Total.SURVEY_LU1_3U227
35.99971,63.17627,SE.Total.SURVEY_LU1_3U311
370.9259,331.2286,SE.Total.SURVEY_LU1_3U312
39.43870, 5.00201,SE.Total.SURVEY_LU1_3U313
24.664328, 4.051014,SE.Total.SURVEY_LU1_3U314
0.000000,4.350322,SE.Total.SURVEY_LU1_3U316
60.97115,66.04823,SE.Total.SURVEY_LU1_3U317
 1.260851,46.135784,SE.Total.SURVEY_LU1_3U318
108.7541,105.6865,SE.Total.SURVEY_LU1_3U319
13.70485,80.36976,SE.Total.SURVEY_LU1_3U321
29.61248,15.56974,SE.Total.SURVEY_LU1_3U322
27.07117,85.96458,SE.Total.SURVEY_LU1_3U330
147.65237, 49.27998,SE.Total.SURVEY_LU1_3U341
21.58017, 0.00000,SE.Total.SURVEY_LU1_3U342
 91.31456,133.73579,SE.Total.SURVEY_LU1_3U350
 49.27444,117.81586,SE.Total.SURVEY_LU1_3U361
46.82860,88.68478,SE.Total.SURVEY_LU1_3U362
255.4449,237.8712,SE.Total.SURVEY_LU1_3U370
83.13071,42.27866,SE.Total.SURVEY_LU1_3U411
0.000000,3.235842,SE.Total.SURVEY_LU1_3U413
 0.00000,50.34476,SE.Total.SURVEY_LU1_3U414
106.3024,336.5815,SE.Total.SURVEY_LU1_3U415
1445.176,1294.789,SE.Total.SURVEY_LU1_3U420
1975.712,1858.280,SE.Total.settlement0
403.2842,430.9245,SE.Total.settlement1
0.008386839,0.008961657,SE.Total.settl_pc
1372.823,1312.180,SE.Total.fao_class_name0
1573.233,1391.424,SE.Total.fao_class_name1
648.1971,539.1694,SE.Total.fao_class_name2
1046.486,1079.606,SE.Total.fao_class_name3
1992.394,1873.992,SE.Total.lue0
296.3048,297.1321,SE.Total.lue1
1993.541,1874.275,SE.Total.lud0
395.7601,370.7798,SE.Total.lud1
227519.9,263390.7,CI.l(95%).Total.area
8773.393,9509.498,CI.l(95%).Total.SURVEY_LC1_1A
 24773.69,106122.69,CI.l(95%).Total.SURVEY_LC1_1B
99936.88,68847.17,CI.l(95%).Total.SURVEY_LC1_1C
46848.05,21700.09,CI.l(95%).Total.SURVEY_LC1_1D
23408.59,34086.77,CI.l(95%).Total.SURVEY_LC1_1E
12825.91,16522.11,CI.l(95%).Total.SURVEY_LC1_1F
4395.8624, 688.8309,CI.l(95%).Total.SURVEY_LC1_1G
737.08680, 69.01203,CI.l(95%).Total.SURVEY_LC1_1H
132469.1,194507.9,CI.l(95%).Total.SURVEY_LU1_1U1
505.1024,123.9325,CI.l(95%).Total.SURVEY_LU1_1U2
10420.98,11262.06,CI.l(95%).Total.SURVEY_LU1_1U3
80577.37,54437.89,CI.l(95%).Total.SURVEY_LU1_1U4
1804.607,1667.595,CI.l(95%).Total.SURVEY_LC1_2A1
5642.857,6741.552,CI.l(95%).Total.SURVEY_LC1_2A2
532.5505,478.7738,CI.l(95%).Total.SURVEY_LC1_2A3
-2.405454, 0.000000,CI.l(95%).Total.SURVEY_LC1_2Ax
  393.5019,42591.1371,CI.l(95%).Total.SURVEY_LC1_2B1
-20.12025,716.33383,CI.l(95%).Total.SURVEY_LC1_2B2
  13.54102,8340.07060,CI.l(95%).Total.SURVEY_LC1_2B3
  -9.607589,2102.089111,CI.l(95%).Total.SURVEY_LC1_2B4
   2.821642,4517.715606,CI.l(95%).Total.SURVEY_LC1_2B5
  756.8544,12381.0666,CI.l(95%).Total.SURVEY_LC1_2B7
 2296.586,30986.734,CI.l(95%).Total.SURVEY_LC1_2B8
20105.32,    0.00,CI.l(95%).Total.SURVEY_LC1_2Bx
58739.63,37767.79,CI.l(95%).Total.SURVEY_LC1_2C1
35222.63,21391.48,CI.l(95%).Total.SURVEY_LC1_2C2
2959.071,6751.532,CI.l(95%).Total.SURVEY_LC1_2C3
8682.839,6008.971,CI.l(95%).Total.SURVEY_LC1_2D1
37009.13,14905.31,CI.l(95%).Total.SURVEY_LC1_2D2
4199.680,5191.818,CI.l(95%).Total.SURVEY_LC1_2E1
17763.98,18818.73,CI.l(95%).Total.SURVEY_LC1_2E2
 825.9632,8976.6185,CI.l(95%).Total.SURVEY_LC1_2E3
2698.0094, 250.0737,CI.l(95%).Total.SURVEY_LC1_2F1
106.33450, 13.41925,CI.l(95%).Total.SURVEY_LC1_2F2
 9768.706,16031.352,CI.l(95%).Total.SURVEY_LC1_2F4
2940.7374, 193.6659,CI.l(95%).Total.SURVEY_LC1_2G1
1345.3544, 463.2278,CI.l(95%).Total.SURVEY_LC1_2G2
9.526442,0.000000,CI.l(95%).Total.SURVEY_LC1_2G4
4.000838,0.000000,CI.l(95%).Total.SURVEY_LC1_2G5
8.447939,0.000000,CI.l(95%).Total.SURVEY_LC1_2Gx
258.76294, 39.69425,CI.l(95%).Total.SURVEY_LC1_2H1
466.42032, 26.47113,CI.l(95%).Total.SURVEY_LC1_2H2
 57127.22,148752.00,CI.l(95%).Total.SURVEY_LU1_2U11
72743.69,44007.60,CI.l(95%).Total.SURVEY_LU1_2U12
40.405576, 8.494202,CI.l(95%).Total.SURVEY_LU1_2U13
465.0752,208.3570,CI.l(95%).Total.SURVEY_LU1_2U14
233.879542, -9.904357,CI.l(95%).Total.SURVEY_LU1_2U15
250.03809, 57.40363,CI.l(95%).Total.SURVEY_LU1_2U21
191.65400, 48.97448,CI.l(95%).Total.SURVEY_LU1_2U22
4993.839,6918.029,CI.l(95%).Total.SURVEY_LU1_2U31
133.6103,133.8510,CI.l(95%).Total.SURVEY_LU1_2U32
45.00955,37.60256,CI.l(95%).Total.SURVEY_LU1_2U33
94.01410,70.98878,CI.l(95%).Total.SURVEY_LU1_2U34
386.5561,107.5030,CI.l(95%).Total.SURVEY_LU1_2U35
738.3355,644.8637,CI.l(95%).Total.SURVEY_LU1_2U36
2808.811,2058.009,CI.l(95%).Total.SURVEY_LU1_2U37
 939.0418,4427.5219,CI.l(95%).Total.SURVEY_LU1_2U41
79383.65,49415.29,CI.l(95%).Total.SURVEY_LU1_2U42
4.016586,0.000000,CI.l(95%).Total.SURVEY_LC1_3A10
1245.273,1286.596,CI.l(95%).Total.SURVEY_LC1_3A11
79.27032,24.43933,CI.l(95%).Total.SURVEY_LC1_3A12
 63.74259,232.08184,CI.l(95%).Total.SURVEY_LC1_3A13
19.4417, 0.0000,CI.l(95%).Total.SURVEY_LC1_3A1x
1467.941,1146.239,CI.l(95%).Total.SURVEY_LC1_3A21
3840.514,5297.671,CI.l(95%).Total.SURVEY_LC1_3A22
532.5505,478.7738,CI.l(95%).Total.SURVEY_LC1_3A30
-2.405454, 0.000000,CI.l(95%).Total.SURVEY_LC1_3Axx
   -4.766606,11804.681017,CI.l(95%).Total.SURVEY_LC1_3B11
  -9.277489,2779.398072,CI.l(95%).Total.SURVEY_LC1_3B12
    3.197473,17426.281331,CI.l(95%).Total.SURVEY_LC1_3B13
 -9.331869,756.300147,CI.l(95%).Total.SURVEY_LC1_3B14
   1.745808,2821.393020,CI.l(95%).Total.SURVEY_LC1_3B15
 278.5391,3175.0296,CI.l(95%).Total.SURVEY_LC1_3B16
  4.047505,192.845532,CI.l(95%).Total.SURVEY_LC1_3B17
  0.0000,893.3149,CI.l(95%).Total.SURVEY_LC1_3B18
0.000000,7.676283,CI.l(95%).Total.SURVEY_LC1_3B19
  0.0000,254.9845,CI.l(95%).Total.SURVEY_LC1_3B21
 0.00000,60.88454,CI.l(95%).Total.SURVEY_LC1_3B22
-20.12025,210.92784,CI.l(95%).Total.SURVEY_LC1_3B23
 -17.94998,6533.20279,CI.l(95%).Total.SURVEY_LC1_3B31
-19.04773,822.64885,CI.l(95%).Total.SURVEY_LC1_3B32
 0.00000,11.82031,CI.l(95%).Total.SURVEY_LC1_3B33
  0.0000,269.6584,CI.l(95%).Total.SURVEY_LC1_3B34
 -0.3066329,-14.0296346,CI.l(95%).Total.SURVEY_LC1_3B35
  3.900468,-13.346565,CI.l(95%).Total.SURVEY_LC1_3B36
 0.00000,49.71557,CI.l(95%).Total.SURVEY_LC1_3B37
   0.000,1298.176,CI.l(95%).Total.SURVEY_LC1_3B41
-13.62418,129.48795,CI.l(95%).Total.SURVEY_LC1_3B42
  0.0000,462.8664,CI.l(95%).Total.SURVEY_LC1_3B43
4.016586,7.956294,CI.l(95%).Total.SURVEY_LC1_3B44
 -14.65794,1694.08006,CI.l(95%).Total.SURVEY_LC1_3B52
  0.0000,527.6809,CI.l(95%).Total.SURVEY_LC1_3B53
  3.959552,535.727187,CI.l(95%).Total.SURVEY_LC1_3B54
  -6.711287,1217.541920,CI.l(95%).Total.SURVEY_LC1_3B55
 12.28303,231.54566,CI.l(95%).Total.SURVEY_LC1_3B71
-6.584136,44.610642,CI.l(95%).Total.SURVEY_LC1_3B72
 8.072506,66.907033,CI.l(95%).Total.SURVEY_LC1_3B73
 388.8875,7863.3741,CI.l(95%).Total.SURVEY_LC1_3B74
  26.51814,1002.12796,CI.l(95%).Total.SURVEY_LC1_3B75
 86.48001,916.61449,CI.l(95%).Total.SURVEY_LC1_3B76
 11.04376,652.40065,CI.l(95%).Total.SURVEY_LC1_3B77
 1837.433,21206.075,CI.l(95%).Total.SURVEY_LC1_3B81
 226.5362,8267.1509,CI.l(95%).Total.SURVEY_LC1_3B82
1.253619,9.998035,CI.l(95%).Total.SURVEY_LC1_3B83
  4.084575,110.643645,CI.l(95%).Total.SURVEY_LC1_3B84
15969.42,    0.00,CI.l(95%).Total.SURVEY_LC1_3Bx1
3582.907,   0.000,CI.l(95%).Total.SURVEY_LC1_3Bx2
18.99185, 0.00000,CI.l(95%).Total.SURVEY_LC1_3Bxx
58543.06,37767.79,CI.l(95%).Total.SURVEY_LC1_3C10
7.334294,0.000000,CI.l(95%).Total.SURVEY_LC1_3C1x
-20.21959,  0.00000,CI.l(95%).Total.SURVEY_LC1_3C20
  7.368038,-10.503132,CI.l(95%).Total.SURVEY_LC1_3C21
33467.86,19767.92,CI.l(95%).Total.SURVEY_LC1_3C22
1027.109,1015.746,CI.l(95%).Total.SURVEY_LC1_3C23
68.60403, 0.00000,CI.l(95%).Total.SURVEY_LC1_3C2x
 -8.189617,-19.304307,CI.l(95%).Total.SURVEY_LC1_3C31
1523.380,4255.243,CI.l(95%).Total.SURVEY_LC1_3C32
 948.5047,1953.1220,CI.l(95%).Total.SURVEY_LC1_3C33
-59.06798,  0.00000,CI.l(95%).Total.SURVEY_LC1_3C3x
8640.697,6008.971,CI.l(95%).Total.SURVEY_LC1_3D10
-38.9159,  0.0000,CI.l(95%).Total.SURVEY_LC1_3D1x
36896.55,14905.31,CI.l(95%).Total.SURVEY_LC1_3D20
-20.46711,  0.00000,CI.l(95%).Total.SURVEY_LC1_3D2x
4185.122,5191.818,CI.l(95%).Total.SURVEY_LC1_3E10
4.400707,0.000000,CI.l(95%).Total.SURVEY_LC1_3E1x
17671.34,18818.73,CI.l(95%).Total.SURVEY_LC1_3E20
23.64759, 0.00000,CI.l(95%).Total.SURVEY_LC1_3E2x
 789.9908,8976.6185,CI.l(95%).Total.SURVEY_LC1_3E30
-2.102525, 0.000000,CI.l(95%).Total.SURVEY_LC1_3E3x
2698.0094, 250.0737,CI.l(95%).Total.SURVEY_LC1_3F10
106.33450, 13.41925,CI.l(95%).Total.SURVEY_LC1_3F20
 9753.911,16031.352,CI.l(95%).Total.SURVEY_LC1_3F40
0.2258256,0.0000000,CI.l(95%).Total.SURVEY_LC1_3F4x
2858.4317, 189.6183,CI.l(95%).Total.SURVEY_LC1_3G11
67.627872, 4.047595,CI.l(95%).Total.SURVEY_LC1_3G12
1332.9477, 458.9577,CI.l(95%).Total.SURVEY_LC1_3G21
12.406782, 4.270144,CI.l(95%).Total.SURVEY_LC1_3G22
9.526442,0.000000,CI.l(95%).Total.SURVEY_LC1_3G40
4.000838,0.000000,CI.l(95%).Total.SURVEY_LC1_3G50
8.447939,0.000000,CI.l(95%).Total.SURVEY_LC1_3Gxx
258.76294, 39.69425,CI.l(95%).Total.SURVEY_LC1_3H11
353.44811, 26.47113,CI.l(95%).Total.SURVEY_LC1_3H21
75.12894, 0.00000,CI.l(95%).Total.SURVEY_LC1_3H22
32.36167, 0.00000,CI.l(95%).Total.SURVEY_LC1_3H23
 56702.84,137861.51,CI.l(95%).Total.SURVEY_LU1_3U111
  46.35217,9277.73193,CI.l(95%).Total.SURVEY_LU1_3U112
248.8307,635.0123,CI.l(95%).Total.SURVEY_LU1_3U113
72743.69,44007.60,CI.l(95%).Total.SURVEY_LU1_3U120
40.405576, 8.494202,CI.l(95%).Total.SURVEY_LU1_3U130
465.0752,208.3570,CI.l(95%).Total.SURVEY_LU1_3U140
233.879542, -9.904357,CI.l(95%).Total.SURVEY_LU1_3U150
250.03809, 57.40363,CI.l(95%).Total.SURVEY_LU1_3U210
12.95932, 6.07259,CI.l(95%).Total.SURVEY_LU1_3U221
4.016586,0.000000,CI.l(95%).Total.SURVEY_LU1_3U222
14.2894, 0.0000,CI.l(95%).Total.SURVEY_LU1_3U223
 2.602514,15.522703,CI.l(95%).Total.SURVEY_LU1_3U224
 4.5080967,-0.7836815,CI.l(95%).Total.SURVEY_LU1_3U225
58.000280, 3.887934,CI.l(95%).Total.SURVEY_LU1_3U226
14.888608, 4.232162,CI.l(95%).Total.SURVEY_LU1_3U227
28.62631,71.95829,CI.l(95%).Total.SURVEY_LU1_3U311
3911.196,5733.482,CI.l(95%).Total.SURVEY_LU1_3U312
28.19150, 1.73928,CI.l(95%).Total.SURVEY_LU1_3U313
56.023501, 6.540478,CI.l(95%).Total.SURVEY_LU1_3U314
 4.093681,-1.648011,CI.l(95%).Total.SURVEY_LU1_3U316
230.8971,155.8173,CI.l(95%).Total.SURVEY_LU1_3U317
30.353711,-3.079634,CI.l(95%).Total.SURVEY_LU1_3U318
215.7924,423.5699,CI.l(95%).Total.SURVEY_LU1_3U319
96.14593,53.56771,CI.l(95%).Total.SURVEY_LU1_3U321
16.51771,52.69286,CI.l(95%).Total.SURVEY_LU1_3U322
45.00955,37.60256,CI.l(95%).Total.SURVEY_LU1_3U330
44.55032,66.95402,CI.l(95%).Total.SURVEY_LU1_3U341
10.242012, 4.034756,CI.l(95%).Total.SURVEY_LU1_3U342
386.5561,107.5030,CI.l(95%).Total.SURVEY_LU1_3U350
418.7564,339.1870,CI.l(95%).Total.SURVEY_LU1_3U361
263.8886,189.9625,CI.l(95%).Total.SURVEY_LU1_3U362
2808.811,2058.009,CI.l(95%).Total.SURVEY_LU1_3U370
29.96609,64.99925,CI.l(95%).Total.SURVEY_LU1_3U411
8.524683,3.309546,CI.l(95%).Total.SURVEY_LU1_3U413
74.14831,98.29711,CI.l(95%).Total.SURVEY_LU1_3U414
 719.4665,4085.2126,CI.l(95%).Total.SURVEY_LU1_3U415
79383.65,49415.29,CI.l(95%).Total.SURVEY_LU1_3U420
215508.1,250558.8,CI.l(95%).Total.settlement0
11241.48,12026.80,CI.l(95%).Total.settlement1
0.2337818,0.2501136,CI.l(95%).Total.settl_pc
117653.4,152894.5,CI.l(95%).Total.fao_class_name0
73697.06,56838.25,CI.l(95%).Total.fao_class_name1
8396.526,5817.933,CI.l(95%).Total.fao_class_name2
22569.63,43050.02,CI.l(95%).Total.fao_class_name3
222374.8,259404.1,CI.l(95%).Total.lue0
4551.742,3412.939,CI.l(95%).Total.lue1
220271.8,254807.1,CI.l(95%).Total.lud0
6457.524,7865.018,CI.l(95%).Total.lud1
235304.6,270754.1,CI.u(95%).Total.area
10257.43,11024.23,CI.u(95%).Total.SURVEY_LC1_1A
 27527.08,109617.47,CI.u(95%).Total.SURVEY_LC1_1B
106483.91, 74702.61,CI.u(95%).Total.SURVEY_LC1_1C
50953.56,25086.18,CI.u(95%).Total.SURVEY_LC1_1D
25620.07,36739.33,CI.u(95%).Total.SURVEY_LC1_1E
14391.80,18288.29,CI.u(95%).Total.SURVEY_LC1_1F
5083.550,1036.572,CI.u(95%).Total.SURVEY_LC1_1G
807.6900,103.8687,CI.u(95%).Total.SURVEY_LC1_1H
139818.4,200937.9,CI.u(95%).Total.SURVEY_LU1_1U1
809.6839,249.4281,CI.u(95%).Total.SURVEY_LU1_1U2
11962.26,12958.71,CI.u(95%).Total.SURVEY_LU1_1U3
86261.69,59666.95,CI.u(95%).Total.SURVEY_LU1_1U4
2869.371,2664.290,CI.u(95%).Total.SURVEY_LC1_2A1
7119.269,8127.044,CI.u(95%).Total.SURVEY_LC1_2A2
1021.8829, 854.4765,CI.u(95%).Total.SURVEY_LC1_2A3
42.69424, 0.00000,CI.u(95%).Total.SURVEY_LC1_2Ax
  712.8969,45235.5291,CI.u(95%).Total.SURVEY_LC1_2B1
  70.94854,1237.87259,CI.u(95%).Total.SURVEY_LC1_2B2
 212.6403,9980.1904,CI.u(95%).Total.SURVEY_LC1_2B3
  54.59658,2910.27700,CI.u(95%).Total.SURVEY_LC1_2B4
 100.2119,5665.6211,CI.u(95%).Total.SURVEY_LC1_2B5
 1468.588,14926.235,CI.u(95%).Total.SURVEY_LC1_2B7
 3794.886,34149.289,CI.u(95%).Total.SURVEY_LC1_2B8
22347.11,    0.00,CI.u(95%).Total.SURVEY_LC1_2Bx
64708.65,42928.02,CI.u(95%).Total.SURVEY_LC1_2C1
40223.67,25536.11,CI.u(95%).Total.SURVEY_LC1_2C2
4567.144,9174.846,CI.u(95%).Total.SURVEY_LC1_2C3
10988.115, 8013.496,CI.u(95%).Total.SURVEY_LC1_2D1
41121.53,17858.49,CI.u(95%).Total.SURVEY_LC1_2D2
5304.718,6565.251,CI.u(95%).Total.SURVEY_LC1_2E1
19718.57,20729.89,CI.u(95%).Total.SURVEY_LC1_2E2
 1215.76,10543.80,CI.u(95%).Total.SURVEY_LC1_2E3
3267.5106, 782.4604,CI.u(95%).Total.SURVEY_LC1_2F1
148.61567, 17.62599,CI.u(95%).Total.SURVEY_LC1_2F2
11228.53,17715.48,CI.u(95%).Total.SURVEY_LC1_2F4
3111.3557, 262.2969,CI.u(95%).Total.SURVEY_LC1_2G1
2022.2525, 806.2127,CI.u(95%).Total.SURVEY_LC1_2G2
14.39575, 0.00000,CI.u(95%).Total.SURVEY_LC1_2G4
4.000838,0.000000,CI.u(95%).Total.SURVEY_LC1_2G5
19.34101, 0.00000,CI.u(95%).Total.SURVEY_LC1_2Gx
322.50683, 45.95429,CI.u(95%).Total.SURVEY_LC1_2H1
497.08674, 60.76111,CI.u(95%).Total.SURVEY_LC1_2H2
 60923.09,152583.45,CI.u(95%).Total.SURVEY_LU1_2U11
79244.39,49356.09,CI.u(95%).Total.SURVEY_LU1_2U12
58.263229, 8.494202,CI.u(95%).Total.SURVEY_LU1_2U13
568.2721,371.5962,CI.u(95%).Total.SURVEY_LU1_2U14
883.1875,159.6084,CI.u(95%).Total.SURVEY_LU1_2U15
469.22064, 99.94158,CI.u(95%).Total.SURVEY_LU1_2U21
403.8736,167.0408,CI.u(95%).Total.SURVEY_LU1_2U22
6533.162,8311.346,CI.u(95%).Total.SURVEY_LU1_2U31
261.5178,454.7461,CI.u(95%).Total.SURVEY_LU1_2U32
151.1266,374.5775,CI.u(95%).Total.SURVEY_LU1_2U33
678.9499,264.1628,CI.u(95%).Total.SURVEY_LU1_2U34
744.5026,631.7376,CI.u(95%).Total.SURVEY_LU1_2U35
1003.671,1222.903,CI.u(95%).Total.SURVEY_LU1_2U36
3810.136,2990.447,CI.u(95%).Total.SURVEY_LU1_2U37
1467.734,5771.252,CI.u(95%).Total.SURVEY_LU1_2U41
85048.63,54490.77,CI.u(95%).Total.SURVEY_LU1_2U42
4.016586,0.000000,CI.u(95%).Total.SURVEY_LC1_3A10
2025.539,2246.032,CI.u(95%).Total.SURVEY_LC1_3A11
729.06883, 41.16437,CI.u(95%).Total.SURVEY_LC1_3A12
387.9302,501.5715,CI.u(95%).Total.SURVEY_LC1_3A13
115.6785,  0.0000,CI.u(95%).Total.SURVEY_LC1_3A1x
2156.133,1826.380,CI.u(95%).Total.SURVEY_LC1_3A21
5297.538,6598.307,CI.u(95%).Total.SURVEY_LC1_3A22
1021.8829, 854.4765,CI.u(95%).Total.SURVEY_LC1_3A30
42.69424, 0.00000,CI.u(95%).Total.SURVEY_LC1_3Axx
   56.38539,13661.96713,CI.u(95%).Total.SURVEY_LC1_3B11
  37.61094,3639.47943,CI.u(95%).Total.SURVEY_LC1_3B12
   46.94799,19548.89663,CI.u(95%).Total.SURVEY_LC1_3B13
  37.8314,1312.4288,CI.u(95%).Total.SURVEY_LC1_3B14
   7.835507,3818.667876,CI.u(95%).Total.SURVEY_LC1_3B15
 571.2149,4117.6779,CI.u(95%).Total.SURVEY_LC1_3B16
 84.41865,384.80490,CI.u(95%).Total.SURVEY_LC1_3B17
   0.000,1478.147,CI.u(95%).Total.SURVEY_LC1_3B18
0.000000,7.676283,CI.u(95%).Total.SURVEY_LC1_3B19
  0.0000,594.0068,CI.u(95%).Total.SURVEY_LC1_3B21
  0.0000,324.2516,CI.u(95%).Total.SURVEY_LC1_3B22
 70.94854,509.15114,CI.u(95%).Total.SURVEY_LC1_3B23
 127.1128,8030.5120,CI.u(95%).Total.SURVEY_LC1_3B31
 116.9334,1438.5675,CI.u(95%).Total.SURVEY_LC1_3B32
  0.0000,153.4278,CI.u(95%).Total.SURVEY_LC1_3B33
  0.0000,539.1321,CI.u(95%).Total.SURVEY_LC1_3B34
 11.63854,142.76917,CI.u(95%).Total.SURVEY_LC1_3B35
 3.900468,65.429283,CI.u(95%).Total.SURVEY_LC1_3B36
  0.0000,290.7534,CI.u(95%).Total.SURVEY_LC1_3B37
   0.000,2031.904,CI.u(95%).Total.SURVEY_LC1_3B41
 50.57999,376.80987,CI.u(95%).Total.SURVEY_LC1_3B42
  0.0000,697.2092,CI.u(95%).Total.SURVEY_LC1_3B43
4.016586,7.956294,CI.u(95%).Total.SURVEY_LC1_3B44
  54.26851,2517.37245,CI.u(95%).Total.SURVEY_LC1_3B52
   0.000,1098.712,CI.u(95%).Total.SURVEY_LC1_3B53
  3.959552,980.792405,CI.u(95%).Total.SURVEY_LC1_3B54
  62.21516,1611.43004,CI.u(95%).Total.SURVEY_LC1_3B55
 12.28303,577.23217,CI.u(95%).Total.SURVEY_LC1_3B71
 84.95543,278.05070,CI.u(95%).Total.SURVEY_LC1_3B72
 33.42981,311.06596,CI.u(95%).Total.SURVEY_LC1_3B73
 1009.345,10126.221,CI.u(95%).Total.SURVEY_LC1_3B74
 116.0036,1924.2577,CI.u(95%).Total.SURVEY_LC1_3B75
 414.9836,1892.5621,CI.u(95%).Total.SURVEY_LC1_3B76
  27.74028,1420.33143,CI.u(95%).Total.SURVEY_LC1_3B77
 3236.348,24375.866,CI.u(95%).Total.SURVEY_LC1_3B81
  773.3126,10645.9806,CI.u(95%).Total.SURVEY_LC1_3B82
  8.419245,167.552741,CI.u(95%).Total.SURVEY_LC1_3B83
  4.084575,352.755975,CI.u(95%).Total.SURVEY_LC1_3B84
17659.1,    0.0,CI.u(95%).Total.SURVEY_LC1_3Bx1
5093.559,   0.000,CI.u(95%).Total.SURVEY_LC1_3Bx2
128.449,  0.000,CI.u(95%).Total.SURVEY_LC1_3Bxx
64511.92,42928.02,CI.u(95%).Total.SURVEY_LC1_3C10
385.959,  0.000,CI.u(95%).Total.SURVEY_LC1_3C1x
69.20872, 0.00000,CI.u(95%).Total.SURVEY_LC1_3C20
 22.36273,253.83557,CI.u(95%).Total.SURVEY_LC1_3C21
38421.94,23831.18,CI.u(95%).Total.SURVEY_LC1_3C22
1821.759,2069.411,CI.u(95%).Total.SURVEY_LC1_3C23
560.2989,  0.0000,CI.u(95%).Total.SURVEY_LC1_3C2x
 35.01753,103.16118,CI.u(95%).Total.SURVEY_LC1_3C31
2697.535,6306.132,CI.u(95%).Total.SURVEY_LC1_3C32
1963.109,3328.024,CI.u(95%).Total.SURVEY_LC1_3C33
425.9262,  0.0000,CI.u(95%).Total.SURVEY_LC1_3C3x
10939.824, 8013.496,CI.u(95%).Total.SURVEY_LC1_3D10
129.3486,  0.0000,CI.u(95%).Total.SURVEY_LC1_3D1x
41009.86,17858.49,CI.u(95%).Total.SURVEY_LC1_3D20
244.7224,  0.0000,CI.u(95%).Total.SURVEY_LC1_3D2x
5290.008,6565.251,CI.u(95%).Total.SURVEY_LC1_3E10
24.86747, 0.00000,CI.u(95%).Total.SURVEY_LC1_3E1x
19622.19,20729.89,CI.u(95%).Total.SURVEY_LC1_3E20
165.3711,  0.0000,CI.u(95%).Total.SURVEY_LC1_3E2x
 1170.255,10543.803,CI.u(95%).Total.SURVEY_LC1_3E30
83.57998, 0.00000,CI.u(95%).Total.SURVEY_LC1_3E3x
3267.5106, 782.4604,CI.u(95%).Total.SURVEY_LC1_3F10
148.61567, 17.62599,CI.u(95%).Total.SURVEY_LC1_3F20
11213.46,17715.48,CI.u(95%).Total.SURVEY_LC1_3F40
29.639, 0.000,CI.u(95%).Total.SURVEY_LC1_3F4x
3029.7287, 258.2493,CI.u(95%).Total.SURVEY_LC1_3G11
96.304926, 4.047595,CI.u(95%).Total.SURVEY_LC1_3G12
2009.8457, 801.9426,CI.u(95%).Total.SURVEY_LC1_3G21
12.406782, 4.270144,CI.u(95%).Total.SURVEY_LC1_3G22
14.39575, 0.00000,CI.u(95%).Total.SURVEY_LC1_3G40
4.000838,0.000000,CI.u(95%).Total.SURVEY_LC1_3G50
19.34101, 0.00000,CI.u(95%).Total.SURVEY_LC1_3Gxx
322.50683, 45.95429,CI.u(95%).Total.SURVEY_LC1_3H11
380.34225, 60.76111,CI.u(95%).Total.SURVEY_LC1_3H21
89.86441, 0.00000,CI.u(95%).Total.SURVEY_LC1_3H22
32.36167, 0.00000,CI.u(95%).Total.SURVEY_LC1_3H23
 60495.65,141797.08,CI.u(95%).Total.SURVEY_LU1_3U111
  119.6305,10748.5414,CI.u(95%).Total.SURVEY_LU1_3U112
 437.0061,1015.5727,CI.u(95%).Total.SURVEY_LU1_3U113
79244.39,49356.09,CI.u(95%).Total.SURVEY_LU1_3U120
58.263229, 8.494202,CI.u(95%).Total.SURVEY_LU1_3U130
568.2721,371.5962,CI.u(95%).Total.SURVEY_LU1_3U140
883.1875,159.6084,CI.u(95%).Total.SURVEY_LU1_3U150
469.22064, 99.94158,CI.u(95%).Total.SURVEY_LU1_3U210
 40.78665,118.98519,CI.u(95%).Total.SURVEY_LU1_3U221
4.016586,0.000000,CI.u(95%).Total.SURVEY_LU1_3U222
76.32309, 0.00000,CI.u(95%).Total.SURVEY_LU1_3U223
124.4717, 15.5227,CI.u(95%).Total.SURVEY_LU1_3U224
 4.508097,12.695027,CI.u(95%).Total.SURVEY_LU1_3U225
219.26802, 35.64854,CI.u(95%).Total.SURVEY_LU1_3U226
14.888608, 4.232162,CI.u(95%).Total.SURVEY_LU1_3U227
169.7426,319.6047,CI.u(95%).Total.SURVEY_LU1_3U311
5365.199,7031.874,CI.u(95%).Total.SURVEY_LU1_3U312
182.7884, 21.3468,CI.u(95%).Total.SURVEY_LU1_3U313
152.70589, 22.42016,CI.u(95%).Total.SURVEY_LU1_3U314
 4.093681,15.404937,CI.u(95%).Total.SURVEY_LU1_3U316
469.8997,414.7217,CI.u(95%).Total.SURVEY_LU1_3U317
 35.29616,177.76931,CI.u(95%).Total.SURVEY_LU1_3U318
642.1008,837.8535,CI.u(95%).Total.SURVEY_LU1_3U319
149.8679,368.6114,CI.u(95%).Total.SURVEY_LU1_3U321
132.5965,113.7251,CI.u(95%).Total.SURVEY_LU1_3U322
151.1266,374.5775,CI.u(95%).Total.SURVEY_LU1_3U330
623.337,260.128,CI.u(95%).Total.SURVEY_LU1_3U341
94.834711, 4.034756,CI.u(95%).Total.SURVEY_LU1_3U342
744.5026,631.7376,CI.u(95%).Total.SURVEY_LU1_3U350
611.9086,801.0168,CI.u(95%).Total.SURVEY_LU1_3U361
447.4533,537.6005,CI.u(95%).Total.SURVEY_LU1_3U362
3810.136,2990.447,CI.u(95%).Total.SURVEY_LU1_3U370
355.8325,230.7286,CI.u(95%).Total.SURVEY_LU1_3U411
 8.524683,15.993814,CI.u(95%).Total.SURVEY_LU1_3U413
 74.14831,295.64495,CI.u(95%).Total.SURVEY_LU1_3U414
1136.164,5404.588,CI.u(95%).Total.SURVEY_LU1_3U415
85048.63,54490.77,CI.u(95%).Total.SURVEY_LU1_3U420
223252.7,257843.1,CI.u(95%).Total.settlement0
12822.33,13715.99,CI.u(95%).Total.settlement1
0.2666577,0.2852426,CI.u(95%).Total.settl_pc
123034.8,158038.1,CI.u(95%).Total.fao_class_name0
79864.02,62292.53,CI.u(95%).Total.fao_class_name1
10937.412, 7931.438,CI.u(95%).Total.fao_class_name2
26671.78,47281.99,CI.u(95%).Total.fao_class_name3
230184.8,266750.0,CI.u(95%).Total.lue0
5713.235,4577.675,CI.u(95%).Total.lue1
228086.4,262154.2,CI.u(95%).Total.lud0
8008.875,9318.448,CI.u(95%).Total.lud1
0.008581776,0.007033493,CV.Total.area
0.03978689,0.03763751,CV.Total.SURVEY_LC1_1A
0.02686032,0.00826495,CV.Total.SURVEY_LC1_1B
0.01618240,0.02081174,CV.Total.SURVEY_LC1_1C
0.02141771,0.03692595,CV.Total.SURVEY_LC1_1D
0.02301361,0.01910837,CV.Total.SURVEY_LC1_1E
0.02935349,0.02588677,CV.Total.SURVEY_LC1_1F
0.03701365,0.10282952,CV.Total.SURVEY_LC1_1G
0.02331904,0.10287070,CV.Total.SURVEY_LC1_1H
0.013771019,0.008296224,CV.Total.SURVEY_LU1_1U1
0.1181953,0.1714952,CV.Total.SURVEY_LU1_1U2
0.03513266,0.03574006,CV.Total.SURVEY_LU1_1U3
0.01738333,0.02338146,CV.Total.SURVEY_LU1_1U4
0.1162301,0.1173917,CV.Total.SURVEY_LC1_2A1
0.05902509,0.04754292,CV.Total.SURVEY_LC1_2A2
0.1606141,0.1437754,CV.Total.SURVEY_LC1_2A3
0.5711384,NA,CV.Total.SURVEY_LC1_2Ax
0.14728832,0.01536213,CV.Total.SURVEY_LC1_2B1
0.9141468,0.1361658,CV.Total.SURVEY_LC1_2B2
0.44912252,0.04567682,CV.Total.SURVEY_LC1_2B3
0.7281299,0.0822662,CV.Total.SURVEY_LC1_2B4
0.48226839,0.05751325,CV.Total.SURVEY_LC1_2B5
0.16317470,0.04755428,CV.Total.SURVEY_LC1_2B7
0.12549556,0.02477243,CV.Total.SURVEY_LC1_2B8
0.02694281,NA,CV.Total.SURVEY_LC1_2Bx
0.02467007,0.03262646,CV.Total.SURVEY_LC1_2C1
0.03382004,0.04506183,CV.Total.SURVEY_LC1_2C2
0.10901373,0.07763267,CV.Total.SURVEY_LC1_2C3
0.05979288,0.07293551,CV.Total.SURVEY_LC1_2D1
0.02685501,0.04598830,CV.Total.SURVEY_LC1_2D2
0.05932047,0.05960190,CV.Total.SURVEY_LC1_2E1
0.02660586,0.02465568,CV.Total.SURVEY_LC1_2E2
0.09740768,0.04096216,CV.Total.SURVEY_LC1_2E3
0.04870778,0.26307202,CV.Total.SURVEY_LC1_2F1
0.08461427,0.06913566,CV.Total.SURVEY_LC1_2F2
0.03547243,0.02546203,CV.Total.SURVEY_LC1_2F4
0.01438374,0.07679670,CV.Total.SURVEY_LC1_2G1
0.1025543,0.1378525,CV.Total.SURVEY_LC1_2G2
0.1038528,NA,CV.Total.SURVEY_LC1_2G4
  0,NA,CV.Total.SURVEY_LC1_2G5
0.2,NA,CV.Total.SURVEY_LC1_2Gx
0.05595163,0.03729147,CV.Total.SURVEY_LC1_2H1
0.01623903,0.20055898,CV.Total.SURVEY_LC1_2H2
0.016405745,0.006487313,CV.Total.SURVEY_LU1_2U11
0.02182240,0.02922838,CV.Total.SURVEY_LU1_2U12
0.09234139,0.00000000,CV.Total.SURVEY_LU1_2U13
0.05095328,0.14360953,CV.Total.SURVEY_LU1_2U14
0.2965674,0.5777245,CV.Total.SURVEY_LU1_2U15
0.1554794,0.1379351,CV.Total.SURVEY_LU1_2U21
0.1818174,0.2788647,CV.Total.SURVEY_LU1_2U22
0.06813424,0.04667878,CV.Total.SURVEY_LU1_2U31
0.1651620,0.2781614,CV.Total.SURVEY_LU1_2U32
0.2760447,0.4171215,CV.Total.SURVEY_LU1_2U33
0.3861009,0.2940758,CV.Total.SURVEY_LU1_2U34
0.1614674,0.3618194,CV.Total.SURVEY_LU1_2U35
0.0777138,0.1579017,CV.Total.SURVEY_LU1_2U36
0.07718598,0.09423523,CV.Total.SURVEY_LU1_2U37
0.1120776,0.0672227,CV.Total.SURVEY_LU1_2U41
0.01757776,0.02492229,CV.Total.SURVEY_LU1_2U42
  0,NA,CV.Total.SURVEY_LC1_3A10
0.1217135,0.1385703,CV.Total.SURVEY_LC1_3A11
0.4101446,0.1300741,CV.Total.SURVEY_LC1_3A12
0.3662051,0.1874145,CV.Total.SURVEY_LC1_3A13
0.3633899,NA,CV.Total.SURVEY_LC1_3A1x
0.09688673,0.11673788,CV.Total.SURVEY_LC1_3A21
0.08135137,0.05578371,CV.Total.SURVEY_LC1_3A22
0.1606141,0.1437754,CV.Total.SURVEY_LC1_3A30
0.5711384,NA,CV.Total.SURVEY_LC1_3Axx
0.60444221,0.03720994,CV.Total.SURVEY_LC1_3B11
0.84434148,0.06836477,CV.Total.SURVEY_LC1_3B12
0.44514700,0.02928957,CV.Total.SURVEY_LC1_3B13
0.8443415,0.1371588,CV.Total.SURVEY_LC1_3B14
0.32428187,0.07662927,CV.Total.SURVEY_LC1_3B15
0.1757298,0.0659497,CV.Total.SURVEY_LC1_3B16
0.4635269,0.1695493,CV.Total.SURVEY_LC1_3B17
NA,0.1258251,CV.Total.SURVEY_LC1_3B18
NA,  0,CV.Total.SURVEY_LC1_3B19
NA,0.2037403,CV.Total.SURVEY_LC1_3B21
NA,0.3488985,CV.Total.SURVEY_LC1_3B22
0.9141468,0.2113067,CV.Total.SURVEY_LC1_3B23
0.67800546,0.05245552,CV.Total.SURVEY_LC1_3B31
0.7087800,0.1389739,CV.Total.SURVEY_LC1_3B32
NA,0.4372216,CV.Total.SURVEY_LC1_3B33
NA,0.1699935,CV.Total.SURVEY_LC1_3B34
0.5378254,0.6214164,CV.Total.SURVEY_LC1_3B35
0.0000000,0.7717051,CV.Total.SURVEY_LC1_3B36
NA,0.3612098,CV.Total.SURVEY_LC1_3B37
NA,0.1124171,CV.Total.SURVEY_LC1_3B41
0.8864053,0.2492347,CV.Total.SURVEY_LC1_3B42
NA,0.1030665,CV.Total.SURVEY_LC1_3B43
0,0,CV.Total.SURVEY_LC1_3B44
0.88782368,0.09974109,CV.Total.SURVEY_LC1_3B52
NA,0.1791373,CV.Total.SURVEY_LC1_3B53
0.0000000,0.1497365,CV.Total.SURVEY_LC1_3B54
0.63359903,0.07103889,CV.Total.SURVEY_LC1_3B55
0.0000000,0.2180746,CV.Total.SURVEY_LC1_3B71
0.5959417,0.3691309,CV.Total.SURVEY_LC1_3B72
0.3117329,0.3295822,CV.Total.SURVEY_LC1_3B73
0.22640428,0.06417792,CV.Total.SURVEY_LC1_3B74
0.3203489,0.1607727,CV.Total.SURVEY_LC1_3B75
0.3342355,0.1772554,CV.Total.SURVEY_LC1_3B76
0.2196468,0.1890300,CV.Total.SURVEY_LC1_3B77
0.1406732,0.0354805,CV.Total.SURVEY_LC1_3B81
0.27901483,0.06417292,CV.Total.SURVEY_LC1_3B82
0.3779645,0.4527523,CV.Total.SURVEY_LC1_3B83
0.0000000,0.2665711,CV.Total.SURVEY_LC1_3B84
0.02563604,NA,CV.Total.SURVEY_LC1_3Bx1
0.08883286,NA,CV.Total.SURVEY_LC1_3Bx2
0.3787723,NA,CV.Total.SURVEY_LC1_3Bxx
0.02474823,0.03262646,CV.Total.SURVEY_LC1_3C10
0.4911841,NA,CV.Total.SURVEY_LC1_3C1x
0.9313806,NA,CV.Total.SURVEY_LC1_3C20
0.2573258,0.5542589,CV.Total.SURVEY_LC1_3C21
0.03515989,0.04754987,CV.Total.SURVEY_LC1_3C22
0.1423165,0.1742518,CV.Total.SURVEY_LC1_3C23
0.3988999,NA,CV.Total.SURVEY_LC1_3C2x
0.8217139,0.7451213,CV.Total.SURVEY_LC1_3C31
0.14192885,0.09907714,CV.Total.SURVEY_LC1_3C32
0.1777931,0.1328298,CV.Total.SURVEY_LC1_3C33
0.6745128,NA,CV.Total.SURVEY_LC1_3C3x
0.05990881,0.07293551,CV.Total.SURVEY_LC1_3D10
0.9493337,NA,CV.Total.SURVEY_LC1_3D1x
0.02693832,0.04598830,CV.Total.SURVEY_LC1_3D20
0.6033448,NA,CV.Total.SURVEY_LC1_3D2x
0.05949552,0.05960190,CV.Total.SURVEY_LC1_3E10
0.356784,NA,CV.Total.SURVEY_LC1_3E1x
0.02668956,0.02465568,CV.Total.SURVEY_LC1_3E20
0.3825507,NA,CV.Total.SURVEY_LC1_3E2x
0.09897524,0.04096216,CV.Total.SURVEY_LC1_3E30
0.5365456,NA,CV.Total.SURVEY_LC1_3E3x
0.04870778,0.26307202,CV.Total.SURVEY_LC1_3F10
0.08461427,0.06913566,CV.Total.SURVEY_LC1_3F20
0.03551627,0.02546203,CV.Total.SURVEY_LC1_3F40
0.5024974,NA,CV.Total.SURVEY_LC1_3F4x
0.01484301,0.07818480,CV.Total.SURVEY_LC1_3G11
0.08925254,0.00000000,CV.Total.SURVEY_LC1_3G12
0.1033155,0.1387862,CV.Total.SURVEY_LC1_3G21
0,0,CV.Total.SURVEY_LC1_3G22
0.1038528,NA,CV.Total.SURVEY_LC1_3G40
  0,NA,CV.Total.SURVEY_LC1_3G50
0.2,NA,CV.Total.SURVEY_LC1_3Gxx
0.05595163,0.03729147,CV.Total.SURVEY_LC1_3H11
0.01869982,0.20055898,CV.Total.SURVEY_LC1_3H21
0.04556693,NA,CV.Total.SURVEY_LC1_3H22
  0,NA,CV.Total.SURVEY_LC1_3H23
0.016511657,0.007180122,CV.Total.SURVEY_LU1_3U111
0.22524989,0.03747211,CV.Total.SURVEY_LU1_3U112
0.1399890,0.1176353,CV.Total.SURVEY_LU1_3U113
0.02182240,0.02922838,CV.Total.SURVEY_LU1_3U120
0.09234139,0.00000000,CV.Total.SURVEY_LU1_3U130
0.05095328,0.14360953,CV.Total.SURVEY_LU1_3U140
0.2965674,0.5777245,CV.Total.SURVEY_LU1_3U150
0.1554794,0.1379351,CV.Total.SURVEY_LU1_3U210
0.2641664,0.4606633,CV.Total.SURVEY_LU1_3U221
  0,NA,CV.Total.SURVEY_LU1_3U222
0.3492943,NA,CV.Total.SURVEY_LU1_3U223
0.4893148,0.0000000,CV.Total.SURVEY_LU1_3U224
0.0000000,0.5773503,CV.Total.SURVEY_LU1_3U225
0.2967558,0.4098668,CV.Total.SURVEY_LU1_3U226
0,0,CV.Total.SURVEY_LU1_3U227
0.3629572,0.3226876,CV.Total.SURVEY_LU1_3U311
0.07997199,0.05189492,CV.Total.SURVEY_LU1_3U312
0.3738622,0.4333356,CV.Total.SURVEY_LU1_3U313
0.2363283,0.2797600,CV.Total.SURVEY_LU1_3U314
0.0000000,0.6324555,CV.Total.SURVEY_LU1_3U316
0.1740052,0.2315293,CV.Total.SURVEY_LU1_3U317
0.03841138,0.52820274,CV.Total.SURVEY_LU1_3U318
0.2535377,0.1675671,CV.Total.SURVEY_LU1_3U319
0.1114152,0.3807378,CV.Total.SURVEY_LU1_3U321
0.3971785,0.1871161,CV.Total.SURVEY_LU1_3U322
0.2760447,0.4171215,CV.Total.SURVEY_LU1_3U330
0.4421476,0.3013310,CV.Total.SURVEY_LU1_3U341
0.4107507,0.0000000,CV.Total.SURVEY_LU1_3U342
0.1614674,0.3618194,CV.Total.SURVEY_LU1_3U350
0.09561679,0.20665755,CV.Total.SURVEY_LU1_3U361
0.1316627,0.2437858,CV.Total.SURVEY_LU1_3U362
0.07718598,0.09423523,CV.Total.SURVEY_LU1_3U370
0.4309539,0.2859296,CV.Total.SURVEY_LU1_3U411
0.0000000,0.3352621,CV.Total.SURVEY_LU1_3U413
0.0000000,0.2555948,CV.Total.SURVEY_LU1_3U414
0.11457282,0.07093543,CV.Total.SURVEY_LU1_3U415
0.01757776,0.02492229,CV.Total.SURVEY_LU1_3U420
0.009005872,0.007310278,CV.Total.settlement0
0.03351790,0.03347923,CV.Total.settlement1
0.03351790,0.03347923,CV.Total.settl_pc
0.011407483,0.008440287,CV.Total.fao_class_name0
0.0204900,0.0233596,CV.Total.fao_class_name1
0.06705277,0.07842823,CV.Total.fao_class_name2
0.04250430,0.02390306,CV.Total.fao_class_name3
0.008805003,0.007123357,CV.Total.lue0
0.05773121,0.07437029,CV.Total.lue1
0.008892626,0.007251122,CV.Total.lud0
0.05471440,0.04315542,CV.Total.lud1
