No,Yes,variable
282340.5,266719.5,Total.area
19279.03,12233.83,Total.SURVEY_LC1_1A
 33501.21,117224.30,Total.SURVEY_LC1_1B
126088.42, 58829.74,Total.SURVEY_LC1_1C
12451.858, 3360.023,Total.SURVEY_LC1_1D
61476.49,68852.05,Total.SURVEY_LC1_1E
23223.557, 4898.827,Total.SURVEY_LC1_1F
5381.819,1162.421,Total.SURVEY_LC1_1G
938.1625,158.2727,Total.SURVEY_LC1_1H
206476.7,237233.9,Total.SURVEY_LU1_1U1
1042.1269, 143.8987,Total.SURVEY_LU1_1U2
37288.70,19193.23,Total.SURVEY_LU1_1U3
37533.00,10148.48,Total.SURVEY_LU1_1U4
5845.800,2322.625,Total.SURVEY_LC1_2A1
12673.541, 9094.667,Total.SURVEY_LC1_2A2
739.1463,816.5371,Total.SURVEY_LC1_2A3
20.5429, 0.0000,Total.SURVEY_LC1_2Ax
 2329.82,64453.66,Total.SURVEY_LC1_2B1
  38.58796,4902.91762,Total.SURVEY_LC1_2B2
  825.1986,20545.3721,Total.SURVEY_LC1_2B3
 124.7255,2345.7743,Total.SURVEY_LC1_2B4
  760.6768,15523.3262,Total.SURVEY_LC1_2B5
 401.5754,2404.2628,Total.SURVEY_LC1_2B7
1098.718,7048.986,Total.SURVEY_LC1_2B8
27921.91,    0.00,Total.SURVEY_LC1_2Bx
83705.64,42704.69,Total.SURVEY_LC1_2C1
22189.748, 6605.858,Total.SURVEY_LC1_2C2
17792.151, 9519.195,Total.SURVEY_LC1_2C3
2400.882,   0.000,Total.SURVEY_LC1_2Cx
4386.381,1708.612,Total.SURVEY_LC1_2D1
8010.882,1651.411,Total.SURVEY_LC1_2D2
54.59509, 0.00000,Total.SURVEY_LC1_2Dx
7125.856,5599.833,Total.SURVEY_LC1_2E1
49249.89,56648.76,Total.SURVEY_LC1_2E2
4788.704,6603.455,Total.SURVEY_LC1_2E3
312.0388,  0.0000,Total.SURVEY_LC1_2Ex
5864.37644,  79.33623,Total.SURVEY_LC1_2F1
246.576873,  8.301514,Total.SURVEY_LC1_2F2
4.136693,0.000000,Total.SURVEY_LC1_2F3
16994.093, 4811.189,Total.SURVEY_LC1_2F4
114.3736,  0.0000,Total.SURVEY_LC1_2Fx
3231.8630, 532.3914,Total.SURVEY_LC1_2G1
1868.7762, 630.0294,Total.SURVEY_LC1_2G2
39.06011, 0.00000,Total.SURVEY_LC1_2G3
238.1621,  0.0000,Total.SURVEY_LC1_2G5
3.957817,0.000000,Total.SURVEY_LC1_2Gx
468.8614,118.4322,Total.SURVEY_LC1_2H1
458.49534, 39.84057,Total.SURVEY_LC1_2H2
10.80583, 0.00000,Total.SURVEY_LC1_2Hx
 98236.38,187285.19,Total.SURVEY_LU1_2U11
106541.64, 49734.47,Total.SURVEY_LU1_2U12
615.6550,131.2054,Total.SURVEY_LU1_2U13
1033.86417,  72.46877,Total.SURVEY_LU1_2U14
49.17138,10.52267,Total.SURVEY_LU1_2U15
411.54863, 92.41386,Total.SURVEY_LU1_2U21
630.57828, 51.48487,Total.SURVEY_LU1_2U22
11177.414, 9340.993,Total.SURVEY_LU1_2U31
331.348,162.642,Total.SURVEY_LU1_2U32
171.6703,292.4025,Total.SURVEY_LU1_2U33
1068.0799, 195.7369,Total.SURVEY_LU1_2U34
2746.8453, 669.9958,Total.SURVEY_LU1_2U35
3677.428,1088.394,Total.SURVEY_LU1_2U36
18115.913, 7443.062,Total.SURVEY_LU1_2U37
367.5210,895.7105,Total.SURVEY_LU1_2U41
37165.480, 9252.766,Total.SURVEY_LU1_2U42
5278.623,2157.601,Total.SURVEY_LC1_3A11
431.738951,  4.024565,Total.SURVEY_LC1_3A12
120.8124,160.9999,Total.SURVEY_LC1_3A13
14.62575, 0.00000,Total.SURVEY_LC1_3A1x
5687.436,1945.177,Total.SURVEY_LC1_3A21
6962.853,7149.491,Total.SURVEY_LC1_3A22
23.25213, 0.00000,Total.SURVEY_LC1_3A2x
735.1760,816.5371,Total.SURVEY_LC1_3A30
3.970313,0.000000,Total.SURVEY_LC1_3A3x
20.5429, 0.0000,Total.SURVEY_LC1_3Axx
  500.8882,28771.4538,Total.SURVEY_LC1_3B11
 171.5731,3388.7754,Total.SURVEY_LC1_3B12
 201.4044,9781.6852,Total.SURVEY_LC1_3B13
 18.68255,727.07675,Total.SURVEY_LC1_3B14
 18.23606,918.13700,Total.SURVEY_LC1_3B15
 1349.662,18468.101,Total.SURVEY_LC1_3B16
  19.85664,1469.60737,Total.SURVEY_LC1_3B18
 49.51766,928.82069,Total.SURVEY_LC1_3B19
  30.13389,1637.50178,Total.SURVEY_LC1_3B21
   0.000,2889.709,Total.SURVEY_LC1_3B22
  8.454064,375.706943,Total.SURVEY_LC1_3B23
 440.1019,6231.4926,Total.SURVEY_LC1_3B31
  310.5096,10750.2328,Total.SURVEY_LC1_3B32
   0.000,1385.591,Total.SURVEY_LC1_3B33
  70.5321,2016.7005,Total.SURVEY_LC1_3B35
 0.00000,17.58571,Total.SURVEY_LC1_3B36
  4.055083,143.769590,Total.SURVEY_LC1_3B37
  53.21539,1287.07205,Total.SURVEY_LC1_3B41
 0.00000,35.24751,Total.SURVEY_LC1_3B42
 42.96476,940.80308,Total.SURVEY_LC1_3B43
28.54534,64.11146,Total.SURVEY_LC1_3B44
 0.00000,18.54018,Total.SURVEY_LC1_3B45
  12.80185,1061.31954,Total.SURVEY_LC1_3B51
   0.000,3960.798,Total.SURVEY_LC1_3B52
  3.983434,729.308820,Total.SURVEY_LC1_3B53
  0.0000,199.7083,Total.SURVEY_LC1_3B54
 743.8915,9572.1915,Total.SURVEY_LC1_3B55
195.0404,850.4358,Total.SURVEY_LC1_3B71
  4.02985,216.79636,Total.SURVEY_LC1_3B72
 71.69007,259.99106,Total.SURVEY_LC1_3B73
106.2538,482.7773,Total.SURVEY_LC1_3B74
 20.46143,585.73248,Total.SURVEY_LC1_3B75
4.099852,8.529775,Total.SURVEY_LC1_3B76
 87.13535,288.22076,Total.SURVEY_LC1_3B81
 935.3071,6391.7501,Total.SURVEY_LC1_3B82
31.29522,79.75686,Total.SURVEY_LC1_3B83
 44.9805,289.2584,Total.SURVEY_LC1_3B84
26308.17,    0.00,Total.SURVEY_LC1_3Bx1
1105.534,   0.000,Total.SURVEY_LC1_3Bx2
508.2005,  0.0000,Total.SURVEY_LC1_3Bxx
83348.85,42704.69,Total.SURVEY_LC1_3C10
356.7852,  0.0000,Total.SURVEY_LC1_3C1x
3381.346,2424.862,Total.SURVEY_LC1_3C21
9756.740,3033.998,Total.SURVEY_LC1_3C22
1076.122,1146.998,Total.SURVEY_LC1_3C23
7975.54,   0.00,Total.SURVEY_LC1_3C2x
3504.176,2319.227,Total.SURVEY_LC1_3C31
5706.290,4470.432,Total.SURVEY_LC1_3C32
3089.204,2729.536,Total.SURVEY_LC1_3C33
5492.481,   0.000,Total.SURVEY_LC1_3C3x
2400.882,   0.000,Total.SURVEY_LC1_3Cxx
4377.480,1708.612,Total.SURVEY_LC1_3D10
8.901627,0.000000,Total.SURVEY_LC1_3D1x
7991.262,1651.411,Total.SURVEY_LC1_3D20
19.61919, 0.00000,Total.SURVEY_LC1_3D2x
54.59509, 0.00000,Total.SURVEY_LC1_3Dxx
7041.050,5599.833,Total.SURVEY_LC1_3E10
84.80525, 0.00000,Total.SURVEY_LC1_3E1x
49090.66,56648.76,Total.SURVEY_LC1_3E20
159.2363,  0.0000,Total.SURVEY_LC1_3E2x
4749.408,6603.455,Total.SURVEY_LC1_3E30
39.29558, 0.00000,Total.SURVEY_LC1_3E3x
312.0388,  0.0000,Total.SURVEY_LC1_3Exx
5864.37644,  79.33623,Total.SURVEY_LC1_3F10
238.238576,  8.301514,Total.SURVEY_LC1_3F20
8.338296,0.000000,Total.SURVEY_LC1_3F2x
4.136693,0.000000,Total.SURVEY_LC1_3F30
16938.520, 4811.189,Total.SURVEY_LC1_3F40
55.57262, 0.00000,Total.SURVEY_LC1_3F4x
114.3736,  0.0000,Total.SURVEY_LC1_3Fxx
4.046842,0.000000,Total.SURVEY_LC1_3G10
3032.7266, 500.6513,Total.SURVEY_LC1_3G11
143.97569, 31.74011,Total.SURVEY_LC1_3G12
51.1138, 0.0000,Total.SURVEY_LC1_3G1x
1836.5357, 619.1028,Total.SURVEY_LC1_3G21
20.24556,10.92664,Total.SURVEY_LC1_3G22
11.99496, 0.00000,Total.SURVEY_LC1_3G2x
39.06011, 0.00000,Total.SURVEY_LC1_3G30
238.1621,  0.0000,Total.SURVEY_LC1_3G50
3.957817,0.000000,Total.SURVEY_LC1_3Gxx
443.23844, 97.75207,Total.SURVEY_LC1_3H11
25.62292,20.68011,Total.SURVEY_LC1_3H12
316.41963, 23.62001,Total.SURVEY_LC1_3H21
110.78210,  8.18509,Total.SURVEY_LC1_3H22
31.293615, 8.035472,Total.SURVEY_LC1_3H23
10.80583, 0.00000,Total.SURVEY_LC1_3Hxx
 97328.72,184043.42,Total.SURVEY_LU1_3U111
 398.8521,2460.9507,Total.SURVEY_LU1_3U112
508.8167,780.8201,Total.SURVEY_LU1_3U113
106541.64, 49734.47,Total.SURVEY_LU1_3U120
615.6550,131.2054,Total.SURVEY_LU1_3U130
1033.86417,  72.46877,Total.SURVEY_LU1_3U140
49.17138,10.52267,Total.SURVEY_LU1_3U150
411.54863, 92.41386,Total.SURVEY_LU1_3U210
121.2447,  0.0000,Total.SURVEY_LU1_3U221
3.980273,0.000000,Total.SURVEY_LU1_3U222
133.5804,  0.0000,Total.SURVEY_LU1_3U223
52.39804,15.75398,Total.SURVEY_LU1_3U224
143.83615, 11.54069,Total.SURVEY_LU1_3U225
130.507540,  7.815189,Total.SURVEY_LU1_3U226
45.03115,16.37501,Total.SURVEY_LU1_3U227
461.6582,218.7548,Total.SURVEY_LU1_3U311
8133.995,7787.753,Total.SURVEY_LU1_3U312
879.6638,218.4184,Total.SURVEY_LU1_3U313
301.017946,  8.050837,Total.SURVEY_LU1_3U314
0.000000,9.005059,Total.SURVEY_LU1_3U315
29.53297,25.01343,Total.SURVEY_LU1_3U316
726.7868,340.7596,Total.SURVEY_LU1_3U317
26.728405, 8.047074,Total.SURVEY_LU1_3U318
618.0307,725.1907,Total.SURVEY_LU1_3U319
189.6499, 65.8605,Total.SURVEY_LU1_3U321
141.69815, 96.78151,Total.SURVEY_LU1_3U322
171.6703,292.4025,Total.SURVEY_LU1_3U330
895.9863,195.7369,Total.SURVEY_LU1_3U341
172.0936,  0.0000,Total.SURVEY_LU1_3U342
2746.8453, 669.9958,Total.SURVEY_LU1_3U350
2596.399, 746.454,Total.SURVEY_LU1_3U361
1081.0289, 341.9397,Total.SURVEY_LU1_3U362
18115.913, 7443.062,Total.SURVEY_LU1_3U370
55.95524,16.12905,Total.SURVEY_LU1_3U411
 0.00000,18.40402,Total.SURVEY_LU1_3U412
15.87330,66.85526,Total.SURVEY_LU1_3U413
28.22793,84.28686,Total.SURVEY_LU1_3U414
267.4646,710.0353,Total.SURVEY_LU1_3U415
37165.480, 9252.766,Total.SURVEY_LU1_3U420
245682.8,246818.9,Total.settlement0
36657.71,19900.54,Total.settlement1
0.5377162,0.2919125,Total.settl_pc
159814.4,208816.5,Total.fao_class_name0
115034.75, 52753.41,Total.fao_class_name1
3697.482,1143.043,Total.fao_class_name2
3793.880,4006.549,Total.fao_class_name3
256732.3,257322.3,Total.lue0
25608.266, 9397.189,Total.lue1
268584.1,256707.1,Total.lud0
13756.42,10012.40,Total.lud1
1841.982,1839.781,SE.Total.area
394.3013,372.9668,SE.Total.SURVEY_LC1_1A
588.3058,800.1600,SE.Total.SURVEY_LC1_1B
1621.803,1589.397,SE.Total.SURVEY_LC1_1C
334.3915,215.9475,SE.Total.SURVEY_LC1_1D
748.4865,728.2877,SE.Total.SURVEY_LC1_1E
470.0610,260.1905,SE.Total.SURVEY_LC1_1F
94.87393,39.90818,SE.Total.SURVEY_LC1_1G
18.14648,13.62936,SE.Total.SURVEY_LC1_1H
1855.986,1799.386,SE.Total.SURVEY_LU1_1U1
135.23098, 22.68784,SE.Total.SURVEY_LU1_1U2
523.1225,482.4090,SE.Total.SURVEY_LU1_1U3
525.6203,482.3518,SE.Total.SURVEY_LU1_1U4
443.0025,236.7376,SE.Total.SURVEY_LC1_2A1
499.8843,360.4289,SE.Total.SURVEY_LC1_2A2
66.76467,87.67740,SE.Total.SURVEY_LC1_2A3
5.474342,0.000000,SE.Total.SURVEY_LC1_2Ax
179.1687,723.3118,SE.Total.SURVEY_LC1_2B1
 18.39112,207.56246,SE.Total.SURVEY_LC1_2B2
117.1060,497.1356,SE.Total.SURVEY_LC1_2B3
 40.94539,175.46142,SE.Total.SURVEY_LC1_2B4
 71.06911,421.82477,SE.Total.SURVEY_LC1_2B5
 31.06174,178.72597,SE.Total.SURVEY_LC1_2B7
134.0801,269.3497,SE.Total.SURVEY_LC1_2B8
540.2195,  0.0000,SE.Total.SURVEY_LC1_2Bx
1563.193,1550.193,SE.Total.SURVEY_LC1_2C1
881.9749,609.6808,SE.Total.SURVEY_LC1_2C2
869.9751,884.3393,SE.Total.SURVEY_LC1_2C3
217.8365,  0.0000,SE.Total.SURVEY_LC1_2Cx
146.3892,134.1498,SE.Total.SURVEY_LC1_2D1
310.9589,169.8265,SE.Total.SURVEY_LC1_2D2
15.15913, 0.00000,SE.Total.SURVEY_LC1_2Dx
309.5278,249.3075,SE.Total.SURVEY_LC1_2E1
647.0882,671.5099,SE.Total.SURVEY_LC1_2E2
371.9203,263.0860,SE.Total.SURVEY_LC1_2E3
54.89664, 0.00000,SE.Total.SURVEY_LC1_2Ex
148.80466, 33.08116,SE.Total.SURVEY_LC1_2F1
60.66307, 0.00000,SE.Total.SURVEY_LC1_2F2
0,0,SE.Total.SURVEY_LC1_2F3
441.6709,258.0790,SE.Total.SURVEY_LC1_2F4
63.37662, 0.00000,SE.Total.SURVEY_LC1_2Fx
106.87235, 12.16186,SE.Total.SURVEY_LC1_2G1
138.81318, 38.10638,SE.Total.SURVEY_LC1_2G2
4.686693,0.000000,SE.Total.SURVEY_LC1_2G3
19.06236, 0.00000,SE.Total.SURVEY_LC1_2G5
0,0,SE.Total.SURVEY_LC1_2Gx
18.70827,10.06435,SE.Total.SURVEY_LC1_2H1
16.24179, 9.19066,SE.Total.SURVEY_LC1_2H2
4.253482,0.000000,SE.Total.SURVEY_LC1_2Hx
926.7159,923.4127,SE.Total.SURVEY_LU1_2U11
1629.930,1563.826,SE.Total.SURVEY_LU1_2U12
80.013007, 4.030317,SE.Total.SURVEY_LU1_2U13
93.13129, 0.00000,SE.Total.SURVEY_LU1_2U14
13.668157, 4.204652,SE.Total.SURVEY_LU1_2U15
76.37529,19.21303,SE.Total.SURVEY_LU1_2U21
112.24583, 12.06639,SE.Total.SURVEY_LU1_2U22
486.0158,338.9398,SE.Total.SURVEY_LU1_2U31
30.63390,50.85676,SE.Total.SURVEY_LU1_2U32
45.17090,75.82775,SE.Total.SURVEY_LU1_2U33
143.28790, 48.66807,SE.Total.SURVEY_LU1_2U34
271.6976,195.7552,SE.Total.SURVEY_LU1_2U35
208.92655, 97.63982,SE.Total.SURVEY_LU1_2U36
548.2354,333.7243,SE.Total.SURVEY_LU1_2U37
 27.30669,160.07930,SE.Total.SURVEY_LU1_2U41
524.9937,457.8854,SE.Total.SURVEY_LU1_2U42
425.5691,231.1219,SE.Total.SURVEY_LC1_3A11
155.3755,  0.0000,SE.Total.SURVEY_LC1_3A12
24.46057,51.27540,SE.Total.SURVEY_LC1_3A13
3.059197,0.000000,SE.Total.SURVEY_LC1_3A1x
418.3034,238.0688,SE.Total.SURVEY_LC1_3A21
425.7223,298.6340,SE.Total.SURVEY_LC1_3A22
7.526327,0.000000,SE.Total.SURVEY_LC1_3A2x
66.76467,87.67740,SE.Total.SURVEY_LC1_3A30
0,0,SE.Total.SURVEY_LC1_3A3x
5.474342,0.000000,SE.Total.SURVEY_LC1_3Axx
 76.46784,536.95554,SE.Total.SURVEY_LC1_3B11
 57.41625,218.30799,SE.Total.SURVEY_LC1_3B12
 49.14423,362.19457,SE.Total.SURVEY_LC1_3B13
 7.340516,84.615655,SE.Total.SURVEY_LC1_3B14
 16.1019,107.9821,SE.Total.SURVEY_LC1_3B15
137.5152,431.5882,SE.Total.SURVEY_LC1_3B16
  5.420553,125.771594,SE.Total.SURVEY_LC1_3B18
 39.22402,130.75298,SE.Total.SURVEY_LC1_3B19
 18.3345,124.0356,SE.Total.SURVEY_LC1_3B21
  0.0000,161.3032,SE.Total.SURVEY_LC1_3B22
 1.44196,61.17652,SE.Total.SURVEY_LC1_3B23
 95.63048,311.55835,SE.Total.SURVEY_LC1_3B31
 62.56765,354.24856,SE.Total.SURVEY_LC1_3B32
  0.0000,157.5305,SE.Total.SURVEY_LC1_3B33
 25.96893,134.18866,SE.Total.SURVEY_LC1_3B35
 0.00000,11.40013,SE.Total.SURVEY_LC1_3B36
 0.00000,47.43393,SE.Total.SURVEY_LC1_3B37
 28.49777,129.95317,SE.Total.SURVEY_LC1_3B41
0.000000,9.586478,SE.Total.SURVEY_LC1_3B42
 25.8969,115.2970,SE.Total.SURVEY_LC1_3B43
13.91949,23.65145,SE.Total.SURVEY_LC1_3B44
0.000000,3.931518,SE.Total.SURVEY_LC1_3B45
  6.501058,108.127876,SE.Total.SURVEY_LC1_3B51
  0.0000,275.7349,SE.Total.SURVEY_LC1_3B52
 0.00000,83.02878,SE.Total.SURVEY_LC1_3B53
 0.00000,40.29498,SE.Total.SURVEY_LC1_3B54
 70.77115,296.50113,SE.Total.SURVEY_LC1_3B55
 21.63103,101.89093,SE.Total.SURVEY_LC1_3B71
 0.00000,88.11566,SE.Total.SURVEY_LC1_3B72
17.20210,80.33488,SE.Total.SURVEY_LC1_3B73
16.36828,74.58837,SE.Total.SURVEY_LC1_3B74
 5.432659,82.059288,SE.Total.SURVEY_LC1_3B75
0.000000,6.206323,SE.Total.SURVEY_LC1_3B76
15.26550,97.82173,SE.Total.SURVEY_LC1_3B81
127.2445,264.4911,SE.Total.SURVEY_LC1_3B82
11.90991,21.56602,SE.Total.SURVEY_LC1_3B83
38.85581,60.57233,SE.Total.SURVEY_LC1_3B84
518.5773,  0.0000,SE.Total.SURVEY_LC1_3Bx1
149.9186,  0.0000,SE.Total.SURVEY_LC1_3Bx2
36.23978, 0.00000,SE.Total.SURVEY_LC1_3Bxx
1558.453,1550.193,SE.Total.SURVEY_LC1_3C10
233.2716,  0.0000,SE.Total.SURVEY_LC1_3C1x
457.5411,435.9053,SE.Total.SURVEY_LC1_3C21
600.5724,344.7089,SE.Total.SURVEY_LC1_3C22
137.8407,254.6609,SE.Total.SURVEY_LC1_3C23
495.4546,  0.0000,SE.Total.SURVEY_LC1_3C2x
439.7883,364.6930,SE.Total.SURVEY_LC1_3C31
400.0165,696.6197,SE.Total.SURVEY_LC1_3C32
535.8928,439.3723,SE.Total.SURVEY_LC1_3C33
415.2976,  0.0000,SE.Total.SURVEY_LC1_3C3x
217.8365,  0.0000,SE.Total.SURVEY_LC1_3Cxx
146.3841,134.1498,SE.Total.SURVEY_LC1_3D10
1.854149,0.000000,SE.Total.SURVEY_LC1_3D1x
310.8382,169.8265,SE.Total.SURVEY_LC1_3D20
8.807515,0.000000,SE.Total.SURVEY_LC1_3D2x
15.15913, 0.00000,SE.Total.SURVEY_LC1_3Dxx
308.0429,249.3075,SE.Total.SURVEY_LC1_3E10
30.3102, 0.0000,SE.Total.SURVEY_LC1_3E1x
646.8784,671.5099,SE.Total.SURVEY_LC1_3E20
21.77844, 0.00000,SE.Total.SURVEY_LC1_3E2x
371.6018,263.0860,SE.Total.SURVEY_LC1_3E30
15.69717, 0.00000,SE.Total.SURVEY_LC1_3E3x
54.89664, 0.00000,SE.Total.SURVEY_LC1_3Exx
148.80466, 33.08116,SE.Total.SURVEY_LC1_3F10
60.66307, 0.00000,SE.Total.SURVEY_LC1_3F20
0,0,SE.Total.SURVEY_LC1_3F2x
0,0,SE.Total.SURVEY_LC1_3F30
441.2907,258.0790,SE.Total.SURVEY_LC1_3F40
19.58928, 0.00000,SE.Total.SURVEY_LC1_3F4x
63.37662, 0.00000,SE.Total.SURVEY_LC1_3Fxx
0,0,SE.Total.SURVEY_LC1_3G10
106.95300, 12.16186,SE.Total.SURVEY_LC1_3G11
7.009481,0.000000,SE.Total.SURVEY_LC1_3G12
12.44834, 0.00000,SE.Total.SURVEY_LC1_3G1x
138.81318, 37.80136,SE.Total.SURVEY_LC1_3G21
0.000000,4.811792,SE.Total.SURVEY_LC1_3G22
0,0,SE.Total.SURVEY_LC1_3G2x
4.686693,0.000000,SE.Total.SURVEY_LC1_3G30
19.06236, 0.00000,SE.Total.SURVEY_LC1_3G50
0,0,SE.Total.SURVEY_LC1_3Gxx
18.381098, 9.983072,SE.Total.SURVEY_LC1_3H11
3.483494,1.276480,SE.Total.SURVEY_LC1_3H12
15.52898, 9.19066,SE.Total.SURVEY_LC1_3H21
1.171493,0.000000,SE.Total.SURVEY_LC1_3H22
4.734558,0.000000,SE.Total.SURVEY_LC1_3H23
4.253482,0.000000,SE.Total.SURVEY_LC1_3Hxx
925.2988,927.4618,SE.Total.SURVEY_LU1_3U111
 49.43151,163.37843,SE.Total.SURVEY_LU1_3U112
49.38535,77.25869,SE.Total.SURVEY_LU1_3U113
1629.930,1563.826,SE.Total.SURVEY_LU1_3U120
80.013007, 4.030317,SE.Total.SURVEY_LU1_3U130
93.13129, 0.00000,SE.Total.SURVEY_LU1_3U140
13.668157, 4.204652,SE.Total.SURVEY_LU1_3U150
76.37529,19.21303,SE.Total.SURVEY_LU1_3U210
76.90857, 0.00000,SE.Total.SURVEY_LU1_3U221
0,0,SE.Total.SURVEY_LU1_3U222
40.06205, 0.00000,SE.Total.SURVEY_LU1_3U223
16.199560, 5.360358,SE.Total.SURVEY_LU1_3U224
52.361987, 9.319948,SE.Total.SURVEY_LU1_3U225
42.646497, 5.477484,SE.Total.SURVEY_LU1_3U226
20.89648, 0.00000,SE.Total.SURVEY_LU1_3U227
76.34221,67.26406,SE.Total.SURVEY_LU1_3U311
460.8524,313.8586,SE.Total.SURVEY_LU1_3U312
113.33057, 20.69339,SE.Total.SURVEY_LU1_3U313
29.48885, 0.00000,SE.Total.SURVEY_LU1_3U314
0.000000,6.734017,SE.Total.SURVEY_LU1_3U315
11.82268,15.42754,SE.Total.SURVEY_LU1_3U316
 91.81285,103.02886,SE.Total.SURVEY_LU1_3U317
3.302497,0.000000,SE.Total.SURVEY_LU1_3U318
127.11268, 79.24402,SE.Total.SURVEY_LU1_3U319
25.914788, 6.262326,SE.Total.SURVEY_LU1_3U321
16.38101,50.46973,SE.Total.SURVEY_LU1_3U322
45.17090,75.82775,SE.Total.SURVEY_LU1_3U330
124.14927, 48.66807,SE.Total.SURVEY_LU1_3U341
73.45155, 0.00000,SE.Total.SURVEY_LU1_3U342
271.6976,195.7552,SE.Total.SURVEY_LU1_3U350
180.23691, 90.19599,SE.Total.SURVEY_LU1_3U361
111.18285, 37.78113,SE.Total.SURVEY_LU1_3U362
548.2354,333.7243,SE.Total.SURVEY_LU1_3U370
8.400262,0.000000,SE.Total.SURVEY_LU1_3U411
 0.00000,12.00721,SE.Total.SURVEY_LU1_3U412
 0.00000,45.88471,SE.Total.SURVEY_LU1_3U413
 0.00000,36.50137,SE.Total.SURVEY_LU1_3U414
 25.98251,148.47068,SE.Total.SURVEY_LU1_3U415
524.9937,457.8854,SE.Total.SURVEY_LU1_3U420
1822.264,1808.414,SE.Total.settlement0
498.7456,479.9262,SE.Total.settlement1
0.007315884,0.007039830,SE.Total.settl_pc
1035.308,1033.056,SE.Total.fao_class_name0
1619.454,1575.085,SE.Total.fao_class_name1
185.9538,115.7316,SE.Total.fao_class_name2
207.9370,237.6255,SE.Total.fao_class_name3
1883.903,1832.391,SE.Total.lue0
586.9576,400.5760,SE.Total.lue1
1877.193,1835.970,SE.Total.lud0
497.7847,350.4855,SE.Total.lud1
278730.3,263113.6,CI.l(95%).Total.area
18506.21,11502.83,CI.l(95%).Total.SURVEY_LC1_1A
 32348.15,115656.01,CI.l(95%).Total.SURVEY_LC1_1B
122909.74, 55714.58,CI.l(95%).Total.SURVEY_LC1_1C
11796.463, 2936.774,CI.l(95%).Total.SURVEY_LC1_1D
60009.48,67424.63,CI.l(95%).Total.SURVEY_LC1_1E
22302.254, 4388.863,CI.l(95%).Total.SURVEY_LC1_1F
5195.870,1084.202,CI.l(95%).Total.SURVEY_LC1_1G
902.5961,131.5597,CI.l(95%).Total.SURVEY_LC1_1H
202839.0,233707.1,CI.l(95%).Total.SURVEY_LU1_1U1
777.07906, 99.43138,CI.l(95%).Total.SURVEY_LU1_1U2
36263.40,18247.72,CI.l(95%).Total.SURVEY_LU1_1U3
36502.804, 9203.084,CI.l(95%).Total.SURVEY_LU1_1U4
4977.531,1858.628,CI.l(95%).Total.SURVEY_LC1_2A1
11693.79, 8388.24,CI.l(95%).Total.SURVEY_LC1_2A2
608.2900,644.6926,CI.l(95%).Total.SURVEY_LC1_2A3
9.813392,0.000000,CI.l(95%).Total.SURVEY_LC1_2Ax
 1978.656,63035.992,CI.l(95%).Total.SURVEY_LC1_2B1
   2.542027,4496.102676,CI.l(95%).Total.SURVEY_LC1_2B2
  595.675,19571.004,CI.l(95%).Total.SURVEY_LC1_2B3
  44.474,2001.876,CI.l(95%).Total.SURVEY_LC1_2B4
  621.3838,14696.5648,CI.l(95%).Total.SURVEY_LC1_2B5
 340.6955,2053.9663,CI.l(95%).Total.SURVEY_LC1_2B7
 835.9259,6521.0704,CI.l(95%).Total.SURVEY_LC1_2B8
26863.1,    0.0,CI.l(95%).Total.SURVEY_LC1_2Bx
80641.83,39666.37,CI.l(95%).Total.SURVEY_LC1_2C1
20461.109, 5410.906,CI.l(95%).Total.SURVEY_LC1_2C2
16087.031, 7785.922,CI.l(95%).Total.SURVEY_LC1_2C3
1973.93,   0.00,CI.l(95%).Total.SURVEY_LC1_2Cx
4099.464,1445.684,CI.l(95%).Total.SURVEY_LC1_2D1
7401.413,1318.557,CI.l(95%).Total.SURVEY_LC1_2D2
24.88374, 0.00000,CI.l(95%).Total.SURVEY_LC1_2Dx
6519.192,5111.199,CI.l(95%).Total.SURVEY_LC1_2E1
47981.62,55332.62,CI.l(95%).Total.SURVEY_LC1_2E2
4059.753,6087.816,CI.l(95%).Total.SURVEY_LC1_2E3
204.4433,  0.0000,CI.l(95%).Total.SURVEY_LC1_2Ex
5572.72466,  14.49835,CI.l(95%).Total.SURVEY_LC1_2F1
127.679434,  8.301514,CI.l(95%).Total.SURVEY_LC1_2F2
4.136693,0.000000,CI.l(95%).Total.SURVEY_LC1_2F3
16128.434, 4305.364,CI.l(95%).Total.SURVEY_LC1_2F4
-9.842264, 0.000000,CI.l(95%).Total.SURVEY_LC1_2Fx
3022.3970, 508.5546,CI.l(95%).Total.SURVEY_LC1_2G1
1596.7074, 555.3423,CI.l(95%).Total.SURVEY_LC1_2G2
29.87436, 0.00000,CI.l(95%).Total.SURVEY_LC1_2G3
200.8005,  0.0000,CI.l(95%).Total.SURVEY_LC1_2G5
3.957817,0.000000,CI.l(95%).Total.SURVEY_LC1_2Gx
432.19382, 98.70642,CI.l(95%).Total.SURVEY_LC1_2H1
426.66202, 21.82721,CI.l(95%).Total.SURVEY_LC1_2H2
2.469163,0.000000,CI.l(95%).Total.SURVEY_LC1_2Hx
 96420.05,185475.33,CI.l(95%).Total.SURVEY_LU1_2U11
103347.04, 46669.43,CI.l(95%).Total.SURVEY_LU1_2U12
458.8324,123.3061,CI.l(95%).Total.SURVEY_LU1_2U13
851.33019, 72.46877,CI.l(95%).Total.SURVEY_LU1_2U14
22.382287, 2.281704,CI.l(95%).Total.SURVEY_LU1_2U15
261.85582, 54.75702,CI.l(95%).Total.SURVEY_LU1_2U21
410.58049, 27.83519,CI.l(95%).Total.SURVEY_LU1_2U22
10224.840, 8676.683,CI.l(95%).Total.SURVEY_LU1_2U31
271.30670, 62.96459,CI.l(95%).Total.SURVEY_LU1_2U32
 83.13692,143.78282,CI.l(95%).Total.SURVEY_LU1_2U33
787.2408,100.3492,CI.l(95%).Total.SURVEY_LU1_2U34
2214.3278, 286.3226,CI.l(95%).Total.SURVEY_LU1_2U35
3267.9391, 897.0231,CI.l(95%).Total.SURVEY_LU1_2U36
17041.392, 6788.975,CI.l(95%).Total.SURVEY_LU1_2U37
314.0009,581.9608,CI.l(95%).Total.SURVEY_LU1_2U41
36136.511, 8355.327,CI.l(95%).Total.SURVEY_LU1_2U42
4444.523,1704.610,CI.l(95%).Total.SURVEY_LC1_3A11
127.208537,  4.024565,CI.l(95%).Total.SURVEY_LC1_3A12
72.87053,60.50200,CI.l(95%).Total.SURVEY_LC1_3A13
8.629839,0.000000,CI.l(95%).Total.SURVEY_LC1_3A1x
4867.576,1478.570,CI.l(95%).Total.SURVEY_LC1_3A21
6128.452,6564.179,CI.l(95%).Total.SURVEY_LC1_3A22
8.500798,0.000000,CI.l(95%).Total.SURVEY_LC1_3A2x
604.3197,644.6926,CI.l(95%).Total.SURVEY_LC1_3A30
3.970313,0.000000,CI.l(95%).Total.SURVEY_LC1_3A3x
9.813392,0.000000,CI.l(95%).Total.SURVEY_LC1_3Axx
  351.014,27719.040,CI.l(95%).Total.SURVEY_LC1_3B11
  59.03934,2960.89955,CI.l(95%).Total.SURVEY_LC1_3B12
 105.0834,9071.7969,CI.l(95%).Total.SURVEY_LC1_3B13
  4.2954,561.2331,CI.l(95%).Total.SURVEY_LC1_3B14
-13.32309,706.49592,CI.l(95%).Total.SURVEY_LC1_3B15
 1080.137,17622.203,CI.l(95%).Total.SURVEY_LC1_3B16
   9.232552,1223.099575,CI.l(95%).Total.SURVEY_LC1_3B18
-27.3600,672.5496,CI.l(95%).Total.SURVEY_LC1_3B19
  -5.801072,1394.396533,CI.l(95%).Total.SURVEY_LC1_3B21
   0.00,2573.56,CI.l(95%).Total.SURVEY_LC1_3B22
  5.627874,255.803174,CI.l(95%).Total.SURVEY_LC1_3B23
 252.6696,5620.8494,CI.l(95%).Total.SURVEY_LC1_3B31
  187.8792,10055.9183,CI.l(95%).Total.SURVEY_LC1_3B32
   0.000,1076.837,CI.l(95%).Total.SURVEY_LC1_3B33
  19.63394,1753.69555,CI.l(95%).Total.SURVEY_LC1_3B35
 0.000000,-4.758129,CI.l(95%).Total.SURVEY_LC1_3B36
 4.055083,50.800788,CI.l(95%).Total.SURVEY_LC1_3B37
  -2.639221,1032.368513,CI.l(95%).Total.SURVEY_LC1_3B41
 0.00000,16.45836,CI.l(95%).Total.SURVEY_LC1_3B42
 -7.792236,714.825158,CI.l(95%).Total.SURVEY_LC1_3B43
 1.263644,17.755473,CI.l(95%).Total.SURVEY_LC1_3B44
 0.00000,10.83455,CI.l(95%).Total.SURVEY_LC1_3B45
  0.06001575,849.39279725,CI.l(95%).Total.SURVEY_LC1_3B51
   0.000,3420.368,CI.l(95%).Total.SURVEY_LC1_3B52
  3.983434,566.575398,CI.l(95%).Total.SURVEY_LC1_3B53
  0.0000,120.7316,CI.l(95%).Total.SURVEY_LC1_3B54
 605.1826,8991.0599,CI.l(95%).Total.SURVEY_LC1_3B55
152.6444,650.7332,CI.l(95%).Total.SURVEY_LC1_3B71
 4.02985,44.09283,CI.l(95%).Total.SURVEY_LC1_3B72
 37.97458,102.53758,CI.l(95%).Total.SURVEY_LC1_3B73
 74.17257,336.58680,CI.l(95%).Total.SURVEY_LC1_3B74
  9.813612,424.899232,CI.l(95%).Total.SURVEY_LC1_3B75
 4.099852,-3.634394,CI.l(95%).Total.SURVEY_LC1_3B76
57.21552,96.49370,CI.l(95%).Total.SURVEY_LC1_3B81
 685.9124,5873.3570,CI.l(95%).Total.SURVEY_LC1_3B82
 7.952232,37.488238,CI.l(95%).Total.SURVEY_LC1_3B83
-31.17548,170.53885,CI.l(95%).Total.SURVEY_LC1_3B84
25291.78,    0.00,CI.l(95%).Total.SURVEY_LC1_3Bx1
811.6986,  0.0000,CI.l(95%).Total.SURVEY_LC1_3Bx2
437.1718,  0.0000,CI.l(95%).Total.SURVEY_LC1_3Bxx
80294.34,39666.37,CI.l(95%).Total.SURVEY_LC1_3C10
-100.4188,   0.0000,CI.l(95%).Total.SURVEY_LC1_3C1x
2484.582,1570.503,CI.l(95%).Total.SURVEY_LC1_3C21
8579.640,2358.381,CI.l(95%).Total.SURVEY_LC1_3C22
805.9590,647.8719,CI.l(95%).Total.SURVEY_LC1_3C23
7004.467,   0.000,CI.l(95%).Total.SURVEY_LC1_3C2x
2642.207,1604.442,CI.l(95%).Total.SURVEY_LC1_3C31
4922.272,3105.082,CI.l(95%).Total.SURVEY_LC1_3C32
2038.873,1868.382,CI.l(95%).Total.SURVEY_LC1_3C33
4678.512,   0.000,CI.l(95%).Total.SURVEY_LC1_3C3x
1973.93,   0.00,CI.l(95%).Total.SURVEY_LC1_3Cxx
4090.572,1445.684,CI.l(95%).Total.SURVEY_LC1_3D10
5.267563,0.000000,CI.l(95%).Total.SURVEY_LC1_3D1x
7382.031,1318.557,CI.l(95%).Total.SURVEY_LC1_3D20
2.356774,0.000000,CI.l(95%).Total.SURVEY_LC1_3D2x
24.88374, 0.00000,CI.l(95%).Total.SURVEY_LC1_3Dxx
6437.297,5111.199,CI.l(95%).Total.SURVEY_LC1_3E10
25.39834, 0.00000,CI.l(95%).Total.SURVEY_LC1_3E1x
47822.80,55332.62,CI.l(95%).Total.SURVEY_LC1_3E20
116.5513,  0.0000,CI.l(95%).Total.SURVEY_LC1_3E2x
4021.082,6087.816,CI.l(95%).Total.SURVEY_LC1_3E30
8.529689,0.000000,CI.l(95%).Total.SURVEY_LC1_3E3x
204.4433,  0.0000,CI.l(95%).Total.SURVEY_LC1_3Exx
5572.72466,  14.49835,CI.l(95%).Total.SURVEY_LC1_3F10
119.341138,  8.301514,CI.l(95%).Total.SURVEY_LC1_3F20
8.338296,0.000000,CI.l(95%).Total.SURVEY_LC1_3F2x
4.136693,0.000000,CI.l(95%).Total.SURVEY_LC1_3F30
16073.607, 4305.364,CI.l(95%).Total.SURVEY_LC1_3F40
17.17833, 0.00000,CI.l(95%).Total.SURVEY_LC1_3F4x
-9.842264, 0.000000,CI.l(95%).Total.SURVEY_LC1_3Fxx
4.046842,0.000000,CI.l(95%).Total.SURVEY_LC1_3G10
2823.1026, 476.8145,CI.l(95%).Total.SURVEY_LC1_3G11
130.23736, 31.74011,CI.l(95%).Total.SURVEY_LC1_3G12
26.71551, 0.00000,CI.l(95%).Total.SURVEY_LC1_3G1x
1564.4669, 545.0135,CI.l(95%).Total.SURVEY_LC1_3G21
20.245556, 1.495702,CI.l(95%).Total.SURVEY_LC1_3G22
11.99496, 0.00000,CI.l(95%).Total.SURVEY_LC1_3G2x
29.87436, 0.00000,CI.l(95%).Total.SURVEY_LC1_3G30
200.8005,  0.0000,CI.l(95%).Total.SURVEY_LC1_3G50
3.957817,0.000000,CI.l(95%).Total.SURVEY_LC1_3Gxx
407.21215, 78.18561,CI.l(95%).Total.SURVEY_LC1_3H11
18.79540,18.17825,CI.l(95%).Total.SURVEY_LC1_3H12
285.983384,  5.606643,CI.l(95%).Total.SURVEY_LC1_3H21
108.48601,  8.18509,CI.l(95%).Total.SURVEY_LC1_3H22
22.014052, 8.035472,CI.l(95%).Total.SURVEY_LC1_3H23
2.469163,0.000000,CI.l(95%).Total.SURVEY_LC1_3Hxx
 95515.16,182225.62,CI.l(95%).Total.SURVEY_LU1_3U111
 301.9681,2140.7349,CI.l(95%).Total.SURVEY_LU1_3U112
412.0232,629.3959,CI.l(95%).Total.SURVEY_LU1_3U113
103347.04, 46669.43,CI.l(95%).Total.SURVEY_LU1_3U120
458.8324,123.3061,CI.l(95%).Total.SURVEY_LU1_3U130
851.33019, 72.46877,CI.l(95%).Total.SURVEY_LU1_3U140
22.382287, 2.281704,CI.l(95%).Total.SURVEY_LU1_3U150
261.85582, 54.75702,CI.l(95%).Total.SURVEY_LU1_3U210
-29.49331,  0.00000,CI.l(95%).Total.SURVEY_LU1_3U221
3.980273,0.000000,CI.l(95%).Total.SURVEY_LU1_3U222
55.06025, 0.00000,CI.l(95%).Total.SURVEY_LU1_3U223
20.647487, 5.247871,CI.l(95%).Total.SURVEY_LU1_3U224
41.208540,-6.726072,CI.l(95%).Total.SURVEY_LU1_3U225
46.921942,-2.920481,CI.l(95%).Total.SURVEY_LU1_3U226
 4.07481,16.37501,CI.l(95%).Total.SURVEY_LU1_3U227
312.03026, 86.91971,CI.l(95%).Total.SURVEY_LU1_3U311
7230.741,7172.601,CI.l(95%).Total.SURVEY_LU1_3U312
657.5400,177.8601,CI.l(95%).Total.SURVEY_LU1_3U313
243.220864,  8.050837,CI.l(95%).Total.SURVEY_LU1_3U314
 0.000000,-4.193373,CI.l(95%).Total.SURVEY_LU1_3U315
 6.360945,-5.223990,CI.l(95%).Total.SURVEY_LU1_3U316
546.8370,138.8268,CI.l(95%).Total.SURVEY_LU1_3U317
20.255629, 8.047074,CI.l(95%).Total.SURVEY_LU1_3U318
368.8944,569.8753,CI.l(95%).Total.SURVEY_LU1_3U319
138.85785, 53.58657,CI.l(95%).Total.SURVEY_LU1_3U321
109.591956, -2.137344,CI.l(95%).Total.SURVEY_LU1_3U322
 83.13692,143.78282,CI.l(95%).Total.SURVEY_LU1_3U330
652.6582,100.3492,CI.l(95%).Total.SURVEY_LU1_3U341
28.13118, 0.00000,CI.l(95%).Total.SURVEY_LU1_3U342
2214.3278, 286.3226,CI.l(95%).Total.SURVEY_LU1_3U350
2243.1409, 569.6731,CI.l(95%).Total.SURVEY_LU1_3U361
863.1145,267.8900,CI.l(95%).Total.SURVEY_LU1_3U362
17041.392, 6788.975,CI.l(95%).Total.SURVEY_LU1_3U370
39.49103,16.12905,CI.l(95%).Total.SURVEY_LU1_3U411
 0.000000,-5.129671,CI.l(95%).Total.SURVEY_LU1_3U412
 15.87330,-23.07711,CI.l(95%).Total.SURVEY_LU1_3U413
28.22793,12.74549,CI.l(95%).Total.SURVEY_LU1_3U414
216.5398,419.0381,CI.l(95%).Total.SURVEY_LU1_3U415
36136.511, 8355.327,CI.l(95%).Total.SURVEY_LU1_3U420
242111.3,243274.5,CI.l(95%).Total.settlement0
35680.19,18959.90,CI.l(95%).Total.settlement1
0.5233773,0.2781147,CI.l(95%).Total.settl_pc
157785.3,206791.7,CI.l(95%).Total.fao_class_name0
111860.7, 49666.3,CI.l(95%).Total.fao_class_name1
3333.0194, 916.2137,CI.l(95%).Total.fao_class_name2
3386.331,3540.811,CI.l(95%).Total.fao_class_name3
253039.9,253730.8,CI.l(95%).Total.lue0
24457.850, 8612.074,CI.l(95%).Total.lue1
264904.9,253108.6,CI.l(95%).Total.lud0
12780.783, 9325.466,CI.l(95%).Total.lud1
285950.8,270325.4,CI.u(95%).Total.area
20051.85,12964.83,CI.u(95%).Total.SURVEY_LC1_1A
 34654.27,118792.58,CI.u(95%).Total.SURVEY_LC1_1B
129267.1, 61944.9,CI.u(95%).Total.SURVEY_LC1_1C
13107.253, 3783.273,CI.u(95%).Total.SURVEY_LC1_1D
62943.50,70279.46,CI.u(95%).Total.SURVEY_LC1_1E
24144.859, 5408.791,CI.u(95%).Total.SURVEY_LC1_1F
5567.769,1240.639,CI.u(95%).Total.SURVEY_LC1_1G
973.7290,184.9858,CI.u(95%).Total.SURVEY_LC1_1H
210114.4,240760.6,CI.u(95%).Total.SURVEY_LU1_1U1
1307.1748, 188.3661,CI.u(95%).Total.SURVEY_LU1_1U2
38314.00,20138.73,CI.u(95%).Total.SURVEY_LU1_1U3
38563.20,11093.87,CI.u(95%).Total.SURVEY_LU1_1U4
6714.069,2786.623,CI.u(95%).Total.SURVEY_LC1_2A1
13653.296, 9801.095,CI.u(95%).Total.SURVEY_LC1_2A2
870.0027,988.3817,CI.u(95%).Total.SURVEY_LC1_2A3
31.27242, 0.00000,CI.u(95%).Total.SURVEY_LC1_2Ax
 2680.984,65871.322,CI.u(95%).Total.SURVEY_LC1_2B1
  74.63388,5309.73257,CI.u(95%).Total.SURVEY_LC1_2B2
 1054.722,21519.740,CI.u(95%).Total.SURVEY_LC1_2B3
 204.977,2689.672,CI.u(95%).Total.SURVEY_LC1_2B4
  899.9697,16350.0876,CI.u(95%).Total.SURVEY_LC1_2B5
 462.4553,2754.5593,CI.u(95%).Total.SURVEY_LC1_2B7
1361.510,7576.902,CI.u(95%).Total.SURVEY_LC1_2B8
28980.72,    0.00,CI.u(95%).Total.SURVEY_LC1_2Bx
86769.44,45743.01,CI.u(95%).Total.SURVEY_LC1_2C1
23918.387, 7800.811,CI.u(95%).Total.SURVEY_LC1_2C2
19497.27,11252.47,CI.u(95%).Total.SURVEY_LC1_2C3
2827.834,   0.000,CI.u(95%).Total.SURVEY_LC1_2Cx
4673.299,1971.541,CI.u(95%).Total.SURVEY_LC1_2D1
8620.350,1984.265,CI.u(95%).Total.SURVEY_LC1_2D2
84.30645, 0.00000,CI.u(95%).Total.SURVEY_LC1_2Dx
7732.519,6088.467,CI.u(95%).Total.SURVEY_LC1_2E1
50518.16,57964.89,CI.u(95%).Total.SURVEY_LC1_2E2
5517.654,7119.094,CI.u(95%).Total.SURVEY_LC1_2E3
419.6342,  0.0000,CI.u(95%).Total.SURVEY_LC1_2Ex
6156.0282, 144.1741,CI.u(95%).Total.SURVEY_LC1_2F1
365.474311,  8.301514,CI.u(95%).Total.SURVEY_LC1_2F2
4.136693,0.000000,CI.u(95%).Total.SURVEY_LC1_2F3
17859.752, 5317.015,CI.u(95%).Total.SURVEY_LC1_2F4
238.5895,  0.0000,CI.u(95%).Total.SURVEY_LC1_2Fx
3441.3289, 556.2282,CI.u(95%).Total.SURVEY_LC1_2G1
2140.8451, 704.7166,CI.u(95%).Total.SURVEY_LC1_2G2
48.24586, 0.00000,CI.u(95%).Total.SURVEY_LC1_2G3
275.5236,  0.0000,CI.u(95%).Total.SURVEY_LC1_2G5
3.957817,0.000000,CI.u(95%).Total.SURVEY_LC1_2Gx
505.5289,138.1579,CI.u(95%).Total.SURVEY_LC1_2H1
490.32866, 57.85393,CI.u(95%).Total.SURVEY_LC1_2H2
19.14251, 0.00000,CI.u(95%).Total.SURVEY_LC1_2Hx
100052.7,189095.0,CI.u(95%).Total.SURVEY_LU1_2U11
109736.24, 52799.52,CI.u(95%).Total.SURVEY_LU1_2U12
772.4777,139.1047,CI.u(95%).Total.SURVEY_LU1_2U13
1216.39815,  72.46877,CI.u(95%).Total.SURVEY_LU1_2U14
75.96048,18.76364,CI.u(95%).Total.SURVEY_LU1_2U15
561.2414,130.0707,CI.u(95%).Total.SURVEY_LU1_2U21
850.57607, 75.13455,CI.u(95%).Total.SURVEY_LU1_2U22
12129.99,10005.30,CI.u(95%).Total.SURVEY_LU1_2U31
391.3894,262.3194,CI.u(95%).Total.SURVEY_LU1_2U32
260.2036,441.0221,CI.u(95%).Total.SURVEY_LU1_2U33
1348.9190, 291.1246,CI.u(95%).Total.SURVEY_LU1_2U34
3279.363,1053.669,CI.u(95%).Total.SURVEY_LU1_2U35
4086.916,1279.764,CI.u(95%).Total.SURVEY_LU1_2U36
19190.44, 8097.15,CI.u(95%).Total.SURVEY_LU1_2U37
 421.0411,1209.4602,CI.u(95%).Total.SURVEY_LU1_2U41
38194.45,10150.21,CI.u(95%).Total.SURVEY_LU1_2U42
6112.723,2610.592,CI.u(95%).Total.SURVEY_LC1_3A11
736.269365,  4.024565,CI.u(95%).Total.SURVEY_LC1_3A12
168.7542,261.4979,CI.u(95%).Total.SURVEY_LC1_3A13
20.62167, 0.00000,CI.u(95%).Total.SURVEY_LC1_3A1x
6507.296,2411.783,CI.u(95%).Total.SURVEY_LC1_3A21
7797.253,7734.803,CI.u(95%).Total.SURVEY_LC1_3A22
38.00346, 0.00000,CI.u(95%).Total.SURVEY_LC1_3A2x
866.0324,988.3817,CI.u(95%).Total.SURVEY_LC1_3A30
3.970313,0.000000,CI.u(95%).Total.SURVEY_LC1_3A3x
31.27242, 0.00000,CI.u(95%).Total.SURVEY_LC1_3Axx
  650.7624,29823.8673,CI.u(95%).Total.SURVEY_LC1_3B11
 284.1069,3816.6512,CI.u(95%).Total.SURVEY_LC1_3B12
  297.7253,10491.5735,CI.u(95%).Total.SURVEY_LC1_3B13
 33.06969,892.92039,CI.u(95%).Total.SURVEY_LC1_3B14
  49.79521,1129.77807,CI.u(95%).Total.SURVEY_LC1_3B15
 1619.186,19313.998,CI.u(95%).Total.SURVEY_LC1_3B16
  30.48073,1716.11517,CI.u(95%).Total.SURVEY_LC1_3B18
 126.3953,1185.0918,CI.u(95%).Total.SURVEY_LC1_3B19
  66.06886,1880.60702,CI.u(95%).Total.SURVEY_LC1_3B21
   0.000,3205.857,CI.u(95%).Total.SURVEY_LC1_3B22
 11.28025,495.61071,CI.u(95%).Total.SURVEY_LC1_3B23
 627.5342,6842.1357,CI.u(95%).Total.SURVEY_LC1_3B31
  433.1399,11444.5472,CI.u(95%).Total.SURVEY_LC1_3B32
   0.000,1694.345,CI.u(95%).Total.SURVEY_LC1_3B33
 121.4303,2279.7054,CI.u(95%).Total.SURVEY_LC1_3B35
 0.00000,39.92955,CI.u(95%).Total.SURVEY_LC1_3B36
  4.055083,236.738392,CI.u(95%).Total.SURVEY_LC1_3B37
 109.070,1541.776,CI.u(95%).Total.SURVEY_LC1_3B41
 0.00000,54.03666,CI.u(95%).Total.SURVEY_LC1_3B42
  93.72176,1166.78099,CI.u(95%).Total.SURVEY_LC1_3B43
 55.82704,110.46745,CI.u(95%).Total.SURVEY_LC1_3B44
 0.00000,26.24581,CI.u(95%).Total.SURVEY_LC1_3B45
  25.54369,1273.24628,CI.u(95%).Total.SURVEY_LC1_3B51
   0.000,4501.229,CI.u(95%).Total.SURVEY_LC1_3B52
  3.983434,892.042242,CI.u(95%).Total.SURVEY_LC1_3B53
  0.000,278.685,CI.u(95%).Total.SURVEY_LC1_3B54
  882.6004,10153.3230,CI.u(95%).Total.SURVEY_LC1_3B55
 237.4364,1050.1383,CI.u(95%).Total.SURVEY_LC1_3B71
  4.02985,389.49989,CI.u(95%).Total.SURVEY_LC1_3B72
105.4056,417.4445,CI.u(95%).Total.SURVEY_LC1_3B73
138.3350,628.9678,CI.u(95%).Total.SURVEY_LC1_3B74
 31.10924,746.56573,CI.u(95%).Total.SURVEY_LC1_3B75
 4.099852,20.693944,CI.u(95%).Total.SURVEY_LC1_3B76
117.0552,479.9478,CI.u(95%).Total.SURVEY_LC1_3B81
1184.702,6910.143,CI.u(95%).Total.SURVEY_LC1_3B82
 54.63821,122.02548,CI.u(95%).Total.SURVEY_LC1_3B83
121.1365,407.9780,CI.u(95%).Total.SURVEY_LC1_3B84
27324.56,    0.00,CI.u(95%).Total.SURVEY_LC1_3Bx1
1399.369,   0.000,CI.u(95%).Total.SURVEY_LC1_3Bx2
579.2291,  0.0000,CI.u(95%).Total.SURVEY_LC1_3Bxx
86403.36,45743.01,CI.u(95%).Total.SURVEY_LC1_3C10
813.9891,  0.0000,CI.u(95%).Total.SURVEY_LC1_3C1x
4278.110,3279.221,CI.u(95%).Total.SURVEY_LC1_3C21
10933.840, 3709.615,CI.u(95%).Total.SURVEY_LC1_3C22
1346.285,1646.124,CI.u(95%).Total.SURVEY_LC1_3C23
8946.613,   0.000,CI.u(95%).Total.SURVEY_LC1_3C2x
4366.146,3034.013,CI.u(95%).Total.SURVEY_LC1_3C31
6490.308,5835.781,CI.u(95%).Total.SURVEY_LC1_3C32
4139.534,3590.689,CI.u(95%).Total.SURVEY_LC1_3C33
6306.449,   0.000,CI.u(95%).Total.SURVEY_LC1_3C3x
2827.834,   0.000,CI.u(95%).Total.SURVEY_LC1_3Cxx
4664.387,1971.541,CI.u(95%).Total.SURVEY_LC1_3D10
12.53569, 0.00000,CI.u(95%).Total.SURVEY_LC1_3D1x
8600.494,1984.265,CI.u(95%).Total.SURVEY_LC1_3D20
36.8816, 0.0000,CI.u(95%).Total.SURVEY_LC1_3D2x
84.30645, 0.00000,CI.u(95%).Total.SURVEY_LC1_3Dxx
7644.803,6088.467,CI.u(95%).Total.SURVEY_LC1_3E10
144.2122,  0.0000,CI.u(95%).Total.SURVEY_LC1_3E1x
50358.51,57964.89,CI.u(95%).Total.SURVEY_LC1_3E20
201.9212,  0.0000,CI.u(95%).Total.SURVEY_LC1_3E2x
5477.734,7119.094,CI.u(95%).Total.SURVEY_LC1_3E30
70.06146, 0.00000,CI.u(95%).Total.SURVEY_LC1_3E3x
419.6342,  0.0000,CI.u(95%).Total.SURVEY_LC1_3Exx
6156.0282, 144.1741,CI.u(95%).Total.SURVEY_LC1_3F10
357.136015,  8.301514,CI.u(95%).Total.SURVEY_LC1_3F20
8.338296,0.000000,CI.u(95%).Total.SURVEY_LC1_3F2x
4.136693,0.000000,CI.u(95%).Total.SURVEY_LC1_3F30
17803.434, 5317.015,CI.u(95%).Total.SURVEY_LC1_3F40
93.96691, 0.00000,CI.u(95%).Total.SURVEY_LC1_3F4x
238.5895,  0.0000,CI.u(95%).Total.SURVEY_LC1_3Fxx
4.046842,0.000000,CI.u(95%).Total.SURVEY_LC1_3G10
3242.3507, 524.4881,CI.u(95%).Total.SURVEY_LC1_3G11
157.71402, 31.74011,CI.u(95%).Total.SURVEY_LC1_3G12
75.51209, 0.00000,CI.u(95%).Total.SURVEY_LC1_3G1x
2108.6045, 693.1921,CI.u(95%).Total.SURVEY_LC1_3G21
20.24556,20.35758,CI.u(95%).Total.SURVEY_LC1_3G22
11.99496, 0.00000,CI.u(95%).Total.SURVEY_LC1_3G2x
48.24586, 0.00000,CI.u(95%).Total.SURVEY_LC1_3G30
275.5236,  0.0000,CI.u(95%).Total.SURVEY_LC1_3G50
3.957817,0.000000,CI.u(95%).Total.SURVEY_LC1_3Gxx
479.2647,117.3185,CI.u(95%).Total.SURVEY_LC1_3H11
32.45045,23.18196,CI.u(95%).Total.SURVEY_LC1_3H12
346.85588, 41.63337,CI.u(95%).Total.SURVEY_LC1_3H21
113.07818,  8.18509,CI.u(95%).Total.SURVEY_LC1_3H22
40.573178, 8.035472,CI.u(95%).Total.SURVEY_LC1_3H23
19.14251, 0.00000,CI.u(95%).Total.SURVEY_LC1_3Hxx
 99142.27,185861.21,CI.u(95%).Total.SURVEY_LU1_3U111
 495.736,2781.167,CI.u(95%).Total.SURVEY_LU1_3U112
605.6102,932.2444,CI.u(95%).Total.SURVEY_LU1_3U113
109736.24, 52799.52,CI.u(95%).Total.SURVEY_LU1_3U120
772.4777,139.1047,CI.u(95%).Total.SURVEY_LU1_3U130
1216.39815,  72.46877,CI.u(95%).Total.SURVEY_LU1_3U140
75.96048,18.76364,CI.u(95%).Total.SURVEY_LU1_3U150
561.2414,130.0707,CI.u(95%).Total.SURVEY_LU1_3U210
271.9827,  0.0000,CI.u(95%).Total.SURVEY_LU1_3U221
3.980273,0.000000,CI.u(95%).Total.SURVEY_LU1_3U222
212.1006,  0.0000,CI.u(95%).Total.SURVEY_LU1_3U223
84.14859,26.26009,CI.u(95%).Total.SURVEY_LU1_3U224
246.46376, 29.80745,CI.u(95%).Total.SURVEY_LU1_3U225
214.09314, 18.55086,CI.u(95%).Total.SURVEY_LU1_3U226
85.98749,16.37501,CI.u(95%).Total.SURVEY_LU1_3U227
611.2862,350.5900,CI.u(95%).Total.SURVEY_LU1_3U311
9037.249,8402.904,CI.u(95%).Total.SURVEY_LU1_3U312
1101.7877, 258.9768,CI.u(95%).Total.SURVEY_LU1_3U313
358.815027,  8.050837,CI.u(95%).Total.SURVEY_LU1_3U314
 0.00000,22.20349,CI.u(95%).Total.SURVEY_LU1_3U315
52.70500,55.25085,CI.u(95%).Total.SURVEY_LU1_3U316
906.7367,542.6925,CI.u(95%).Total.SURVEY_LU1_3U317
33.201181, 8.047074,CI.u(95%).Total.SURVEY_LU1_3U318
867.1670,880.5061,CI.u(95%).Total.SURVEY_LU1_3U319
240.44195, 78.13444,CI.u(95%).Total.SURVEY_LU1_3U321
173.8043,195.7004,CI.u(95%).Total.SURVEY_LU1_3U322
260.2036,441.0221,CI.u(95%).Total.SURVEY_LU1_3U330
1139.3144, 291.1246,CI.u(95%).Total.SURVEY_LU1_3U341
316.0559,  0.0000,CI.u(95%).Total.SURVEY_LU1_3U342
3279.363,1053.669,CI.u(95%).Total.SURVEY_LU1_3U350
2949.6566, 923.2349,CI.u(95%).Total.SURVEY_LU1_3U361
1298.9433, 415.9893,CI.u(95%).Total.SURVEY_LU1_3U362
19190.44, 8097.15,CI.u(95%).Total.SURVEY_LU1_3U370
72.41945,16.12905,CI.u(95%).Total.SURVEY_LU1_3U411
 0.00000,41.93772,CI.u(95%).Total.SURVEY_LU1_3U412
 15.8733,156.7876,CI.u(95%).Total.SURVEY_LU1_3U413
 28.22793,155.82823,CI.u(95%).Total.SURVEY_LU1_3U414
 318.3893,1001.0325,CI.u(95%).Total.SURVEY_LU1_3U415
38194.45,10150.21,CI.u(95%).Total.SURVEY_LU1_3U420
249254.4,250363.3,CI.u(95%).Total.settlement0
37635.24,20841.18,CI.u(95%).Total.settlement1
0.5520550,0.3057103,CI.u(95%).Total.settl_pc
161843.6,210841.2,CI.u(95%).Total.fao_class_name0
118208.82, 55840.52,CI.u(95%).Total.fao_class_name1
4061.945,1369.873,CI.u(95%).Total.fao_class_name2
4201.429,4472.286,CI.u(95%).Total.fao_class_name3
260424.7,260913.7,CI.u(95%).Total.lue0
26758.68,10182.30,CI.u(95%).Total.lue1
272263.3,260305.5,CI.u(95%).Total.lud0
14732.06,10699.34,CI.u(95%).Total.lud1
0.006523973,0.006897812,CV.Total.area
0.02045234,0.03048652,CV.Total.SURVEY_LC1_1A
0.017560734,0.006825888,CV.Total.SURVEY_LC1_1B
0.01286243,0.02701689,CV.Total.SURVEY_LC1_1C
0.02685475,0.06426966,CV.Total.SURVEY_LC1_1D
0.01217517,0.01057757,CV.Total.SURVEY_LC1_1E
0.02024070,0.05311282,CV.Total.SURVEY_LC1_1F
0.01762860,0.03433196,CV.Total.SURVEY_LC1_1G
0.01934258,0.08611310,CV.Total.SURVEY_LC1_1H
0.008988840,0.007584861,CV.Total.SURVEY_LU1_1U1
0.1297644,0.1576653,CV.Total.SURVEY_LU1_1U2
0.01402898,0.02513434,CV.Total.SURVEY_LU1_1U3
0.01400422,0.04752948,CV.Total.SURVEY_LU1_1U4
0.07578133,0.10192674,CV.Total.SURVEY_LC1_2A1
0.03944315,0.03963079,CV.Total.SURVEY_LC1_2A2
0.09032673,0.10737711,CV.Total.SURVEY_LC1_2A3
0.2664833,NA,CV.Total.SURVEY_LC1_2Ax
0.07690235,0.01122220,CV.Total.SURVEY_LC1_2B1
0.47660255,0.04233448,CV.Total.SURVEY_LC1_2B2
0.14191253,0.02419696,CV.Total.SURVEY_LC1_2B3
0.32828404,0.07479894,CV.Total.SURVEY_LC1_2B4
0.09342880,0.02717361,CV.Total.SURVEY_LC1_2B5
0.07734972,0.07433712,CV.Total.SURVEY_LC1_2B7
0.12203325,0.03821113,CV.Total.SURVEY_LC1_2B8
0.01934751,NA,CV.Total.SURVEY_LC1_2Bx
0.01867489,0.03630030,CV.Total.SURVEY_LC1_2C1
0.03974695,0.09229395,CV.Total.SURVEY_LC1_2C2
0.04889657,0.09290064,CV.Total.SURVEY_LC1_2C3
0.09073188,NA,CV.Total.SURVEY_LC1_2Cx
0.03337357,0.07851389,CV.Total.SURVEY_LC1_2D1
0.03881706,0.10283725,CV.Total.SURVEY_LC1_2D2
0.2776648,NA,CV.Total.SURVEY_LC1_2Dx
0.04343728,0.04452053,CV.Total.SURVEY_LC1_2E1
0.01313888,0.01185392,CV.Total.SURVEY_LC1_2E2
0.07766618,0.03984065,CV.Total.SURVEY_LC1_2E3
0.1759289,NA,CV.Total.SURVEY_LC1_2Ex
0.02537434,0.41697420,CV.Total.SURVEY_LC1_2F1
0.2460209,0.0000000,CV.Total.SURVEY_LC1_2F2
  0,NA,CV.Total.SURVEY_LC1_2F3
0.02598967,0.05364141,CV.Total.SURVEY_LC1_2F4
0.5541192,NA,CV.Total.SURVEY_LC1_2Fx
0.03306834,0.02284383,CV.Total.SURVEY_LC1_2G1
0.07428026,0.06048350,CV.Total.SURVEY_LC1_2G2
0.1199867,NA,CV.Total.SURVEY_LC1_2G3
0.08003945,NA,CV.Total.SURVEY_LC1_2G5
  0,NA,CV.Total.SURVEY_LC1_2Gx
0.03990150,0.08497985,CV.Total.SURVEY_LC1_2H1
0.03542411,0.23068597,CV.Total.SURVEY_LC1_2H2
0.3936283,NA,CV.Total.SURVEY_LC1_2Hx
0.009433530,0.004930516,CV.Total.SURVEY_LU1_2U11
0.01529852,0.03144350,CV.Total.SURVEY_LU1_2U12
0.12996402,0.03071761,CV.Total.SURVEY_LU1_2U13
0.09008078,0.00000000,CV.Total.SURVEY_LU1_2U14
0.2779698,0.3995803,CV.Total.SURVEY_LU1_2U15
0.1855802,0.2079020,CV.Total.SURVEY_LU1_2U21
0.1780046,0.2343676,CV.Total.SURVEY_LU1_2U22
0.04348196,0.03628520,CV.Total.SURVEY_LU1_2U31
0.09245234,0.31269143,CV.Total.SURVEY_LU1_2U32
0.2631260,0.2593266,CV.Total.SURVEY_LU1_2U33
0.1341547,0.2486403,CV.Total.SURVEY_LU1_2U34
0.0989126,0.2921738,CV.Total.SURVEY_LU1_2U35
0.05681323,0.08971003,CV.Total.SURVEY_LU1_2U36
0.03026264,0.04483696,CV.Total.SURVEY_LU1_2U37
0.07429967,0.17871768,CV.Total.SURVEY_LU1_2U41
0.01412584,0.04948633,CV.Total.SURVEY_LU1_2U42
0.08062124,0.10711987,CV.Total.SURVEY_LC1_3A11
0.359883,0.000000,CV.Total.SURVEY_LC1_3A12
0.2024674,0.3184809,CV.Total.SURVEY_LC1_3A13
0.2091651,NA,CV.Total.SURVEY_LC1_3A1x
0.07354868,0.12238932,CV.Total.SURVEY_LC1_3A21
0.06114194,0.04176997,CV.Total.SURVEY_LC1_3A22
0.3236834,NA,CV.Total.SURVEY_LC1_3A2x
0.09081454,0.10737711,CV.Total.SURVEY_LC1_3A30
  0,NA,CV.Total.SURVEY_LC1_3A3x
0.2664833,NA,CV.Total.SURVEY_LC1_3Axx
0.15266449,0.01866279,CV.Total.SURVEY_LC1_3B11
0.33464595,0.06442091,CV.Total.SURVEY_LC1_3B12
0.24400779,0.03702783,CV.Total.SURVEY_LC1_3B13
0.3929077,0.1163779,CV.Total.SURVEY_LC1_3B14
0.8829705,0.1176100,CV.Total.SURVEY_LC1_3B15
0.10188863,0.02336939,CV.Total.SURVEY_LC1_3B16
0.27298439,0.08558177,CV.Total.SURVEY_LC1_3B18
0.7921217,0.1407731,CV.Total.SURVEY_LC1_3B19
0.60843459,0.07574683,CV.Total.SURVEY_LC1_3B21
NA,0.05581987,CV.Total.SURVEY_LC1_3B22
0.1705641,0.1628304,CV.Total.SURVEY_LC1_3B23
0.21729170,0.04999739,CV.Total.SURVEY_LC1_3B31
0.20149991,0.03295264,CV.Total.SURVEY_LC1_3B32
NA,0.1136919,CV.Total.SURVEY_LC1_3B33
0.36818589,0.06653871,CV.Total.SURVEY_LC1_3B35
NA,0.6482609,CV.Total.SURVEY_LC1_3B36
0.0000000,0.3299302,CV.Total.SURVEY_LC1_3B37
0.5355175,0.1009681,CV.Total.SURVEY_LC1_3B41
NA,0.2719761,CV.Total.SURVEY_LC1_3B42
0.6027475,0.1225517,CV.Total.SURVEY_LC1_3B43
0.4876273,0.3689114,CV.Total.SURVEY_LC1_3B44
NA,0.2120539,CV.Total.SURVEY_LC1_3B45
0.5078216,0.1018806,CV.Total.SURVEY_LC1_3B51
NA,0.069616,CV.Total.SURVEY_LC1_3B52
0.0000000,0.1138458,CV.Total.SURVEY_LC1_3B53
NA,0.2017691,CV.Total.SURVEY_LC1_3B54
0.09513639,0.03097526,CV.Total.SURVEY_LC1_3B55
0.1109054,0.1198103,CV.Total.SURVEY_LC1_3B71
0.0000000,0.4064444,CV.Total.SURVEY_LC1_3B72
0.2399509,0.3089909,CV.Total.SURVEY_LC1_3B73
0.1540489,0.1544985,CV.Total.SURVEY_LC1_3B74
0.2655073,0.1400969,CV.Total.SURVEY_LC1_3B75
0.0000000,0.7276069,CV.Total.SURVEY_LC1_3B76
0.1751930,0.3393986,CV.Total.SURVEY_LC1_3B81
0.13604572,0.04138008,CV.Total.SURVEY_LC1_3B82
0.3805663,0.2703971,CV.Total.SURVEY_LC1_3B83
0.8638367,0.2094056,CV.Total.SURVEY_LC1_3B84
0.01971164,NA,CV.Total.SURVEY_LC1_3Bx1
0.1356074,NA,CV.Total.SURVEY_LC1_3Bx2
0.07131001,NA,CV.Total.SURVEY_LC1_3Bxx
0.01869796,0.03630030,CV.Total.SURVEY_LC1_3C10
0.6538153,NA,CV.Total.SURVEY_LC1_3C1x
0.1353133,0.1797650,CV.Total.SURVEY_LC1_3C21
0.06155462,0.11361539,CV.Total.SURVEY_LC1_3C22
0.1280903,0.2220239,CV.Total.SURVEY_LC1_3C23
0.06212176,NA,CV.Total.SURVEY_LC1_3C2x
0.1255040,0.1572476,CV.Total.SURVEY_LC1_3C31
0.07010098,0.15582828,CV.Total.SURVEY_LC1_3C32
0.1734728,0.1609696,CV.Total.SURVEY_LC1_3C33
0.07561203,NA,CV.Total.SURVEY_LC1_3C3x
0.09073188,NA,CV.Total.SURVEY_LC1_3Cxx
0.03344027,0.07851389,CV.Total.SURVEY_LC1_3D10
0.2082932,NA,CV.Total.SURVEY_LC1_3D1x
0.03889726,0.10283725,CV.Total.SURVEY_LC1_3D20
0.4489236,NA,CV.Total.SURVEY_LC1_3D2x
0.2776648,NA,CV.Total.SURVEY_LC1_3Dxx
0.04374957,0.04452053,CV.Total.SURVEY_LC1_3E10
0.3574095,NA,CV.Total.SURVEY_LC1_3E1x
0.01317722,0.01185392,CV.Total.SURVEY_LC1_3E20
0.1367681,NA,CV.Total.SURVEY_LC1_3E2x
0.07824171,0.03984065,CV.Total.SURVEY_LC1_3E30
0.399464,NA,CV.Total.SURVEY_LC1_3E3x
0.1759289,NA,CV.Total.SURVEY_LC1_3Exx
0.02537434,0.41697420,CV.Total.SURVEY_LC1_3F10
0.2546316,0.0000000,CV.Total.SURVEY_LC1_3F20
  0,NA,CV.Total.SURVEY_LC1_3F2x
  0,NA,CV.Total.SURVEY_LC1_3F30
0.02605249,0.05364141,CV.Total.SURVEY_LC1_3F40
0.3524988,NA,CV.Total.SURVEY_LC1_3F4x
0.5541192,NA,CV.Total.SURVEY_LC1_3Fxx
  0,NA,CV.Total.SURVEY_LC1_3G10
0.03526629,0.02429207,CV.Total.SURVEY_LC1_3G11
0.04868517,0.00000000,CV.Total.SURVEY_LC1_3G12
0.2435416,NA,CV.Total.SURVEY_LC1_3G1x
0.07558425,0.06105830,CV.Total.SURVEY_LC1_3G21
0.0000000,0.4403725,CV.Total.SURVEY_LC1_3G22
  0,NA,CV.Total.SURVEY_LC1_3G2x
0.1199867,NA,CV.Total.SURVEY_LC1_3G30
0.08003945,NA,CV.Total.SURVEY_LC1_3G50
  0,NA,CV.Total.SURVEY_LC1_3Gxx
0.0414700,0.1021264,CV.Total.SURVEY_LC1_3H11
0.13595223,0.06172501,CV.Total.SURVEY_LC1_3H12
0.04907718,0.38910491,CV.Total.SURVEY_LC1_3H21
0.01057475,0.00000000,CV.Total.SURVEY_LC1_3H22
0.1512947,0.0000000,CV.Total.SURVEY_LC1_3H23
0.3936283,NA,CV.Total.SURVEY_LC1_3Hxx
0.009506945,0.005039364,CV.Total.SURVEY_LU1_3U111
0.12393446,0.06638834,CV.Total.SURVEY_LU1_3U112
0.09705920,0.09894556,CV.Total.SURVEY_LU1_3U113
0.01529852,0.03144350,CV.Total.SURVEY_LU1_3U120
0.12996402,0.03071761,CV.Total.SURVEY_LU1_3U130
0.09008078,0.00000000,CV.Total.SURVEY_LU1_3U140
0.2779698,0.3995803,CV.Total.SURVEY_LU1_3U150
0.1855802,0.2079020,CV.Total.SURVEY_LU1_3U210
0.6343251,NA,CV.Total.SURVEY_LU1_3U221
  0,NA,CV.Total.SURVEY_LU1_3U222
0.2999096,NA,CV.Total.SURVEY_LU1_3U223
0.3091635,0.3402542,CV.Total.SURVEY_LU1_3U224
0.3640391,0.8075729,CV.Total.SURVEY_LU1_3U225
0.3267742,0.7008766,CV.Total.SURVEY_LU1_3U226
0.4640449,0.0000000,CV.Total.SURVEY_LU1_3U227
0.1653652,0.3074860,CV.Total.SURVEY_LU1_3U311
0.05665757,0.04030156,CV.Total.SURVEY_LU1_3U312
0.12883396,0.09474197,CV.Total.SURVEY_LU1_3U313
0.09796376,0.00000000,CV.Total.SURVEY_LU1_3U314
NA,0.7478038,CV.Total.SURVEY_LU1_3U315
0.4003214,0.6167702,CV.Total.SURVEY_LU1_3U316
0.1263271,0.3023506,CV.Total.SURVEY_LU1_3U317
0.1235576,0.0000000,CV.Total.SURVEY_LU1_3U318
0.2056737,0.1092734,CV.Total.SURVEY_LU1_3U319
0.13664541,0.09508469,CV.Total.SURVEY_LU1_3U321
0.1156050,0.5214811,CV.Total.SURVEY_LU1_3U322
0.2631260,0.2593266,CV.Total.SURVEY_LU1_3U330
0.1385616,0.2486403,CV.Total.SURVEY_LU1_3U341
0.4268117,NA,CV.Total.SURVEY_LU1_3U342
0.0989126,0.2921738,CV.Total.SURVEY_LU1_3U350
0.06941804,0.12083262,CV.Total.SURVEY_LU1_3U361
0.1028491,0.1104906,CV.Total.SURVEY_LU1_3U362
0.03026264,0.04483696,CV.Total.SURVEY_LU1_3U370
0.1501247,0.0000000,CV.Total.SURVEY_LU1_3U411
NA,0.652423,CV.Total.SURVEY_LU1_3U412
0.000000,0.686329,CV.Total.SURVEY_LU1_3U413
0.0000000,0.4330612,CV.Total.SURVEY_LU1_3U414
0.09714377,0.20910325,CV.Total.SURVEY_LU1_3U415
0.01412584,0.04948633,CV.Total.SURVEY_LU1_3U420
0.007417138,0.007326886,CV.Total.settlement0
0.01360548,0.02411624,CV.Total.settlement1
0.01360548,0.02411624,CV.Total.settl_pc
0.006478190,0.004947196,CV.Total.fao_class_name0
0.01407796,0.02985749,CV.Total.fao_class_name1
0.05029201,0.10124863,CV.Total.fao_class_name2
0.05480852,0.05930927,CV.Total.fao_class_name3
0.007338006,0.007120998,CV.Total.lue0
0.02292063,0.04262721,CV.Total.lue1
0.006989218,0.007152005,CV.Total.lud0
0.03618562,0.03500512,CV.Total.lud1
