No,Yes,variable
32659.53,23934.47,Total.area
747.4842,987.8356,Total.SURVEY_LC1_1A
2126.211,6018.310,Total.SURVEY_LC1_1B
19885.701, 7188.547,Total.SURVEY_LC1_1C
4774.368,2395.236,Total.SURVEY_LC1_1D
3066.468,6433.314,Total.SURVEY_LC1_1E
1457.5207, 802.8735,Total.SURVEY_LC1_1F
420.28232, 95.94811,Total.SURVEY_LC1_1G
181.49120, 12.40987,Total.SURVEY_LC1_1H
17727.87,15541.25,Total.SURVEY_LU1_1U1
44.06934,27.66819,Total.SURVEY_LU1_1U2
1494.731,1498.940,Total.SURVEY_LU1_1U3
13392.861, 6866.619,Total.SURVEY_LU1_1U4
305.1561,208.2143,Total.SURVEY_LC1_2A1
403.9185,740.2662,Total.SURVEY_LC1_2A2
38.40957,39.35519,Total.SURVEY_LC1_2A3
 297.9422,3394.9033,Total.SURVEY_LC1_2B1
  0.000,158.711,Total.SURVEY_LC1_2B2
 56.05776,885.37640,Total.SURVEY_LC1_2B3
 0.00000,77.74216,Total.SURVEY_LC1_2B4
 23.70276,472.33556,Total.SURVEY_LC1_2B5
 43.38137,577.62950,Total.SURVEY_LC1_2B7
250.2390,451.6119,Total.SURVEY_LC1_2B8
1454.888,   0.000,Total.SURVEY_LC1_2Bx
15559.670, 5886.511,Total.SURVEY_LC1_2C1
1733.450, 438.786,Total.SURVEY_LC1_2C2
2592.5808, 863.2497,Total.SURVEY_LC1_2C3
1953.501,1453.112,Total.SURVEY_LC1_2D1
2816.5918, 942.1245,Total.SURVEY_LC1_2D2
4.275766,0.000000,Total.SURVEY_LC1_2Dx
1113.149,1404.474,Total.SURVEY_LC1_2E1
1512.107,3767.991,Total.SURVEY_LC1_2E2
 441.2119,1260.8488,Total.SURVEY_LC1_2E3
365.57697, 58.97065,Total.SURVEY_LC1_2F1
20.887984, 3.946122,Total.SURVEY_LC1_2F2
1071.0557, 739.9567,Total.SURVEY_LC1_2F4
192.08973, 11.09679,Total.SURVEY_LC1_2G1
215.95208, 80.84946,Total.SURVEY_LC1_2G2
0.000000,4.001862,Total.SURVEY_LC1_2G3
12.24051, 0.00000,Total.SURVEY_LC1_2G4
160.02709, 12.40987,Total.SURVEY_LC1_2H1
21.4641, 0.0000,Total.SURVEY_LC1_2H2
 4117.454,11042.677,Total.SURVEY_LU1_2U11
13487.767, 4473.363,Total.SURVEY_LU1_2U12
101.05735, 15.21348,Total.SURVEY_LU1_2U13
16.179979, 4.251491,Total.SURVEY_LU1_2U14
5.407168,5.742209,Total.SURVEY_LU1_2U15
15.757420, 7.681013,Total.SURVEY_LU1_2U21
28.31192,19.98718,Total.SURVEY_LU1_2U22
398.5222,744.7757,Total.SURVEY_LU1_2U31
24.68336,34.17118,Total.SURVEY_LU1_2U32
17.76946,16.47121,Total.SURVEY_LU1_2U33
82.98506,56.80258,Total.SURVEY_LU1_2U34
147.06695, 53.35032,Total.SURVEY_LU1_2U35
171.50414, 93.25601,Total.SURVEY_LU1_2U36
652.1993,500.1128,Total.SURVEY_LU1_2U37
131.2639,101.9632,Total.SURVEY_LU1_2U41
13261.597, 6764.656,Total.SURVEY_LU1_2U42
279.1489,196.0324,Total.SURVEY_LC1_3A11
26.00725, 0.00000,Total.SURVEY_LC1_3A12
 0.00000,12.18191,Total.SURVEY_LC1_3A13
275.9969,204.1170,Total.SURVEY_LC1_3A21
127.9217,536.1492,Total.SURVEY_LC1_3A22
38.40957,39.35519,Total.SURVEY_LC1_3A30
 12.30858,562.72016,Total.SURVEY_LC1_3B11
 0.00000,21.71418,Total.SURVEY_LC1_3B12
  0.0000,238.2372,Total.SURVEY_LC1_3B13
0.000000,5.001925,Total.SURVEY_LC1_3B14
 0.00000,88.08734,Total.SURVEY_LC1_3B15
 285.6336,2417.2268,Total.SURVEY_LC1_3B16
 0.00000,24.63974,Total.SURVEY_LC1_3B18
 0.00000,37.27596,Total.SURVEY_LC1_3B19
 0.00000,97.16054,Total.SURVEY_LC1_3B21
 0.00000,61.55045,Total.SURVEY_LC1_3B22
  0.0000,352.3594,Total.SURVEY_LC1_3B31
 8.084512,53.723388,Total.SURVEY_LC1_3B32
 47.97325,435.68294,Total.SURVEY_LC1_3B33
 0.00000,15.09733,Total.SURVEY_LC1_3B36
 0.00000,28.51331,Total.SURVEY_LC1_3B37
 0.00000,19.49591,Total.SURVEY_LC1_3B41
 0.00000,58.24625,Total.SURVEY_LC1_3B43
 0.00000,52.68493,Total.SURVEY_LC1_3B51
  0.000,103.147,Total.SURVEY_LC1_3B52
 0.00000,27.91128,Total.SURVEY_LC1_3B53
 23.70276,288.59237,Total.SURVEY_LC1_3B55
18.59935,92.85817,Total.SURVEY_LC1_3B71
 0.00000,32.00085,Total.SURVEY_LC1_3B72
 8.343541,21.655851,Total.SURVEY_LC1_3B73
  4.061215,185.932162,Total.SURVEY_LC1_3B74
 12.37727,241.14702,Total.SURVEY_LC1_3B75
0.000000,4.035446,Total.SURVEY_LC1_3B77
213.6665,215.8852,Total.SURVEY_LC1_3B81
 32.2787,218.3121,Total.SURVEY_LC1_3B82
4.293837,6.045636,Total.SURVEY_LC1_3B83
 0.00000,11.36894,Total.SURVEY_LC1_3B84
1339.673,   0.000,Total.SURVEY_LC1_3Bx1
115.2149,  0.0000,Total.SURVEY_LC1_3Bx2
15559.670, 5886.511,Total.SURVEY_LC1_3C10
428.67651, 63.93119,Total.SURVEY_LC1_3C21
767.7678,338.4035,Total.SURVEY_LC1_3C22
139.89237, 36.45131,Total.SURVEY_LC1_3C23
397.113,  0.000,Total.SURVEY_LC1_3C2x
346.4659,148.7457,Total.SURVEY_LC1_3C31
224.1263,201.1901,Total.SURVEY_LC1_3C32
1109.9069, 513.3139,Total.SURVEY_LC1_3C33
912.0816,  0.0000,Total.SURVEY_LC1_3C3x
1953.501,1453.112,Total.SURVEY_LC1_3D10
2816.5918, 942.1245,Total.SURVEY_LC1_3D20
4.275766,0.000000,Total.SURVEY_LC1_3Dxx
1113.149,1404.474,Total.SURVEY_LC1_3E10
1512.107,3767.991,Total.SURVEY_LC1_3E20
 441.2119,1260.8488,Total.SURVEY_LC1_3E30
365.57697, 58.97065,Total.SURVEY_LC1_3F10
20.887984, 3.946122,Total.SURVEY_LC1_3F20
1071.0557, 739.9567,Total.SURVEY_LC1_3F40
192.08973, 11.09679,Total.SURVEY_LC1_3G11
215.95208, 80.84946,Total.SURVEY_LC1_3G21
0.000000,4.001862,Total.SURVEY_LC1_3G30
12.24051, 0.00000,Total.SURVEY_LC1_3G40
160.02709, 12.40987,Total.SURVEY_LC1_3H11
13.46038, 0.00000,Total.SURVEY_LC1_3H21
8.003723,0.000000,Total.SURVEY_LC1_3H22
 3982.497,10365.740,Total.SURVEY_LU1_3U111
 12.39677,485.43921,Total.SURVEY_LU1_3U112
122.5601,191.4982,Total.SURVEY_LU1_3U113
13487.767, 4473.363,Total.SURVEY_LU1_3U120
101.05735, 15.21348,Total.SURVEY_LU1_3U130
16.179979, 4.251491,Total.SURVEY_LU1_3U140
5.407168,5.742209,Total.SURVEY_LU1_3U150
15.757420, 7.681013,Total.SURVEY_LU1_3U210
10.034735, 3.890977,Total.SURVEY_LU1_3U221
10.31244, 0.00000,Total.SURVEY_LU1_3U223
3.942217,0.000000,Total.SURVEY_LU1_3U224
 4.022534,12.158407,Total.SURVEY_LU1_3U226
0.000000,3.937795,Total.SURVEY_LU1_3U227
13.912328, 9.414406,Total.SURVEY_LU1_3U311
185.5585,609.2180,Total.SURVEY_LU1_3U312
117.40912, 32.86062,Total.SURVEY_LU1_3U313
21.390535, 5.445721,Total.SURVEY_LU1_3U314
 8.869989,17.082594,Total.SURVEY_LU1_3U317
27.23646,44.23565,Total.SURVEY_LU1_3U318
24.14532,26.51865,Total.SURVEY_LU1_3U319
 8.003723,29.536930,Total.SURVEY_LU1_3U321
16.679638, 4.634246,Total.SURVEY_LU1_3U322
17.76946,16.47121,Total.SURVEY_LU1_3U330
82.98506,56.80258,Total.SURVEY_LU1_3U341
147.06695, 53.35032,Total.SURVEY_LU1_3U350
122.06049, 63.12501,Total.SURVEY_LU1_3U361
49.44366,30.13100,Total.SURVEY_LU1_3U362
652.1993,500.1128,Total.SURVEY_LU1_3U370
13.44764,10.32891,Total.SURVEY_LU1_3U411
26.00725, 0.00000,Total.SURVEY_LU1_3U412
4.544505,0.000000,Total.SURVEY_LU1_3U413
28.13800,59.99646,Total.SURVEY_LU1_3U414
59.12648,31.63780,Total.SURVEY_LU1_3U415
13261.597, 6764.656,Total.SURVEY_LU1_3U420
31313.22,22422.64,Total.settlement0
1346.310,1511.837,Total.settlement1
0.3496096,0.3925939,Total.settl_pc
10187.55,14500.08,Total.fao_class_name0
19721.373, 7253.354,Total.fao_class_name1
2419.549,1608.725,Total.fao_class_name2
331.051,572.314,Total.fao_class_name3
31605.77,23230.95,Total.lue0
1053.7555, 703.5217,Total.lue1
32158.30,23107.14,Total.lud0
501.2244,827.3377,Total.lud1
389.0481,385.2326,SE.Total.area
71.10321,61.62631,SE.Total.SURVEY_LC1_1A
159.6786,193.5365,SE.Total.SURVEY_LC1_1B
349.8998,326.4677,SE.Total.SURVEY_LC1_1C
145.77341, 93.73054,SE.Total.SURVEY_LC1_1D
120.9188,160.5360,SE.Total.SURVEY_LC1_1E
127.4885, 97.3862,SE.Total.SURVEY_LC1_1F
14.64405,11.79189,SE.Total.SURVEY_LC1_1G
7.748421,0.000000,SE.Total.SURVEY_LC1_1H
425.1561,358.8584,SE.Total.SURVEY_LU1_1U1
11.638381, 9.966122,SE.Total.SURVEY_LU1_1U2
74.47900,85.33716,SE.Total.SURVEY_LU1_1U3
310.9476,191.6207,SE.Total.SURVEY_LU1_1U4
70.85941,34.72618,SE.Total.SURVEY_LC1_2A1
61.65761,62.21516,SE.Total.SURVEY_LC1_2A2
6.078893,7.345278,SE.Total.SURVEY_LC1_2A3
 68.22602,164.86147,SE.Total.SURVEY_LC1_2B1
 0.00000,47.94392,SE.Total.SURVEY_LC1_2B2
 26.46653,106.30479,SE.Total.SURVEY_LC1_2B3
 0.00000,18.51735,SE.Total.SURVEY_LC1_2B4
10.62315,67.38457,SE.Total.SURVEY_LC1_2B5
 6.474268,65.737529,SE.Total.SURVEY_LC1_2B7
47.76653,62.20221,SE.Total.SURVEY_LC1_2B8
140.7268,  0.0000,SE.Total.SURVEY_LC1_2Bx
381.3202,305.9045,SE.Total.SURVEY_LC1_2C1
151.12386, 70.14342,SE.Total.SURVEY_LC1_2C2
217.5448,115.5524,SE.Total.SURVEY_LC1_2C3
90.62437,69.37326,SE.Total.SURVEY_LC1_2D1
122.24672, 66.52735,SE.Total.SURVEY_LC1_2D2
0,0,SE.Total.SURVEY_LC1_2Dx
74.19189,85.90563,SE.Total.SURVEY_LC1_2E1
 81.09312,129.83583,SE.Total.SURVEY_LC1_2E2
57.12972,96.27690,SE.Total.SURVEY_LC1_2E3
22.950735, 8.680237,SE.Total.SURVEY_LC1_2F1
0,0,SE.Total.SURVEY_LC1_2F2
125.40569, 96.99911,SE.Total.SURVEY_LC1_2F4
15.88038, 0.00000,SE.Total.SURVEY_LC1_2G1
18.26544,11.79189,SE.Total.SURVEY_LC1_2G2
0,0,SE.Total.SURVEY_LC1_2G3
0,0,SE.Total.SURVEY_LC1_2G4
7.748421,0.000000,SE.Total.SURVEY_LC1_2H1
0,0,SE.Total.SURVEY_LC1_2H2
189.8831,207.6256,SE.Total.SURVEY_LU1_2U11
380.4761,295.7482,SE.Total.SURVEY_LU1_2U12
15.34941, 0.00000,SE.Total.SURVEY_LU1_2U13
0,0,SE.Total.SURVEY_LU1_2U14
2.698319,2.895334,SE.Total.SURVEY_LU1_2U15
7.980319,0.000000,SE.Total.SURVEY_LU1_2U21
8.477637,9.966122,SE.Total.SURVEY_LU1_2U22
46.64744,66.33236,SE.Total.SURVEY_LU1_2U31
5.999015,5.311567,SE.Total.SURVEY_LU1_2U32
7.128336,5.617169,SE.Total.SURVEY_LU1_2U33
39.66200,28.61728,SE.Total.SURVEY_LU1_2U34
33.81153,23.19693,SE.Total.SURVEY_LU1_2U35
28.40829,29.32553,SE.Total.SURVEY_LU1_2U36
74.39281,47.79900,SE.Total.SURVEY_LU1_2U37
33.38229,17.39821,SE.Total.SURVEY_LU1_2U41
309.7862,191.1205,SE.Total.SURVEY_LU1_2U42
69.12674,33.27123,SE.Total.SURVEY_LC1_3A11
23.78967, 0.00000,SE.Total.SURVEY_LC1_3A12
0.000000,9.946486,SE.Total.SURVEY_LC1_3A13
58.04595,28.39876,SE.Total.SURVEY_LC1_3A21
23.98043,59.71192,SE.Total.SURVEY_LC1_3A22
6.078893,7.345278,SE.Total.SURVEY_LC1_3A30
10.08921,85.17543,SE.Total.SURVEY_LC1_3B11
 0.00000,10.65955,SE.Total.SURVEY_LC1_3B12
 0.00000,55.13339,SE.Total.SURVEY_LC1_3B13
0.000000,2.522068,SE.Total.SURVEY_LC1_3B14
 0.00000,34.51658,SE.Total.SURVEY_LC1_3B15
 67.50353,142.63055,SE.Total.SURVEY_LC1_3B16
 0.00000,14.28385,SE.Total.SURVEY_LC1_3B18
 0.00000,24.66332,SE.Total.SURVEY_LC1_3B19
 0.00000,33.95621,SE.Total.SURVEY_LC1_3B21
 0.00000,34.18061,SE.Total.SURVEY_LC1_3B22
 0.00000,73.89198,SE.Total.SURVEY_LC1_3B31
 0.00000,26.24224,SE.Total.SURVEY_LC1_3B32
26.46653,74.30628,SE.Total.SURVEY_LC1_3B33
0.000000,9.498722,SE.Total.SURVEY_LC1_3B36
 0.0000,13.5505,SE.Total.SURVEY_LC1_3B37
0.000000,9.498722,SE.Total.SURVEY_LC1_3B41
 0.0000,15.9159,SE.Total.SURVEY_LC1_3B43
 0.00000,14.04559,SE.Total.SURVEY_LC1_3B51
 0.00000,28.75752,SE.Total.SURVEY_LC1_3B52
 0.00000,10.93182,SE.Total.SURVEY_LC1_3B53
10.62315,58.72853,SE.Total.SURVEY_LC1_3B55
 3.277714,19.889037,SE.Total.SURVEY_LC1_3B71
 0.00000,14.80018,SE.Total.SURVEY_LC1_3B72
0.000000,9.291332,SE.Total.SURVEY_LC1_3B73
 0.00000,40.36561,SE.Total.SURVEY_LC1_3B74
 5.583255,47.156261,SE.Total.SURVEY_LC1_3B75
0,0,SE.Total.SURVEY_LC1_3B77
47.15342,46.28389,SE.Total.SURVEY_LC1_3B81
 7.667951,49.224831,SE.Total.SURVEY_LC1_3B82
0.000000,3.265017,SE.Total.SURVEY_LC1_3B83
0.000000,9.319008,SE.Total.SURVEY_LC1_3B84
139.6722,  0.0000,SE.Total.SURVEY_LC1_3Bx1
17.888, 0.000,SE.Total.SURVEY_LC1_3Bx2
381.3202,305.9045,SE.Total.SURVEY_LC1_3C10
89.72394,28.61203,SE.Total.SURVEY_LC1_3C21
91.99760,61.06465,SE.Total.SURVEY_LC1_3C22
41.24303,20.73028,SE.Total.SURVEY_LC1_3C23
78.98912, 0.00000,SE.Total.SURVEY_LC1_3C2x
90.73561,57.27934,SE.Total.SURVEY_LC1_3C31
47.08462,48.54426,SE.Total.SURVEY_LC1_3C32
149.73250, 89.52404,SE.Total.SURVEY_LC1_3C33
136.7473,  0.0000,SE.Total.SURVEY_LC1_3C3x
90.62437,69.37326,SE.Total.SURVEY_LC1_3D10
122.24672, 66.52735,SE.Total.SURVEY_LC1_3D20
0,0,SE.Total.SURVEY_LC1_3Dxx
74.19189,85.90563,SE.Total.SURVEY_LC1_3E10
 81.09312,129.83583,SE.Total.SURVEY_LC1_3E20
57.12972,96.27690,SE.Total.SURVEY_LC1_3E30
22.950735, 8.680237,SE.Total.SURVEY_LC1_3F10
0,0,SE.Total.SURVEY_LC1_3F20
125.40569, 96.99911,SE.Total.SURVEY_LC1_3F40
15.88038, 0.00000,SE.Total.SURVEY_LC1_3G11
18.26544,11.79189,SE.Total.SURVEY_LC1_3G21
0,0,SE.Total.SURVEY_LC1_3G30
0,0,SE.Total.SURVEY_LC1_3G40
7.748421,0.000000,SE.Total.SURVEY_LC1_3H11
0,0,SE.Total.SURVEY_LC1_3H21
0,0,SE.Total.SURVEY_LC1_3H22
189.4529,209.6638,SE.Total.SURVEY_LU1_3U111
 0.00000,71.29421,SE.Total.SURVEY_LU1_3U112
18.19366,35.89926,SE.Total.SURVEY_LU1_3U113
380.4761,295.7482,SE.Total.SURVEY_LU1_3U120
15.34941, 0.00000,SE.Total.SURVEY_LU1_3U130
0,0,SE.Total.SURVEY_LU1_3U140
2.698319,2.895334,SE.Total.SURVEY_LU1_3U150
7.980319,0.000000,SE.Total.SURVEY_LU1_3U210
7.819003,0.000000,SE.Total.SURVEY_LU1_3U221
3.276205,0.000000,SE.Total.SURVEY_LU1_3U223
0,0,SE.Total.SURVEY_LU1_3U224
0.000000,9.966122,SE.Total.SURVEY_LU1_3U226
0,0,SE.Total.SURVEY_LU1_3U227
7.201488,6.966782,SE.Total.SURVEY_LU1_3U311
42.16440,60.11714,SE.Total.SURVEY_LU1_3U312
17.16653,22.46433,SE.Total.SURVEY_LU1_3U313
0.000000,2.745839,SE.Total.SURVEY_LU1_3U314
6.611300,5.723032,SE.Total.SURVEY_LU1_3U317
 6.925407,14.333397,SE.Total.SURVEY_LU1_3U318
5.295433,7.381454,SE.Total.SURVEY_LU1_3U319
0.000000,5.311567,SE.Total.SURVEY_LU1_3U321
5.999015,0.000000,SE.Total.SURVEY_LU1_3U322
7.128336,5.617169,SE.Total.SURVEY_LU1_3U330
39.66200,28.61728,SE.Total.SURVEY_LU1_3U341
33.81153,23.19693,SE.Total.SURVEY_LU1_3U350
16.38315,27.93918,SE.Total.SURVEY_LU1_3U361
23.457877, 8.910071,SE.Total.SURVEY_LU1_3U362
74.39281,47.79900,SE.Total.SURVEY_LU1_3U370
2.697201,7.698715,SE.Total.SURVEY_LU1_3U411
23.78967, 0.00000,SE.Total.SURVEY_LU1_3U412
0,0,SE.Total.SURVEY_LU1_3U413
 4.530459,13.956121,SE.Total.SURVEY_LU1_3U414
22.817297, 6.975247,SE.Total.SURVEY_LU1_3U415
309.7862,191.1205,SE.Total.SURVEY_LU1_3U420
384.9833,384.0235,SE.Total.settlement0
68.82309,79.27103,SE.Total.settlement1
0.01787198,0.02058510,SE.Total.settl_pc
234.4230,225.4071,SE.Total.fao_class_name0
344.8948,325.9423,SE.Total.fao_class_name1
95.74828,90.62443,SE.Total.fao_class_name2
66.26314,69.47752,SE.Total.fao_class_name3
387.5614,386.3307,SE.Total.lue0
63.36427,65.43039,SE.Total.lue1
388.2134,384.3793,SE.Total.lud0
47.63668,67.43752,SE.Total.lud1
31897.01,23179.43,CI.l(95%).Total.area
608.1245,867.0503,CI.l(95%).Total.SURVEY_LC1_1A
1813.247,5638.985,CI.l(95%).Total.SURVEY_LC1_1B
19199.910, 6548.682,CI.l(95%).Total.SURVEY_LC1_1C
4488.657,2211.528,CI.l(95%).Total.SURVEY_LC1_1D
2829.471,6118.669,CI.l(95%).Total.SURVEY_LC1_1E
1207.6478, 612.0001,CI.l(95%).Total.SURVEY_LC1_1F
391.58051, 72.83643,CI.l(95%).Total.SURVEY_LC1_1G
166.30457, 12.40987,CI.l(95%).Total.SURVEY_LC1_1H
16894.57,14837.90,CI.l(95%).Total.SURVEY_LU1_1U1
21.258535, 8.134952,CI.l(95%).Total.SURVEY_LU1_1U2
1348.754,1331.682,CI.l(95%).Total.SURVEY_LU1_1U3
12783.41, 6491.05,CI.l(95%).Total.SURVEY_LU1_1U4
166.2743,140.1522,CI.l(95%).Total.SURVEY_LC1_2A1
283.0718,618.3267,CI.l(95%).Total.SURVEY_LC1_2A2
26.49516,24.95871,CI.l(95%).Total.SURVEY_LC1_2A3
 164.2216,3071.7808,CI.l(95%).Total.SURVEY_LC1_2B1
 0.00000,64.74262,CI.l(95%).Total.SURVEY_LC1_2B2
  4.184316,677.022852,CI.l(95%).Total.SURVEY_LC1_2B3
 0.00000,41.44882,CI.l(95%).Total.SURVEY_LC1_2B4
  2.881765,340.264236,CI.l(95%).Total.SURVEY_LC1_2B5
 30.69204,448.78631,CI.l(95%).Total.SURVEY_LC1_2B7
156.6184,329.6978,CI.l(95%).Total.SURVEY_LC1_2B8
1179.069,   0.000,CI.l(95%).Total.SURVEY_LC1_2Bx
14812.296, 5286.949,CI.l(95%).Total.SURVEY_LC1_2C1
1437.2523, 301.3075,CI.l(95%).Total.SURVEY_LC1_2C2
2166.2009, 636.7712,CI.l(95%).Total.SURVEY_LC1_2C3
1775.880,1317.143,CI.l(95%).Total.SURVEY_LC1_2D1
2576.9926, 811.7333,CI.l(95%).Total.SURVEY_LC1_2D2
4.275766,0.000000,CI.l(95%).Total.SURVEY_LC1_2Dx
 967.7357,1236.1024,CI.l(95%).Total.SURVEY_LC1_2E1
1353.167,3513.517,CI.l(95%).Total.SURVEY_LC1_2E2
 329.2397,1072.1496,CI.l(95%).Total.SURVEY_LC1_2E3
320.5944, 41.9577,CI.l(95%).Total.SURVEY_LC1_2F1
20.887984, 3.946122,CI.l(95%).Total.SURVEY_LC1_2F2
825.2651,549.8420,CI.l(95%).Total.SURVEY_LC1_2F4
160.96476, 11.09679,CI.l(95%).Total.SURVEY_LC1_2G1
180.15248, 57.73778,CI.l(95%).Total.SURVEY_LC1_2G2
0.000000,4.001862,CI.l(95%).Total.SURVEY_LC1_2G3
12.24051, 0.00000,CI.l(95%).Total.SURVEY_LC1_2G4
144.84047, 12.40987,CI.l(95%).Total.SURVEY_LC1_2H1
21.4641, 0.0000,CI.l(95%).Total.SURVEY_LC1_2H2
 3745.29,10635.74,CI.l(95%).Total.SURVEY_LU1_2U11
12742.047, 3893.707,CI.l(95%).Total.SURVEY_LU1_2U12
70.97306,15.21348,CI.l(95%).Total.SURVEY_LU1_2U13
16.179979, 4.251491,CI.l(95%).Total.SURVEY_LU1_2U14
0.11855998,0.06745931,CI.l(95%).Total.SURVEY_LU1_2U15
0.1162826,7.6810128,CI.l(95%).Total.SURVEY_LU1_2U21
11.6960596, 0.4539389,CI.l(95%).Total.SURVEY_LU1_2U22
307.0949,614.7666,CI.l(95%).Total.SURVEY_LU1_2U31
12.92551,23.76070,CI.l(95%).Total.SURVEY_LU1_2U32
3.798176,5.461763,CI.l(95%).Total.SURVEY_LU1_2U33
5.2489693,0.7137449,CI.l(95%).Total.SURVEY_LU1_2U34
80.797567, 7.885169,CI.l(95%).Total.SURVEY_LU1_2U35
115.82491, 35.77902,CI.l(95%).Total.SURVEY_LU1_2U36
506.3921,406.4285,CI.l(95%).Total.SURVEY_LU1_2U37
65.83578,67.86331,CI.l(95%).Total.SURVEY_LU1_2U41
12654.427, 6390.067,CI.l(95%).Total.SURVEY_LU1_2U42
143.663,130.822,CI.l(95%).Total.SURVEY_LC1_3A11
-20.61964,  0.00000,CI.l(95%).Total.SURVEY_LC1_3A12
 0.000000,-7.312847,CI.l(95%).Total.SURVEY_LC1_3A13
162.2289,148.4564,CI.l(95%).Total.SURVEY_LC1_3A21
 80.92087,419.11597,CI.l(95%).Total.SURVEY_LC1_3A22
26.49516,24.95871,CI.l(95%).Total.SURVEY_LC1_3A30
 -7.46592,395.77939,CI.l(95%).Total.SURVEY_LC1_3B11
0.0000000,0.8218428,CI.l(95%).Total.SURVEY_LC1_3B12
  0.0000,130.1777,CI.l(95%).Total.SURVEY_LC1_3B13
0.00000000,0.05876247,CI.l(95%).Total.SURVEY_LC1_3B14
 0.00000,20.43609,CI.l(95%).Total.SURVEY_LC1_3B15
 153.3291,2137.6761,CI.l(95%).Total.SURVEY_LC1_3B16
 0.000000,-3.356088,CI.l(95%).Total.SURVEY_LC1_3B18
  0.00000,-11.06326,CI.l(95%).Total.SURVEY_LC1_3B19
 0.00000,30.60759,CI.l(95%).Total.SURVEY_LC1_3B21
 0.000000,-5.442319,CI.l(95%).Total.SURVEY_LC1_3B22
  0.0000,207.5338,CI.l(95%).Total.SURVEY_LC1_3B31
8.084512,2.289544,CI.l(95%).Total.SURVEY_LC1_3B32
 -3.900196,290.045298,CI.l(95%).Total.SURVEY_LC1_3B33
 0.000000,-3.519823,CI.l(95%).Total.SURVEY_LC1_3B36
0.000000,1.954814,CI.l(95%).Total.SURVEY_LC1_3B37
0.0000000,0.8787518,CI.l(95%).Total.SURVEY_LC1_3B41
 0.00000,27.05166,CI.l(95%).Total.SURVEY_LC1_3B43
 0.00000,25.15609,CI.l(95%).Total.SURVEY_LC1_3B51
 0.00000,46.78328,CI.l(95%).Total.SURVEY_LC1_3B52
0.000000,6.485307,CI.l(95%).Total.SURVEY_LC1_3B53
  2.881765,173.486577,CI.l(95%).Total.SURVEY_LC1_3B55
12.17514,53.87637,CI.l(95%).Total.SURVEY_LC1_3B71
0.000000,2.993037,CI.l(95%).Total.SURVEY_LC1_3B72
8.343541,3.445175,CI.l(95%).Total.SURVEY_LC1_3B73
  4.061215,106.817016,CI.l(95%).Total.SURVEY_LC1_3B74
  1.434293,148.722450,CI.l(95%).Total.SURVEY_LC1_3B75
0.000000,4.035446,CI.l(95%).Total.SURVEY_LC1_3B77
121.2475,125.1704,CI.l(95%).Total.SURVEY_LC1_3B81
 17.2498,121.8332,CI.l(95%).Total.SURVEY_LC1_3B82
 4.293837,-0.353679,CI.l(95%).Total.SURVEY_LC1_3B83
 0.000000,-6.895975,CI.l(95%).Total.SURVEY_LC1_3B84
1065.921,   0.000,CI.l(95%).Total.SURVEY_LC1_3Bx1
80.15505, 0.00000,CI.l(95%).Total.SURVEY_LC1_3Bx2
14812.296, 5286.949,CI.l(95%).Total.SURVEY_LC1_3C10
252.820811,  7.852641,CI.l(95%).Total.SURVEY_LC1_3C21
587.4558,218.7190,CI.l(95%).Total.SURVEY_LC1_3C22
59.057513,-4.179286,CI.l(95%).Total.SURVEY_LC1_3C23
242.2971,  0.0000,CI.l(95%).Total.SURVEY_LC1_3C2x
168.62741, 36.48025,CI.l(95%).Total.SURVEY_LC1_3C31
131.8422,106.0451,CI.l(95%).Total.SURVEY_LC1_3C32
816.4366,337.8500,CI.l(95%).Total.SURVEY_LC1_3C33
644.0619,  0.0000,CI.l(95%).Total.SURVEY_LC1_3C3x
1775.880,1317.143,CI.l(95%).Total.SURVEY_LC1_3D10
2576.9926, 811.7333,CI.l(95%).Total.SURVEY_LC1_3D20
4.275766,0.000000,CI.l(95%).Total.SURVEY_LC1_3Dxx
 967.7357,1236.1024,CI.l(95%).Total.SURVEY_LC1_3E10
1353.167,3513.517,CI.l(95%).Total.SURVEY_LC1_3E20
 329.2397,1072.1496,CI.l(95%).Total.SURVEY_LC1_3E30
320.5944, 41.9577,CI.l(95%).Total.SURVEY_LC1_3F10
20.887984, 3.946122,CI.l(95%).Total.SURVEY_LC1_3F20
825.2651,549.8420,CI.l(95%).Total.SURVEY_LC1_3F40
160.96476, 11.09679,CI.l(95%).Total.SURVEY_LC1_3G11
180.15248, 57.73778,CI.l(95%).Total.SURVEY_LC1_3G21
0.000000,4.001862,CI.l(95%).Total.SURVEY_LC1_3G30
12.24051, 0.00000,CI.l(95%).Total.SURVEY_LC1_3G40
144.84047, 12.40987,CI.l(95%).Total.SURVEY_LC1_3H11
13.46038, 0.00000,CI.l(95%).Total.SURVEY_LC1_3H21
8.003723,0.000000,CI.l(95%).Total.SURVEY_LC1_3H22
3611.177,9954.806,CI.l(95%).Total.SURVEY_LU1_3U111
 12.39677,345.70513,CI.l(95%).Total.SURVEY_LU1_3U112
 86.90117,121.13697,CI.l(95%).Total.SURVEY_LU1_3U113
12742.047, 3893.707,CI.l(95%).Total.SURVEY_LU1_3U120
70.97306,15.21348,CI.l(95%).Total.SURVEY_LU1_3U130
16.179979, 4.251491,CI.l(95%).Total.SURVEY_LU1_3U140
0.11855998,0.06745931,CI.l(95%).Total.SURVEY_LU1_3U150
0.1162826,7.6810128,CI.l(95%).Total.SURVEY_LU1_3U210
-5.290228, 3.890977,CI.l(95%).Total.SURVEY_LU1_3U221
3.891191,0.000000,CI.l(95%).Total.SURVEY_LU1_3U223
3.942217,0.000000,CI.l(95%).Total.SURVEY_LU1_3U224
 4.022534,-7.374833,CI.l(95%).Total.SURVEY_LU1_3U226
0.000000,3.937795,CI.l(95%).Total.SURVEY_LU1_3U227
-0.2023287,-4.2402352,CI.l(95%).Total.SURVEY_LU1_3U311
102.9178,491.3906,CI.l(95%).Total.SURVEY_LU1_3U312
 83.76335,-11.16865,CI.l(95%).Total.SURVEY_LU1_3U313
21.39053488, 0.06397617,CI.l(95%).Total.SURVEY_LU1_3U314
-4.087920, 5.865656,CI.l(95%).Total.SURVEY_LU1_3U317
13.66292,16.14271,CI.l(95%).Total.SURVEY_LU1_3U318
13.76646,12.05126,CI.l(95%).Total.SURVEY_LU1_3U319
 8.003723,19.126450,CI.l(95%).Total.SURVEY_LU1_3U321
4.921786,4.634246,CI.l(95%).Total.SURVEY_LU1_3U322
3.798176,5.461763,CI.l(95%).Total.SURVEY_LU1_3U330
5.2489693,0.7137449,CI.l(95%).Total.SURVEY_LU1_3U341
80.797567, 7.885169,CI.l(95%).Total.SURVEY_LU1_3U350
89.950101, 8.365228,CI.l(95%).Total.SURVEY_LU1_3U361
 3.467062,12.667580,CI.l(95%).Total.SURVEY_LU1_3U362
506.3921,406.4285,CI.l(95%).Total.SURVEY_LU1_3U370
 8.161221,-4.760294,CI.l(95%).Total.SURVEY_LU1_3U411
-20.61964,  0.00000,CI.l(95%).Total.SURVEY_LU1_3U412
4.544505,0.000000,CI.l(95%).Total.SURVEY_LU1_3U413
19.25846,32.64297,CI.l(95%).Total.SURVEY_LU1_3U414
14.40540,17.96657,CI.l(95%).Total.SURVEY_LU1_3U415
12654.427, 6390.067,CI.l(95%).Total.SURVEY_LU1_3U420
30558.66,21669.96,CI.l(95%).Total.settlement0
1211.419,1356.469,CI.l(95%).Total.settlement1
0.3145812,0.3522478,CI.l(95%).Total.settl_pc
 9728.093,14058.291,CI.l(95%).Total.fao_class_name0
19045.392, 6614.519,CI.l(95%).Total.fao_class_name1
2231.885,1431.104,CI.l(95%).Total.fao_class_name2
201.1776,436.1406,CI.l(95%).Total.fao_class_name3
30846.16,22473.76,CI.l(95%).Total.lue0
929.5638,575.2805,CI.l(95%).Total.lue1
31397.42,22353.77,CI.l(95%).Total.lud0
407.8582,695.1626,CI.l(95%).Total.lud1
33422.05,24689.52,CI.u(95%).Total.area
 886.844,1108.621,CI.u(95%).Total.SURVEY_LC1_1A
2439.175,6397.634,CI.u(95%).Total.SURVEY_LC1_1B
20571.492, 7828.411,CI.u(95%).Total.SURVEY_LC1_1C
5060.079,2578.945,CI.u(95%).Total.SURVEY_LC1_1D
3303.464,6747.959,CI.u(95%).Total.SURVEY_LC1_1E
1707.394, 993.747,CI.u(95%).Total.SURVEY_LC1_1F
448.9841,119.0598,CI.u(95%).Total.SURVEY_LC1_1G
196.67782, 12.40987,CI.u(95%).Total.SURVEY_LC1_1H
18561.16,16244.60,CI.u(95%).Total.SURVEY_LU1_1U1
66.88015,47.20143,CI.u(95%).Total.SURVEY_LU1_1U2
1640.707,1666.197,CI.u(95%).Total.SURVEY_LU1_1U3
14002.307, 7242.189,CI.u(95%).Total.SURVEY_LU1_1U4
444.0380,276.2764,CI.u(95%).Total.SURVEY_LC1_2A1
524.7652,862.2056,CI.u(95%).Total.SURVEY_LC1_2A2
50.32398,53.75167,CI.u(95%).Total.SURVEY_LC1_2A3
 431.6627,3718.0259,CI.u(95%).Total.SURVEY_LC1_2B1
  0.0000,252.6793,CI.u(95%).Total.SURVEY_LC1_2B2
 107.9312,1093.7300,CI.u(95%).Total.SURVEY_LC1_2B3
  0.0000,114.0355,CI.u(95%).Total.SURVEY_LC1_2B4
 44.52375,604.40689,CI.u(95%).Total.SURVEY_LC1_2B5
 56.07071,706.47269,CI.u(95%).Total.SURVEY_LC1_2B7
343.8597,573.5260,CI.u(95%).Total.SURVEY_LC1_2B8
1730.708,   0.000,CI.u(95%).Total.SURVEY_LC1_2Bx
16307.044, 6486.073,CI.u(95%).Total.SURVEY_LC1_2C1
2029.6470, 576.2646,CI.u(95%).Total.SURVEY_LC1_2C2
3018.961,1089.728,CI.u(95%).Total.SURVEY_LC1_2C3
2131.121,1589.081,CI.u(95%).Total.SURVEY_LC1_2D1
3056.191,1072.516,CI.u(95%).Total.SURVEY_LC1_2D2
4.275766,0.000000,CI.u(95%).Total.SURVEY_LC1_2Dx
1258.563,1572.846,CI.u(95%).Total.SURVEY_LC1_2E1
1671.046,4022.464,CI.u(95%).Total.SURVEY_LC1_2E2
 553.1841,1449.5481,CI.u(95%).Total.SURVEY_LC1_2E3
410.5596, 75.9836,CI.u(95%).Total.SURVEY_LC1_2F1
20.887984, 3.946122,CI.u(95%).Total.SURVEY_LC1_2F2
1316.8464, 930.0715,CI.u(95%).Total.SURVEY_LC1_2F4
223.21469, 11.09679,CI.u(95%).Total.SURVEY_LC1_2G1
251.7517,103.9611,CI.u(95%).Total.SURVEY_LC1_2G2
0.000000,4.001862,CI.u(95%).Total.SURVEY_LC1_2G3
12.24051, 0.00000,CI.u(95%).Total.SURVEY_LC1_2G4
175.21372, 12.40987,CI.u(95%).Total.SURVEY_LC1_2H1
21.4641, 0.0000,CI.u(95%).Total.SURVEY_LC1_2H2
 4489.618,11449.616,CI.u(95%).Total.SURVEY_LU1_2U11
14233.486, 5053.018,CI.u(95%).Total.SURVEY_LU1_2U12
131.14165, 15.21348,CI.u(95%).Total.SURVEY_LU1_2U13
16.179979, 4.251491,CI.u(95%).Total.SURVEY_LU1_2U14
10.69578,11.41696,CI.u(95%).Total.SURVEY_LU1_2U15
31.398558, 7.681013,CI.u(95%).Total.SURVEY_LU1_2U21
44.92778,39.52042,CI.u(95%).Total.SURVEY_LU1_2U22
489.9495,874.7847,CI.u(95%).Total.SURVEY_LU1_2U31
36.44121,44.58166,CI.u(95%).Total.SURVEY_LU1_2U32
31.74074,27.48066,CI.u(95%).Total.SURVEY_LU1_2U33
160.7211,112.8914,CI.u(95%).Total.SURVEY_LU1_2U34
213.33634, 98.81547,CI.u(95%).Total.SURVEY_LU1_2U35
227.1834,150.7330,CI.u(95%).Total.SURVEY_LU1_2U36
798.0066,593.7971,CI.u(95%).Total.SURVEY_LU1_2U37
196.692,136.063,CI.u(95%).Total.SURVEY_LU1_2U41
13868.767, 7139.245,CI.u(95%).Total.SURVEY_LU1_2U42
414.6348,261.2428,CI.u(95%).Total.SURVEY_LC1_3A11
72.63415, 0.00000,CI.u(95%).Total.SURVEY_LC1_3A12
 0.00000,31.67666,CI.u(95%).Total.SURVEY_LC1_3A13
389.7649,259.7775,CI.u(95%).Total.SURVEY_LC1_3A21
174.9224,653.1824,CI.u(95%).Total.SURVEY_LC1_3A22
50.32398,53.75167,CI.u(95%).Total.SURVEY_LC1_3A30
 32.08307,729.66094,CI.u(95%).Total.SURVEY_LC1_3B11
 0.00000,42.60652,CI.u(95%).Total.SURVEY_LC1_3B12
  0.0000,346.2967,CI.u(95%).Total.SURVEY_LC1_3B13
0.000000,9.945088,CI.u(95%).Total.SURVEY_LC1_3B14
  0.0000,155.7386,CI.u(95%).Total.SURVEY_LC1_3B15
 417.9381,2696.7776,CI.u(95%).Total.SURVEY_LC1_3B16
 0.00000,52.63556,CI.u(95%).Total.SURVEY_LC1_3B18
 0.00000,85.61518,CI.u(95%).Total.SURVEY_LC1_3B19
  0.0000,163.7135,CI.u(95%).Total.SURVEY_LC1_3B21
  0.0000,128.5432,CI.u(95%).Total.SURVEY_LC1_3B22
  0.0000,497.1851,CI.u(95%).Total.SURVEY_LC1_3B31
  8.084512,105.157233,CI.u(95%).Total.SURVEY_LC1_3B32
 99.8467,581.3206,CI.u(95%).Total.SURVEY_LC1_3B33
 0.00000,33.71449,CI.u(95%).Total.SURVEY_LC1_3B36
 0.0000,55.0718,CI.u(95%).Total.SURVEY_LC1_3B37
 0.00000,38.11306,CI.u(95%).Total.SURVEY_LC1_3B41
 0.00000,89.44085,CI.u(95%).Total.SURVEY_LC1_3B43
 0.00000,80.21377,CI.u(95%).Total.SURVEY_LC1_3B51
  0.0000,159.5107,CI.u(95%).Total.SURVEY_LC1_3B52
 0.00000,49.33724,CI.u(95%).Total.SURVEY_LC1_3B53
 44.52375,403.69817,CI.u(95%).Total.SURVEY_LC1_3B55
 25.02355,131.83996,CI.u(95%).Total.SURVEY_LC1_3B71
 0.00000,61.00867,CI.u(95%).Total.SURVEY_LC1_3B72
 8.343541,39.866528,CI.u(95%).Total.SURVEY_LC1_3B73
  4.061215,265.047308,CI.u(95%).Total.SURVEY_LC1_3B74
 23.32025,333.57160,CI.u(95%).Total.SURVEY_LC1_3B75
0.000000,4.035446,CI.u(95%).Total.SURVEY_LC1_3B77
306.0855,306.6000,CI.u(95%).Total.SURVEY_LC1_3B81
 47.30761,314.79101,CI.u(95%).Total.SURVEY_LC1_3B82
 4.293837,12.444951,CI.u(95%).Total.SURVEY_LC1_3B83
 0.00000,29.63386,CI.u(95%).Total.SURVEY_LC1_3B84
1613.426,   0.000,CI.u(95%).Total.SURVEY_LC1_3Bx1
150.2747,  0.0000,CI.u(95%).Total.SURVEY_LC1_3Bx2
16307.044, 6486.073,CI.u(95%).Total.SURVEY_LC1_3C10
604.5322,120.0097,CI.u(95%).Total.SURVEY_LC1_3C21
948.0798,458.0881,CI.u(95%).Total.SURVEY_LC1_3C22
220.72723, 77.08191,CI.u(95%).Total.SURVEY_LC1_3C23
551.9288,  0.0000,CI.u(95%).Total.SURVEY_LC1_3C2x
524.3044,261.0111,CI.u(95%).Total.SURVEY_LC1_3C31
316.4105,296.3351,CI.u(95%).Total.SURVEY_LC1_3C32
1403.3772, 688.7778,CI.u(95%).Total.SURVEY_LC1_3C33
1180.101,   0.000,CI.u(95%).Total.SURVEY_LC1_3C3x
2131.121,1589.081,CI.u(95%).Total.SURVEY_LC1_3D10
3056.191,1072.516,CI.u(95%).Total.SURVEY_LC1_3D20
4.275766,0.000000,CI.u(95%).Total.SURVEY_LC1_3Dxx
1258.563,1572.846,CI.u(95%).Total.SURVEY_LC1_3E10
1671.046,4022.464,CI.u(95%).Total.SURVEY_LC1_3E20
 553.1841,1449.5481,CI.u(95%).Total.SURVEY_LC1_3E30
410.5596, 75.9836,CI.u(95%).Total.SURVEY_LC1_3F10
20.887984, 3.946122,CI.u(95%).Total.SURVEY_LC1_3F20
1316.8464, 930.0715,CI.u(95%).Total.SURVEY_LC1_3F40
223.21469, 11.09679,CI.u(95%).Total.SURVEY_LC1_3G11
251.7517,103.9611,CI.u(95%).Total.SURVEY_LC1_3G21
0.000000,4.001862,CI.u(95%).Total.SURVEY_LC1_3G30
12.24051, 0.00000,CI.u(95%).Total.SURVEY_LC1_3G40
175.21372, 12.40987,CI.u(95%).Total.SURVEY_LC1_3H11
13.46038, 0.00000,CI.u(95%).Total.SURVEY_LC1_3H21
8.003723,0.000000,CI.u(95%).Total.SURVEY_LC1_3H22
 4353.818,10776.673,CI.u(95%).Total.SURVEY_LU1_3U111
 12.39677,625.17328,CI.u(95%).Total.SURVEY_LU1_3U112
158.2190,261.8595,CI.u(95%).Total.SURVEY_LU1_3U113
14233.486, 5053.018,CI.u(95%).Total.SURVEY_LU1_3U120
131.14165, 15.21348,CI.u(95%).Total.SURVEY_LU1_3U130
16.179979, 4.251491,CI.u(95%).Total.SURVEY_LU1_3U140
10.69578,11.41696,CI.u(95%).Total.SURVEY_LU1_3U150
31.398558, 7.681013,CI.u(95%).Total.SURVEY_LU1_3U210
25.359699, 3.890977,CI.u(95%).Total.SURVEY_LU1_3U221
16.73368, 0.00000,CI.u(95%).Total.SURVEY_LU1_3U223
3.942217,0.000000,CI.u(95%).Total.SURVEY_LU1_3U224
 4.022534,31.691646,CI.u(95%).Total.SURVEY_LU1_3U226
0.000000,3.937795,CI.u(95%).Total.SURVEY_LU1_3U227
28.02699,23.06905,CI.u(95%).Total.SURVEY_LU1_3U311
268.1992,727.0455,CI.u(95%).Total.SURVEY_LU1_3U312
151.05489, 76.88989,CI.u(95%).Total.SURVEY_LU1_3U313
21.39053,10.82747,CI.u(95%).Total.SURVEY_LU1_3U314
21.82790,28.29953,CI.u(95%).Total.SURVEY_LU1_3U317
40.81001,72.32859,CI.u(95%).Total.SURVEY_LU1_3U318
34.52418,40.98603,CI.u(95%).Total.SURVEY_LU1_3U319
 8.003723,39.947411,CI.u(95%).Total.SURVEY_LU1_3U321
28.437491, 4.634246,CI.u(95%).Total.SURVEY_LU1_3U322
31.74074,27.48066,CI.u(95%).Total.SURVEY_LU1_3U330
160.7211,112.8914,CI.u(95%).Total.SURVEY_LU1_3U341
213.33634, 98.81547,CI.u(95%).Total.SURVEY_LU1_3U350
154.1709,117.8848,CI.u(95%).Total.SURVEY_LU1_3U361
95.42025,47.59442,CI.u(95%).Total.SURVEY_LU1_3U362
798.0066,593.7971,CI.u(95%).Total.SURVEY_LU1_3U370
18.73405,25.41811,CI.u(95%).Total.SURVEY_LU1_3U411
72.63415, 0.00000,CI.u(95%).Total.SURVEY_LU1_3U412
4.544505,0.000000,CI.u(95%).Total.SURVEY_LU1_3U413
37.01753,87.34996,CI.u(95%).Total.SURVEY_LU1_3U414
103.84756, 45.30903,CI.u(95%).Total.SURVEY_LU1_3U415
13868.767, 7139.245,CI.u(95%).Total.SURVEY_LU1_3U420
32067.77,23175.31,CI.u(95%).Total.settlement0
1481.200,1667.206,CI.u(95%).Total.settlement1
0.3846381,0.4329399,CI.u(95%).Total.settl_pc
10647.01,14941.87,CI.u(95%).Total.fao_class_name0
20397.354, 7892.189,CI.u(95%).Total.fao_class_name1
2607.212,1786.346,CI.u(95%).Total.fao_class_name2
460.9244,708.4875,CI.u(95%).Total.fao_class_name3
32365.38,23988.15,CI.u(95%).Total.lue0
1177.9472, 831.7629,CI.u(95%).Total.lue1
32919.19,23860.51,CI.u(95%).Total.lud0
594.5906,959.5129,CI.u(95%).Total.lud1
0.01191224,0.01609530,CV.Total.area
0.09512335,0.06238519,CV.Total.SURVEY_LC1_1A
0.07510004,0.03215794,CV.Total.SURVEY_LC1_1B
0.01759555,0.04541498,CV.Total.SURVEY_LC1_1C
0.03053250,0.03913206,CV.Total.SURVEY_LC1_1D
0.03943261,0.02495386,CV.Total.SURVEY_LC1_1E
0.08746944,0.12129707,CV.Total.SURVEY_LC1_1F
0.03484337,0.12289862,CV.Total.SURVEY_LC1_1G
0.04269309,0.00000000,CV.Total.SURVEY_LC1_1H
0.02398236,0.02309071,CV.Total.SURVEY_LU1_1U1
0.2640925,0.3602014,CV.Total.SURVEY_LU1_1U2
0.04982771,0.05693168,CV.Total.SURVEY_LU1_1U3
0.02321741,0.02790612,CV.Total.SURVEY_LU1_1U4
0.2322070,0.1667809,CV.Total.SURVEY_LC1_2A1
0.15264863,0.08404432,CV.Total.SURVEY_LC1_2A2
0.1582650,0.1866406,CV.Total.SURVEY_LC1_2A3
0.22899081,0.04856146,CV.Total.SURVEY_LC1_2B1
NA,0.3020832,CV.Total.SURVEY_LC1_2B2
0.4721296,0.1200673,CV.Total.SURVEY_LC1_2B3
NA,0.2381893,CV.Total.SURVEY_LC1_2B4
0.4481820,0.1426625,CV.Total.SURVEY_LC1_2B5
0.1492407,0.1138057,CV.Total.SURVEY_LC1_2B7
0.1908836,0.1377338,CV.Total.SURVEY_LC1_2B8
0.09672686,NA,CV.Total.SURVEY_LC1_2Bx
0.02450696,0.05196704,CV.Total.SURVEY_LC1_2C1
0.0871810,0.1598579,CV.Total.SURVEY_LC1_2C2
0.08391051,0.13385744,CV.Total.SURVEY_LC1_2C3
0.04639076,0.04774117,CV.Total.SURVEY_LC1_2D1
0.04340236,0.07061418,CV.Total.SURVEY_LC1_2D2
  0,NA,CV.Total.SURVEY_LC1_2Dx
0.06665045,0.06116568,CV.Total.SURVEY_LC1_2E1
0.05362923,0.03445758,CV.Total.SURVEY_LC1_2E2
0.1294836,0.0763588,CV.Total.SURVEY_LC1_2E3
0.06277949,0.14719589,CV.Total.SURVEY_LC1_2F1
0,0,CV.Total.SURVEY_LC1_2F2
0.1170861,0.1310875,CV.Total.SURVEY_LC1_2F4
0.08267166,0.00000000,CV.Total.SURVEY_LC1_2G1
0.08458098,0.14584995,CV.Total.SURVEY_LC1_2G2
NA,  0,CV.Total.SURVEY_LC1_2G3
  0,NA,CV.Total.SURVEY_LC1_2G4
0.04841943,0.00000000,CV.Total.SURVEY_LC1_2H1
  0,NA,CV.Total.SURVEY_LC1_2H2
0.04611662,0.01880211,CV.Total.SURVEY_LU1_2U11
0.02820898,0.06611317,CV.Total.SURVEY_LU1_2U12
0.1518881,0.0000000,CV.Total.SURVEY_LU1_2U13
0,0,CV.Total.SURVEY_LU1_2U14
0.4990263,0.5042195,CV.Total.SURVEY_LU1_2U15
0.5064483,0.0000000,CV.Total.SURVEY_LU1_2U21
0.2994370,0.4986257,CV.Total.SURVEY_LU1_2U22
0.11705104,0.08906355,CV.Total.SURVEY_LU1_2U31
0.2430388,0.1554400,CV.Total.SURVEY_LU1_2U32
0.4011566,0.3410295,CV.Total.SURVEY_LU1_2U33
0.4779414,0.5038024,CV.Total.SURVEY_LU1_2U34
0.2299057,0.4348040,CV.Total.SURVEY_LU1_2U35
0.1656420,0.3144627,CV.Total.SURVEY_LU1_2U36
0.11406453,0.09557644,CV.Total.SURVEY_LU1_2U37
0.2543144,0.1706323,CV.Total.SURVEY_LU1_2U41
0.02335965,0.02825281,CV.Total.SURVEY_LU1_2U42
0.2476339,0.1697231,CV.Total.SURVEY_LC1_3A11
0.914732,NA,CV.Total.SURVEY_LC1_3A12
NA,0.8164966,CV.Total.SURVEY_LC1_3A13
0.2103138,0.1391298,CV.Total.SURVEY_LC1_3A21
0.1874619,0.1113718,CV.Total.SURVEY_LC1_3A22
0.1582650,0.1866406,CV.Total.SURVEY_LC1_3A30
0.8196898,0.1513637,CV.Total.SURVEY_LC1_3B11
NA,0.4909028,CV.Total.SURVEY_LC1_3B12
NA,0.2314223,CV.Total.SURVEY_LC1_3B13
NA,0.5042195,CV.Total.SURVEY_LC1_3B14
NA,0.391845,CV.Total.SURVEY_LC1_3B15
0.23632910,0.05900586,CV.Total.SURVEY_LC1_3B16
NA,0.5797078,CV.Total.SURVEY_LC1_3B18
NA,0.6616414,CV.Total.SURVEY_LC1_3B19
NA,0.3494856,CV.Total.SURVEY_LC1_3B21
NA,0.5553268,CV.Total.SURVEY_LC1_3B22
NA,0.2097063,CV.Total.SURVEY_LC1_3B31
0.0000000,0.4884696,CV.Total.SURVEY_LC1_3B32
0.5516935,0.1705513,CV.Total.SURVEY_LC1_3B33
NA,0.6291657,CV.Total.SURVEY_LC1_3B36
NA,0.4752343,CV.Total.SURVEY_LC1_3B37
NA,0.4872163,CV.Total.SURVEY_LC1_3B41
NA,0.2732519,CV.Total.SURVEY_LC1_3B43
NA,0.2665959,CV.Total.SURVEY_LC1_3B51
NA,0.2788014,CV.Total.SURVEY_LC1_3B52
NA,0.3916631,CV.Total.SURVEY_LC1_3B53
0.4481820,0.2034999,CV.Total.SURVEY_LC1_3B55
0.1762274,0.2141873,CV.Total.SURVEY_LC1_3B71
NA,0.4624932,CV.Total.SURVEY_LC1_3B72
0.0000000,0.4290449,CV.Total.SURVEY_LC1_3B73
0.0000000,0.2170986,CV.Total.SURVEY_LC1_3B74
0.4510893,0.1955498,CV.Total.SURVEY_LC1_3B75
NA,  0,CV.Total.SURVEY_LC1_3B77
0.2206870,0.2143912,CV.Total.SURVEY_LC1_3B81
0.2375545,0.2254792,CV.Total.SURVEY_LC1_3B82
0.0000000,0.5400617,CV.Total.SURVEY_LC1_3B83
NA,0.8196898,CV.Total.SURVEY_LC1_3B84
0.1042584,NA,CV.Total.SURVEY_LC1_3Bx1
0.1552577,NA,CV.Total.SURVEY_LC1_3Bx2
0.02450696,0.05196704,CV.Total.SURVEY_LC1_3C10
0.2093045,0.4475441,CV.Total.SURVEY_LC1_3C21
0.1198248,0.1804492,CV.Total.SURVEY_LC1_3C22
0.2948197,0.5687114,CV.Total.SURVEY_LC1_3C23
0.1989084,NA,CV.Total.SURVEY_LC1_3C2x
0.2618890,0.3850823,CV.Total.SURVEY_LC1_3C31
0.2100807,0.2412856,CV.Total.SURVEY_LC1_3C32
0.1349055,0.1744041,CV.Total.SURVEY_LC1_3C33
0.1499288,NA,CV.Total.SURVEY_LC1_3C3x
0.04639076,0.04774117,CV.Total.SURVEY_LC1_3D10
0.04340236,0.07061418,CV.Total.SURVEY_LC1_3D20
  0,NA,CV.Total.SURVEY_LC1_3Dxx
0.06665045,0.06116568,CV.Total.SURVEY_LC1_3E10
0.05362923,0.03445758,CV.Total.SURVEY_LC1_3E20
0.1294836,0.0763588,CV.Total.SURVEY_LC1_3E30
0.06277949,0.14719589,CV.Total.SURVEY_LC1_3F10
0,0,CV.Total.SURVEY_LC1_3F20
0.1170861,0.1310875,CV.Total.SURVEY_LC1_3F40
0.08267166,0.00000000,CV.Total.SURVEY_LC1_3G11
0.08458098,0.14584995,CV.Total.SURVEY_LC1_3G21
NA,  0,CV.Total.SURVEY_LC1_3G30
  0,NA,CV.Total.SURVEY_LC1_3G40
0.04841943,0.00000000,CV.Total.SURVEY_LC1_3H11
  0,NA,CV.Total.SURVEY_LC1_3H21
  0,NA,CV.Total.SURVEY_LC1_3H22
0.04757139,0.02022661,CV.Total.SURVEY_LU1_3U111
0.0000000,0.1468654,CV.Total.SURVEY_LU1_3U112
0.1484469,0.1874653,CV.Total.SURVEY_LU1_3U113
0.02820898,0.06611317,CV.Total.SURVEY_LU1_3U120
0.1518881,0.0000000,CV.Total.SURVEY_LU1_3U130
0,0,CV.Total.SURVEY_LU1_3U140
0.4990263,0.5042195,CV.Total.SURVEY_LU1_3U150
0.5064483,0.0000000,CV.Total.SURVEY_LU1_3U210
0.7791937,0.0000000,CV.Total.SURVEY_LU1_3U221
0.3176946,NA,CV.Total.SURVEY_LU1_3U223
  0,NA,CV.Total.SURVEY_LU1_3U224
0.0000000,0.8196898,CV.Total.SURVEY_LU1_3U226
NA,  0,CV.Total.SURVEY_LU1_3U227
0.5176336,0.7400129,CV.Total.SURVEY_LU1_3U311
0.22722969,0.09867919,CV.Total.SURVEY_LU1_3U312
0.1462112,0.6836245,CV.Total.SURVEY_LU1_3U313
0.0000000,0.5042195,CV.Total.SURVEY_LU1_3U314
0.7453560,0.3350213,CV.Total.SURVEY_LU1_3U317
0.2542697,0.3240237,CV.Total.SURVEY_LU1_3U318
0.2193151,0.2783496,CV.Total.SURVEY_LU1_3U319
0.000000,0.179828,CV.Total.SURVEY_LU1_3U321
0.359661,0.000000,CV.Total.SURVEY_LU1_3U322
0.4011566,0.3410295,CV.Total.SURVEY_LU1_3U330
0.4779414,0.5038024,CV.Total.SURVEY_LU1_3U341
0.2299057,0.4348040,CV.Total.SURVEY_LU1_3U350
0.1342216,0.4426008,CV.Total.SURVEY_LU1_3U361
0.4744365,0.2957111,CV.Total.SURVEY_LU1_3U362
0.11406453,0.09557644,CV.Total.SURVEY_LU1_3U370
0.2005706,0.7453560,CV.Total.SURVEY_LU1_3U411
0.914732,NA,CV.Total.SURVEY_LU1_3U412
  0,NA,CV.Total.SURVEY_LU1_3U413
0.1610086,0.2326157,CV.Total.SURVEY_LU1_3U414
0.3859066,0.2204719,CV.Total.SURVEY_LU1_3U415
0.02335965,0.02825281,CV.Total.SURVEY_LU1_3U420
0.0122946,0.0171266,CV.Total.settlement0
0.05111981,0.05243357,CV.Total.settlement1
0.05111981,0.05243357,CV.Total.settl_pc
0.02301073,0.01554523,CV.Total.fao_class_name0
0.01748838,0.04493677,CV.Total.fao_class_name1
0.03957279,0.05633307,CV.Total.fao_class_name2
0.2001599,0.1213976,CV.Total.fao_class_name3
0.01226236,0.01663000,CV.Total.lue0
0.06013185,0.09300409,CV.Total.lue1
0.01207195,0.01663466,CV.Total.lud0
0.09504064,0.08151148,CV.Total.lud1
