No,Yes,variable
167070.6,135002.4,Total.area
10432.546, 9387.854,Total.SURVEY_LC1_1A
19622.70,65687.03,Total.SURVEY_LC1_1B
82702.44,25271.44,Total.SURVEY_LC1_1C
14041.865, 4740.809,Total.SURVEY_LC1_1D
25631.20,25144.29,Total.SURVEY_LC1_1E
10899.216, 3261.902,Total.SURVEY_LC1_1F
3393.195,1360.605,Total.SURVEY_LC1_1G
347.4335,148.4733,Total.SURVEY_LC1_1H
 86564.04,103238.90,Total.SURVEY_LU1_1U1
1123.2004, 248.4954,Total.SURVEY_LU1_1U2
15036.23,11871.38,Total.SURVEY_LU1_1U3
64347.12,19643.64,Total.SURVEY_LU1_1U4
4249.743,2619.648,Total.SURVEY_LC1_2A1
5917.667,6452.568,Total.SURVEY_LC1_2A2
265.1363,315.6386,Total.SURVEY_LC1_2A3
 3019.744,24039.444,Total.SURVEY_LC1_2B1
 41.92256,731.49862,Total.SURVEY_LC1_2B2
 580.2831,3188.5022,Total.SURVEY_LC1_2B3
  62.58779,2149.91381,Total.SURVEY_LC1_2B4
 1059.532,11377.832,Total.SURVEY_LC1_2B5
 814.1253,4990.9909,Total.SURVEY_LC1_2B7
 4066.099,19208.849,Total.SURVEY_LC1_2B8
9978.409,   0.000,Total.SURVEY_LC1_2Bx
62497.25,20709.20,Total.SURVEY_LC1_2C1
12522.952, 2319.976,Total.SURVEY_LC1_2C2
7634.211,2242.266,Total.SURVEY_LC1_2C3
48.01943, 0.00000,Total.SURVEY_LC1_2Cx
5175.201,2702.742,Total.SURVEY_LC1_2D1
8856.747,2038.068,Total.SURVEY_LC1_2D2
9.917211,0.000000,Total.SURVEY_LC1_2Dx
4532.299,4818.864,Total.SURVEY_LC1_2E1
18690.14,12982.68,Total.SURVEY_LC1_2E2
2380.765,7342.745,Total.SURVEY_LC1_2E3
27.99285, 0.00000,Total.SURVEY_LC1_2Ex
6159.2415, 163.5805,Total.SURVEY_LC1_2F1
155.83346, 44.93637,Total.SURVEY_LC1_2F2
8.539155,4.028411,Total.SURVEY_LC1_2F3
4575.602,3049.357,Total.SURVEY_LC1_2F4
1979.542, 338.239,Total.SURVEY_LC1_2G1
 998.8464,1022.3664,Total.SURVEY_LC1_2G2
40.88408, 0.00000,Total.SURVEY_LC1_2G3
36.18282, 0.00000,Total.SURVEY_LC1_2G4
337.7398,  0.0000,Total.SURVEY_LC1_2G5
197.0322,123.3202,Total.SURVEY_LC1_2H1
150.4013, 25.1531,Total.SURVEY_LC1_2H2
35769.00,88335.49,Total.SURVEY_LU1_2U11
50123.62,14725.62,Total.SURVEY_LU1_2U12
154.25576, 49.10466,Total.SURVEY_LU1_2U13
484.7117,116.4249,Total.SURVEY_LU1_2U14
32.45279,12.25583,Total.SURVEY_LU1_2U15
275.38515, 65.38696,Total.SURVEY_LU1_2U21
847.8152,183.1085,Total.SURVEY_LU1_2U22
4480.328,5252.634,Total.SURVEY_LU1_2U31
269.5054,175.8471,Total.SURVEY_LU1_2U32
142.1918,247.2057,Total.SURVEY_LU1_2U33
896.1059,496.3045,Total.SURVEY_LU1_2U34
759.8620,163.0155,Total.SURVEY_LU1_2U35
1501.6057, 927.8158,Total.SURVEY_LU1_2U36
6986.631,4608.555,Total.SURVEY_LU1_2U37
1674.15,1267.99,Total.SURVEY_LU1_2U41
62672.97,18375.65,Total.SURVEY_LU1_2U42
3769.766,2104.256,Total.SURVEY_LC1_3A11
287.3074,117.6198,Total.SURVEY_LC1_3A12
141.4584,397.7721,Total.SURVEY_LC1_3A13
51.21048, 0.00000,Total.SURVEY_LC1_3A1x
3342.572,2087.622,Total.SURVEY_LC1_3A21
2520.955,4364.945,Total.SURVEY_LC1_3A22
54.13901, 0.00000,Total.SURVEY_LC1_3A2x
260.9874,315.6386,Total.SURVEY_LC1_3A30
4.148976,0.000000,Total.SURVEY_LC1_3A3x
 399.1907,5787.6611,Total.SURVEY_LC1_3B11
 801.3013,6078.1885,Total.SURVEY_LC1_3B12
 240.4481,1890.0643,Total.SURVEY_LC1_3B13
 47.55209,593.41073,Total.SURVEY_LC1_3B15
1450.656,7815.417,Total.SURVEY_LC1_3B16
  38.99055,1444.97985,Total.SURVEY_LC1_3B17
  0.0000,182.4832,Total.SURVEY_LC1_3B18
 41.60553,247.23869,Total.SURVEY_LC1_3B19
 13.76144,230.59375,Total.SURVEY_LC1_3B21
  0.0000,396.9742,Total.SURVEY_LC1_3B22
 28.16112,103.93068,Total.SURVEY_LC1_3B23
150.2705,881.5719,Total.SURVEY_LC1_3B31
51.79308,76.42911,Total.SURVEY_LC1_3B32
 367.8047,2097.1229,Total.SURVEY_LC1_3B33
3.881944,7.955915,Total.SURVEY_LC1_3B35
 6.532968,45.364434,Total.SURVEY_LC1_3B36
 0.00000,80.05791,Total.SURVEY_LC1_3B37
  0.0000,535.8665,Total.SURVEY_LC1_3B41
  8.805942,589.962003,Total.SURVEY_LC1_3B42
  53.78185,1005.33179,Total.SURVEY_LC1_3B43
0.000000,8.586962,Total.SURVEY_LC1_3B44
 0.00000,10.16656,Total.SURVEY_LC1_3B45
 27.14398,140.05520,Total.SURVEY_LC1_3B51
 490.0853,5264.6718,Total.SURVEY_LC1_3B52
 28.79578,846.83195,Total.SURVEY_LC1_3B53
 193.2435,2482.5157,Total.SURVEY_LC1_3B54
 320.2631,2643.7574,Total.SURVEY_LC1_3B55
  7.843671,557.492738,Total.SURVEY_LC1_3B71
  4.171503,292.685332,Total.SURVEY_LC1_3B72
  8.043516,370.618535,Total.SURVEY_LC1_3B73
 425.5199,1945.9364,Total.SURVEY_LC1_3B74
 161.8543,1578.3105,Total.SURVEY_LC1_3B75
189.6836,182.8614,Total.SURVEY_LC1_3B76
17.00882,63.08596,Total.SURVEY_LC1_3B77
 3261.461,12485.101,Total.SURVEY_LC1_3B81
 782.6793,6514.5002,Total.SURVEY_LC1_3B82
 21.95901,205.20696,Total.SURVEY_LC1_3B83
0.000000,4.041191,Total.SURVEY_LC1_3B84
7829.618,   0.000,Total.SURVEY_LC1_3Bx1
2095.22,   0.00,Total.SURVEY_LC1_3Bx2
53.5711, 0.0000,Total.SURVEY_LC1_3Bxx
62421.38,20709.20,Total.SURVEY_LC1_3C10
75.87076, 0.00000,Total.SURVEY_LC1_3C1x
4915.4819, 955.4535,Total.SURVEY_LC1_3C21
3313.7703, 965.6774,Total.SURVEY_LC1_3C22
4134.1916, 398.8456,Total.SURVEY_LC1_3C23
159.5081,  0.0000,Total.SURVEY_LC1_3C2x
1075.2783, 394.3021,Total.SURVEY_LC1_3C31
2202.0094, 420.0955,Total.SURVEY_LC1_3C32
4189.628,1427.868,Total.SURVEY_LC1_3C33
167.2954,  0.0000,Total.SURVEY_LC1_3C3x
48.01943, 0.00000,Total.SURVEY_LC1_3Cxx
5171.217,2702.742,Total.SURVEY_LC1_3D10
3.984187,0.000000,Total.SURVEY_LC1_3D1x
8852.490,2038.068,Total.SURVEY_LC1_3D20
4.257515,0.000000,Total.SURVEY_LC1_3D2x
9.917211,0.000000,Total.SURVEY_LC1_3Dxx
4506.351,4818.864,Total.SURVEY_LC1_3E10
25.94872, 0.00000,Total.SURVEY_LC1_3E1x
18678.03,12982.68,Total.SURVEY_LC1_3E20
12.1088, 0.0000,Total.SURVEY_LC1_3E2x
2376.552,7342.745,Total.SURVEY_LC1_3E30
4.21245,0.00000,Total.SURVEY_LC1_3E3x
27.99285, 0.00000,Total.SURVEY_LC1_3Exx
6159.2415, 163.5805,Total.SURVEY_LC1_3F10
155.83346, 44.93637,Total.SURVEY_LC1_3F20
8.539155,4.028411,Total.SURVEY_LC1_3F30
4570.427,3049.357,Total.SURVEY_LC1_3F40
5.174404,0.000000,Total.SURVEY_LC1_3F4x
1900.377, 338.239,Total.SURVEY_LC1_3G11
79.16437, 0.00000,Total.SURVEY_LC1_3G12
4.063797,0.000000,Total.SURVEY_LC1_3G20
 990.6766,1022.3664,Total.SURVEY_LC1_3G21
4.106055,0.000000,Total.SURVEY_LC1_3G22
40.88408, 0.00000,Total.SURVEY_LC1_3G30
36.18282, 0.00000,Total.SURVEY_LC1_3G40
337.7398,  0.0000,Total.SURVEY_LC1_3G50
184.9542,123.3202,Total.SURVEY_LC1_3H11
12.07804, 0.00000,Total.SURVEY_LC1_3H12
69.06908,25.15310,Total.SURVEY_LC1_3H21
81.33224, 0.00000,Total.SURVEY_LC1_3H22
33431.91,80671.09,Total.SURVEY_LU1_3U111
1909.178,6477.479,Total.SURVEY_LU1_3U112
 427.9111,1186.9236,Total.SURVEY_LU1_3U113
50123.62,14725.62,Total.SURVEY_LU1_3U120
154.25576, 49.10466,Total.SURVEY_LU1_3U130
484.7117,116.4249,Total.SURVEY_LU1_3U140
32.45279,12.25583,Total.SURVEY_LU1_3U150
275.38515, 65.38696,Total.SURVEY_LU1_3U210
56.83317,61.17089,Total.SURVEY_LU1_3U221
28.345773, 5.009245,Total.SURVEY_LU1_3U222
155.449392,  4.108877,Total.SURVEY_LU1_3U223
206.73235, 41.80539,Total.SURVEY_LU1_3U224
144.241647,  9.440358,Total.SURVEY_LU1_3U225
150.14750, 42.93576,Total.SURVEY_LU1_3U226
106.06538, 14.52623,Total.SURVEY_LU1_3U227
0.000000,4.111732,Total.SURVEY_LU1_3U228
226.4779,208.4196,Total.SURVEY_LU1_3U311
2693.976,4558.732,Total.SURVEY_LU1_3U312
883.40477, 68.18829,Total.SURVEY_LU1_3U313
157.968488,  9.272113,Total.SURVEY_LU1_3U314
 0.00000,19.54525,Total.SURVEY_LU1_3U316
375.0423,196.8173,Total.SURVEY_LU1_3U317
 74.22779,109.93826,Total.SURVEY_LU1_3U318
69.23108,81.72094,Total.SURVEY_LU1_3U319
164.1857,132.0684,Total.SURVEY_LU1_3U321
105.31967, 43.77874,Total.SURVEY_LU1_3U322
142.1918,247.2057,Total.SURVEY_LU1_3U330
873.0727,487.7277,Total.SURVEY_LU1_3U341
23.033181, 8.576796,Total.SURVEY_LU1_3U342
759.8620,163.0155,Total.SURVEY_LU1_3U350
1148.111, 643.296,Total.SURVEY_LU1_3U361
353.4946,284.5198,Total.SURVEY_LU1_3U362
6986.631,4608.555,Total.SURVEY_LU1_3U370
366.29424, 69.29566,Total.SURVEY_LU1_3U411
59.25803,76.18072,Total.SURVEY_LU1_3U412
21.403958, 8.515551,Total.SURVEY_LU1_3U413
265.2210,242.2069,Total.SURVEY_LU1_3U414
961.9728,871.7908,Total.SURVEY_LU1_3U415
62672.97,18375.65,Total.SURVEY_LU1_3U420
151956.5,122249.8,Total.settlement0
15114.06,12752.61,Total.settlement1
0.2561826,0.2161562,Total.settl_pc
77423.36,93720.54,Total.fao_class_name0
78756.79,22455.19,Total.fao_class_name1
4955.579,1838.948,Total.fao_class_name2
 5934.865,16987.733,Total.fao_class_name3
156926.4,128806.7,Total.lue0
10144.20, 6195.69,Total.lue1
160570.7,128961.8,Total.lud0
6499.937,6040.607,Total.lud1
826.6502,822.7631,SE.Total.area
297.2790,267.6431,SE.Total.SURVEY_LC1_1A
660.5573,817.0097,SE.Total.SURVEY_LC1_1B
410.1791,345.7236,SE.Total.SURVEY_LC1_1C
261.8400,150.9594,SE.Total.SURVEY_LC1_1D
380.0386,520.8771,SE.Total.SURVEY_LC1_1E
349.3209,270.5476,SE.Total.SURVEY_LC1_1F
36.22290,58.72992,SE.Total.SURVEY_LC1_1G
 8.288166,11.627786,SE.Total.SURVEY_LC1_1H
847.3148,797.7661,SE.Total.SURVEY_LU1_1U1
139.43602, 47.07293,SE.Total.SURVEY_LU1_1U2
338.4435,311.7644,SE.Total.SURVEY_LU1_1U3
485.0598,347.3506,SE.Total.SURVEY_LU1_1U4
337.0128,202.0036,SE.Total.SURVEY_LC1_2A1
336.2947,236.7065,SE.Total.SURVEY_LC1_2A2
52.51462,62.39162,SE.Total.SURVEY_LC1_2A3
332.9618,691.0435,SE.Total.SURVEY_LC1_2B1
 20.24189,159.46970,SE.Total.SURVEY_LC1_2B2
129.7545,318.0243,SE.Total.SURVEY_LC1_2B3
 15.3554,237.1980,SE.Total.SURVEY_LC1_2B4
158.5706,479.0687,SE.Total.SURVEY_LC1_2B5
142.1314,376.2461,SE.Total.SURVEY_LC1_2B7
350.1629,568.7875,SE.Total.SURVEY_LC1_2B8
428.7296,  0.0000,SE.Total.SURVEY_LC1_2Bx
441.7268,315.8495,SE.Total.SURVEY_LC1_2C1
269.1726,127.2213,SE.Total.SURVEY_LC1_2C2
230.97306, 99.23742,SE.Total.SURVEY_LC1_2C3
12.86772, 0.00000,SE.Total.SURVEY_LC1_2Cx
205.4006,110.8175,SE.Total.SURVEY_LC1_2D1
206.2069,106.7436,SE.Total.SURVEY_LC1_2D2
7.737578,0.000000,SE.Total.SURVEY_LC1_2Dx
182.1465,213.2866,SE.Total.SURVEY_LC1_2E1
346.4366,303.2292,SE.Total.SURVEY_LC1_2E2
134.2573,383.8058,SE.Total.SURVEY_LC1_2E3
9.346326,0.000000,SE.Total.SURVEY_LC1_2Ex
210.01363, 12.76325,SE.Total.SURVEY_LC1_2F1
18.29537, 0.00000,SE.Total.SURVEY_LC1_2F2
6.221109,0.000000,SE.Total.SURVEY_LC1_2F3
278.5693,270.2485,SE.Total.SURVEY_LC1_2F4
85.14255,45.76062,SE.Total.SURVEY_LC1_2G1
85.93155,37.05271,SE.Total.SURVEY_LC1_2G2
0,0,SE.Total.SURVEY_LC1_2G3
0,0,SE.Total.SURVEY_LC1_2G4
15.46389, 0.00000,SE.Total.SURVEY_LC1_2G5
 8.288166,11.471351,SE.Total.SURVEY_LC1_2H1
0.000000,1.900923,SE.Total.SURVEY_LC1_2H2
734.9129,762.2540,SE.Total.SURVEY_LU1_2U11
434.5848,275.4356,SE.Total.SURVEY_LU1_2U12
23.829399, 1.709128,SE.Total.SURVEY_LU1_2U13
35.581133, 7.423371,SE.Total.SURVEY_LU1_2U14
13.64673, 1.07273,SE.Total.SURVEY_LU1_2U15
45.69851,13.63988,SE.Total.SURVEY_LU1_2U21
132.0591, 45.3124,SE.Total.SURVEY_LU1_2U22
296.6400,208.4512,SE.Total.SURVEY_LU1_2U31
46.29920,26.19577,SE.Total.SURVEY_LU1_2U32
48.93487,85.85571,SE.Total.SURVEY_LU1_2U33
131.37563, 97.73924,SE.Total.SURVEY_LU1_2U34
135.2665, 22.0888,SE.Total.SURVEY_LU1_2U35
138.7294,101.7775,SE.Total.SURVEY_LU1_2U36
325.9960,237.4923,SE.Total.SURVEY_LU1_2U37
186.1701,100.0100,SE.Total.SURVEY_LU1_2U41
450.8452,332.9928,SE.Total.SURVEY_LU1_2U42
327.5657,178.8049,SE.Total.SURVEY_LC1_3A11
112.74881, 54.01594,SE.Total.SURVEY_LC1_3A12
26.71081,77.53250,SE.Total.SURVEY_LC1_3A13
34.41956, 0.00000,SE.Total.SURVEY_LC1_3A1x
275.7972,158.9835,SE.Total.SURVEY_LC1_3A21
243.9838,203.4286,SE.Total.SURVEY_LC1_3A22
16.06173, 0.00000,SE.Total.SURVEY_LC1_3A2x
52.51462,62.39162,SE.Total.SURVEY_LC1_3A30
0,0,SE.Total.SURVEY_LC1_3A3x
103.7659,433.4433,SE.Total.SURVEY_LC1_3B11
143.7495,363.5100,SE.Total.SURVEY_LC1_3B12
 77.76348,224.23417,SE.Total.SURVEY_LC1_3B13
19.49410,82.44795,SE.Total.SURVEY_LC1_3B15
268.3847,494.7065,SE.Total.SURVEY_LC1_3B16
 36.90436,241.29912,SE.Total.SURVEY_LC1_3B17
  0.0000,105.1447,SE.Total.SURVEY_LC1_3B18
35.45376,93.15385,SE.Total.SURVEY_LC1_3B19
11.68928,89.39955,SE.Total.SURVEY_LC1_3B21
  0.0000,124.6208,SE.Total.SURVEY_LC1_3B22
16.78387,46.04399,SE.Total.SURVEY_LC1_3B23
 52.03487,173.89790,SE.Total.SURVEY_LC1_3B31
43.45800,38.38213,SE.Total.SURVEY_LC1_3B32
111.4153,260.9897,SE.Total.SURVEY_LC1_3B33
0,0,SE.Total.SURVEY_LC1_3B35
 4.038651,16.312485,SE.Total.SURVEY_LC1_3B36
 0.00000,45.31665,SE.Total.SURVEY_LC1_3B37
  0.0000,110.0469,SE.Total.SURVEY_LC1_3B41
  6.456587,148.015004,SE.Total.SURVEY_LC1_3B42
 13.93201,150.99436,SE.Total.SURVEY_LC1_3B43
0.000000,6.247933,SE.Total.SURVEY_LC1_3B44
0.000000,3.452076,SE.Total.SURVEY_LC1_3B45
21.21657,25.43322,SE.Total.SURVEY_LC1_3B51
109.9815,357.1654,SE.Total.SURVEY_LC1_3B52
12.75123,91.51878,SE.Total.SURVEY_LC1_3B53
 54.18702,206.40716,SE.Total.SURVEY_LC1_3B54
 98.55389,251.42922,SE.Total.SURVEY_LC1_3B55
 0.00000,85.94603,SE.Total.SURVEY_LC1_3B71
 0.00000,84.49574,SE.Total.SURVEY_LC1_3B72
  0.0000,148.0581,SE.Total.SURVEY_LC1_3B73
 89.87644,246.15147,SE.Total.SURVEY_LC1_3B74
 35.11717,244.72996,SE.Total.SURVEY_LC1_3B75
104.35257, 93.88283,SE.Total.SURVEY_LC1_3B76
 1.281452,19.477995,SE.Total.SURVEY_LC1_3B77
320.5253,538.4455,SE.Total.SURVEY_LC1_3B81
146.3519,392.8411,SE.Total.SURVEY_LC1_3B82
11.98255,85.97592,SE.Total.SURVEY_LC1_3B83
0,0,SE.Total.SURVEY_LC1_3B84
357.0085,  0.0000,SE.Total.SURVEY_LC1_3Bx1
239.3746,  0.0000,SE.Total.SURVEY_LC1_3Bx2
14.61366, 0.00000,SE.Total.SURVEY_LC1_3Bxx
441.6797,315.8495,SE.Total.SURVEY_LC1_3C10
18.0462, 0.0000,SE.Total.SURVEY_LC1_3C1x
152.63571, 69.26399,SE.Total.SURVEY_LC1_3C21
189.27171, 98.28211,SE.Total.SURVEY_LC1_3C22
155.07334, 44.70747,SE.Total.SURVEY_LC1_3C23
30.79292, 0.00000,SE.Total.SURVEY_LC1_3C2x
69.74967,41.93784,SE.Total.SURVEY_LC1_3C31
138.34145, 52.30246,SE.Total.SURVEY_LC1_3C32
175.39549, 74.39968,SE.Total.SURVEY_LC1_3C33
33.26023, 0.00000,SE.Total.SURVEY_LC1_3C3x
12.86772, 0.00000,SE.Total.SURVEY_LC1_3Cxx
205.4006,110.8175,SE.Total.SURVEY_LC1_3D10
0,0,SE.Total.SURVEY_LC1_3D1x
206.2054,106.7436,SE.Total.SURVEY_LC1_3D20
0.9520093,0.0000000,SE.Total.SURVEY_LC1_3D2x
7.737578,0.000000,SE.Total.SURVEY_LC1_3Dxx
182.0205,213.2866,SE.Total.SURVEY_LC1_3E10
7.453717,0.000000,SE.Total.SURVEY_LC1_3E1x
346.4366,303.2292,SE.Total.SURVEY_LC1_3E20
0,0,SE.Total.SURVEY_LC1_3E2x
134.2561,383.8058,SE.Total.SURVEY_LC1_3E30
0.5579526,0.0000000,SE.Total.SURVEY_LC1_3E3x
9.346326,0.000000,SE.Total.SURVEY_LC1_3Exx
210.01363, 12.76325,SE.Total.SURVEY_LC1_3F10
18.29537, 0.00000,SE.Total.SURVEY_LC1_3F20
6.221109,0.000000,SE.Total.SURVEY_LC1_3F30
278.5605,270.2485,SE.Total.SURVEY_LC1_3F40
2.214778,0.000000,SE.Total.SURVEY_LC1_3F4x
85.19460,45.76062,SE.Total.SURVEY_LC1_3G11
2.977477,0.000000,SE.Total.SURVEY_LC1_3G12
0,0,SE.Total.SURVEY_LC1_3G20
85.93155,37.05271,SE.Total.SURVEY_LC1_3G21
0,0,SE.Total.SURVEY_LC1_3G22
0,0,SE.Total.SURVEY_LC1_3G30
0,0,SE.Total.SURVEY_LC1_3G40
15.46389, 0.00000,SE.Total.SURVEY_LC1_3G50
 8.288166,11.471351,SE.Total.SURVEY_LC1_3H11
0,0,SE.Total.SURVEY_LC1_3H12
0.000000,1.900923,SE.Total.SURVEY_LC1_3H21
0,0,SE.Total.SURVEY_LC1_3H22
730.7494,812.0597,SE.Total.SURVEY_LU1_3U111
130.7525,361.8686,SE.Total.SURVEY_LU1_3U112
 28.27646,153.16304,SE.Total.SURVEY_LU1_3U113
434.5848,275.4356,SE.Total.SURVEY_LU1_3U120
23.829399, 1.709128,SE.Total.SURVEY_LU1_3U130
35.581133, 7.423371,SE.Total.SURVEY_LU1_3U140
13.64673, 1.07273,SE.Total.SURVEY_LU1_3U150
45.69851,13.63988,SE.Total.SURVEY_LU1_3U210
46.54061,20.60207,SE.Total.SURVEY_LU1_3U221
14.794354, 2.144086,SE.Total.SURVEY_LU1_3U222
59.70084, 0.00000,SE.Total.SURVEY_LU1_3U223
75.34209,35.19900,SE.Total.SURVEY_LU1_3U224
71.09143, 2.27049,SE.Total.SURVEY_LU1_3U225
54.45352,19.25374,SE.Total.SURVEY_LU1_3U226
51.343084, 3.299415,SE.Total.SURVEY_LU1_3U227
0,0,SE.Total.SURVEY_LU1_3U228
63.36914,46.27084,SE.Total.SURVEY_LU1_3U311
251.8600,201.9685,SE.Total.SURVEY_LU1_3U312
121.97981, 24.18109,SE.Total.SURVEY_LU1_3U313
14.126891, 6.847909,SE.Total.SURVEY_LU1_3U314
 0.00000,17.29874,SE.Total.SURVEY_LU1_3U316
97.83946,31.62222,SE.Total.SURVEY_LU1_3U317
11.67948,13.75716,SE.Total.SURVEY_LU1_3U318
 5.621067,21.654958,SE.Total.SURVEY_LU1_3U319
30.53943,24.64024,SE.Total.SURVEY_LU1_3U321
34.798829, 8.902386,SE.Total.SURVEY_LU1_3U322
48.93487,85.85571,SE.Total.SURVEY_LU1_3U330
131.2096, 97.5858,SE.Total.SURVEY_LU1_3U341
6.933418,6.207429,SE.Total.SURVEY_LU1_3U342
135.2665, 22.0888,SE.Total.SURVEY_LU1_3U350
126.0983, 94.2192,SE.Total.SURVEY_LU1_3U361
57.90296,38.51003,SE.Total.SURVEY_LU1_3U362
325.9960,237.4923,SE.Total.SURVEY_LU1_3U370
130.34937, 20.56501,SE.Total.SURVEY_LU1_3U411
24.51601,33.67722,SE.Total.SURVEY_LU1_3U412
6.152331,1.207766,SE.Total.SURVEY_LU1_3U413
89.14227,46.66090,SE.Total.SURVEY_LU1_3U414
103.47356, 80.03295,SE.Total.SURVEY_LU1_3U415
450.8452,332.9928,SE.Total.SURVEY_LU1_3U420
812.4757,807.4187,SE.Total.settlement0
300.6799,305.8615,SE.Total.settlement1
0.005096511,0.005184339,SE.Total.settl_pc
730.0058,775.1641,SE.Total.fao_class_name0
410.3543,343.2787,SE.Total.fao_class_name1
214.55312, 73.65012,SE.Total.fao_class_name2
379.5840,539.0566,SE.Total.fao_class_name3
863.9833,818.7906,SE.Total.lue0
353.1686,267.3516,SE.Total.lue1
858.9699,831.8922,SE.Total.lud0
314.5261,228.6548,SE.Total.lud1
165450.4,133389.8,CI.l(95%).Total.area
9849.890,8863.283,CI.l(95%).Total.SURVEY_LC1_1A
18328.03,64085.72,CI.l(95%).Total.SURVEY_LC1_1B
81898.50,24593.84,CI.l(95%).Total.SURVEY_LC1_1C
13528.668, 4444.934,CI.l(95%).Total.SURVEY_LC1_1D
24886.34,24123.39,CI.l(95%).Total.SURVEY_LC1_1E
10214.560, 2731.639,CI.l(95%).Total.SURVEY_LC1_1F
3322.199,1245.497,CI.l(95%).Total.SURVEY_LC1_1G
331.1890,125.6833,CI.l(95%).Total.SURVEY_LC1_1H
 84903.34,101675.30,CI.l(95%).Total.SURVEY_LU1_1U1
849.9108,156.2342,CI.l(95%).Total.SURVEY_LU1_1U2
14372.89,11260.33,CI.l(95%).Total.SURVEY_LU1_1U3
63396.42,18962.85,CI.l(95%).Total.SURVEY_LU1_1U4
3589.210,2223.728,CI.l(95%).Total.SURVEY_LC1_2A1
5258.541,5988.631,CI.l(95%).Total.SURVEY_LC1_2A2
162.2096,193.3533,CI.l(95%).Total.SURVEY_LC1_2A3
 2367.151,22685.024,CI.l(95%).Total.SURVEY_LC1_2B1
  2.24919,418.94374,CI.l(95%).Total.SURVEY_LC1_2B2
 325.9691,2565.1860,CI.l(95%).Total.SURVEY_LC1_2B3
  32.49175,1685.01422,CI.l(95%).Total.SURVEY_LC1_2B4
  748.7389,10438.8747,CI.l(95%).Total.SURVEY_LC1_2B5
 535.5529,4253.5622,CI.l(95%).Total.SURVEY_LC1_2B7
 3379.793,18094.046,CI.l(95%).Total.SURVEY_LC1_2B8
9138.115,   0.000,CI.l(95%).Total.SURVEY_LC1_2Bx
61631.49,20090.15,CI.l(95%).Total.SURVEY_LC1_2C1
11995.383, 2070.627,CI.l(95%).Total.SURVEY_LC1_2C2
7181.512,2047.764,CI.l(95%).Total.SURVEY_LC1_2C3
22.79916, 0.00000,CI.l(95%).Total.SURVEY_LC1_2Cx
4772.623,2485.543,CI.l(95%).Total.SURVEY_LC1_2D1
8452.589,1828.854,CI.l(95%).Total.SURVEY_LC1_2D2
-5.248164, 0.000000,CI.l(95%).Total.SURVEY_LC1_2Dx
4175.299,4400.830,CI.l(95%).Total.SURVEY_LC1_2E1
18011.14,12388.36,CI.l(95%).Total.SURVEY_LC1_2E2
2117.625,6590.500,CI.l(95%).Total.SURVEY_LC1_2E3
9.674385,0.000000,CI.l(95%).Total.SURVEY_LC1_2Ex
5747.622, 138.565,CI.l(95%).Total.SURVEY_LC1_2F1
119.97520, 44.93637,CI.l(95%).Total.SURVEY_LC1_2F2
-3.653994, 4.028411,CI.l(95%).Total.SURVEY_LC1_2F3
4029.616,2519.680,CI.l(95%).Total.SURVEY_LC1_2F4
1812.6653, 248.5498,CI.l(95%).Total.SURVEY_LC1_2G1
830.4237,949.7444,CI.l(95%).Total.SURVEY_LC1_2G2
40.88408, 0.00000,CI.l(95%).Total.SURVEY_LC1_2G3
36.18282, 0.00000,CI.l(95%).Total.SURVEY_LC1_2G4
307.4311,  0.0000,CI.l(95%).Total.SURVEY_LC1_2G5
180.7877,100.8368,CI.l(95%).Total.SURVEY_LC1_2H1
150.40133, 21.42736,CI.l(95%).Total.SURVEY_LC1_2H2
34328.6,86841.5,CI.l(95%).Total.SURVEY_LU1_2U11
49271.85,14185.77,CI.l(95%).Total.SURVEY_LU1_2U12
107.55100, 45.75483,CI.l(95%).Total.SURVEY_LU1_2U13
414.9740,101.8754,CI.l(95%).Total.SURVEY_LU1_2U14
 5.705701,10.153320,CI.l(95%).Total.SURVEY_LU1_2U15
185.81772, 38.65328,CI.l(95%).Total.SURVEY_LU1_2U21
588.98403, 94.29782,CI.l(95%).Total.SURVEY_LU1_2U22
3898.925,4844.077,CI.l(95%).Total.SURVEY_LU1_2U31
178.7606,124.5043,CI.l(95%).Total.SURVEY_LU1_2U32
46.28120,78.93156,CI.l(95%).Total.SURVEY_LU1_2U33
638.6144,304.7391,CI.l(95%).Total.SURVEY_LU1_2U34
494.7444,119.7222,CI.l(95%).Total.SURVEY_LU1_2U35
1229.7010, 728.3355,CI.l(95%).Total.SURVEY_LU1_2U36
6347.691,4143.078,CI.l(95%).Total.SURVEY_LU1_2U37
1309.263,1071.974,CI.l(95%).Total.SURVEY_LU1_2U41
61789.33,17723.00,CI.l(95%).Total.SURVEY_LU1_2U42
3127.749,1753.805,CI.l(95%).Total.SURVEY_LC1_3A11
66.32383,11.75052,CI.l(95%).Total.SURVEY_LC1_3A12
 89.10616,245.81119,CI.l(95%).Total.SURVEY_LC1_3A13
-16.25061,  0.00000,CI.l(95%).Total.SURVEY_LC1_3A1x
2802.02,1776.02,CI.l(95%).Total.SURVEY_LC1_3A21
2042.756,3966.233,CI.l(95%).Total.SURVEY_LC1_3A22
22.6586, 0.0000,CI.l(95%).Total.SURVEY_LC1_3A2x
158.0606,193.3533,CI.l(95%).Total.SURVEY_LC1_3A30
4.148976,0.000000,CI.l(95%).Total.SURVEY_LC1_3A3x
 195.8134,4938.1278,CI.l(95%).Total.SURVEY_LC1_3B11
 519.5576,5365.7220,CI.l(95%).Total.SURVEY_LC1_3B12
  88.03447,1450.57337,CI.l(95%).Total.SURVEY_LC1_3B13
  9.344348,431.815728,CI.l(95%).Total.SURVEY_LC1_3B15
 924.6312,6845.8106,CI.l(95%).Total.SURVEY_LC1_3B16
-33.34066,972.04227,CI.l(95%).Total.SURVEY_LC1_3B17
  0.00000,-23.59659,CI.l(95%).Total.SURVEY_LC1_3B18
-27.88255, 64.66051,CI.l(95%).Total.SURVEY_LC1_3B19
-9.14913,55.37384,CI.l(95%).Total.SURVEY_LC1_3B21
  0.000,152.722,CI.l(95%).Total.SURVEY_LC1_3B22
-4.734661,13.686122,CI.l(95%).Total.SURVEY_LC1_3B23
 48.28398,540.73831,CI.l(95%).Total.SURVEY_LC1_3B31
-33.383024,  1.201514,CI.l(95%).Total.SURVEY_LC1_3B32
 149.4348,1585.5926,CI.l(95%).Total.SURVEY_LC1_3B33
3.881944,7.955915,CI.l(95%).Total.SURVEY_LC1_3B35
-1.382643,13.392550,CI.l(95%).Total.SURVEY_LC1_3B36
 0.000000,-8.761102,CI.l(95%).Total.SURVEY_LC1_3B37
  0.0000,320.1785,CI.l(95%).Total.SURVEY_LC1_3B41
 -3.848736,299.857927,CI.l(95%).Total.SURVEY_LC1_3B42
 26.47561,709.38829,CI.l(95%).Total.SURVEY_LC1_3B43
 0.000000,-3.658761,CI.l(95%).Total.SURVEY_LC1_3B44
0.000000,3.400614,CI.l(95%).Total.SURVEY_LC1_3B45
-14.43974, 90.20701,CI.l(95%).Total.SURVEY_LC1_3B51
 274.5255,4564.6404,CI.l(95%).Total.SURVEY_LC1_3B52
  3.80384,667.45844,CI.l(95%).Total.SURVEY_LC1_3B53
  87.03889,2077.96511,CI.l(95%).Total.SURVEY_LC1_3B54
 127.101,2150.965,CI.l(95%).Total.SURVEY_LC1_3B55
  7.843671,389.041609,CI.l(95%).Total.SURVEY_LC1_3B71
  4.171503,127.076725,CI.l(95%).Total.SURVEY_LC1_3B72
 8.043516,80.430049,CI.l(95%).Total.SURVEY_LC1_3B73
 249.3653,1463.4883,CI.l(95%).Total.SURVEY_LC1_3B74
  93.02593,1098.64860,CI.l(95%).Total.SURVEY_LC1_3B75
-14.843693, -1.145521,CI.l(95%).Total.SURVEY_LC1_3B76
14.49722,24.90979,CI.l(95%).Total.SURVEY_LC1_3B77
 2633.243,11429.767,CI.l(95%).Total.SURVEY_LC1_3B81
 495.8348,5744.5457,CI.l(95%).Total.SURVEY_LC1_3B82
-1.526357,36.697255,CI.l(95%).Total.SURVEY_LC1_3B83
0.000000,4.041191,CI.l(95%).Total.SURVEY_LC1_3B84
7129.894,   0.000,CI.l(95%).Total.SURVEY_LC1_3Bx1
1626.054,   0.000,CI.l(95%).Total.SURVEY_LC1_3Bx2
24.92885, 0.00000,CI.l(95%).Total.SURVEY_LC1_3Bxx
61555.71,20090.15,CI.l(95%).Total.SURVEY_LC1_3C10
40.50086, 0.00000,CI.l(95%).Total.SURVEY_LC1_3C1x
4616.3214, 819.6986,CI.l(95%).Total.SURVEY_LC1_3C21
2942.805, 773.048,CI.l(95%).Total.SURVEY_LC1_3C22
3830.2534, 311.2206,CI.l(95%).Total.SURVEY_LC1_3C23
99.15505, 0.00000,CI.l(95%).Total.SURVEY_LC1_3C2x
938.5715,312.1055,CI.l(95%).Total.SURVEY_LC1_3C31
1930.8651, 317.5846,CI.l(95%).Total.SURVEY_LC1_3C32
3845.859,1282.047,CI.l(95%).Total.SURVEY_LC1_3C33
102.1065,  0.0000,CI.l(95%).Total.SURVEY_LC1_3C3x
22.79916, 0.00000,CI.l(95%).Total.SURVEY_LC1_3Cxx
4768.639,2485.543,CI.l(95%).Total.SURVEY_LC1_3D10
3.984187,0.000000,CI.l(95%).Total.SURVEY_LC1_3D1x
8448.334,1828.854,CI.l(95%).Total.SURVEY_LC1_3D20
2.391611,0.000000,CI.l(95%).Total.SURVEY_LC1_3D2x
-5.248164, 0.000000,CI.l(95%).Total.SURVEY_LC1_3Dxx
4149.597,4400.830,CI.l(95%).Total.SURVEY_LC1_3E10
11.3397, 0.0000,CI.l(95%).Total.SURVEY_LC1_3E1x
17999.03,12388.36,CI.l(95%).Total.SURVEY_LC1_3E20
12.1088, 0.0000,CI.l(95%).Total.SURVEY_LC1_3E2x
2113.415,6590.500,CI.l(95%).Total.SURVEY_LC1_3E30
3.118883,0.000000,CI.l(95%).Total.SURVEY_LC1_3E3x
9.674385,0.000000,CI.l(95%).Total.SURVEY_LC1_3Exx
5747.622, 138.565,CI.l(95%).Total.SURVEY_LC1_3F10
119.97520, 44.93637,CI.l(95%).Total.SURVEY_LC1_3F20
-3.653994, 4.028411,CI.l(95%).Total.SURVEY_LC1_3F30
4024.459,2519.680,CI.l(95%).Total.SURVEY_LC1_3F40
0.8335178,0.0000000,CI.l(95%).Total.SURVEY_LC1_3F4x
1733.3989, 248.5498,CI.l(95%).Total.SURVEY_LC1_3G11
73.32862, 0.00000,CI.l(95%).Total.SURVEY_LC1_3G12
4.063797,0.000000,CI.l(95%).Total.SURVEY_LC1_3G20
822.2539,949.7444,CI.l(95%).Total.SURVEY_LC1_3G21
4.106055,0.000000,CI.l(95%).Total.SURVEY_LC1_3G22
40.88408, 0.00000,CI.l(95%).Total.SURVEY_LC1_3G30
36.18282, 0.00000,CI.l(95%).Total.SURVEY_LC1_3G40
307.4311,  0.0000,CI.l(95%).Total.SURVEY_LC1_3G50
168.7097,100.8368,CI.l(95%).Total.SURVEY_LC1_3H11
12.07804, 0.00000,CI.l(95%).Total.SURVEY_LC1_3H12
69.06908,21.42736,CI.l(95%).Total.SURVEY_LC1_3H21
81.33224, 0.00000,CI.l(95%).Total.SURVEY_LC1_3H22
31999.67,79079.48,CI.l(95%).Total.SURVEY_LU1_3U111
1652.908,5768.230,CI.l(95%).Total.SURVEY_LU1_3U112
372.4902,886.7296,CI.l(95%).Total.SURVEY_LU1_3U113
49271.85,14185.77,CI.l(95%).Total.SURVEY_LU1_3U120
107.55100, 45.75483,CI.l(95%).Total.SURVEY_LU1_3U130
414.9740,101.8754,CI.l(95%).Total.SURVEY_LU1_3U140
 5.705701,10.153320,CI.l(95%).Total.SURVEY_LU1_3U150
185.81772, 38.65328,CI.l(95%).Total.SURVEY_LU1_3U210
-34.38476, 20.79158,CI.l(95%).Total.SURVEY_LU1_3U221
-0.6506272, 0.8069133,CI.l(95%).Total.SURVEY_LU1_3U222
38.437899, 4.108877,CI.l(95%).Total.SURVEY_LU1_3U223
 59.06456,-27.18339,CI.l(95%).Total.SURVEY_LU1_3U224
4.904998,4.990279,CI.l(95%).Total.SURVEY_LU1_3U225
43.420566, 5.199134,CI.l(95%).Total.SURVEY_LU1_3U226
5.434788,8.059497,CI.l(95%).Total.SURVEY_LU1_3U227
0.000000,4.111732,CI.l(95%).Total.SURVEY_LU1_3U228
102.2767,117.7304,CI.l(95%).Total.SURVEY_LU1_3U311
2200.339,4162.881,CI.l(95%).Total.SURVEY_LU1_3U312
644.32873, 20.79423,CI.l(95%).Total.SURVEY_LU1_3U313
130.280290, -4.149542,CI.l(95%).Total.SURVEY_LU1_3U314
  0.00000,-14.35966,CI.l(95%).Total.SURVEY_LU1_3U316
183.2804,134.8389,CI.l(95%).Total.SURVEY_LU1_3U317
51.33642,82.97471,CI.l(95%).Total.SURVEY_LU1_3U318
58.21399,39.27800,CI.l(95%).Total.SURVEY_LU1_3U319
104.32955, 83.77437,CI.l(95%).Total.SURVEY_LU1_3U321
37.11522,26.33038,CI.l(95%).Total.SURVEY_LU1_3U322
46.28120,78.93156,CI.l(95%).Total.SURVEY_LU1_3U330
615.9067,296.4630,CI.l(95%).Total.SURVEY_LU1_3U341
 9.443931,-3.589542,CI.l(95%).Total.SURVEY_LU1_3U342
494.7444,119.7222,CI.l(95%).Total.SURVEY_LU1_3U350
900.9630,458.6298,CI.l(95%).Total.SURVEY_LU1_3U361
240.0069,209.0415,CI.l(95%).Total.SURVEY_LU1_3U362
6347.691,4143.078,CI.l(95%).Total.SURVEY_LU1_3U370
110.81417, 28.98899,CI.l(95%).Total.SURVEY_LU1_3U411
11.20753,10.17458,CI.l(95%).Total.SURVEY_LU1_3U412
9.345611,6.148373,CI.l(95%).Total.SURVEY_LU1_3U413
 90.50536,150.75318,CI.l(95%).Total.SURVEY_LU1_3U414
759.1683,714.9291,CI.l(95%).Total.SURVEY_LU1_3U415
61789.33,17723.00,CI.l(95%).Total.SURVEY_LU1_3U420
150364.1,120667.3,CI.l(95%).Total.settlement0
14524.74,12153.13,CI.l(95%).Total.settlement1
0.2461936,0.2059951,CI.l(95%).Total.settl_pc
75992.57,92201.25,CI.l(95%).Total.fao_class_name0
77952.51,21782.37,CI.l(95%).Total.fao_class_name1
4535.063,1694.597,CI.l(95%).Total.fao_class_name2
 5190.894,15931.201,CI.l(95%).Total.fao_class_name3
155233.0,127201.9,CI.l(95%).Total.lue0
9452.007,5671.691,CI.l(95%).Total.lue1
158887.1,127331.3,CI.l(95%).Total.lud0
5883.478,5592.452,CI.l(95%).Total.lud1
168690.8,136615.0,CI.u(95%).Total.area
11015.202, 9912.425,CI.u(95%).Total.SURVEY_LC1_1A
20917.37,67288.34,CI.u(95%).Total.SURVEY_LC1_1B
83506.37,25949.05,CI.u(95%).Total.SURVEY_LC1_1C
14555.062, 5036.684,CI.u(95%).Total.SURVEY_LC1_1D
26376.06,26165.19,CI.u(95%).Total.SURVEY_LC1_1E
11583.872, 3792.166,CI.u(95%).Total.SURVEY_LC1_1F
3464.190,1475.714,CI.u(95%).Total.SURVEY_LC1_1G
363.6781,171.2633,CI.u(95%).Total.SURVEY_LC1_1H
 88224.75,104802.49,CI.u(95%).Total.SURVEY_LU1_1U1
1396.4899, 340.7567,CI.u(95%).Total.SURVEY_LU1_1U2
15699.57,12482.42,CI.u(95%).Total.SURVEY_LU1_1U3
65297.82,20324.43,CI.u(95%).Total.SURVEY_LU1_1U4
4910.276,3015.568,CI.u(95%).Total.SURVEY_LC1_2A1
6576.792,6916.504,CI.u(95%).Total.SURVEY_LC1_2A2
368.0631,437.9240,CI.u(95%).Total.SURVEY_LC1_2A3
 3672.337,25393.864,CI.u(95%).Total.SURVEY_LC1_2B1
  81.59593,1044.05349,CI.u(95%).Total.SURVEY_LC1_2B2
 834.5972,3811.8185,CI.u(95%).Total.SURVEY_LC1_2B3
  92.68382,2614.81340,CI.u(95%).Total.SURVEY_LC1_2B4
 1370.324,12316.789,CI.u(95%).Total.SURVEY_LC1_2B5
1092.698,5728.420,CI.u(95%).Total.SURVEY_LC1_2B7
 4752.406,20323.652,CI.u(95%).Total.SURVEY_LC1_2B8
10818.7,    0.0,CI.u(95%).Total.SURVEY_LC1_2Bx
63363.02,21328.26,CI.u(95%).Total.SURVEY_LC1_2C1
13050.520, 2569.326,CI.u(95%).Total.SURVEY_LC1_2C2
8086.909,2436.767,CI.u(95%).Total.SURVEY_LC1_2C3
73.23971, 0.00000,CI.u(95%).Total.SURVEY_LC1_2Cx
5577.779,2919.940,CI.u(95%).Total.SURVEY_LC1_2D1
9260.905,2247.281,CI.u(95%).Total.SURVEY_LC1_2D2
25.08259, 0.00000,CI.u(95%).Total.SURVEY_LC1_2Dx
4889.300,5236.898,CI.u(95%).Total.SURVEY_LC1_2E1
19369.14,13577.00,CI.u(95%).Total.SURVEY_LC1_2E2
2643.904,8094.991,CI.u(95%).Total.SURVEY_LC1_2E3
46.31131, 0.00000,CI.u(95%).Total.SURVEY_LC1_2Ex
6570.8607, 188.5961,CI.u(95%).Total.SURVEY_LC1_2F1
191.69172, 44.93637,CI.u(95%).Total.SURVEY_LC1_2F2
20.732305, 4.028411,CI.u(95%).Total.SURVEY_LC1_2F3
5121.588,3579.034,CI.u(95%).Total.SURVEY_LC1_2F4
2146.4179, 427.9282,CI.u(95%).Total.SURVEY_LC1_2G1
1167.269,1094.988,CI.u(95%).Total.SURVEY_LC1_2G2
40.88408, 0.00000,CI.u(95%).Total.SURVEY_LC1_2G3
36.18282, 0.00000,CI.u(95%).Total.SURVEY_LC1_2G4
368.0484,  0.0000,CI.u(95%).Total.SURVEY_LC1_2G5
213.2767,145.8036,CI.u(95%).Total.SURVEY_LC1_2H1
150.40133, 28.87884,CI.u(95%).Total.SURVEY_LC1_2H2
37209.40,89829.48,CI.u(95%).Total.SURVEY_LU1_2U11
50975.39,15265.46,CI.u(95%).Total.SURVEY_LU1_2U12
200.96053, 52.45449,CI.u(95%).Total.SURVEY_LU1_2U13
554.4494,130.9745,CI.u(95%).Total.SURVEY_LU1_2U14
59.19988,14.35834,CI.u(95%).Total.SURVEY_LU1_2U15
364.95258, 92.12064,CI.u(95%).Total.SURVEY_LU1_2U21
1106.6464, 271.9192,CI.u(95%).Total.SURVEY_LU1_2U22
5061.732,5661.191,CI.u(95%).Total.SURVEY_LU1_2U31
360.2502,227.1899,CI.u(95%).Total.SURVEY_LU1_2U32
238.1024,415.4798,CI.u(95%).Total.SURVEY_LU1_2U33
1153.5974, 687.8699,CI.u(95%).Total.SURVEY_LU1_2U34
1024.9795, 206.3087,CI.u(95%).Total.SURVEY_LU1_2U35
1773.510,1127.296,CI.u(95%).Total.SURVEY_LU1_2U36
7625.572,5074.031,CI.u(95%).Total.SURVEY_LU1_2U37
2039.037,1464.006,CI.u(95%).Total.SURVEY_LU1_2U41
63556.61,19028.30,CI.u(95%).Total.SURVEY_LU1_2U42
4411.783,2454.707,CI.u(95%).Total.SURVEY_LC1_3A11
508.2910,223.4891,CI.u(95%).Total.SURVEY_LC1_3A12
193.8106,549.7330,CI.u(95%).Total.SURVEY_LC1_3A13
118.6716,  0.0000,CI.u(95%).Total.SURVEY_LC1_3A1x
3883.125,2399.224,CI.u(95%).Total.SURVEY_LC1_3A21
2999.155,4763.658,CI.u(95%).Total.SURVEY_LC1_3A22
85.61943, 0.00000,CI.u(95%).Total.SURVEY_LC1_3A2x
363.9141,437.9240,CI.u(95%).Total.SURVEY_LC1_3A30
4.148976,0.000000,CI.u(95%).Total.SURVEY_LC1_3A3x
 602.5681,6637.1944,CI.u(95%).Total.SURVEY_LC1_3B11
1083.045,6790.655,CI.u(95%).Total.SURVEY_LC1_3B12
 392.8617,2329.5552,CI.u(95%).Total.SURVEY_LC1_3B13
 85.75983,755.00574,CI.u(95%).Total.SURVEY_LC1_3B15
1976.680,8785.024,CI.u(95%).Total.SURVEY_LC1_3B16
 111.3218,1917.9174,CI.u(95%).Total.SURVEY_LC1_3B17
  0.0000,388.5631,CI.u(95%).Total.SURVEY_LC1_3B18
111.0936,429.8169,CI.u(95%).Total.SURVEY_LC1_3B19
 36.67202,405.81366,CI.u(95%).Total.SURVEY_LC1_3B21
  0.0000,641.2264,CI.u(95%).Total.SURVEY_LC1_3B22
 61.0569,194.1752,CI.u(95%).Total.SURVEY_LC1_3B23
 252.2569,1222.4055,CI.u(95%).Total.SURVEY_LC1_3B31
136.9692,151.6567,CI.u(95%).Total.SURVEY_LC1_3B32
 586.1746,2608.6533,CI.u(95%).Total.SURVEY_LC1_3B33
3.881944,7.955915,CI.u(95%).Total.SURVEY_LC1_3B35
14.44858,77.33632,CI.u(95%).Total.SURVEY_LC1_3B36
  0.0000,168.8769,CI.u(95%).Total.SURVEY_LC1_3B37
  0.0000,751.5544,CI.u(95%).Total.SURVEY_LC1_3B41
 21.46062,880.06608,CI.u(95%).Total.SURVEY_LC1_3B42
  81.08808,1301.27529,CI.u(95%).Total.SURVEY_LC1_3B43
 0.00000,20.83268,CI.u(95%).Total.SURVEY_LC1_3B44
 0.0000,16.9325,CI.u(95%).Total.SURVEY_LC1_3B45
 68.7277,189.9034,CI.u(95%).Total.SURVEY_LC1_3B51
 705.6452,5964.7032,CI.u(95%).Total.SURVEY_LC1_3B52
  53.78773,1026.20545,CI.u(95%).Total.SURVEY_LC1_3B53
 299.4481,2887.0663,CI.u(95%).Total.SURVEY_LC1_3B54
 513.4251,3136.5496,CI.u(95%).Total.SURVEY_LC1_3B55
  7.843671,725.943867,CI.u(95%).Total.SURVEY_LC1_3B71
  4.171503,458.293939,CI.u(95%).Total.SURVEY_LC1_3B72
  8.043516,660.807022,CI.u(95%).Total.SURVEY_LC1_3B73
 601.6745,2428.3844,CI.u(95%).Total.SURVEY_LC1_3B74
 230.6827,2057.9724,CI.u(95%).Total.SURVEY_LC1_3B75
394.2109,366.8684,CI.u(95%).Total.SURVEY_LC1_3B76
 19.52042,101.26213,CI.u(95%).Total.SURVEY_LC1_3B77
 3889.679,13540.435,CI.u(95%).Total.SURVEY_LC1_3B81
1069.524,7284.455,CI.u(95%).Total.SURVEY_LC1_3B82
 45.44437,373.71666,CI.u(95%).Total.SURVEY_LC1_3B83
0.000000,4.041191,CI.u(95%).Total.SURVEY_LC1_3B84
8529.342,   0.000,CI.u(95%).Total.SURVEY_LC1_3Bx1
2564.386,   0.000,CI.u(95%).Total.SURVEY_LC1_3Bx2
82.21336, 0.00000,CI.u(95%).Total.SURVEY_LC1_3Bxx
63287.06,21328.26,CI.u(95%).Total.SURVEY_LC1_3C10
111.2407,  0.0000,CI.u(95%).Total.SURVEY_LC1_3C1x
5214.642,1091.208,CI.u(95%).Total.SURVEY_LC1_3C21
3684.736,1158.307,CI.u(95%).Total.SURVEY_LC1_3C22
4438.1297, 486.4706,CI.u(95%).Total.SURVEY_LC1_3C23
219.8611,  0.0000,CI.u(95%).Total.SURVEY_LC1_3C2x
1211.9852, 476.4988,CI.u(95%).Total.SURVEY_LC1_3C31
2473.1536, 522.6064,CI.u(95%).Total.SURVEY_LC1_3C32
4533.396,1573.689,CI.u(95%).Total.SURVEY_LC1_3C33
232.4842,  0.0000,CI.u(95%).Total.SURVEY_LC1_3C3x
73.23971, 0.00000,CI.u(95%).Total.SURVEY_LC1_3Cxx
5573.795,2919.940,CI.u(95%).Total.SURVEY_LC1_3D10
3.984187,0.000000,CI.u(95%).Total.SURVEY_LC1_3D1x
9256.645,2247.281,CI.u(95%).Total.SURVEY_LC1_3D20
6.123419,0.000000,CI.u(95%).Total.SURVEY_LC1_3D2x
25.08259, 0.00000,CI.u(95%).Total.SURVEY_LC1_3Dxx
4863.104,5236.898,CI.u(95%).Total.SURVEY_LC1_3E10
40.55774, 0.00000,CI.u(95%).Total.SURVEY_LC1_3E1x
19357.04,13577.00,CI.u(95%).Total.SURVEY_LC1_3E20
12.1088, 0.0000,CI.u(95%).Total.SURVEY_LC1_3E2x
2639.690,8094.991,CI.u(95%).Total.SURVEY_LC1_3E30
5.306017,0.000000,CI.u(95%).Total.SURVEY_LC1_3E3x
46.31131, 0.00000,CI.u(95%).Total.SURVEY_LC1_3Exx
6570.8607, 188.5961,CI.u(95%).Total.SURVEY_LC1_3F10
191.69172, 44.93637,CI.u(95%).Total.SURVEY_LC1_3F20
20.732305, 4.028411,CI.u(95%).Total.SURVEY_LC1_3F30
5116.396,3579.034,CI.u(95%).Total.SURVEY_LC1_3F40
9.515289,0.000000,CI.u(95%).Total.SURVEY_LC1_3F4x
2067.3556, 427.9282,CI.u(95%).Total.SURVEY_LC1_3G11
85.00012, 0.00000,CI.u(95%).Total.SURVEY_LC1_3G12
4.063797,0.000000,CI.u(95%).Total.SURVEY_LC1_3G20
1159.099,1094.988,CI.u(95%).Total.SURVEY_LC1_3G21
4.106055,0.000000,CI.u(95%).Total.SURVEY_LC1_3G22
40.88408, 0.00000,CI.u(95%).Total.SURVEY_LC1_3G30
36.18282, 0.00000,CI.u(95%).Total.SURVEY_LC1_3G40
368.0484,  0.0000,CI.u(95%).Total.SURVEY_LC1_3G50
201.1987,145.8036,CI.u(95%).Total.SURVEY_LC1_3H11
12.07804, 0.00000,CI.u(95%).Total.SURVEY_LC1_3H12
69.06908,28.87884,CI.u(95%).Total.SURVEY_LC1_3H21
81.33224, 0.00000,CI.u(95%).Total.SURVEY_LC1_3H22
34864.15,82262.70,CI.u(95%).Total.SURVEY_LU1_3U111
2165.449,7186.729,CI.u(95%).Total.SURVEY_LU1_3U112
 483.3319,1487.1177,CI.u(95%).Total.SURVEY_LU1_3U113
50975.39,15265.46,CI.u(95%).Total.SURVEY_LU1_3U120
200.96053, 52.45449,CI.u(95%).Total.SURVEY_LU1_3U130
554.4494,130.9745,CI.u(95%).Total.SURVEY_LU1_3U140
59.19988,14.35834,CI.u(95%).Total.SURVEY_LU1_3U150
364.95258, 92.12064,CI.u(95%).Total.SURVEY_LU1_3U210
148.0511,101.5502,CI.u(95%).Total.SURVEY_LU1_3U221
57.342174, 9.211577,CI.u(95%).Total.SURVEY_LU1_3U222
272.460885,  4.108877,CI.u(95%).Total.SURVEY_LU1_3U223
354.4001,110.7942,CI.u(95%).Total.SURVEY_LU1_3U224
283.57830, 13.89044,CI.u(95%).Total.SURVEY_LU1_3U225
256.87443, 80.67239,CI.u(95%).Total.SURVEY_LU1_3U226
206.69598, 20.99297,CI.u(95%).Total.SURVEY_LU1_3U227
0.000000,4.111732,CI.u(95%).Total.SURVEY_LU1_3U228
350.6791,299.1088,CI.u(95%).Total.SURVEY_LU1_3U311
3187.612,4954.583,CI.u(95%).Total.SURVEY_LU1_3U312
1122.4808, 115.5823,CI.u(95%).Total.SURVEY_LU1_3U313
185.65669, 22.69377,CI.u(95%).Total.SURVEY_LU1_3U314
 0.00000,53.45016,CI.u(95%).Total.SURVEY_LU1_3U316
566.8041,258.7957,CI.u(95%).Total.SURVEY_LU1_3U317
 97.11916,136.90181,CI.u(95%).Total.SURVEY_LU1_3U318
 80.24817,124.16388,CI.u(95%).Total.SURVEY_LU1_3U319
224.0419,180.3623,CI.u(95%).Total.SURVEY_LU1_3U321
173.52412, 61.22709,CI.u(95%).Total.SURVEY_LU1_3U322
238.1024,415.4798,CI.u(95%).Total.SURVEY_LU1_3U330
1130.2388, 678.9923,CI.u(95%).Total.SURVEY_LU1_3U341
36.62243,20.74313,CI.u(95%).Total.SURVEY_LU1_3U342
1024.9795, 206.3087,CI.u(95%).Total.SURVEY_LU1_3U350
1395.2592, 827.9623,CI.u(95%).Total.SURVEY_LU1_3U361
466.9823,359.9980,CI.u(95%).Total.SURVEY_LU1_3U362
7625.572,5074.031,CI.u(95%).Total.SURVEY_LU1_3U370
621.7743,109.6023,CI.u(95%).Total.SURVEY_LU1_3U411
107.3085,142.1869,CI.u(95%).Total.SURVEY_LU1_3U412
33.46231,10.88273,CI.u(95%).Total.SURVEY_LU1_3U413
439.9366,333.6606,CI.u(95%).Total.SURVEY_LU1_3U414
1164.777,1028.652,CI.u(95%).Total.SURVEY_LU1_3U415
63556.61,19028.30,CI.u(95%).Total.SURVEY_LU1_3U420
153549.0,123832.3,CI.u(95%).Total.settlement0
15703.38,13352.09,CI.u(95%).Total.settlement1
0.2661716,0.2263173,CI.u(95%).Total.settl_pc
78854.14,95239.83,CI.u(95%).Total.fao_class_name0
79561.07,23128.00,CI.u(95%).Total.fao_class_name1
5376.095,1983.300,CI.u(95%).Total.fao_class_name2
 6678.836,18044.264,CI.u(95%).Total.fao_class_name3
158619.8,130411.5,CI.u(95%).Total.lue0
10836.40, 6719.69,CI.u(95%).Total.lue1
162254.2,130592.3,CI.u(95%).Total.lud0
7116.397,6488.762,CI.u(95%).Total.lud1
0.004947909,0.006094433,CV.Total.area
0.02849534,0.02850950,CV.Total.SURVEY_LC1_1A
0.03366291,0.01243791,CV.Total.SURVEY_LC1_1B
0.004959697,0.013680407,CV.Total.SURVEY_LC1_1C
0.01864710,0.03184255,CV.Total.SURVEY_LC1_1D
0.01482719,0.02071552,CV.Total.SURVEY_LC1_1E
0.03205009,0.08294166,CV.Total.SURVEY_LC1_1F
0.01067516,0.04316455,CV.Total.SURVEY_LC1_1G
0.02385540,0.07831567,CV.Total.SURVEY_LC1_1H
0.009788300,0.007727379,CV.Total.SURVEY_LU1_1U1
0.1241417,0.1894318,CV.Total.SURVEY_LU1_1U2
0.02250853,0.02626185,CV.Total.SURVEY_LU1_1U3
0.007538174,0.017682601,CV.Total.SURVEY_LU1_1U4
0.07930194,0.07711098,CV.Total.SURVEY_LC1_2A1
0.05682894,0.03668408,CV.Total.SURVEY_LC1_2A2
0.1980665,0.1976679,CV.Total.SURVEY_LC1_2A3
0.11026159,0.02874623,CV.Total.SURVEY_LC1_2B1
0.4828400,0.2180041,CV.Total.SURVEY_LC1_2B2
0.22360543,0.09974098,CV.Total.SURVEY_LC1_2B3
0.2453418,0.1103291,CV.Total.SURVEY_LC1_2B4
0.14966105,0.04210544,CV.Total.SURVEY_LC1_2B5
0.17458174,0.07538504,CV.Total.SURVEY_LC1_2B7
0.08611765,0.02961070,CV.Total.SURVEY_LC1_2B8
0.04296573,NA,CV.Total.SURVEY_LC1_2Bx
0.007067939,0.015251648,CV.Total.SURVEY_LC1_2C1
0.02149434,0.05483732,CV.Total.SURVEY_LC1_2C2
0.03025500,0.04425766,CV.Total.SURVEY_LC1_2C3
0.2679691,NA,CV.Total.SURVEY_LC1_2Cx
0.03968939,0.04100189,CV.Total.SURVEY_LC1_2D1
0.02328247,0.05237490,CV.Total.SURVEY_LC1_2D2
0.7802172,NA,CV.Total.SURVEY_LC1_2Dx
0.04018853,0.04426078,CV.Total.SURVEY_LC1_2E1
0.01853579,0.02335644,CV.Total.SURVEY_LC1_2E2
0.05639250,0.05227007,CV.Total.SURVEY_LC1_2E3
0.3338826,NA,CV.Total.SURVEY_LC1_2Ex
0.03409732,0.07802428,CV.Total.SURVEY_LC1_2F1
0.1174033,0.0000000,CV.Total.SURVEY_LC1_2F2
0.7285391,0.0000000,CV.Total.SURVEY_LC1_2F3
0.06088145,0.08862475,CV.Total.SURVEY_LC1_2F4
0.04301125,0.13529079,CV.Total.SURVEY_LC1_2G1
0.08603079,0.03624211,CV.Total.SURVEY_LC1_2G2
  0,NA,CV.Total.SURVEY_LC1_2G3
  0,NA,CV.Total.SURVEY_LC1_2G4
0.0457864,NA,CV.Total.SURVEY_LC1_2G5
0.04206503,0.09302086,CV.Total.SURVEY_LC1_2H1
0.00000000,0.07557412,CV.Total.SURVEY_LC1_2H2
0.02054609,0.00862908,CV.Total.SURVEY_LU1_2U11
0.008670259,0.018704516,CV.Total.SURVEY_LU1_2U12
0.15447980,0.03480582,CV.Total.SURVEY_LU1_2U13
0.07340680,0.06376101,CV.Total.SURVEY_LU1_2U14
0.4205101,0.0875281,CV.Total.SURVEY_LU1_2U15
0.1659440,0.2086025,CV.Total.SURVEY_LU1_2U21
0.1557641,0.2474620,CV.Total.SURVEY_LU1_2U22
0.06620943,0.03968508,CV.Total.SURVEY_LU1_2U31
0.1717932,0.1489690,CV.Total.SURVEY_LU1_2U32
0.3441470,0.3473048,CV.Total.SURVEY_LU1_2U33
0.1466073,0.1969340,CV.Total.SURVEY_LU1_2U34
0.1780146,0.1355012,CV.Total.SURVEY_LU1_2U35
0.0923874,0.1096958,CV.Total.SURVEY_LU1_2U36
0.04665996,0.05153294,CV.Total.SURVEY_LU1_2U37
0.11120278,0.07887286,CV.Total.SURVEY_LU1_2U41
0.007193614,0.018121414,CV.Total.SURVEY_LU1_2U42
0.08689284,0.08497297,CV.Total.SURVEY_LC1_3A11
0.3924326,0.4592418,CV.Total.SURVEY_LC1_3A12
0.1888245,0.1949169,CV.Total.SURVEY_LC1_3A13
0.6721194,NA,CV.Total.SURVEY_LC1_3A1x
0.08251048,0.07615528,CV.Total.SURVEY_LC1_3A21
0.09678229,0.04660506,CV.Total.SURVEY_LC1_3A22
0.2966757,NA,CV.Total.SURVEY_LC1_3A2x
0.2012152,0.1976679,CV.Total.SURVEY_LC1_3A30
  0,NA,CV.Total.SURVEY_LC1_3A3x
0.25994059,0.07489093,CV.Total.SURVEY_LC1_3B11
0.17939500,0.05980565,CV.Total.SURVEY_LC1_3B12
0.3234107,0.1186384,CV.Total.SURVEY_LC1_3B13
0.4099526,0.1389391,CV.Total.SURVEY_LC1_3B15
0.18500927,0.06329879,CV.Total.SURVEY_LC1_3B16
0.9464949,0.1669913,CV.Total.SURVEY_LC1_3B17
NA,0.5761883,CV.Total.SURVEY_LC1_3B18
0.8521404,0.3767770,CV.Total.SURVEY_LC1_3B19
0.8494227,0.3876929,CV.Total.SURVEY_LC1_3B21
NA,0.3139266,CV.Total.SURVEY_LC1_3B22
0.5959944,0.4430259,CV.Total.SURVEY_LC1_3B23
0.3462748,0.1972589,CV.Total.SURVEY_LC1_3B31
0.8390695,0.5021926,CV.Total.SURVEY_LC1_3B32
0.3029196,0.1244513,CV.Total.SURVEY_LC1_3B33
0,0,CV.Total.SURVEY_LC1_3B35
0.6181954,0.3595875,CV.Total.SURVEY_LC1_3B36
NA,0.5660484,CV.Total.SURVEY_LC1_3B37
NA,0.2053625,CV.Total.SURVEY_LC1_3B41
0.733208,0.250889,CV.Total.SURVEY_LC1_3B42
0.2590467,0.1501936,CV.Total.SURVEY_LC1_3B43
NA,0.7276069,CV.Total.SURVEY_LC1_3B44
NA,0.3395521,CV.Total.SURVEY_LC1_3B45
0.7816310,0.1815942,CV.Total.SURVEY_LC1_3B51
0.22441304,0.06784192,CV.Total.SURVEY_LC1_3B52
0.4428157,0.1080719,CV.Total.SURVEY_LC1_3B53
0.28040798,0.08314435,CV.Total.SURVEY_LC1_3B54
0.30772793,0.09510299,CV.Total.SURVEY_LC1_3B55
0.0000000,0.1541653,CV.Total.SURVEY_LC1_3B71
0.0000000,0.2886914,CV.Total.SURVEY_LC1_3B72
0.0000000,0.3994891,CV.Total.SURVEY_LC1_3B73
0.2112156,0.1264951,CV.Total.SURVEY_LC1_3B74
0.2169678,0.1550582,CV.Total.SURVEY_LC1_3B75
0.5501402,0.5134096,CV.Total.SURVEY_LC1_3B76
0.07534045,0.30875324,CV.Total.SURVEY_LC1_3B77
0.09827661,0.04312705,CV.Total.SURVEY_LC1_3B81
0.18698838,0.06030257,CV.Total.SURVEY_LC1_3B82
0.5456781,0.4189717,CV.Total.SURVEY_LC1_3B83
NA,  0,CV.Total.SURVEY_LC1_3B84
0.04559718,NA,CV.Total.SURVEY_LC1_3Bx1
0.114248,NA,CV.Total.SURVEY_LC1_3Bx2
0.27279,NA,CV.Total.SURVEY_LC1_3Bxx
0.007075775,0.015251648,CV.Total.SURVEY_LC1_3C10
0.2378545,NA,CV.Total.SURVEY_LC1_3C1x
0.03105203,0.07249331,CV.Total.SURVEY_LC1_3C21
0.05711673,0.10177531,CV.Total.SURVEY_LC1_3C22
0.03750996,0.11209216,CV.Total.SURVEY_LC1_3C23
0.1930493,NA,CV.Total.SURVEY_LC1_3C2x
0.06486662,0.10635966,CV.Total.SURVEY_LC1_3C31
0.0628251,0.1245014,CV.Total.SURVEY_LC1_3C32
0.04186422,0.05210543,CV.Total.SURVEY_LC1_3C33
0.1988114,NA,CV.Total.SURVEY_LC1_3C3x
0.2679691,NA,CV.Total.SURVEY_LC1_3Cxx
0.03971997,0.04100189,CV.Total.SURVEY_LC1_3D10
  0,NA,CV.Total.SURVEY_LC1_3D1x
0.0232935,0.0523749,CV.Total.SURVEY_LC1_3D20
0.2236068,NA,CV.Total.SURVEY_LC1_3D2x
0.7802172,NA,CV.Total.SURVEY_LC1_3Dxx
0.04039200,0.04426078,CV.Total.SURVEY_LC1_3E10
0.287248,NA,CV.Total.SURVEY_LC1_3E1x
0.01854781,0.02335644,CV.Total.SURVEY_LC1_3E20
  0,NA,CV.Total.SURVEY_LC1_3E2x
0.05649197,0.05227007,CV.Total.SURVEY_LC1_3E30
0.1324532,NA,CV.Total.SURVEY_LC1_3E3x
0.3338826,NA,CV.Total.SURVEY_LC1_3Exx
0.03409732,0.07802428,CV.Total.SURVEY_LC1_3F10
0.1174033,0.0000000,CV.Total.SURVEY_LC1_3F20
0.7285391,0.0000000,CV.Total.SURVEY_LC1_3F30
0.06094845,0.08862475,CV.Total.SURVEY_LC1_3F40
0.4280258,NA,CV.Total.SURVEY_LC1_3F4x
0.04483036,0.13529079,CV.Total.SURVEY_LC1_3G11
0.03761133,NA,CV.Total.SURVEY_LC1_3G12
  0,NA,CV.Total.SURVEY_LC1_3G20
0.08674026,0.03624211,CV.Total.SURVEY_LC1_3G21
  0,NA,CV.Total.SURVEY_LC1_3G22
  0,NA,CV.Total.SURVEY_LC1_3G30
  0,NA,CV.Total.SURVEY_LC1_3G40
0.0457864,NA,CV.Total.SURVEY_LC1_3G50
0.04481200,0.09302086,CV.Total.SURVEY_LC1_3H11
  0,NA,CV.Total.SURVEY_LC1_3H12
0.00000000,0.07557412,CV.Total.SURVEY_LC1_3H21
  0,NA,CV.Total.SURVEY_LC1_3H22
0.02185784,0.01006630,CV.Total.SURVEY_LU1_3U111
0.06848627,0.05586566,CV.Total.SURVEY_LU1_3U112
0.06608023,0.12904204,CV.Total.SURVEY_LU1_3U113
0.008670259,0.018704516,CV.Total.SURVEY_LU1_3U120
0.15447980,0.03480582,CV.Total.SURVEY_LU1_3U130
0.07340680,0.06376101,CV.Total.SURVEY_LU1_3U140
0.4205101,0.0875281,CV.Total.SURVEY_LU1_3U150
0.1659440,0.2086025,CV.Total.SURVEY_LU1_3U210
0.8188988,0.3367953,CV.Total.SURVEY_LU1_3U221
0.5219245,0.4280258,CV.Total.SURVEY_LU1_3U222
0.3840532,0.0000000,CV.Total.SURVEY_LU1_3U223
0.3644427,0.8419729,CV.Total.SURVEY_LU1_3U224
0.4928634,0.2405089,CV.Total.SURVEY_LU1_3U225
0.3626668,0.4484312,CV.Total.SURVEY_LU1_3U226
0.4840701,0.2271349,CV.Total.SURVEY_LU1_3U227
NA,  0,CV.Total.SURVEY_LU1_3U228
0.2798028,0.2220081,CV.Total.SURVEY_LU1_3U311
0.09349006,0.04430365,CV.Total.SURVEY_LU1_3U312
0.1380792,0.3546223,CV.Total.SURVEY_LU1_3U313
0.08942854,0.73854895,CV.Total.SURVEY_LU1_3U314
NA,0.8850612,CV.Total.SURVEY_LU1_3U316
0.2608758,0.1606679,CV.Total.SURVEY_LU1_3U317
0.1573465,0.1251354,CV.Total.SURVEY_LU1_3U318
0.08119284,0.26498664,CV.Total.SURVEY_LU1_3U319
0.1860054,0.1865719,CV.Total.SURVEY_LU1_3U321
0.3304115,0.2033495,CV.Total.SURVEY_LU1_3U322
0.3441470,0.3473048,CV.Total.SURVEY_LU1_3U330
0.1502848,0.2000826,CV.Total.SURVEY_LU1_3U341
0.3010187,0.7237469,CV.Total.SURVEY_LU1_3U342
0.1780146,0.1355012,CV.Total.SURVEY_LU1_3U350
0.1098311,0.1464632,CV.Total.SURVEY_LU1_3U361
0.1638015,0.1353510,CV.Total.SURVEY_LU1_3U362
0.04665996,0.05153294,CV.Total.SURVEY_LU1_3U370
0.3558597,0.2967719,CV.Total.SURVEY_LU1_3U411
0.4137163,0.4420701,CV.Total.SURVEY_LU1_3U412
0.2874389,0.1418306,CV.Total.SURVEY_LU1_3U413
0.3361056,0.1926490,CV.Total.SURVEY_LU1_3U414
0.10756392,0.09180293,CV.Total.SURVEY_LU1_3U415
0.007193614,0.018121414,CV.Total.SURVEY_LU1_3U420
0.005346764,0.006604663,CV.Total.settlement0
0.01989405,0.02398423,CV.Total.settlement1
0.01989405,0.02398423,CV.Total.settl_pc
0.009428754,0.008271016,CV.Total.fao_class_name0
0.005210399,0.015287279,CV.Total.fao_class_name1
0.04329527,0.04005013,CV.Total.fao_class_name2
0.06395833,0.03173211,CV.Total.fao_class_name3
0.005505660,0.006356738,CV.Total.lue0
0.03481481,0.04315121,CV.Total.lue1
0.005349482,0.006450687,CV.Total.lud0
0.04838910,0.03785296,CV.Total.lud1
