LT0.No,LT0.Yes,variable
No,Yes,flag_two
18107.32,47176.68,Total.area
635.5357,780.0775,Total.SURVEY_LC1_1A
 4943.859,16237.305,Total.SURVEY_LC1_1B
 5969.025,18656.163,Total.SURVEY_LC1_1C
180.0349,164.0488,Total.SURVEY_LC1_1D
 3392.558,10171.391,Total.SURVEY_LC1_1E
1039.9516, 696.7923,Total.SURVEY_LC1_1F
1372.3696, 290.6858,Total.SURVEY_LC1_1G
573.9893,180.2135,Total.SURVEY_LC1_1H
14283.74,42395.68,Total.SURVEY_LU1_1U1
101.00129, 25.04801,Total.SURVEY_LU1_1U2
2191.482,2059.768,Total.SURVEY_LU1_1U3
1531.104,2696.176,Total.SURVEY_LU1_1U4
202.8225,119.1047,Total.SURVEY_LC1_2A1
428.5238,613.5228,Total.SURVEY_LC1_2A2
 4.189358,47.450035,Total.SURVEY_LC1_2A3
  321.5833,10963.6593,Total.SURVEY_LC1_2B1
  0.0000,275.8634,Total.SURVEY_LC1_2B2
 432.2956,2919.8516,Total.SURVEY_LC1_2B3
 61.70711,884.74628,Total.SURVEY_LC1_2B4
  0.000,894.326,Total.SURVEY_LC1_2B5
 71.33073,283.04559,Total.SURVEY_LC1_2B7
17.32136,15.81230,Total.SURVEY_LC1_2B8
4039.621,   0.000,Total.SURVEY_LC1_2Bx
2168.182,6048.888,Total.SURVEY_LC1_2C1
 883.3449,4849.0661,Total.SURVEY_LC1_2C2
2912.57,7758.21,Total.SURVEY_LC1_2C3
4.927878,0.000000,Total.SURVEY_LC1_2Cx
 96.59108,105.79404,Total.SURVEY_LC1_2D1
83.44383,58.25479,Total.SURVEY_LC1_2D2
283.4719,674.9088,Total.SURVEY_LC1_2E1
2621.058,7536.828,Total.SURVEY_LC1_2E2
 488.0288,1959.6537,Total.SURVEY_LC1_2E3
13.41084,16.86568,Total.SURVEY_LC1_2F2
1026.5407, 679.9266,Total.SURVEY_LC1_2F4
1175.2276, 177.9262,Total.SURVEY_LC1_2G1
197.1420,112.7596,Total.SURVEY_LC1_2G2
551.1036,175.6364,Total.SURVEY_LC1_2H1
22.885640, 4.577128,Total.SURVEY_LC1_2H2
 8346.04,24687.92,Total.SURVEY_LU1_2U11
 5361.738,17620.541,Total.SURVEY_LU1_2U12
424.39593, 51.64759,Total.SURVEY_LU1_2U13
144.6900, 35.5753,Total.SURVEY_LU1_2U14
6.871875,0.000000,Total.SURVEY_LU1_2U15
47.42415,25.04801,Total.SURVEY_LU1_2U21
53.57714, 0.00000,Total.SURVEY_LU1_2U22
382.3099,817.0689,Total.SURVEY_LU1_2U31
36.66867,25.73035,Total.SURVEY_LU1_2U32
 0.0000,53.1806,Total.SURVEY_LU1_2U33
 9.304625,65.935574,Total.SURVEY_LU1_2U34
65.268888, 8.766486,Total.SURVEY_LU1_2U35
943.7614,257.4254,Total.SURVEY_LU1_2U36
754.1690,831.6606,Total.SURVEY_LU1_2U37
 90.26435,239.14459,Total.SURVEY_LU1_2U41
1440.839,2457.032,Total.SURVEY_LU1_2U42
122.0087,100.4973,Total.SURVEY_LC1_3A11
75.76914,18.60746,Total.SURVEY_LC1_3A12
5.044658,0.000000,Total.SURVEY_LC1_3A13
178.4702,107.0057,Total.SURVEY_LC1_3A21
250.0536,506.5171,Total.SURVEY_LC1_3A22
 4.189358,47.450035,Total.SURVEY_LC1_3A30
 186.8063,7277.4898,Total.SURVEY_LC1_3B11
  0.0000,110.1709,Total.SURVEY_LC1_3B12
  34.22157,1542.10095,Total.SURVEY_LC1_3B13
  0.0000,451.0474,Total.SURVEY_LC1_3B14
 24.65329,736.98255,Total.SURVEY_LC1_3B15
 67.47158,349.31009,Total.SURVEY_LC1_3B16
  0.0000,150.5889,Total.SURVEY_LC1_3B18
  8.4306,345.9688,Total.SURVEY_LC1_3B19
  0.000,120.871,Total.SURVEY_LC1_3B21
  0.0000,125.5235,Total.SURVEY_LC1_3B22
 0.00000,29.46889,Total.SURVEY_LC1_3B23
 432.2956,2881.6935,Total.SURVEY_LC1_3B32
0.000000,3.793121,Total.SURVEY_LC1_3B33
 0.00000,28.30717,Total.SURVEY_LC1_3B35
0.000000,6.057888,Total.SURVEY_LC1_3B37
 57.12998,863.06280,Total.SURVEY_LC1_3B41
 0.00000,17.44666,Total.SURVEY_LC1_3B43
4.577128,4.236821,Total.SURVEY_LC1_3B44
  0.0000,304.4527,Total.SURVEY_LC1_3B51
 0.00000,78.74089,Total.SURVEY_LC1_3B52
 0.00000,55.05863,Total.SURVEY_LC1_3B53
 0.00000,32.96728,Total.SURVEY_LC1_3B54
  0.0000,423.1065,Total.SURVEY_LC1_3B55
 53.67294,149.42017,Total.SURVEY_LC1_3B71
 8.287623,27.587008,Total.SURVEY_LC1_3B72
4.577128,9.505006,Total.SURVEY_LC1_3B73
 0.00000,13.97182,Total.SURVEY_LC1_3B74
 4.793043,82.561588,Total.SURVEY_LC1_3B75
 0.0000,15.8123,Total.SURVEY_LC1_3B83
17.32136, 0.00000,Total.SURVEY_LC1_3B84
4002.814,   0.000,Total.SURVEY_LC1_3Bx1
36.80676, 0.00000,Total.SURVEY_LC1_3Bx2
2168.182,6048.888,Total.SURVEY_LC1_3C10
 112.0106,1908.8558,Total.SURVEY_LC1_3C21
 704.3075,2666.5527,Total.SURVEY_LC1_3C22
 33.33731,273.65755,Total.SURVEY_LC1_3C23
33.68945, 0.00000,Total.SURVEY_LC1_3C2x
1556.539,4599.345,Total.SURVEY_LC1_3C31
 454.1789,1630.7218,Total.SURVEY_LC1_3C32
 692.8172,1528.1433,Total.SURVEY_LC1_3C33
209.0346,  0.0000,Total.SURVEY_LC1_3C3x
4.927878,0.000000,Total.SURVEY_LC1_3Cxx
 96.59108,105.79404,Total.SURVEY_LC1_3D10
83.44383,58.25479,Total.SURVEY_LC1_3D20
283.4719,674.9088,Total.SURVEY_LC1_3E10
2617.157,7536.828,Total.SURVEY_LC1_3E20
3.900432,0.000000,Total.SURVEY_LC1_3E2x
 488.0288,1959.6537,Total.SURVEY_LC1_3E30
13.41084,16.86568,Total.SURVEY_LC1_3F20
1026.5407, 679.9266,Total.SURVEY_LC1_3F40
1171.0408, 177.9262,Total.SURVEY_LC1_3G11
4.186763,0.000000,Total.SURVEY_LC1_3G12
197.1420,112.7596,Total.SURVEY_LC1_3G21
257.4120,175.6364,Total.SURVEY_LC1_3H11
293.6917,  0.0000,Total.SURVEY_LC1_3H12
22.885640, 4.577128,Total.SURVEY_LC1_3H21
 8149.879,23840.870,Total.SURVEY_LU1_3U111
 52.58673,656.73109,Total.SURVEY_LU1_3U112
143.5741,190.3196,Total.SURVEY_LU1_3U113
 5361.738,17620.541,Total.SURVEY_LU1_3U120
424.39593, 51.64759,Total.SURVEY_LU1_3U130
144.6900, 35.5753,Total.SURVEY_LU1_3U140
6.871875,0.000000,Total.SURVEY_LU1_3U150
47.42415,25.04801,Total.SURVEY_LU1_3U210
4.470281,0.000000,Total.SURVEY_LU1_3U221
16.67972, 0.00000,Total.SURVEY_LU1_3U223
12.10259, 0.00000,Total.SURVEY_LU1_3U224
8.221959,0.000000,Total.SURVEY_LU1_3U225
12.10259, 0.00000,Total.SURVEY_LU1_3U227
19.35968,37.47492,Total.SURVEY_LU1_3U311
293.3994,706.5790,Total.SURVEY_LU1_3U312
23.12795,14.80649,Total.SURVEY_LU1_3U313
11.95504, 0.00000,Total.SURVEY_LU1_3U314
0.000000,5.044658,Total.SURVEY_LU1_3U315
19.505046, 7.717283,Total.SURVEY_LU1_3U317
7.673097,4.577128,Total.SURVEY_LU1_3U318
 7.289662,40.869489,Total.SURVEY_LU1_3U319
27.77075,25.73035,Total.SURVEY_LU1_3U321
8.897919,0.000000,Total.SURVEY_LU1_3U322
 0.0000,53.1806,Total.SURVEY_LU1_3U330
 9.304625,65.935574,Total.SURVEY_LU1_3U341
65.268888, 8.766486,Total.SURVEY_LU1_3U350
923.5044,221.6841,Total.SURVEY_LU1_3U361
20.25697,35.74132,Total.SURVEY_LU1_3U362
754.1690,831.6606,Total.SURVEY_LU1_3U370
23.23990,38.49557,Total.SURVEY_LU1_3U411
0.00000,6.33501,Total.SURVEY_LU1_3U412
 3.612554,36.053099,Total.SURVEY_LU1_3U414
 63.4119,158.2609,Total.SURVEY_LU1_3U415
1440.839,2457.032,Total.SURVEY_LU1_3U420
16743.49,45255.93,Total.settlement0
1363.831,1920.744,Total.settlement1
0.4773179,0.6722282,Total.settl_pc
12595.27,28179.52,Total.fao_class_name0
 5255.032,18483.052,Total.fao_class_name1
164.4372,163.9891,Total.fao_class_name2
 92.58036,350.11360,Total.fao_class_name3
16334.82,46012.89,Total.lue0
1772.504,1163.788,Total.lue1
17442.65,46220.07,Total.lud0
664.6698,956.6032,Total.lud1
843.5870,876.5887,SE.Total.area
64.35705,82.32148,SE.Total.SURVEY_LC1_1A
268.9881,358.2105,SE.Total.SURVEY_LC1_1B
721.1785,819.7054,SE.Total.SURVEY_LC1_1C
22.91222,37.81660,SE.Total.SURVEY_LC1_1D
311.9355,471.4451,SE.Total.SURVEY_LC1_1E
231.62883, 78.72045,SE.Total.SURVEY_LC1_1F
19.30965,26.88824,SE.Total.SURVEY_LC1_1G
153.19034, 12.98409,SE.Total.SURVEY_LC1_1H
833.2908,934.0649,SE.Total.SURVEY_LU1_1U1
14.70531,14.32086,SE.Total.SURVEY_LU1_1U2
 86.57513,112.66604,SE.Total.SURVEY_LU1_1U3
165.6613,381.8948,SE.Total.SURVEY_LU1_1U4
54.12266,31.89795,SE.Total.SURVEY_LC1_2A1
65.20506,76.90711,SE.Total.SURVEY_LC1_2A2
 0.00000,22.61103,SE.Total.SURVEY_LC1_2A3
 63.10082,354.95132,SE.Total.SURVEY_LC1_2B1
 0.00000,52.91491,SE.Total.SURVEY_LC1_2B2
 77.3469,176.9098,SE.Total.SURVEY_LC1_2B3
 25.29769,105.48178,SE.Total.SURVEY_LC1_2B4
 0.00000,97.45717,SE.Total.SURVEY_LC1_2B5
 0.00000,28.20656,SE.Total.SURVEY_LC1_2B7
14.97383,13.66929,SE.Total.SURVEY_LC1_2B8
254.0041,  0.0000,SE.Total.SURVEY_LC1_2Bx
372.6630,806.7667,SE.Total.SURVEY_LC1_2C1
242.7904,907.0516,SE.Total.SURVEY_LC1_2C2
 599.7499,1035.2901,SE.Total.SURVEY_LC1_2C3
0,0,SE.Total.SURVEY_LC1_2Cx
22.37183,33.84289,SE.Total.SURVEY_LC1_2D1
 4.956794,16.874675,SE.Total.SURVEY_LC1_2D2
50.40417,51.73232,SE.Total.SURVEY_LC1_2E1
304.4507,363.3401,SE.Total.SURVEY_LC1_2E2
 54.26626,342.64259,SE.Total.SURVEY_LC1_2E3
0.000000,6.228084,SE.Total.SURVEY_LC1_2F2
231.62883, 78.47369,SE.Total.SURVEY_LC1_2F4
19.31129,23.64281,SE.Total.SURVEY_LC1_2G1
 5.246547,17.026643,SE.Total.SURVEY_LC1_2G2
153.19034, 12.98409,SE.Total.SURVEY_LC1_2H1
0,0,SE.Total.SURVEY_LC1_2H2
454.6279,400.7873,SE.Total.SURVEY_LU1_2U11
720.5837,848.1388,SE.Total.SURVEY_LU1_2U12
12.22696,14.15044,SE.Total.SURVEY_LU1_2U13
0.8244424,7.5804705,SE.Total.SURVEY_LU1_2U14
0,0,SE.Total.SURVEY_LU1_2U15
 0.8730545,14.3208582,SE.Total.SURVEY_LU1_2U21
14.67937, 0.00000,SE.Total.SURVEY_LU1_2U22
61.12338,84.27123,SE.Total.SURVEY_LU1_2U31
 0.00000,13.04923,SE.Total.SURVEY_LU1_2U32
 0.00000,21.73385,SE.Total.SURVEY_LU1_2U33
 6.898959,14.600630,SE.Total.SURVEY_LU1_2U34
4.667862,0.000000,SE.Total.SURVEY_LU1_2U35
28.71947,42.89773,SE.Total.SURVEY_LU1_2U36
79.67674,72.25677,SE.Total.SURVEY_LU1_2U37
 0.00000,28.63961,SE.Total.SURVEY_LU1_2U41
165.6613,380.8998,SE.Total.SURVEY_LU1_2U42
43.56685,31.71017,SE.Total.SURVEY_LC1_3A11
37.854567, 3.498218,SE.Total.SURVEY_LC1_3A12
2.657376,0.000000,SE.Total.SURVEY_LC1_3A13
43.61691,37.16510,SE.Total.SURVEY_LC1_3A21
58.86169,71.78599,SE.Total.SURVEY_LC1_3A22
 0.00000,22.61103,SE.Total.SURVEY_LC1_3A30
 48.94546,299.61568,SE.Total.SURVEY_LC1_3B11
 0.00000,33.45796,SE.Total.SURVEY_LC1_3B12
 21.25164,138.73906,SE.Total.SURVEY_LC1_3B13
  0.000,176.664,SE.Total.SURVEY_LC1_3B14
16.31433,85.42181,SE.Total.SURVEY_LC1_3B15
30.07548,60.97152,SE.Total.SURVEY_LC1_3B16
 0.00000,39.26783,SE.Total.SURVEY_LC1_3B18
 0.8056968,53.0510279,SE.Total.SURVEY_LC1_3B19
 0.00000,29.11468,SE.Total.SURVEY_LC1_3B21
 0.00000,40.59805,SE.Total.SURVEY_LC1_3B22
 0.00000,17.62751,SE.Total.SURVEY_LC1_3B23
 77.3469,176.3412,SE.Total.SURVEY_LC1_3B32
0,0,SE.Total.SURVEY_LC1_3B33
 0.00000,14.43043,SE.Total.SURVEY_LC1_3B35
0.000000,3.191115,SE.Total.SURVEY_LC1_3B37
 25.29769,104.36028,SE.Total.SURVEY_LC1_3B41
 0.00000,15.30173,SE.Total.SURVEY_LC1_3B43
0.000000,1.093942,SE.Total.SURVEY_LC1_3B44
 0.00000,58.33543,SE.Total.SURVEY_LC1_3B51
 0.0000,28.4399,SE.Total.SURVEY_LC1_3B52
 0.00000,21.95171,SE.Total.SURVEY_LC1_3B53
 0.00000,18.35589,SE.Total.SURVEY_LC1_3B54
 0.00000,68.11341,SE.Total.SURVEY_LC1_3B55
0.000000,6.885896,SE.Total.SURVEY_LC1_3B71
 0.00000,17.66237,SE.Total.SURVEY_LC1_3B72
0,0,SE.Total.SURVEY_LC1_3B73
0.000000,7.480783,SE.Total.SURVEY_LC1_3B74
 0.00000,19.52085,SE.Total.SURVEY_LC1_3B75
 0.00000,13.66929,SE.Total.SURVEY_LC1_3B83
14.97383, 0.00000,SE.Total.SURVEY_LC1_3B84
254.0041,  0.0000,SE.Total.SURVEY_LC1_3Bx1
0,0,SE.Total.SURVEY_LC1_3Bx2
372.6630,806.7667,SE.Total.SURVEY_LC1_3C10
 28.80292,624.88104,SE.Total.SURVEY_LC1_3C21
240.8595,679.4494,SE.Total.SURVEY_LC1_3C22
 12.35804,255.81861,SE.Total.SURVEY_LC1_3C23
9.110076,0.000000,SE.Total.SURVEY_LC1_3C2x
498.4698,895.8256,SE.Total.SURVEY_LC1_3C31
196.8240,561.4574,SE.Total.SURVEY_LC1_3C32
291.8752,562.4552,SE.Total.SURVEY_LC1_3C33
33.66606, 0.00000,SE.Total.SURVEY_LC1_3C3x
0,0,SE.Total.SURVEY_LC1_3Cxx
22.37183,33.84289,SE.Total.SURVEY_LC1_3D10
 4.956794,16.874675,SE.Total.SURVEY_LC1_3D20
50.40417,51.73232,SE.Total.SURVEY_LC1_3E10
304.4499,363.3401,SE.Total.SURVEY_LC1_3E20
0.7323721,0.0000000,SE.Total.SURVEY_LC1_3E2x
 54.26626,342.64259,SE.Total.SURVEY_LC1_3E30
0.000000,6.228084,SE.Total.SURVEY_LC1_3F20
231.62883, 78.47369,SE.Total.SURVEY_LC1_3F40
19.31129,23.64281,SE.Total.SURVEY_LC1_3G11
0,0,SE.Total.SURVEY_LC1_3G12
 5.246547,17.026643,SE.Total.SURVEY_LC1_3G21
 7.842805,12.984087,SE.Total.SURVEY_LC1_3H11
152.9894,  0.0000,SE.Total.SURVEY_LC1_3H12
0,0,SE.Total.SURVEY_LC1_3H21
454.0336,404.1943,SE.Total.SURVEY_LU1_3U111
15.45225,77.05394,SE.Total.SURVEY_LU1_3U112
24.41352,27.52292,SE.Total.SURVEY_LU1_3U113
720.5837,848.1388,SE.Total.SURVEY_LU1_3U120
12.22696,14.15044,SE.Total.SURVEY_LU1_3U130
0.8244424,7.5804705,SE.Total.SURVEY_LU1_3U140
0,0,SE.Total.SURVEY_LU1_3U150
 0.8730545,14.3208582,SE.Total.SURVEY_LU1_3U210
0,0,SE.Total.SURVEY_LU1_3U221
9.786245,0.000000,SE.Total.SURVEY_LU1_3U223
9.786245,0.000000,SE.Total.SURVEY_LU1_3U224
0,0,SE.Total.SURVEY_LU1_3U225
9.786245,0.000000,SE.Total.SURVEY_LU1_3U227
6.789076,7.190090,SE.Total.SURVEY_LU1_3U311
60.71191,82.20057,SE.Total.SURVEY_LU1_3U312
0.9569724,4.0435118,SE.Total.SURVEY_LU1_3U313
0,0,SE.Total.SURVEY_LU1_3U314
0.000000,2.657376,SE.Total.SURVEY_LU1_3U315
8.9669,0.0000,SE.Total.SURVEY_LU1_3U317
0,0,SE.Total.SURVEY_LU1_3U318
 0.0000,16.4648,SE.Total.SURVEY_LU1_3U319
 0.00000,13.04923,SE.Total.SURVEY_LU1_3U321
0,0,SE.Total.SURVEY_LU1_3U322
 0.00000,21.73385,SE.Total.SURVEY_LU1_3U330
 6.898959,14.600630,SE.Total.SURVEY_LU1_3U341
4.667862,0.000000,SE.Total.SURVEY_LU1_3U350
28.45602,40.12043,SE.Total.SURVEY_LU1_3U361
 5.193222,15.193656,SE.Total.SURVEY_LU1_3U362
79.67674,72.25677,SE.Total.SURVEY_LU1_3U370
0.000000,4.666287,SE.Total.SURVEY_LU1_3U411
0.000000,3.337095,SE.Total.SURVEY_LU1_3U412
 0.00000,11.84248,SE.Total.SURVEY_LU1_3U414
 0.00000,25.45454,SE.Total.SURVEY_LU1_3U415
165.6613,380.8998,SE.Total.SURVEY_LU1_3U420
841.2279,876.3593,SE.Total.settlement0
 83.17984,112.98112,SE.Total.settlement1
0.02911156,0.03954151,SE.Total.settl_pc
522.8081,393.4194,SE.Total.fao_class_name0
685.8878,792.1073,SE.Total.fao_class_name1
28.90924,24.68583,SE.Total.fao_class_name2
 6.739946,42.963548,SE.Total.fao_class_name3
843.1222,877.1750,SE.Total.lue0
83.18141,85.15691,SE.Total.lue1
843.4222,876.9933,SE.Total.lud0
61.00539,89.31897,SE.Total.lud1
16453.92,45458.59,CI.l(95%).Total.area
509.3982,618.7304,CI.l(95%).Total.SURVEY_LC1_1A
 4416.652,15535.225,CI.l(95%).Total.SURVEY_LC1_1B
 4555.541,17049.570,CI.l(95%).Total.SURVEY_LC1_1C
135.12780, 89.92965,CI.l(95%).Total.SURVEY_LC1_1D
2781.176,9247.375,CI.l(95%).Total.SURVEY_LC1_1E
585.9674,542.5030,CI.l(95%).Total.SURVEY_LC1_1F
1334.5234, 237.9859,CI.l(95%).Total.SURVEY_LC1_1G
273.7417,154.7652,CI.l(95%).Total.SURVEY_LC1_1H
12650.52,40564.95,CI.l(95%).Total.SURVEY_LU1_1U1
72.179412,-3.020355,CI.l(95%).Total.SURVEY_LU1_1U2
2021.798,1838.947,CI.l(95%).Total.SURVEY_LU1_1U3
1206.413,1947.676,CI.l(95%).Total.SURVEY_LU1_1U4
96.74406,56.58587,CI.l(95%).Total.SURVEY_LC1_2A1
300.7242,462.7876,CI.l(95%).Total.SURVEY_LC1_2A2
4.189358,3.133229,CI.l(95%).Total.SURVEY_LC1_2A3
  197.908,10267.968,CI.l(95%).Total.SURVEY_LC1_2B1
  0.000,172.152,CI.l(95%).Total.SURVEY_LC1_2B2
 280.6985,2573.1148,CI.l(95%).Total.SURVEY_LC1_2B3
 12.12454,678.00578,CI.l(95%).Total.SURVEY_LC1_2B4
  0.0000,703.3134,CI.l(95%).Total.SURVEY_LC1_2B5
 71.33073,227.76175,CI.l(95%).Total.SURVEY_LC1_2B7
-12.02681,-10.97902,CI.l(95%).Total.SURVEY_LC1_2B8
3541.782,   0.000,CI.l(95%).Total.SURVEY_LC1_2Bx
1437.776,4467.654,CI.l(95%).Total.SURVEY_LC1_2C1
 407.4845,3071.2776,CI.l(95%).Total.SURVEY_LC1_2C2
1737.082,5729.079,CI.l(95%).Total.SURVEY_LC1_2C3
4.927878,0.000000,CI.l(95%).Total.SURVEY_LC1_2Cx
52.7431,39.4632,CI.l(95%).Total.SURVEY_LC1_2D1
73.72870,25.18103,CI.l(95%).Total.SURVEY_LC1_2D2
184.6815,573.5153,CI.l(95%).Total.SURVEY_LC1_2E1
2024.345,6824.695,CI.l(95%).Total.SURVEY_LC1_2E2
 381.6689,1288.0866,CI.l(95%).Total.SURVEY_LC1_2E3
13.410843, 4.658858,CI.l(95%).Total.SURVEY_LC1_2F2
572.5566,526.1210,CI.l(95%).Total.SURVEY_LC1_2F4
1137.3781, 131.5872,CI.l(95%).Total.SURVEY_LC1_2G1
186.85900, 79.38799,CI.l(95%).Total.SURVEY_LC1_2G2
250.8561,150.1881,CI.l(95%).Total.SURVEY_LC1_2H1
22.885640, 4.577128,CI.l(95%).Total.SURVEY_LC1_2H2
 7454.986,23902.392,CI.l(95%).Total.SURVEY_LU1_2U11
 3949.42,15958.22,CI.l(95%).Total.SURVEY_LU1_2U12
400.43152, 23.91324,CI.l(95%).Total.SURVEY_LU1_2U13
143.07411, 20.71785,CI.l(95%).Total.SURVEY_LU1_2U14
6.871875,0.000000,CI.l(95%).Total.SURVEY_LU1_2U15
45.712993,-3.020355,CI.l(95%).Total.SURVEY_LU1_2U21
24.8061, 0.0000,CI.l(95%).Total.SURVEY_LU1_2U22
262.5103,651.9004,CI.l(95%).Total.SURVEY_LU1_2U31
36.6686650, 0.1543289,CI.l(95%).Total.SURVEY_LU1_2U32
 0.00000,10.58304,CI.l(95%).Total.SURVEY_LU1_2U33
-4.217087,37.318865,CI.l(95%).Total.SURVEY_LU1_2U34
56.120046, 8.766486,CI.l(95%).Total.SURVEY_LU1_2U35
887.4722,173.3474,CI.l(95%).Total.SURVEY_LU1_2U36
598.0055,690.0399,CI.l(95%).Total.SURVEY_LU1_2U37
 90.26435,183.01198,CI.l(95%).Total.SURVEY_LU1_2U41
1116.149,1710.482,CI.l(95%).Total.SURVEY_LU1_2U42
36.61927,38.34646,CI.l(95%).Total.SURVEY_LC1_3A11
 1.57555,11.75107,CI.l(95%).Total.SURVEY_LC1_3A12
-0.1637029, 0.0000000,CI.l(95%).Total.SURVEY_LC1_3A13
92.98266,34.16340,CI.l(95%).Total.SURVEY_LC1_3A21
134.6868,365.8192,CI.l(95%).Total.SURVEY_LC1_3A22
4.189358,3.133229,CI.l(95%).Total.SURVEY_LC1_3A30
  90.87493,6690.25381,CI.l(95%).Total.SURVEY_LC1_3B11
 0.00000,44.59449,CI.l(95%).Total.SURVEY_LC1_3B12
  -7.430878,1270.177394,CI.l(95%).Total.SURVEY_LC1_3B13
  0.0000,104.7923,CI.l(95%).Total.SURVEY_LC1_3B14
 -7.322203,569.558882,CI.l(95%).Total.SURVEY_LC1_3B15
  8.524724,229.808102,CI.l(95%).Total.SURVEY_LC1_3B16
 0.00000,73.62537,CI.l(95%).Total.SURVEY_LC1_3B18
  6.851463,241.990726,CI.l(95%).Total.SURVEY_LC1_3B19
 0.00000,63.80726,CI.l(95%).Total.SURVEY_LC1_3B21
 0.00000,45.95276,CI.l(95%).Total.SURVEY_LC1_3B22
 0.000000,-5.080382,CI.l(95%).Total.SURVEY_LC1_3B23
 280.6985,2536.0711,CI.l(95%).Total.SURVEY_LC1_3B32
0.000000,3.793121,CI.l(95%).Total.SURVEY_LC1_3B33
0.00000000,0.02404368,CI.l(95%).Total.SURVEY_LC1_3B35
 0.000000,-0.196583,CI.l(95%).Total.SURVEY_LC1_3B37
  7.547415,658.520417,CI.l(95%).Total.SURVEY_LC1_3B41
  0.00000,-12.54419,CI.l(95%).Total.SURVEY_LC1_3B43
4.577128,2.092733,CI.l(95%).Total.SURVEY_LC1_3B44
  0.0000,190.1173,CI.l(95%).Total.SURVEY_LC1_3B51
 0.0000,22.9997,CI.l(95%).Total.SURVEY_LC1_3B52
 0.00000,12.03407,CI.l(95%).Total.SURVEY_LC1_3B53
 0.000000,-3.009605,CI.l(95%).Total.SURVEY_LC1_3B54
  0.0000,289.6067,CI.l(95%).Total.SURVEY_LC1_3B55
 53.67294,135.92406,CI.l(95%).Total.SURVEY_LC1_3B71
 8.287623,-7.030605,CI.l(95%).Total.SURVEY_LC1_3B72
4.577128,9.505006,CI.l(95%).Total.SURVEY_LC1_3B73
 0.0000000,-0.6902448,CI.l(95%).Total.SURVEY_LC1_3B74
 4.793043,44.301420,CI.l(95%).Total.SURVEY_LC1_3B75
  0.00000,-10.97902,CI.l(95%).Total.SURVEY_LC1_3B83
-12.02681,  0.00000,CI.l(95%).Total.SURVEY_LC1_3B84
3504.975,   0.000,CI.l(95%).Total.SURVEY_LC1_3Bx1
36.80676, 0.00000,CI.l(95%).Total.SURVEY_LC1_3Bx2
1437.776,4467.654,CI.l(95%).Total.SURVEY_LC1_3C10
 55.55793,684.11153,CI.l(95%).Total.SURVEY_LC1_3C21
 232.2316,1334.8563,CI.l(95%).Total.SURVEY_LC1_3C22
   9.115995,-227.737724,CI.l(95%).Total.SURVEY_LC1_3C23
15.83403, 0.00000,CI.l(95%).Total.SURVEY_LC1_3C2x
 579.5563,2843.5587,CI.l(95%).Total.SURVEY_LC1_3C31
 68.41101,530.28560,CI.l(95%).Total.SURVEY_LC1_3C32
120.7524,425.7514,CI.l(95%).Total.SURVEY_LC1_3C33
143.0504,  0.0000,CI.l(95%).Total.SURVEY_LC1_3C3x
4.927878,0.000000,CI.l(95%).Total.SURVEY_LC1_3Cxx
52.7431,39.4632,CI.l(95%).Total.SURVEY_LC1_3D10
73.72870,25.18103,CI.l(95%).Total.SURVEY_LC1_3D20
184.6815,573.5153,CI.l(95%).Total.SURVEY_LC1_3E10
2020.446,6824.695,CI.l(95%).Total.SURVEY_LC1_3E20
2.465009,0.000000,CI.l(95%).Total.SURVEY_LC1_3E2x
 381.6689,1288.0866,CI.l(95%).Total.SURVEY_LC1_3E30
13.410843, 4.658858,CI.l(95%).Total.SURVEY_LC1_3F20
572.5566,526.1210,CI.l(95%).Total.SURVEY_LC1_3F40
1133.1914, 131.5872,CI.l(95%).Total.SURVEY_LC1_3G11
4.186763,0.000000,CI.l(95%).Total.SURVEY_LC1_3G12
186.85900, 79.38799,CI.l(95%).Total.SURVEY_LC1_3G21
242.0403,150.1881,CI.l(95%).Total.SURVEY_LC1_3H11
-6.162133, 0.000000,CI.l(95%).Total.SURVEY_LC1_3H12
22.885640, 4.577128,CI.l(95%).Total.SURVEY_LC1_3H21
 7259.99,23048.66,CI.l(95%).Total.SURVEY_LU1_3U111
 22.30088,505.70815,CI.l(95%).Total.SURVEY_LU1_3U112
 95.7245,136.3756,CI.l(95%).Total.SURVEY_LU1_3U113
 3949.42,15958.22,CI.l(95%).Total.SURVEY_LU1_3U120
400.43152, 23.91324,CI.l(95%).Total.SURVEY_LU1_3U130
143.07411, 20.71785,CI.l(95%).Total.SURVEY_LU1_3U140
6.871875,0.000000,CI.l(95%).Total.SURVEY_LU1_3U150
45.712993,-3.020355,CI.l(95%).Total.SURVEY_LU1_3U210
4.470281,0.000000,CI.l(95%).Total.SURVEY_LU1_3U221
-2.500971, 0.000000,CI.l(95%).Total.SURVEY_LU1_3U223
-7.078099, 0.000000,CI.l(95%).Total.SURVEY_LU1_3U224
8.221959,0.000000,CI.l(95%).Total.SURVEY_LU1_3U225
-7.078099, 0.000000,CI.l(95%).Total.SURVEY_LU1_3U227
 6.053332,23.382607,CI.l(95%).Total.SURVEY_LU1_3U311
174.4062,545.4688,CI.l(95%).Total.SURVEY_LU1_3U312
21.252317, 6.881356,CI.l(95%).Total.SURVEY_LU1_3U313
11.95504, 0.00000,CI.l(95%).Total.SURVEY_LU1_3U314
 0.0000000,-0.1637029,CI.l(95%).Total.SURVEY_LU1_3U315
1.930245,7.717283,CI.l(95%).Total.SURVEY_LU1_3U317
7.673097,4.577128,CI.l(95%).Total.SURVEY_LU1_3U318
7.289662,8.599067,CI.l(95%).Total.SURVEY_LU1_3U319
27.7707456, 0.1543289,CI.l(95%).Total.SURVEY_LU1_3U321
8.897919,0.000000,CI.l(95%).Total.SURVEY_LU1_3U322
 0.00000,10.58304,CI.l(95%).Total.SURVEY_LU1_3U330
-4.217087,37.318865,CI.l(95%).Total.SURVEY_LU1_3U341
56.120046, 8.766486,CI.l(95%).Total.SURVEY_LU1_3U350
867.7316,143.0495,CI.l(95%).Total.SURVEY_LU1_3U361
10.078438, 5.962302,CI.l(95%).Total.SURVEY_LU1_3U362
598.0055,690.0399,CI.l(95%).Total.SURVEY_LU1_3U370
23.23990,29.34981,CI.l(95%).Total.SURVEY_LU1_3U411
 0.0000000,-0.2055758,CI.l(95%).Total.SURVEY_LU1_3U412
 3.612554,12.842261,CI.l(95%).Total.SURVEY_LU1_3U414
 63.4119,108.3709,CI.l(95%).Total.SURVEY_LU1_3U415
1116.149,1710.482,CI.l(95%).Total.SURVEY_LU1_3U420
15094.72,43538.30,CI.l(95%).Total.settlement0
1200.801,1699.305,CI.l(95%).Total.settlement1
0.4202603,0.5947283,CI.l(95%).Total.settl_pc
11570.59,27408.43,CI.l(95%).Total.fao_class_name0
 3910.716,16930.550,CI.l(95%).Total.fao_class_name1
107.7761,115.6058,CI.l(95%).Total.fao_class_name2
 79.37031,265.90659,CI.l(95%).Total.fao_class_name3
14682.33,44293.66,CI.l(95%).Total.lue0
1609.4713, 996.8836,CI.l(95%).Total.lue1
15789.58,44501.20,CI.l(95%).Total.lud0
545.1015,781.5412,CI.l(95%).Total.lud1
19760.72,48894.76,CI.u(95%).Total.area
761.6732,941.4247,CI.u(95%).Total.SURVEY_LC1_1A
 5471.066,16939.384,CI.u(95%).Total.SURVEY_LC1_1B
 7382.509,20262.756,CI.u(95%).Total.SURVEY_LC1_1C
224.942,238.168,CI.u(95%).Total.SURVEY_LC1_1D
 4003.941,11095.406,CI.u(95%).Total.SURVEY_LC1_1E
1493.9358, 851.0815,CI.u(95%).Total.SURVEY_LC1_1F
1410.2158, 343.3858,CI.u(95%).Total.SURVEY_LC1_1G
874.2368,205.6619,CI.u(95%).Total.SURVEY_LC1_1H
15916.96,44226.42,CI.u(95%).Total.SURVEY_LU1_1U1
129.82316, 53.11638,CI.u(95%).Total.SURVEY_LU1_1U2
2361.167,2280.589,CI.u(95%).Total.SURVEY_LU1_1U3
1855.794,3444.676,CI.u(95%).Total.SURVEY_LU1_1U4
308.9010,181.6236,CI.u(95%).Total.SURVEY_LC1_2A1
556.3234,764.2580,CI.u(95%).Total.SURVEY_LC1_2A2
 4.189358,91.766840,CI.u(95%).Total.SURVEY_LC1_2A3
  445.2586,11659.3511,CI.u(95%).Total.SURVEY_LC1_2B1
  0.0000,379.5747,CI.u(95%).Total.SURVEY_LC1_2B2
 583.8928,3266.5885,CI.u(95%).Total.SURVEY_LC1_2B3
 111.2897,1091.4868,CI.u(95%).Total.SURVEY_LC1_2B4
   0.000,1085.339,CI.u(95%).Total.SURVEY_LC1_2B5
 71.33073,338.32944,CI.u(95%).Total.SURVEY_LC1_2B7
46.66953,42.60362,CI.u(95%).Total.SURVEY_LC1_2B8
4537.46,   0.00,CI.u(95%).Total.SURVEY_LC1_2Bx
2898.588,7630.121,CI.u(95%).Total.SURVEY_LC1_2C1
1359.205,6626.855,CI.u(95%).Total.SURVEY_LC1_2C2
4088.058,9787.341,CI.u(95%).Total.SURVEY_LC1_2C3
4.927878,0.000000,CI.u(95%).Total.SURVEY_LC1_2Cx
140.4391,172.1249,CI.u(95%).Total.SURVEY_LC1_2D1
93.15897,91.32854,CI.u(95%).Total.SURVEY_LC1_2D2
382.2622,776.3023,CI.u(95%).Total.SURVEY_LC1_2E1
3217.770,8248.962,CI.u(95%).Total.SURVEY_LC1_2E2
 594.3887,2631.2208,CI.u(95%).Total.SURVEY_LC1_2E3
13.41084,29.07250,CI.u(95%).Total.SURVEY_LC1_2F2
1480.5249, 833.7322,CI.u(95%).Total.SURVEY_LC1_2F4
1213.0770, 224.2653,CI.u(95%).Total.SURVEY_LC1_2G1
207.4251,146.1312,CI.u(95%).Total.SURVEY_LC1_2G2
851.3512,201.0847,CI.u(95%).Total.SURVEY_LC1_2H1
22.885640, 4.577128,CI.u(95%).Total.SURVEY_LC1_2H2
 9237.095,25473.450,CI.u(95%).Total.SURVEY_LU1_2U11
 6774.056,19282.862,CI.u(95%).Total.SURVEY_LU1_2U12
448.36034, 79.38194,CI.u(95%).Total.SURVEY_LU1_2U13
146.30587, 50.43275,CI.u(95%).Total.SURVEY_LU1_2U14
6.871875,0.000000,CI.u(95%).Total.SURVEY_LU1_2U15
49.13530,53.11638,CI.u(95%).Total.SURVEY_LU1_2U21
82.34817, 0.00000,CI.u(95%).Total.SURVEY_LU1_2U22
502.1095,982.2375,CI.u(95%).Total.SURVEY_LU1_2U31
36.66867,51.30637,CI.u(95%).Total.SURVEY_LU1_2U32
 0.00000,95.77816,CI.u(95%).Total.SURVEY_LU1_2U33
22.82634,94.55228,CI.u(95%).Total.SURVEY_LU1_2U34
74.417729, 8.766486,CI.u(95%).Total.SURVEY_LU1_2U35
1000.0505, 341.5034,CI.u(95%).Total.SURVEY_LU1_2U36
910.3326,973.2813,CI.u(95%).Total.SURVEY_LU1_2U37
 90.26435,295.27720,CI.u(95%).Total.SURVEY_LU1_2U41
1765.529,3203.582,CI.u(95%).Total.SURVEY_LU1_2U42
207.3982,162.6481,CI.u(95%).Total.SURVEY_LC1_3A11
149.96272, 25.46384,CI.u(95%).Total.SURVEY_LC1_3A12
10.25302, 0.00000,CI.u(95%).Total.SURVEY_LC1_3A13
263.9578,179.8479,CI.u(95%).Total.SURVEY_LC1_3A21
365.4203,647.2151,CI.u(95%).Total.SURVEY_LC1_3A22
 4.189358,91.766840,CI.u(95%).Total.SURVEY_LC1_3A30
 282.7376,7864.7257,CI.u(95%).Total.SURVEY_LC1_3B11
  0.0000,175.7473,CI.u(95%).Total.SURVEY_LC1_3B12
  75.87402,1814.02450,CI.u(95%).Total.SURVEY_LC1_3B13
  0.0000,797.3024,CI.u(95%).Total.SURVEY_LC1_3B14
 56.62878,904.40622,CI.u(95%).Total.SURVEY_LC1_3B15
126.4184,468.8121,CI.u(95%).Total.SURVEY_LC1_3B16
  0.0000,227.5525,CI.u(95%).Total.SURVEY_LC1_3B18
 10.00974,449.94693,CI.u(95%).Total.SURVEY_LC1_3B19
  0.0000,177.9347,CI.u(95%).Total.SURVEY_LC1_3B21
  0.0000,205.0942,CI.u(95%).Total.SURVEY_LC1_3B22
 0.00000,64.01817,CI.u(95%).Total.SURVEY_LC1_3B23
 583.8928,3227.3158,CI.u(95%).Total.SURVEY_LC1_3B32
0.000000,3.793121,CI.u(95%).Total.SURVEY_LC1_3B33
 0.00000,56.59029,CI.u(95%).Total.SURVEY_LC1_3B35
 0.00000,12.31236,CI.u(95%).Total.SURVEY_LC1_3B37
 106.7125,1067.6052,CI.u(95%).Total.SURVEY_LC1_3B41
 0.00000,47.43751,CI.u(95%).Total.SURVEY_LC1_3B43
4.577128,6.380908,CI.u(95%).Total.SURVEY_LC1_3B44
  0.000,418.788,CI.u(95%).Total.SURVEY_LC1_3B51
  0.0000,134.4821,CI.u(95%).Total.SURVEY_LC1_3B52
 0.0000,98.0832,CI.u(95%).Total.SURVEY_LC1_3B53
 0.00000,68.94416,CI.u(95%).Total.SURVEY_LC1_3B54
  0.0000,556.6063,CI.u(95%).Total.SURVEY_LC1_3B55
 53.67294,162.91628,CI.u(95%).Total.SURVEY_LC1_3B71
 8.287623,62.204620,CI.u(95%).Total.SURVEY_LC1_3B72
4.577128,9.505006,CI.u(95%).Total.SURVEY_LC1_3B73
 0.00000,28.63388,CI.u(95%).Total.SURVEY_LC1_3B74
  4.793043,120.821756,CI.u(95%).Total.SURVEY_LC1_3B75
 0.00000,42.60362,CI.u(95%).Total.SURVEY_LC1_3B83
46.66953, 0.00000,CI.u(95%).Total.SURVEY_LC1_3B84
4500.653,   0.000,CI.u(95%).Total.SURVEY_LC1_3Bx1
36.80676, 0.00000,CI.u(95%).Total.SURVEY_LC1_3Bx2
2898.588,7630.121,CI.u(95%).Total.SURVEY_LC1_3C10
 168.4633,3133.6002,CI.u(95%).Total.SURVEY_LC1_3C21
1176.383,3998.249,CI.u(95%).Total.SURVEY_LC1_3C22
 57.55863,775.05282,CI.u(95%).Total.SURVEY_LC1_3C23
51.54487, 0.00000,CI.u(95%).Total.SURVEY_LC1_3C2x
2533.522,6355.131,CI.u(95%).Total.SURVEY_LC1_3C31
 839.9469,2731.1581,CI.u(95%).Total.SURVEY_LC1_3C32
1264.882,2630.535,CI.u(95%).Total.SURVEY_LC1_3C33
275.0189,  0.0000,CI.u(95%).Total.SURVEY_LC1_3C3x
4.927878,0.000000,CI.u(95%).Total.SURVEY_LC1_3Cxx
140.4391,172.1249,CI.u(95%).Total.SURVEY_LC1_3D10
93.15897,91.32854,CI.u(95%).Total.SURVEY_LC1_3D20
382.2622,776.3023,CI.u(95%).Total.SURVEY_LC1_3E10
3213.868,8248.962,CI.u(95%).Total.SURVEY_LC1_3E20
5.335855,0.000000,CI.u(95%).Total.SURVEY_LC1_3E2x
 594.3887,2631.2208,CI.u(95%).Total.SURVEY_LC1_3E30
13.41084,29.07250,CI.u(95%).Total.SURVEY_LC1_3F20
1480.5249, 833.7322,CI.u(95%).Total.SURVEY_LC1_3F40
1208.8902, 224.2653,CI.u(95%).Total.SURVEY_LC1_3G11
4.186763,0.000000,CI.u(95%).Total.SURVEY_LC1_3G12
207.4251,146.1312,CI.u(95%).Total.SURVEY_LC1_3G21
272.7836,201.0847,CI.u(95%).Total.SURVEY_LC1_3H11
593.5455,  0.0000,CI.u(95%).Total.SURVEY_LC1_3H12
22.885640, 4.577128,CI.u(95%).Total.SURVEY_LC1_3H21
 9039.769,24633.077,CI.u(95%).Total.SURVEY_LU1_3U111
 82.87259,807.75403,CI.u(95%).Total.SURVEY_LU1_3U112
191.4238,244.2635,CI.u(95%).Total.SURVEY_LU1_3U113
 6774.056,19282.862,CI.u(95%).Total.SURVEY_LU1_3U120
448.36034, 79.38194,CI.u(95%).Total.SURVEY_LU1_3U130
146.30587, 50.43275,CI.u(95%).Total.SURVEY_LU1_3U140
6.871875,0.000000,CI.u(95%).Total.SURVEY_LU1_3U150
49.13530,53.11638,CI.u(95%).Total.SURVEY_LU1_3U210
4.470281,0.000000,CI.u(95%).Total.SURVEY_LU1_3U221
35.86041, 0.00000,CI.u(95%).Total.SURVEY_LU1_3U223
31.28328, 0.00000,CI.u(95%).Total.SURVEY_LU1_3U224
8.221959,0.000000,CI.u(95%).Total.SURVEY_LU1_3U225
31.28328, 0.00000,CI.u(95%).Total.SURVEY_LU1_3U227
32.66602,51.56724,CI.u(95%).Total.SURVEY_LU1_3U311
412.3926,867.6891,CI.u(95%).Total.SURVEY_LU1_3U312
25.00358,22.73163,CI.u(95%).Total.SURVEY_LU1_3U313
11.95504, 0.00000,CI.u(95%).Total.SURVEY_LU1_3U314
 0.00000,10.25302,CI.u(95%).Total.SURVEY_LU1_3U315
37.079848, 7.717283,CI.u(95%).Total.SURVEY_LU1_3U317
7.673097,4.577128,CI.u(95%).Total.SURVEY_LU1_3U318
 7.289662,73.139911,CI.u(95%).Total.SURVEY_LU1_3U319
27.77075,51.30637,CI.u(95%).Total.SURVEY_LU1_3U321
8.897919,0.000000,CI.u(95%).Total.SURVEY_LU1_3U322
 0.00000,95.77816,CI.u(95%).Total.SURVEY_LU1_3U330
22.82634,94.55228,CI.u(95%).Total.SURVEY_LU1_3U341
74.417729, 8.766486,CI.u(95%).Total.SURVEY_LU1_3U350
979.2772,300.3187,CI.u(95%).Total.SURVEY_LU1_3U361
30.43549,65.52034,CI.u(95%).Total.SURVEY_LU1_3U362
910.3326,973.2813,CI.u(95%).Total.SURVEY_LU1_3U370
23.23990,47.64133,CI.u(95%).Total.SURVEY_LU1_3U411
 0.0000,12.8756,CI.u(95%).Total.SURVEY_LU1_3U412
 3.612554,59.263937,CI.u(95%).Total.SURVEY_LU1_3U414
 63.4119,208.1509,CI.u(95%).Total.SURVEY_LU1_3U415
1765.529,3203.582,CI.u(95%).Total.SURVEY_LU1_3U420
18392.27,46973.57,CI.u(95%).Total.settlement0
1526.860,2142.182,CI.u(95%).Total.settlement1
0.5343755,0.7497281,CI.u(95%).Total.settl_pc
13619.96,28950.61,CI.u(95%).Total.fao_class_name0
 6599.347,20035.553,CI.u(95%).Total.fao_class_name1
221.0982,212.3725,CI.u(95%).Total.fao_class_name2
105.7904,434.3206,CI.u(95%).Total.fao_class_name3
17987.31,47732.12,CI.u(95%).Total.lue0
1935.536,1330.693,CI.u(95%).Total.lue1
19095.73,47938.95,CI.u(95%).Total.lud0
 784.2382,1131.6652,CI.u(95%).Total.lud1
0.04658817,0.01858098,CV.Total.area
0.1012643,0.1055299,CV.Total.SURVEY_LC1_1A
0.05440853,0.02206096,CV.Total.SURVEY_LC1_1B
0.12082016,0.04393751,CV.Total.SURVEY_LC1_1C
0.1272654,0.2305204,CV.Total.SURVEY_LC1_1D
0.09194697,0.04635012,CV.Total.SURVEY_LC1_1E
0.2227304,0.1129755,CV.Total.SURVEY_LC1_1F
0.01407030,0.09249931,CV.Total.SURVEY_LC1_1G
0.26688712,0.07204835,CV.Total.SURVEY_LC1_1H
0.05833844,0.02203208,CV.Total.SURVEY_LU1_1U1
0.1455953,0.5717363,CV.Total.SURVEY_LU1_1U2
0.03950528,0.05469841,CV.Total.SURVEY_LU1_1U3
0.1081973,0.1416431,CV.Total.SURVEY_LU1_1U4
0.2668474,0.2678144,CV.Total.SURVEY_LC1_2A1
0.1521621,0.1253533,CV.Total.SURVEY_LC1_2A2
0.0000000,0.4765229,CV.Total.SURVEY_LC1_2A3
0.19621922,0.03237526,CV.Total.SURVEY_LC1_2B1
NA,0.1918157,CV.Total.SURVEY_LC1_2B2
0.17892130,0.06058862,CV.Total.SURVEY_LC1_2B3
0.4099640,0.1192226,CV.Total.SURVEY_LC1_2B4
NA,0.1089728,CV.Total.SURVEY_LC1_2B5
0.00000000,0.09965377,CV.Total.SURVEY_LC1_2B7
0.864472,0.864472,CV.Total.SURVEY_LC1_2B8
0.06287821,NA,CV.Total.SURVEY_LC1_2Bx
0.1718781,0.1333744,CV.Total.SURVEY_LC1_2C1
0.2748534,0.1870570,CV.Total.SURVEY_LC1_2C2
0.2059178,0.1334445,CV.Total.SURVEY_LC1_2C3
  0,NA,CV.Total.SURVEY_LC1_2Cx
0.2316138,0.3198941,CV.Total.SURVEY_LC1_2D1
0.05940276,0.28967017,CV.Total.SURVEY_LC1_2D2
0.17781015,0.07665084,CV.Total.SURVEY_LC1_2E1
0.11615567,0.04820862,CV.Total.SURVEY_LC1_2E2
0.1111948,0.1748485,CV.Total.SURVEY_LC1_2E3
0.0000000,0.3692756,CV.Total.SURVEY_LC1_2F2
0.2256402,0.1154149,CV.Total.SURVEY_LC1_2F4
0.01643196,0.13287982,CV.Total.SURVEY_LC1_2G1
0.02661303,0.15099950,CV.Total.SURVEY_LC1_2G2
0.27797012,0.07392594,CV.Total.SURVEY_LC1_2H1
0,0,CV.Total.SURVEY_LC1_2H2
0.05447229,0.01623415,CV.Total.SURVEY_LU1_2U11
0.13439369,0.04813353,CV.Total.SURVEY_LU1_2U12
0.02881028,0.27398060,CV.Total.SURVEY_LU1_2U13
0.005697992,0.213082422,CV.Total.SURVEY_LU1_2U14
  0,NA,CV.Total.SURVEY_LU1_2U15
0.01840949,0.57173634,CV.Total.SURVEY_LU1_2U21
0.2739857,NA,CV.Total.SURVEY_LU1_2U22
0.1598791,0.1031385,CV.Total.SURVEY_LU1_2U31
0.0000000,0.5071532,CV.Total.SURVEY_LU1_2U32
NA,0.40868,CV.Total.SURVEY_LU1_2U33
0.7414549,0.2214378,CV.Total.SURVEY_LU1_2U34
0.07151742,0.00000000,CV.Total.SURVEY_LU1_2U35
0.03043086,0.16664140,CV.Total.SURVEY_LU1_2U36
0.10564838,0.08688252,CV.Total.SURVEY_LU1_2U37
0.0000000,0.1197586,CV.Total.SURVEY_LU1_2U41
0.1149756,0.1550244,CV.Total.SURVEY_LU1_2U42
0.3570798,0.3155327,CV.Total.SURVEY_LC1_3A11
0.4996040,0.1880009,CV.Total.SURVEY_LC1_3A12
0.5267703,NA,CV.Total.SURVEY_LC1_3A13
0.2443932,0.3473190,CV.Total.SURVEY_LC1_3A21
0.2353963,0.1417247,CV.Total.SURVEY_LC1_3A22
0.0000000,0.4765229,CV.Total.SURVEY_LC1_3A30
0.2620119,0.0411702,CV.Total.SURVEY_LC1_3B11
NA,0.3036915,CV.Total.SURVEY_LC1_3B12
0.62100130,0.08996756,CV.Total.SURVEY_LC1_3B13
NA,0.391675,CV.Total.SURVEY_LC1_3B14
0.6617505,0.1159075,CV.Total.SURVEY_LC1_3B15
0.4457503,0.1745484,CV.Total.SURVEY_LC1_3B16
NA,0.2607618,CV.Total.SURVEY_LC1_3B18
0.09556815,0.15334048,CV.Total.SURVEY_LC1_3B19
NA,0.240874,CV.Total.SURVEY_LC1_3B21
NA,0.32343,CV.Total.SURVEY_LC1_3B22
NA,0.5981733,CV.Total.SURVEY_LC1_3B23
0.17892130,0.06119359,CV.Total.SURVEY_LC1_3B32
NA,  0,CV.Total.SURVEY_LC1_3B33
NA,0.5097801,CV.Total.SURVEY_LC1_3B35
NA,0.5267703,CV.Total.SURVEY_LC1_3B37
0.4428094,0.1209185,CV.Total.SURVEY_LC1_3B41
NA,0.877058,CV.Total.SURVEY_LC1_3B43
0.0000000,0.2581989,CV.Total.SURVEY_LC1_3B44
NA,0.1916075,CV.Total.SURVEY_LC1_3B51
NA,0.3611834,CV.Total.SURVEY_LC1_3B52
NA,0.398697,CV.Total.SURVEY_LC1_3B53
NA,0.5567912,CV.Total.SURVEY_LC1_3B54
NA,0.1609841,CV.Total.SURVEY_LC1_3B55
0.00000000,0.04608411,CV.Total.SURVEY_LC1_3B71
0.0000000,0.6402424,CV.Total.SURVEY_LC1_3B72
0,0,CV.Total.SURVEY_LC1_3B73
NA,0.5354194,CV.Total.SURVEY_LC1_3B74
0.0000000,0.2364399,CV.Total.SURVEY_LC1_3B75
NA,0.864472,CV.Total.SURVEY_LC1_3B83
0.864472,NA,CV.Total.SURVEY_LC1_3B84
0.06345639,NA,CV.Total.SURVEY_LC1_3Bx1
  0,NA,CV.Total.SURVEY_LC1_3Bx2
0.1718781,0.1333744,CV.Total.SURVEY_LC1_3C10
0.2571446,0.3273589,CV.Total.SURVEY_LC1_3C21
0.3419806,0.2548044,CV.Total.SURVEY_LC1_3C22
0.3706970,0.9348129,CV.Total.SURVEY_LC1_3C23
0.2704133,NA,CV.Total.SURVEY_LC1_3C2x
0.3202424,0.1947725,CV.Total.SURVEY_LC1_3C31
0.4333622,0.3442999,CV.Total.SURVEY_LC1_3C32
0.4212874,0.3680644,CV.Total.SURVEY_LC1_3C33
0.1610549,NA,CV.Total.SURVEY_LC1_3C3x
  0,NA,CV.Total.SURVEY_LC1_3Cxx
0.2316138,0.3198941,CV.Total.SURVEY_LC1_3D10
0.05940276,0.28967017,CV.Total.SURVEY_LC1_3D20
0.17781015,0.07665084,CV.Total.SURVEY_LC1_3E10
0.11632847,0.04820862,CV.Total.SURVEY_LC1_3E20
0.1877669,NA,CV.Total.SURVEY_LC1_3E2x
0.1111948,0.1748485,CV.Total.SURVEY_LC1_3E30
0.0000000,0.3692756,CV.Total.SURVEY_LC1_3F20
0.2256402,0.1154149,CV.Total.SURVEY_LC1_3F40
0.0164907,0.1328798,CV.Total.SURVEY_LC1_3G11
  0,NA,CV.Total.SURVEY_LC1_3G12
0.02661303,0.15099950,CV.Total.SURVEY_LC1_3G21
0.03046791,0.07392594,CV.Total.SURVEY_LC1_3H11
0.5209186,NA,CV.Total.SURVEY_LC1_3H12
0,0,CV.Total.SURVEY_LC1_3H21
0.05571047,0.01695384,CV.Total.SURVEY_LU1_3U111
0.2938431,0.1173295,CV.Total.SURVEY_LU1_3U112
0.1700412,0.1446142,CV.Total.SURVEY_LU1_3U113
0.13439369,0.04813353,CV.Total.SURVEY_LU1_3U120
0.02881028,0.27398060,CV.Total.SURVEY_LU1_3U130
0.005697992,0.213082422,CV.Total.SURVEY_LU1_3U140
  0,NA,CV.Total.SURVEY_LU1_3U150
0.01840949,0.57173634,CV.Total.SURVEY_LU1_3U210
  0,NA,CV.Total.SURVEY_LU1_3U221
0.5867153,NA,CV.Total.SURVEY_LU1_3U223
0.8086075,NA,CV.Total.SURVEY_LU1_3U224
  0,NA,CV.Total.SURVEY_LU1_3U225
0.8086075,NA,CV.Total.SURVEY_LU1_3U227
0.3506813,0.1918640,CV.Total.SURVEY_LU1_3U311
0.2069258,0.1163360,CV.Total.SURVEY_LU1_3U312
0.04137731,0.27309044,CV.Total.SURVEY_LU1_3U313
  0,NA,CV.Total.SURVEY_LU1_3U314
NA,0.5267703,CV.Total.SURVEY_LU1_3U315
0.4597221,0.0000000,CV.Total.SURVEY_LU1_3U317
0,0,CV.Total.SURVEY_LU1_3U318
0.000000,0.402863,CV.Total.SURVEY_LU1_3U319
0.0000000,0.5071532,CV.Total.SURVEY_LU1_3U321
  0,NA,CV.Total.SURVEY_LU1_3U322
NA,0.40868,CV.Total.SURVEY_LU1_3U330
0.7414549,0.2214378,CV.Total.SURVEY_LU1_3U341
0.07151742,0.00000000,CV.Total.SURVEY_LU1_3U350
0.03081309,0.18098017,CV.Total.SURVEY_LU1_3U361
0.2563672,0.4251006,CV.Total.SURVEY_LU1_3U362
0.10564838,0.08688252,CV.Total.SURVEY_LU1_3U370
0.0000000,0.1212162,CV.Total.SURVEY_LU1_3U411
NA,0.5267703,CV.Total.SURVEY_LU1_3U412
0.0000000,0.3284733,CV.Total.SURVEY_LU1_3U414
0.0000000,0.1608391,CV.Total.SURVEY_LU1_3U415
0.1149756,0.1550244,CV.Total.SURVEY_LU1_3U420
0.05024208,0.01936452,CV.Total.settlement0
0.06098987,0.05882155,CV.Total.settlement1
0.06098987,0.05882155,CV.Total.settl_pc
0.04150827,0.01396118,CV.Total.fao_class_name0
0.13052020,0.04285587,CV.Total.fao_class_name1
0.1758072,0.1505333,CV.Total.fao_class_name2
0.07280104,0.12271316,CV.Total.fao_class_name3
0.05161503,0.01906368,CV.Total.lue0
0.04692876,0.07317218,CV.Total.lue1
0.0483540,0.0189743,CV.Total.lud0
0.09178300,0.09337098,CV.Total.lud1
