LU00.No,LU00.Yes,variable
No,Yes,flag_two
 637.4966,1957.5034,Total.area
137.0031,100.8002,Total.SURVEY_LC1_1A
 24.17702,503.68789,Total.SURVEY_LC1_1B
198.2181,752.5358,Total.SURVEY_LC1_1C
 8.079884,20.189272,Total.SURVEY_LC1_1D
233.7529,552.0837,Total.SURVEY_LC1_1E
16.11801,16.11801,Total.SURVEY_LC1_1F
20.147516, 8.059006,Total.SURVEY_LC1_1G
0.000000,4.029503,Total.SURVEY_LC1_1H
 411.8444,1767.9915,Total.SURVEY_LU1_1U1
8.059006,8.059006,Total.SURVEY_LU1_1U2
209.5342,116.9391,Total.SURVEY_LU1_1U3
 8.059006,64.513806,Total.SURVEY_LU1_1U4
40.29503,24.17702,Total.SURVEY_LC1_2A1
92.67857,56.47568,Total.SURVEY_LC1_2A2
 4.029503,20.147516,Total.SURVEY_LC1_2A3
  0.0000,318.3307,Total.SURVEY_LC1_2B1
0.000000,8.059006,Total.SURVEY_LC1_2B2
 0.00000,20.14752,Total.SURVEY_LC1_2B3
 0.00000,12.08851,Total.SURVEY_LC1_2B4
  0.0000,124.9146,Total.SURVEY_LC1_2B5
4.029503,8.059006,Total.SURVEY_LC1_2B7
 0.00000,12.08851,Total.SURVEY_LC1_2B8
20.14752, 0.00000,Total.SURVEY_LC1_2Bx
113.2019,525.8815,Total.SURVEY_LC1_2C1
 56.68446,137.65033,Total.SURVEY_LC1_2C2
24.28141,89.00400,Total.SURVEY_LC1_2C3
4.050381,0.000000,Total.SURVEY_LC1_2Cx
 8.079884,12.130266,Total.SURVEY_LC1_2D1
0.000000,8.059006,Total.SURVEY_LC1_2D2
32.25690,64.49293,Total.SURVEY_LC1_2E1
177.2981,479.5109,Total.SURVEY_LC1_2E2
20.168394, 8.079884,Total.SURVEY_LC1_2E3
4.029503,0.000000,Total.SURVEY_LC1_2Ex
16.11801,16.11801,Total.SURVEY_LC1_2F4
12.08851, 0.00000,Total.SURVEY_LC1_2G1
8.059006,8.059006,Total.SURVEY_LC1_2G2
0.000000,4.029503,Total.SURVEY_LC1_2H1
 221.6227,1051.7003,Total.SURVEY_LU1_2U11
186.1923,716.2912,Total.SURVEY_LU1_2U12
4.029503,0.000000,Total.SURVEY_LU1_2U14
8.059006,8.059006,Total.SURVEY_LU1_2U22
72.53106,60.48430,Total.SURVEY_LU1_2U31
4.029503,4.029503,Total.SURVEY_LU1_2U32
4.029503,8.079884,Total.SURVEY_LU1_2U33
8.059006,0.000000,Total.SURVEY_LU1_2U34
12.088509, 4.029503,Total.SURVEY_LU1_2U35
36.26553,16.11801,Total.SURVEY_LU1_2U36
72.53106,24.19790,Total.SURVEY_LU1_2U37
0.000000,4.029503,Total.SURVEY_LU1_2U41
 8.059006,60.484303,Total.SURVEY_LU1_2U42
24.17702,24.17702,Total.SURVEY_LC1_3A11
16.11801, 0.00000,Total.SURVEY_LC1_3A12
40.29503,12.10939,Total.SURVEY_LC1_3A21
52.38354,44.36629,Total.SURVEY_LC1_3A22
 4.029503,20.147516,Total.SURVEY_LC1_3A30
  0.0000,124.9146,Total.SURVEY_LC1_3B11
0.000000,4.029503,Total.SURVEY_LC1_3B12
 0.00000,40.29503,Total.SURVEY_LC1_3B13
 0.00000,16.11801,Total.SURVEY_LC1_3B14
 0.00000,20.14752,Total.SURVEY_LC1_3B15
  0.0000,108.7966,Total.SURVEY_LC1_3B16
0.000000,4.029503,Total.SURVEY_LC1_3B18
0.000000,8.059006,Total.SURVEY_LC1_3B21
0.000000,4.029503,Total.SURVEY_LC1_3B31
 0.00000,16.11801,Total.SURVEY_LC1_3B32
0.000000,4.029503,Total.SURVEY_LC1_3B41
0.000000,8.059006,Total.SURVEY_LC1_3B43
0.000000,4.029503,Total.SURVEY_LC1_3B51
0.000000,4.029503,Total.SURVEY_LC1_3B52
0.000000,8.059006,Total.SURVEY_LC1_3B53
0.000000,4.029503,Total.SURVEY_LC1_3B54
  0.0000,104.7671,Total.SURVEY_LC1_3B55
0.000000,8.059006,Total.SURVEY_LC1_3B71
4.029503,0.000000,Total.SURVEY_LC1_3B75
 0.00000,12.08851,Total.SURVEY_LC1_3B82
4.029503,0.000000,Total.SURVEY_LC1_3Bx1
16.11801, 0.00000,Total.SURVEY_LC1_3Bxx
113.2019,525.8815,Total.SURVEY_LC1_3C10
 36.43255,117.39842,Total.SURVEY_LC1_3C21
0.000000,4.050381,Total.SURVEY_LC1_3C22
 0.00000,16.20153,Total.SURVEY_LC1_3C23
20.25191, 0.00000,Total.SURVEY_LC1_3C2x
 8.100763,32.340416,Total.SURVEY_LC1_3C31
 0.00000,20.23103,Total.SURVEY_LC1_3C32
 8.079884,36.432554,Total.SURVEY_LC1_3C33
8.100763,0.000000,Total.SURVEY_LC1_3C3x
4.050381,0.000000,Total.SURVEY_LC1_3Cxx
 8.079884,12.130266,Total.SURVEY_LC1_3D10
0.000000,8.059006,Total.SURVEY_LC1_3D20
32.25690,64.49293,Total.SURVEY_LC1_3E10
169.2391,479.5109,Total.SURVEY_LC1_3E20
8.059006,0.000000,Total.SURVEY_LC1_3E2x
20.168394, 8.079884,Total.SURVEY_LC1_3E30
4.029503,0.000000,Total.SURVEY_LC1_3Exx
16.11801,16.11801,Total.SURVEY_LC1_3F40
12.08851, 0.00000,Total.SURVEY_LC1_3G11
8.059006,8.059006,Total.SURVEY_LC1_3G21
0.000000,4.029503,Total.SURVEY_LC1_3H11
 221.6227,1051.7003,Total.SURVEY_LU1_3U111
186.1923,716.2912,Total.SURVEY_LU1_3U120
4.029503,0.000000,Total.SURVEY_LU1_3U140
0.000000,4.029503,Total.SURVEY_LU1_3U221
4.029503,0.000000,Total.SURVEY_LU1_3U223
4.029503,4.029503,Total.SURVEY_LU1_3U224
8.059006,4.029503,Total.SURVEY_LU1_3U311
56.41304,44.36629,Total.SURVEY_LU1_3U312
4.029503,0.000000,Total.SURVEY_LU1_3U317
 4.029503,12.088509,Total.SURVEY_LU1_3U319
4.029503,4.029503,Total.SURVEY_LU1_3U321
4.029503,8.079884,Total.SURVEY_LU1_3U330
8.059006,0.000000,Total.SURVEY_LU1_3U341
12.088509, 4.029503,Total.SURVEY_LU1_3U350
12.08851,16.11801,Total.SURVEY_LU1_3U361
24.17702, 0.00000,Total.SURVEY_LU1_3U362
72.53106,24.19790,Total.SURVEY_LU1_3U370
0.000000,4.029503,Total.SURVEY_LU1_3U414
 8.059006,60.484303,Total.SURVEY_LU1_3U420
 419.9035,1844.5938,Total.settlement0
217.5932,112.9096,Total.settlement1
0.3292830,0.1708657,Total.settl_pc
 451.3252,1221.0856,Total.fao_class_name0
170.0116,728.3588,Total.fao_class_name1
12.13027, 0.00000,Total.fao_class_name2
4.029503,8.059006,Total.fao_class_name3
 508.5525,1913.1580,Total.lue0
128.94410, 44.34541,Total.lue1
 544.818,1876.851,Total.lud0
92.67857,80.65270,Total.lud1
1.6418,1.6418,SE.Total.area
0.0000000,0.5010509,SE.Total.SURVEY_LC1_1A
0,0,SE.Total.SURVEY_LC1_1B
1.594438,1.738480,SE.Total.SURVEY_LC1_1C
0.2908004,0.4101815,SE.Total.SURVEY_LC1_1D
0.4101815,0.4101815,SE.Total.SURVEY_LC1_1E
0,0,SE.Total.SURVEY_LC1_1F
0,0,SE.Total.SURVEY_LC1_1G
0,0,SE.Total.SURVEY_LC1_1H
1.641800,1.725766,SE.Total.SURVEY_LU1_1U1
0,0,SE.Total.SURVEY_LU1_1U2
0.0000000,0.5770392,SE.Total.SURVEY_LU1_1U3
0.0000000,0.4101815,SE.Total.SURVEY_LU1_1U4
0,0,SE.Total.SURVEY_LC1_2A1
0.0000000,0.5010509,SE.Total.SURVEY_LC1_2A2
0,0,SE.Total.SURVEY_LC1_2A3
0,0,SE.Total.SURVEY_LC1_2B1
0,0,SE.Total.SURVEY_LC1_2B2
0,0,SE.Total.SURVEY_LC1_2B3
0,0,SE.Total.SURVEY_LC1_2B4
0,0,SE.Total.SURVEY_LC1_2B5
0,0,SE.Total.SURVEY_LC1_2B7
0,0,SE.Total.SURVEY_LC1_2B8
0,0,SE.Total.SURVEY_LC1_2Bx
1.177876,2.024973,SE.Total.SURVEY_LC1_2C1
1.015202,1.487246,SE.Total.SURVEY_LC1_2C2
0.6434405,1.1479560,SE.Total.SURVEY_LC1_2C3
0.2908004,0.0000000,SE.Total.SURVEY_LC1_2Cx
0.2908004,0.4101815,SE.Total.SURVEY_LC1_2D1
0,0,SE.Total.SURVEY_LC1_2D2
0.2908004,0.2908004,SE.Total.SURVEY_LC1_2E1
0,0,SE.Total.SURVEY_LC1_2E2
0.2908004,0.2908004,SE.Total.SURVEY_LC1_2E3
0,0,SE.Total.SURVEY_LC1_2Ex
0,0,SE.Total.SURVEY_LC1_2F4
0,0,SE.Total.SURVEY_LC1_2G1
0,0,SE.Total.SURVEY_LC1_2G2
0,0,SE.Total.SURVEY_LC1_2H1
0,0,SE.Total.SURVEY_LU1_2U11
1.641800,1.725766,SE.Total.SURVEY_LU1_2U12
0,0,SE.Total.SURVEY_LU1_2U14
0,0,SE.Total.SURVEY_LU1_2U22
0.0000000,0.4101815,SE.Total.SURVEY_LU1_2U31
0,0,SE.Total.SURVEY_LU1_2U32
0.0000000,0.2908004,SE.Total.SURVEY_LU1_2U33
0,0,SE.Total.SURVEY_LU1_2U34
0,0,SE.Total.SURVEY_LU1_2U35
0,0,SE.Total.SURVEY_LU1_2U36
0.0000000,0.2908004,SE.Total.SURVEY_LU1_2U37
0,0,SE.Total.SURVEY_LU1_2U41
0.0000000,0.4101815,SE.Total.SURVEY_LU1_2U42
0,0,SE.Total.SURVEY_LC1_3A11
0,0,SE.Total.SURVEY_LC1_3A12
0.0000000,0.2908004,SE.Total.SURVEY_LC1_3A21
0.0000000,0.4101815,SE.Total.SURVEY_LC1_3A22
0,0,SE.Total.SURVEY_LC1_3A30
0,0,SE.Total.SURVEY_LC1_3B11
0,0,SE.Total.SURVEY_LC1_3B12
0,0,SE.Total.SURVEY_LC1_3B13
0,0,SE.Total.SURVEY_LC1_3B14
0,0,SE.Total.SURVEY_LC1_3B15
0,0,SE.Total.SURVEY_LC1_3B16
0,0,SE.Total.SURVEY_LC1_3B18
0,0,SE.Total.SURVEY_LC1_3B21
0,0,SE.Total.SURVEY_LC1_3B31
0,0,SE.Total.SURVEY_LC1_3B32
0,0,SE.Total.SURVEY_LC1_3B41
0,0,SE.Total.SURVEY_LC1_3B43
0,0,SE.Total.SURVEY_LC1_3B51
0,0,SE.Total.SURVEY_LC1_3B52
0,0,SE.Total.SURVEY_LC1_3B53
0,0,SE.Total.SURVEY_LC1_3B54
0,0,SE.Total.SURVEY_LC1_3B55
0,0,SE.Total.SURVEY_LC1_3B71
0,0,SE.Total.SURVEY_LC1_3B75
0,0,SE.Total.SURVEY_LC1_3B82
0,0,SE.Total.SURVEY_LC1_3Bx1
0,0,SE.Total.SURVEY_LC1_3Bxx
1.177876,2.024973,SE.Total.SURVEY_LC1_3C10
0.807375,1.382895,SE.Total.SURVEY_LC1_3C21
0.0000000,0.2908004,SE.Total.SURVEY_LC1_3C22
0.0000000,0.5770392,SE.Total.SURVEY_LC1_3C23
0.6434405,0.0000000,SE.Total.SURVEY_LC1_3C2x
0.4101815,0.6434405,SE.Total.SURVEY_LC1_3C31
0.0000000,0.5770392,SE.Total.SURVEY_LC1_3C32
0.2908004,0.8073750,SE.Total.SURVEY_LC1_3C33
0.4101815,0.0000000,SE.Total.SURVEY_LC1_3C3x
0.2908004,0.0000000,SE.Total.SURVEY_LC1_3Cxx
0.2908004,0.4101815,SE.Total.SURVEY_LC1_3D10
0,0,SE.Total.SURVEY_LC1_3D20
0.2908004,0.2908004,SE.Total.SURVEY_LC1_3E10
0,0,SE.Total.SURVEY_LC1_3E20
0,0,SE.Total.SURVEY_LC1_3E2x
0.2908004,0.2908004,SE.Total.SURVEY_LC1_3E30
0,0,SE.Total.SURVEY_LC1_3Exx
0,0,SE.Total.SURVEY_LC1_3F40
0,0,SE.Total.SURVEY_LC1_3G11
0,0,SE.Total.SURVEY_LC1_3G21
0,0,SE.Total.SURVEY_LC1_3H11
0,0,SE.Total.SURVEY_LU1_3U111
1.641800,1.725766,SE.Total.SURVEY_LU1_3U120
0,0,SE.Total.SURVEY_LU1_3U140
0,0,SE.Total.SURVEY_LU1_3U221
0,0,SE.Total.SURVEY_LU1_3U223
0,0,SE.Total.SURVEY_LU1_3U224
0,0,SE.Total.SURVEY_LU1_3U311
0.0000000,0.4101815,SE.Total.SURVEY_LU1_3U312
0,0,SE.Total.SURVEY_LU1_3U317
0,0,SE.Total.SURVEY_LU1_3U319
0,0,SE.Total.SURVEY_LU1_3U321
0.0000000,0.2908004,SE.Total.SURVEY_LU1_3U330
0,0,SE.Total.SURVEY_LU1_3U341
0,0,SE.Total.SURVEY_LU1_3U350
0,0,SE.Total.SURVEY_LU1_3U361
0,0,SE.Total.SURVEY_LU1_3U362
0.0000000,0.2908004,SE.Total.SURVEY_LU1_3U370
0,0,SE.Total.SURVEY_LU1_3U414
0.0000000,0.4101815,SE.Total.SURVEY_LU1_3U420
1.641800,1.699276,SE.Total.settlement0
0.0000000,0.5770392,SE.Total.settlement1
0.0000000000,0.0008732315,SE.Total.settl_pc
0.2908004,0.7572686,SE.Total.fao_class_name0
1.594438,1.738480,SE.Total.fao_class_name1
0.4101815,0.0000000,SE.Total.fao_class_name2
0,0,SE.Total.fao_class_name3
1.641800,1.656754,SE.Total.lue0
0.0000000,0.2908004,SE.Total.lue1
1.641800,1.685483,SE.Total.lud0
0.0000000,0.5010509,SE.Total.lud1
 634.2788,1954.2855,CI.l(95%).Total.area
137.00311, 99.81817,CI.l(95%).Total.SURVEY_LC1_1A
 24.17702,503.68789,CI.l(95%).Total.SURVEY_LC1_1B
195.0931,749.1284,CI.l(95%).Total.SURVEY_LC1_1C
 7.509926,19.385331,CI.l(95%).Total.SURVEY_LC1_1D
232.9490,551.2797,CI.l(95%).Total.SURVEY_LC1_1E
16.11801,16.11801,CI.l(95%).Total.SURVEY_LC1_1F
20.147516, 8.059006,CI.l(95%).Total.SURVEY_LC1_1G
0.000000,4.029503,CI.l(95%).Total.SURVEY_LC1_1H
 408.6266,1764.6090,CI.l(95%).Total.SURVEY_LU1_1U1
8.059006,8.059006,CI.l(95%).Total.SURVEY_LU1_1U2
209.5342,115.8081,CI.l(95%).Total.SURVEY_LU1_1U3
 8.059006,63.709865,CI.l(95%).Total.SURVEY_LU1_1U4
40.29503,24.17702,CI.l(95%).Total.SURVEY_LC1_2A1
92.67857,55.49364,CI.l(95%).Total.SURVEY_LC1_2A2
 4.029503,20.147516,CI.l(95%).Total.SURVEY_LC1_2A3
  0.0000,318.3307,CI.l(95%).Total.SURVEY_LC1_2B1
0.000000,8.059006,CI.l(95%).Total.SURVEY_LC1_2B2
 0.00000,20.14752,CI.l(95%).Total.SURVEY_LC1_2B3
 0.00000,12.08851,CI.l(95%).Total.SURVEY_LC1_2B4
  0.0000,124.9146,CI.l(95%).Total.SURVEY_LC1_2B5
4.029503,8.059006,CI.l(95%).Total.SURVEY_LC1_2B7
 0.00000,12.08851,CI.l(95%).Total.SURVEY_LC1_2B8
20.14752, 0.00000,CI.l(95%).Total.SURVEY_LC1_2Bx
110.8933,521.9126,CI.l(95%).Total.SURVEY_LC1_2C1
 54.6947,134.7354,CI.l(95%).Total.SURVEY_LC1_2C2
23.02029,86.75405,CI.l(95%).Total.SURVEY_LC1_2C3
3.480423,0.000000,CI.l(95%).Total.SURVEY_LC1_2Cx
 7.509926,11.326325,CI.l(95%).Total.SURVEY_LC1_2D1
0.000000,8.059006,CI.l(95%).Total.SURVEY_LC1_2D2
31.68694,63.92297,CI.l(95%).Total.SURVEY_LC1_2E1
177.2981,479.5109,CI.l(95%).Total.SURVEY_LC1_2E2
19.598435, 7.509926,CI.l(95%).Total.SURVEY_LC1_2E3
4.029503,0.000000,CI.l(95%).Total.SURVEY_LC1_2Ex
16.11801,16.11801,CI.l(95%).Total.SURVEY_LC1_2F4
12.08851, 0.00000,CI.l(95%).Total.SURVEY_LC1_2G1
8.059006,8.059006,CI.l(95%).Total.SURVEY_LC1_2G2
0.000000,4.029503,CI.l(95%).Total.SURVEY_LC1_2H1
 221.6227,1051.7003,CI.l(95%).Total.SURVEY_LU1_2U11
182.9744,712.9087,CI.l(95%).Total.SURVEY_LU1_2U12
4.029503,0.000000,CI.l(95%).Total.SURVEY_LU1_2U14
8.059006,8.059006,CI.l(95%).Total.SURVEY_LU1_2U22
72.53106,59.68036,CI.l(95%).Total.SURVEY_LU1_2U31
4.029503,4.029503,CI.l(95%).Total.SURVEY_LU1_2U32
4.029503,7.509926,CI.l(95%).Total.SURVEY_LU1_2U33
8.059006,0.000000,CI.l(95%).Total.SURVEY_LU1_2U34
12.088509, 4.029503,CI.l(95%).Total.SURVEY_LU1_2U35
36.26553,16.11801,CI.l(95%).Total.SURVEY_LU1_2U36
72.53106,23.62794,CI.l(95%).Total.SURVEY_LU1_2U37
0.000000,4.029503,CI.l(95%).Total.SURVEY_LU1_2U41
 8.059006,59.680362,CI.l(95%).Total.SURVEY_LU1_2U42
24.17702,24.17702,CI.l(95%).Total.SURVEY_LC1_3A11
16.11801, 0.00000,CI.l(95%).Total.SURVEY_LC1_3A12
40.29503,11.53943,CI.l(95%).Total.SURVEY_LC1_3A21
52.38354,43.56235,CI.l(95%).Total.SURVEY_LC1_3A22
 4.029503,20.147516,CI.l(95%).Total.SURVEY_LC1_3A30
  0.0000,124.9146,CI.l(95%).Total.SURVEY_LC1_3B11
0.000000,4.029503,CI.l(95%).Total.SURVEY_LC1_3B12
 0.00000,40.29503,CI.l(95%).Total.SURVEY_LC1_3B13
 0.00000,16.11801,CI.l(95%).Total.SURVEY_LC1_3B14
 0.00000,20.14752,CI.l(95%).Total.SURVEY_LC1_3B15
  0.0000,108.7966,CI.l(95%).Total.SURVEY_LC1_3B16
0.000000,4.029503,CI.l(95%).Total.SURVEY_LC1_3B18
0.000000,8.059006,CI.l(95%).Total.SURVEY_LC1_3B21
0.000000,4.029503,CI.l(95%).Total.SURVEY_LC1_3B31
 0.00000,16.11801,CI.l(95%).Total.SURVEY_LC1_3B32
0.000000,4.029503,CI.l(95%).Total.SURVEY_LC1_3B41
0.000000,8.059006,CI.l(95%).Total.SURVEY_LC1_3B43
0.000000,4.029503,CI.l(95%).Total.SURVEY_LC1_3B51
0.000000,4.029503,CI.l(95%).Total.SURVEY_LC1_3B52
0.000000,8.059006,CI.l(95%).Total.SURVEY_LC1_3B53
0.000000,4.029503,CI.l(95%).Total.SURVEY_LC1_3B54
  0.0000,104.7671,CI.l(95%).Total.SURVEY_LC1_3B55
0.000000,8.059006,CI.l(95%).Total.SURVEY_LC1_3B71
4.029503,0.000000,CI.l(95%).Total.SURVEY_LC1_3B75
 0.00000,12.08851,CI.l(95%).Total.SURVEY_LC1_3B82
4.029503,0.000000,CI.l(95%).Total.SURVEY_LC1_3Bx1
16.11801, 0.00000,CI.l(95%).Total.SURVEY_LC1_3Bxx
110.8933,521.9126,CI.l(95%).Total.SURVEY_LC1_3C10
 34.85013,114.68800,CI.l(95%).Total.SURVEY_LC1_3C21
0.000000,3.480423,CI.l(95%).Total.SURVEY_LC1_3C22
 0.00000,15.07055,CI.l(95%).Total.SURVEY_LC1_3C23
18.99079, 0.00000,CI.l(95%).Total.SURVEY_LC1_3C2x
 7.296822,31.079296,CI.l(95%).Total.SURVEY_LC1_3C31
 0.00000,19.10005,CI.l(95%).Total.SURVEY_LC1_3C32
 7.509926,34.850128,CI.l(95%).Total.SURVEY_LC1_3C33
7.296822,0.000000,CI.l(95%).Total.SURVEY_LC1_3C3x
3.480423,0.000000,CI.l(95%).Total.SURVEY_LC1_3Cxx
 7.509926,11.326325,CI.l(95%).Total.SURVEY_LC1_3D10
0.000000,8.059006,CI.l(95%).Total.SURVEY_LC1_3D20
31.68694,63.92297,CI.l(95%).Total.SURVEY_LC1_3E10
169.2391,479.5109,CI.l(95%).Total.SURVEY_LC1_3E20
8.059006,0.000000,CI.l(95%).Total.SURVEY_LC1_3E2x
19.598435, 7.509926,CI.l(95%).Total.SURVEY_LC1_3E30
4.029503,0.000000,CI.l(95%).Total.SURVEY_LC1_3Exx
16.11801,16.11801,CI.l(95%).Total.SURVEY_LC1_3F40
12.08851, 0.00000,CI.l(95%).Total.SURVEY_LC1_3G11
8.059006,8.059006,CI.l(95%).Total.SURVEY_LC1_3G21
0.000000,4.029503,CI.l(95%).Total.SURVEY_LC1_3H11
 221.6227,1051.7003,CI.l(95%).Total.SURVEY_LU1_3U111
182.9744,712.9087,CI.l(95%).Total.SURVEY_LU1_3U120
4.029503,0.000000,CI.l(95%).Total.SURVEY_LU1_3U140
0.000000,4.029503,CI.l(95%).Total.SURVEY_LU1_3U221
4.029503,0.000000,CI.l(95%).Total.SURVEY_LU1_3U223
4.029503,4.029503,CI.l(95%).Total.SURVEY_LU1_3U224
8.059006,4.029503,CI.l(95%).Total.SURVEY_LU1_3U311
56.41304,43.56235,CI.l(95%).Total.SURVEY_LU1_3U312
4.029503,0.000000,CI.l(95%).Total.SURVEY_LU1_3U317
 4.029503,12.088509,CI.l(95%).Total.SURVEY_LU1_3U319
4.029503,4.029503,CI.l(95%).Total.SURVEY_LU1_3U321
4.029503,7.509926,CI.l(95%).Total.SURVEY_LU1_3U330
8.059006,0.000000,CI.l(95%).Total.SURVEY_LU1_3U341
12.088509, 4.029503,CI.l(95%).Total.SURVEY_LU1_3U350
12.08851,16.11801,CI.l(95%).Total.SURVEY_LU1_3U361
24.17702, 0.00000,CI.l(95%).Total.SURVEY_LU1_3U362
72.53106,23.62794,CI.l(95%).Total.SURVEY_LU1_3U370
0.000000,4.029503,CI.l(95%).Total.SURVEY_LU1_3U414
 8.059006,59.680362,CI.l(95%).Total.SURVEY_LU1_3U420
 416.6856,1841.2633,CI.l(95%).Total.settlement0
217.5932,111.7786,CI.l(95%).Total.settlement1
0.3292830,0.1691542,CI.l(95%).Total.settl_pc
 450.7553,1219.6014,CI.l(95%).Total.fao_class_name0
166.8866,724.9514,CI.l(95%).Total.fao_class_name1
11.32632, 0.00000,CI.l(95%).Total.fao_class_name2
4.029503,8.059006,CI.l(95%).Total.fao_class_name3
 505.3347,1909.9108,CI.l(95%).Total.lue0
128.94410, 43.77545,CI.l(95%).Total.lue1
 541.6002,1873.5472,CI.l(95%).Total.lud0
92.67857,79.67066,CI.l(95%).Total.lud1
 640.7145,1960.7212,CI.u(95%).Total.area
137.0031,101.7823,CI.u(95%).Total.SURVEY_LC1_1A
 24.17702,503.68789,CI.u(95%).Total.SURVEY_LC1_1B
201.3432,755.9432,CI.u(95%).Total.SURVEY_LC1_1C
 8.649843,20.993213,CI.u(95%).Total.SURVEY_LC1_1D
234.5569,552.8876,CI.u(95%).Total.SURVEY_LC1_1E
16.11801,16.11801,CI.u(95%).Total.SURVEY_LC1_1F
20.147516, 8.059006,CI.u(95%).Total.SURVEY_LC1_1G
0.000000,4.029503,CI.u(95%).Total.SURVEY_LC1_1H
 415.0623,1771.3739,CI.u(95%).Total.SURVEY_LU1_1U1
8.059006,8.059006,CI.u(95%).Total.SURVEY_LU1_1U2
209.5342,118.0701,CI.u(95%).Total.SURVEY_LU1_1U3
 8.059006,65.317747,CI.u(95%).Total.SURVEY_LU1_1U4
40.29503,24.17702,CI.u(95%).Total.SURVEY_LC1_2A1
92.67857,57.45772,CI.u(95%).Total.SURVEY_LC1_2A2
 4.029503,20.147516,CI.u(95%).Total.SURVEY_LC1_2A3
  0.0000,318.3307,CI.u(95%).Total.SURVEY_LC1_2B1
0.000000,8.059006,CI.u(95%).Total.SURVEY_LC1_2B2
 0.00000,20.14752,CI.u(95%).Total.SURVEY_LC1_2B3
 0.00000,12.08851,CI.u(95%).Total.SURVEY_LC1_2B4
  0.0000,124.9146,CI.u(95%).Total.SURVEY_LC1_2B5
4.029503,8.059006,CI.u(95%).Total.SURVEY_LC1_2B7
 0.00000,12.08851,CI.u(95%).Total.SURVEY_LC1_2B8
20.14752, 0.00000,CI.u(95%).Total.SURVEY_LC1_2Bx
115.5105,529.8503,CI.u(95%).Total.SURVEY_LC1_2C1
 58.67422,140.56528,CI.u(95%).Total.SURVEY_LC1_2C2
25.54253,91.25395,CI.u(95%).Total.SURVEY_LC1_2C3
4.62034,0.00000,CI.u(95%).Total.SURVEY_LC1_2Cx
 8.649843,12.934207,CI.u(95%).Total.SURVEY_LC1_2D1
0.000000,8.059006,CI.u(95%).Total.SURVEY_LC1_2D2
32.82686,65.06289,CI.u(95%).Total.SURVEY_LC1_2E1
177.2981,479.5109,CI.u(95%).Total.SURVEY_LC1_2E2
20.738352, 8.649843,CI.u(95%).Total.SURVEY_LC1_2E3
4.029503,0.000000,CI.u(95%).Total.SURVEY_LC1_2Ex
16.11801,16.11801,CI.u(95%).Total.SURVEY_LC1_2F4
12.08851, 0.00000,CI.u(95%).Total.SURVEY_LC1_2G1
8.059006,8.059006,CI.u(95%).Total.SURVEY_LC1_2G2
0.000000,4.029503,CI.u(95%).Total.SURVEY_LC1_2H1
 221.6227,1051.7003,CI.u(95%).Total.SURVEY_LU1_2U11
189.4101,719.6736,CI.u(95%).Total.SURVEY_LU1_2U12
4.029503,0.000000,CI.u(95%).Total.SURVEY_LU1_2U14
8.059006,8.059006,CI.u(95%).Total.SURVEY_LU1_2U22
72.53106,61.28824,CI.u(95%).Total.SURVEY_LU1_2U31
4.029503,4.029503,CI.u(95%).Total.SURVEY_LU1_2U32
4.029503,8.649843,CI.u(95%).Total.SURVEY_LU1_2U33
8.059006,0.000000,CI.u(95%).Total.SURVEY_LU1_2U34
12.088509, 4.029503,CI.u(95%).Total.SURVEY_LU1_2U35
36.26553,16.11801,CI.u(95%).Total.SURVEY_LU1_2U36
72.53106,24.76786,CI.u(95%).Total.SURVEY_LU1_2U37
0.000000,4.029503,CI.u(95%).Total.SURVEY_LU1_2U41
 8.059006,61.288244,CI.u(95%).Total.SURVEY_LU1_2U42
24.17702,24.17702,CI.u(95%).Total.SURVEY_LC1_3A11
16.11801, 0.00000,CI.u(95%).Total.SURVEY_LC1_3A12
40.29503,12.67935,CI.u(95%).Total.SURVEY_LC1_3A21
52.38354,45.17023,CI.u(95%).Total.SURVEY_LC1_3A22
 4.029503,20.147516,CI.u(95%).Total.SURVEY_LC1_3A30
  0.0000,124.9146,CI.u(95%).Total.SURVEY_LC1_3B11
0.000000,4.029503,CI.u(95%).Total.SURVEY_LC1_3B12
 0.00000,40.29503,CI.u(95%).Total.SURVEY_LC1_3B13
 0.00000,16.11801,CI.u(95%).Total.SURVEY_LC1_3B14
 0.00000,20.14752,CI.u(95%).Total.SURVEY_LC1_3B15
  0.0000,108.7966,CI.u(95%).Total.SURVEY_LC1_3B16
0.000000,4.029503,CI.u(95%).Total.SURVEY_LC1_3B18
0.000000,8.059006,CI.u(95%).Total.SURVEY_LC1_3B21
0.000000,4.029503,CI.u(95%).Total.SURVEY_LC1_3B31
 0.00000,16.11801,CI.u(95%).Total.SURVEY_LC1_3B32
0.000000,4.029503,CI.u(95%).Total.SURVEY_LC1_3B41
0.000000,8.059006,CI.u(95%).Total.SURVEY_LC1_3B43
0.000000,4.029503,CI.u(95%).Total.SURVEY_LC1_3B51
0.000000,4.029503,CI.u(95%).Total.SURVEY_LC1_3B52
0.000000,8.059006,CI.u(95%).Total.SURVEY_LC1_3B53
0.000000,4.029503,CI.u(95%).Total.SURVEY_LC1_3B54
  0.0000,104.7671,CI.u(95%).Total.SURVEY_LC1_3B55
0.000000,8.059006,CI.u(95%).Total.SURVEY_LC1_3B71
4.029503,0.000000,CI.u(95%).Total.SURVEY_LC1_3B75
 0.00000,12.08851,CI.u(95%).Total.SURVEY_LC1_3B82
4.029503,0.000000,CI.u(95%).Total.SURVEY_LC1_3Bx1
16.11801, 0.00000,CI.u(95%).Total.SURVEY_LC1_3Bxx
115.5105,529.8503,CI.u(95%).Total.SURVEY_LC1_3C10
 38.01498,120.10885,CI.u(95%).Total.SURVEY_LC1_3C21
0.00000,4.62034,CI.u(95%).Total.SURVEY_LC1_3C22
 0.0000,17.3325,CI.u(95%).Total.SURVEY_LC1_3C23
21.51303, 0.00000,CI.u(95%).Total.SURVEY_LC1_3C2x
 8.904704,33.601536,CI.u(95%).Total.SURVEY_LC1_3C31
 0.000,21.362,CI.u(95%).Total.SURVEY_LC1_3C32
 8.649843,38.014980,CI.u(95%).Total.SURVEY_LC1_3C33
8.904704,0.000000,CI.u(95%).Total.SURVEY_LC1_3C3x
4.62034,0.00000,CI.u(95%).Total.SURVEY_LC1_3Cxx
 8.649843,12.934207,CI.u(95%).Total.SURVEY_LC1_3D10
0.000000,8.059006,CI.u(95%).Total.SURVEY_LC1_3D20
32.82686,65.06289,CI.u(95%).Total.SURVEY_LC1_3E10
169.2391,479.5109,CI.u(95%).Total.SURVEY_LC1_3E20
8.059006,0.000000,CI.u(95%).Total.SURVEY_LC1_3E2x
20.738352, 8.649843,CI.u(95%).Total.SURVEY_LC1_3E30
4.029503,0.000000,CI.u(95%).Total.SURVEY_LC1_3Exx
16.11801,16.11801,CI.u(95%).Total.SURVEY_LC1_3F40
12.08851, 0.00000,CI.u(95%).Total.SURVEY_LC1_3G11
8.059006,8.059006,CI.u(95%).Total.SURVEY_LC1_3G21
0.000000,4.029503,CI.u(95%).Total.SURVEY_LC1_3H11
 221.6227,1051.7003,CI.u(95%).Total.SURVEY_LU1_3U111
189.4101,719.6736,CI.u(95%).Total.SURVEY_LU1_3U120
4.029503,0.000000,CI.u(95%).Total.SURVEY_LU1_3U140
0.000000,4.029503,CI.u(95%).Total.SURVEY_LU1_3U221
4.029503,0.000000,CI.u(95%).Total.SURVEY_LU1_3U223
4.029503,4.029503,CI.u(95%).Total.SURVEY_LU1_3U224
8.059006,4.029503,CI.u(95%).Total.SURVEY_LU1_3U311
56.41304,45.17023,CI.u(95%).Total.SURVEY_LU1_3U312
4.029503,0.000000,CI.u(95%).Total.SURVEY_LU1_3U317
 4.029503,12.088509,CI.u(95%).Total.SURVEY_LU1_3U319
4.029503,4.029503,CI.u(95%).Total.SURVEY_LU1_3U321
4.029503,8.649843,CI.u(95%).Total.SURVEY_LU1_3U330
8.059006,0.000000,CI.u(95%).Total.SURVEY_LU1_3U341
12.088509, 4.029503,CI.u(95%).Total.SURVEY_LU1_3U350
12.08851,16.11801,CI.u(95%).Total.SURVEY_LU1_3U361
24.17702, 0.00000,CI.u(95%).Total.SURVEY_LU1_3U362
72.53106,24.76786,CI.u(95%).Total.SURVEY_LU1_3U370
0.000000,4.029503,CI.u(95%).Total.SURVEY_LU1_3U414
 8.059006,61.288244,CI.u(95%).Total.SURVEY_LU1_3U420
 423.1213,1847.9243,CI.u(95%).Total.settlement0
217.5932,114.0406,CI.u(95%).Total.settlement1
0.3292830,0.1725772,CI.u(95%).Total.settl_pc
 451.8952,1222.5698,CI.u(95%).Total.fao_class_name0
173.1367,731.7661,CI.u(95%).Total.fao_class_name1
12.93421, 0.00000,CI.u(95%).Total.fao_class_name2
4.029503,8.059006,CI.u(95%).Total.fao_class_name3
 511.7704,1916.4051,CI.u(95%).Total.lue0
128.94410, 44.91537,CI.u(95%).Total.lue1
 548.0359,1880.1542,CI.u(95%).Total.lud0
92.67857,81.63474,CI.u(95%).Total.lud1
0.0025753856,0.0008387212,CV.Total.area
0.000000000,0.004970733,CV.Total.SURVEY_LC1_1A
0,0,CV.Total.SURVEY_LC1_1B
0.008043854,0.002310163,CV.Total.SURVEY_LC1_1C
0.03599067,0.02031681,CV.Total.SURVEY_LC1_1D
0.0017547653,0.0007429699,CV.Total.SURVEY_LC1_1E
0,0,CV.Total.SURVEY_LC1_1F
0,0,CV.Total.SURVEY_LC1_1G
NA,  0,CV.Total.SURVEY_LC1_1H
0.003986456,0.000976117,CV.Total.SURVEY_LU1_1U1
0,0,CV.Total.SURVEY_LU1_1U2
0.000000000,0.004934528,CV.Total.SURVEY_LU1_1U3
0.000000000,0.006358043,CV.Total.SURVEY_LU1_1U4
0,0,CV.Total.SURVEY_LC1_2A1
0.000000000,0.008871977,CV.Total.SURVEY_LC1_2A2
0,0,CV.Total.SURVEY_LC1_2A3
NA,  0,CV.Total.SURVEY_LC1_2B1
NA,  0,CV.Total.SURVEY_LC1_2B2
NA,  0,CV.Total.SURVEY_LC1_2B3
NA,  0,CV.Total.SURVEY_LC1_2B4
NA,  0,CV.Total.SURVEY_LC1_2B5
0,0,CV.Total.SURVEY_LC1_2B7
NA,  0,CV.Total.SURVEY_LC1_2B8
  0,NA,CV.Total.SURVEY_LC1_2Bx
0.010405094,0.003850627,CV.Total.SURVEY_LC1_2C1
0.01790970,0.01080452,CV.Total.SURVEY_LC1_2C2
0.0264993,0.0128978,CV.Total.SURVEY_LC1_2C3
0.07179582,NA,CV.Total.SURVEY_LC1_2Cx
0.03599067,0.03381472,CV.Total.SURVEY_LC1_2D1
NA,  0,CV.Total.SURVEY_LC1_2D2
0.009015138,0.004509028,CV.Total.SURVEY_LC1_2E1
0,0,CV.Total.SURVEY_LC1_2E2
0.01441862,0.03599067,CV.Total.SURVEY_LC1_2E3
  0,NA,CV.Total.SURVEY_LC1_2Ex
0,0,CV.Total.SURVEY_LC1_2F4
  0,NA,CV.Total.SURVEY_LC1_2G1
0,0,CV.Total.SURVEY_LC1_2G2
NA,  0,CV.Total.SURVEY_LC1_2H1
0,0,CV.Total.SURVEY_LU1_2U11
0.008817764,0.002409309,CV.Total.SURVEY_LU1_2U12
  0,NA,CV.Total.SURVEY_LU1_2U14
0,0,CV.Total.SURVEY_LU1_2U22
0.00000000,0.00678162,CV.Total.SURVEY_LU1_2U31
0,0,CV.Total.SURVEY_LU1_2U32
0.00000000,0.03599067,CV.Total.SURVEY_LU1_2U33
  0,NA,CV.Total.SURVEY_LU1_2U34
0,0,CV.Total.SURVEY_LU1_2U35
0,0,CV.Total.SURVEY_LU1_2U36
0.00000000,0.01201759,CV.Total.SURVEY_LU1_2U37
NA,  0,CV.Total.SURVEY_LU1_2U41
0.00000000,0.00678162,CV.Total.SURVEY_LU1_2U42
0,0,CV.Total.SURVEY_LC1_3A11
  0,NA,CV.Total.SURVEY_LC1_3A12
0.00000000,0.02401446,CV.Total.SURVEY_LC1_3A21
0.000000000,0.009245342,CV.Total.SURVEY_LC1_3A22
0,0,CV.Total.SURVEY_LC1_3A30
NA,  0,CV.Total.SURVEY_LC1_3B11
NA,  0,CV.Total.SURVEY_LC1_3B12
NA,  0,CV.Total.SURVEY_LC1_3B13
NA,  0,CV.Total.SURVEY_LC1_3B14
NA,  0,CV.Total.SURVEY_LC1_3B15
NA,  0,CV.Total.SURVEY_LC1_3B16
NA,  0,CV.Total.SURVEY_LC1_3B18
NA,  0,CV.Total.SURVEY_LC1_3B21
NA,  0,CV.Total.SURVEY_LC1_3B31
NA,  0,CV.Total.SURVEY_LC1_3B32
NA,  0,CV.Total.SURVEY_LC1_3B41
NA,  0,CV.Total.SURVEY_LC1_3B43
NA,  0,CV.Total.SURVEY_LC1_3B51
NA,  0,CV.Total.SURVEY_LC1_3B52
NA,  0,CV.Total.SURVEY_LC1_3B53
NA,  0,CV.Total.SURVEY_LC1_3B54
NA,  0,CV.Total.SURVEY_LC1_3B55
NA,  0,CV.Total.SURVEY_LC1_3B71
  0,NA,CV.Total.SURVEY_LC1_3B75
NA,  0,CV.Total.SURVEY_LC1_3B82
  0,NA,CV.Total.SURVEY_LC1_3Bx1
  0,NA,CV.Total.SURVEY_LC1_3Bxx
0.010405094,0.003850627,CV.Total.SURVEY_LC1_3C10
0.02216081,0.01177951,CV.Total.SURVEY_LC1_3C21
NA,0.07179582,CV.Total.SURVEY_LC1_3C22
NA,0.03561635,CV.Total.SURVEY_LC1_3C23
0.03177185,NA,CV.Total.SURVEY_LC1_3C2x
0.05063493,0.01989586,CV.Total.SURVEY_LC1_3C31
NA,0.02852249,CV.Total.SURVEY_LC1_3C32
0.03599067,0.02216081,CV.Total.SURVEY_LC1_3C33
0.05063493,NA,CV.Total.SURVEY_LC1_3C3x
0.07179582,NA,CV.Total.SURVEY_LC1_3Cxx
0.03599067,0.03381472,CV.Total.SURVEY_LC1_3D10
NA,  0,CV.Total.SURVEY_LC1_3D20
0.009015138,0.004509028,CV.Total.SURVEY_LC1_3E10
0,0,CV.Total.SURVEY_LC1_3E20
  0,NA,CV.Total.SURVEY_LC1_3E2x
0.01441862,0.03599067,CV.Total.SURVEY_LC1_3E30
  0,NA,CV.Total.SURVEY_LC1_3Exx
0,0,CV.Total.SURVEY_LC1_3F40
  0,NA,CV.Total.SURVEY_LC1_3G11
0,0,CV.Total.SURVEY_LC1_3G21
NA,  0,CV.Total.SURVEY_LC1_3H11
0,0,CV.Total.SURVEY_LU1_3U111
0.008817764,0.002409309,CV.Total.SURVEY_LU1_3U120
  0,NA,CV.Total.SURVEY_LU1_3U140
NA,  0,CV.Total.SURVEY_LU1_3U221
  0,NA,CV.Total.SURVEY_LU1_3U223
0,0,CV.Total.SURVEY_LU1_3U224
0,0,CV.Total.SURVEY_LU1_3U311
0.000000000,0.009245342,CV.Total.SURVEY_LU1_3U312
  0,NA,CV.Total.SURVEY_LU1_3U317
0,0,CV.Total.SURVEY_LU1_3U319
0,0,CV.Total.SURVEY_LU1_3U321
0.00000000,0.03599067,CV.Total.SURVEY_LU1_3U330
  0,NA,CV.Total.SURVEY_LU1_3U341
0,0,CV.Total.SURVEY_LU1_3U350
0,0,CV.Total.SURVEY_LU1_3U361
  0,NA,CV.Total.SURVEY_LU1_3U362
0.00000000,0.01201759,CV.Total.SURVEY_LU1_3U370
NA,  0,CV.Total.SURVEY_LU1_3U414
0.00000000,0.00678162,CV.Total.SURVEY_LU1_3U420
0.0039099455,0.0009212196,CV.Total.settlement0
0.00000000,0.00511063,CV.Total.settlement1
0.00000000,0.00511063,CV.Total.settl_pc
0.0006443257,0.0006201601,CV.Total.fao_class_name0
0.009378405,0.002386846,CV.Total.fao_class_name1
0.03381472,NA,CV.Total.fao_class_name2
0,0,CV.Total.fao_class_name3
0.0032283777,0.0008659789,CV.Total.lue0
0.000000000,0.006557622,CV.Total.lue1
0.0030134824,0.0008980377,CV.Total.lud0
0.000000000,0.006212451,CV.Total.lud1
