LV00.No,LV00.Yes,variable
No,Yes,flag_two
31863.66,32730.34,Total.area
504.4093,694.4441,Total.SURVEY_LC1_1A
2221.677,8582.018,Total.SURVEY_LC1_1B
19328.53,15148.92,Total.SURVEY_LC1_1C
973.7301,508.7274,Total.SURVEY_LC1_1D
5712.677,7010.966,Total.SURVEY_LC1_1E
741.6399,482.4289,Total.SURVEY_LC1_1F
1427.6593, 190.8128,Total.SURVEY_LC1_1G
953.3376,112.0270,Total.SURVEY_LC1_1H
26613.39,28834.20,Total.SURVEY_LU1_1U1
82.38853, 0.00000,Total.SURVEY_LU1_1U2
2138.897,1612.314,Total.SURVEY_LU1_1U3
3028.979,2283.831,Total.SURVEY_LU1_1U4
126.67441, 91.35889,Total.SURVEY_LC1_2A1
342.4956,573.7656,Total.SURVEY_LC1_2A2
35.23925,29.31961,Total.SURVEY_LC1_2A3
  77.19026,5327.77286,Total.SURVEY_LC1_2B1
  0.0000,165.2643,Total.SURVEY_LC1_2B2
  84.7465,1683.5552,Total.SURVEY_LC1_2B3
  0.000,356.491,Total.SURVEY_LC1_2B4
  0.0000,834.4262,Total.SURVEY_LC1_2B5
 12.01338,210.50369,Total.SURVEY_LC1_2B7
0.00000,4.00446,Total.SURVEY_LC1_2B8
2047.727,   0.000,Total.SURVEY_LC1_2Bx
6433.206,6177.736,Total.SURVEY_LC1_2C1
6292.206,4199.549,Total.SURVEY_LC1_2C2
6603.116,4771.633,Total.SURVEY_LC1_2C3
564.3038,209.5014,Total.SURVEY_LC1_2D1
409.4263,299.2260,Total.SURVEY_LC1_2D2
735.0564,699.6612,Total.SURVEY_LC1_2E1
3286.546,4922.274,Total.SURVEY_LC1_2E2
1691.075,1389.030,Total.SURVEY_LC1_2E3
46.016720, 8.022102,Total.SURVEY_LC1_2F2
 8.022102,29.979723,Total.SURVEY_LC1_2F3
687.6011,444.4270,Total.SURVEY_LC1_2F4
1088.6276, 132.8966,Total.SURVEY_LC1_2G1
335.02724, 57.91626,Total.SURVEY_LC1_2G2
4.00446,0.00000,Total.SURVEY_LC1_2G4
953.3376,112.0270,Total.SURVEY_LC1_2H1
 5534.249,14076.948,Total.SURVEY_LU1_2U11
20292.32,14735.47,Total.SURVEY_LU1_2U12
470.5438,  0.0000,Total.SURVEY_LU1_2U13
285.02932, 21.77655,Total.SURVEY_LU1_2U14
31.24797, 0.00000,Total.SURVEY_LU1_2U15
35.1359, 0.0000,Total.SURVEY_LU1_2U21
47.25263, 0.00000,Total.SURVEY_LU1_2U22
443.3127,672.4469,Total.SURVEY_LU1_2U31
9.477221,7.556241,Total.SURVEY_LU1_2U32
0.00000,4.00446,Total.SURVEY_LU1_2U33
55.26154,18.34424,Total.SURVEY_LU1_2U34
167.51117, 63.19419,Total.SURVEY_LU1_2U35
834.2248,185.2685,Total.SURVEY_LU1_2U36
629.1093,661.4997,Total.SURVEY_LU1_2U37
 98.64491,333.19689,Total.SURVEY_LU1_2U41
2930.334,1950.635,Total.SURVEY_LU1_2U42
126.67441, 91.35889,Total.SURVEY_LC1_3A11
39.24371,52.85887,Total.SURVEY_LC1_3A21
303.2519,520.9067,Total.SURVEY_LC1_3A22
35.23925,29.31961,Total.SURVEY_LC1_3A30
  48.79053,3671.59142,Total.SURVEY_LC1_3B11
 0.00000,54.36679,Total.SURVEY_LC1_3B12
  4.00446,796.54296,Total.SURVEY_LC1_3B13
  0.0000,210.0122,Total.SURVEY_LC1_3B14
  0.0000,326.8757,Total.SURVEY_LC1_3B15
  0.0000,120.8389,Total.SURVEY_LC1_3B16
 0.00000,89.17365,Total.SURVEY_LC1_3B18
24.39527,58.37125,Total.SURVEY_LC1_3B19
  0.0000,104.4604,Total.SURVEY_LC1_3B21
 0.00000,28.39973,Total.SURVEY_LC1_3B22
 0.00000,32.40419,Total.SURVEY_LC1_3B23
  84.7465,1679.5507,Total.SURVEY_LC1_3B32
0.00000,4.00446,Total.SURVEY_LC1_3B37
  0.0000,326.2534,Total.SURVEY_LC1_3B41
 0.00000,26.23314,Total.SURVEY_LC1_3B43
0.00000,4.00446,Total.SURVEY_LC1_3B44
  0.000,160.434,Total.SURVEY_LC1_3B51
 0.00000,26.35316,Total.SURVEY_LC1_3B52
 0.00000,82.12549,Total.SURVEY_LC1_3B53
 0.00000,21.77425,Total.SURVEY_LC1_3B54
  0.0000,543.7394,Total.SURVEY_LC1_3B55
 12.01338,105.33181,Total.SURVEY_LC1_3B71
0.00000,4.00446,Total.SURVEY_LC1_3B72
 0.00000,61.58519,Total.SURVEY_LC1_3B73
 0.00000,39.58223,Total.SURVEY_LC1_3B75
0.00000,4.00446,Total.SURVEY_LC1_3B84
2012.488,   0.000,Total.SURVEY_LC1_3Bx1
35.23925, 0.00000,Total.SURVEY_LC1_3Bx2
6411.248,6177.736,Total.SURVEY_LC1_3C10
21.95762, 0.00000,Total.SURVEY_LC1_3C1x
2087.023,1281.475,Total.SURVEY_LC1_3C21
3307.588,2076.780,Total.SURVEY_LC1_3C22
814.1054,841.2944,Total.SURVEY_LC1_3C23
83.48906, 0.00000,Total.SURVEY_LC1_3C2x
3221.615,2758.611,Total.SURVEY_LC1_3C31
1084.092,1026.757,Total.SURVEY_LC1_3C32
2229.4782, 986.2655,Total.SURVEY_LC1_3C33
67.93097, 0.00000,Total.SURVEY_LC1_3C3x
564.3038,209.5014,Total.SURVEY_LC1_3D10
409.4263,299.2260,Total.SURVEY_LC1_3D20
735.0564,699.6612,Total.SURVEY_LC1_3E10
3286.546,4922.274,Total.SURVEY_LC1_3E20
1691.075,1389.030,Total.SURVEY_LC1_3E30
46.016720, 8.022102,Total.SURVEY_LC1_3F20
 8.022102,29.979723,Total.SURVEY_LC1_3F30
687.6011,444.4270,Total.SURVEY_LC1_3F40
1088.6276, 132.8966,Total.SURVEY_LC1_3G11
335.02724, 57.91626,Total.SURVEY_LC1_3G21
4.00446,0.00000,Total.SURVEY_LC1_3G40
401.40042, 97.88446,Total.SURVEY_LC1_3H11
551.93722, 14.14258,Total.SURVEY_LC1_3H12
 5461.218,13646.349,Total.SURVEY_LU1_3U111
 21.77425,235.75055,Total.SURVEY_LU1_3U112
 51.25708,194.84900,Total.SURVEY_LU1_3U113
20292.32,14735.47,Total.SURVEY_LU1_3U120
470.5438,  0.0000,Total.SURVEY_LU1_3U130
285.02932, 21.77655,Total.SURVEY_LU1_3U140
31.24797, 0.00000,Total.SURVEY_LU1_3U150
35.1359, 0.0000,Total.SURVEY_LU1_3U210
4.00446,0.00000,Total.SURVEY_LU1_3U224
43.24817, 0.00000,Total.SURVEY_LU1_3U227
 8.00892,32.16916,Total.SURVEY_LU1_3U311
295.4577,602.9492,Total.SURVEY_LU1_3U312
109.4122,  0.0000,Total.SURVEY_LU1_3U313
4.00446,0.00000,Total.SURVEY_LU1_3U315
22.42497, 0.00000,Total.SURVEY_LU1_3U317
 4.00446,37.32853,Total.SURVEY_LU1_3U319
5.472762,7.556241,Total.SURVEY_LU1_3U321
4.00446,0.00000,Total.SURVEY_LU1_3U322
0.00000,4.00446,Total.SURVEY_LU1_3U330
55.26154,18.34424,Total.SURVEY_LU1_3U341
167.51117, 63.19419,Total.SURVEY_LU1_3U350
758.7201,165.4425,Total.SURVEY_LU1_3U361
75.50467,19.82600,Total.SURVEY_LU1_3U362
629.1093,661.4997,Total.SURVEY_LU1_3U370
33.63746,11.61293,Total.SURVEY_LU1_3U411
22.34870,48.04328,Total.SURVEY_LU1_3U414
 42.65875,273.54068,Total.SURVEY_LU1_3U415
2930.334,1950.635,Total.SURVEY_LU1_3U420
30457.65,31251.43,Total.settlement0
1406.012,1478.907,Total.settlement1
0.7466840,0.7853962,Total.settl_pc
12153.26,16893.51,Total.fao_class_name0
16515.50,15013.75,Total.fao_class_name1
3080.0073, 458.6101,Total.fao_class_name2
114.8932,364.4724,Total.fao_class_name3
30177.55,31802.03,Total.lue0
1686.1069, 928.3066,Total.lue1
31043.45,32024.56,Total.lud0
820.2078,705.7842,Total.lud1
354.4923,354.4923,SE.Total.area
63.34045,67.00670,SE.Total.SURVEY_LC1_1A
182.2789,258.0441,SE.Total.SURVEY_LC1_1B
238.7533,245.8217,SE.Total.SURVEY_LC1_1C
74.52300,71.65903,SE.Total.SURVEY_LC1_1D
226.6043,264.3018,SE.Total.SURVEY_LC1_1E
95.53474,85.86606,SE.Total.SURVEY_LC1_1F
50.69328,22.02050,SE.Total.SURVEY_LC1_1G
72.84941,22.06952,SE.Total.SURVEY_LC1_1H
354.9341,353.2854,SE.Total.SURVEY_LU1_1U1
38.12706, 0.00000,SE.Total.SURVEY_LU1_1U2
144.9637,136.8184,SE.Total.SURVEY_LU1_1U3
111.4814,167.5229,SE.Total.SURVEY_LU1_1U4
38.64137,33.06981,SE.Total.SURVEY_LC1_2A1
57.21075,63.76591,SE.Total.SURVEY_LC1_2A2
18.969477, 6.069719,SE.Total.SURVEY_LC1_2A3
 38.51148,246.25203,SE.Total.SURVEY_LC1_2B1
 0.00000,50.91693,SE.Total.SURVEY_LC1_2B2
 38.85836,164.35437,SE.Total.SURVEY_LC1_2B3
 0.00000,78.79389,SE.Total.SURVEY_LC1_2B4
  0.0000,112.9188,SE.Total.SURVEY_LC1_2B5
 0.00000,56.14661,SE.Total.SURVEY_LC1_2B7
0,0,SE.Total.SURVEY_LC1_2B8
176.0571,  0.0000,SE.Total.SURVEY_LC1_2Bx
190.9223,205.7303,SE.Total.SURVEY_LC1_2C1
150.2130,137.9314,SE.Total.SURVEY_LC1_2C2
152.1133,142.9650,SE.Total.SURVEY_LC1_2C3
55.71492,39.65041,SE.Total.SURVEY_LC1_2D1
50.08213,59.94934,SE.Total.SURVEY_LC1_2D2
69.57036,84.10810,SE.Total.SURVEY_LC1_2E1
198.1070,240.4652,SE.Total.SURVEY_LC1_2E2
104.8357,136.7483,SE.Total.SURVEY_LC1_2E3
14.710593, 5.677141,SE.Total.SURVEY_LC1_2F2
 5.677141,14.241867,SE.Total.SURVEY_LC1_2F3
94.22762,84.48690,SE.Total.SURVEY_LC1_2F4
80.42621,20.88718,SE.Total.SURVEY_LC1_2G1
71.098224, 9.928146,SE.Total.SURVEY_LC1_2G2
0,0,SE.Total.SURVEY_LC1_2G4
72.84941,22.06952,SE.Total.SURVEY_LC1_2H1
256.1454,276.6451,SE.Total.SURVEY_LU1_2U11
235.0919,240.0813,SE.Total.SURVEY_LU1_2U12
86.2891, 0.0000,SE.Total.SURVEY_LU1_2U13
24.603522, 6.498715,SE.Total.SURVEY_LU1_2U14
21.87839, 0.00000,SE.Total.SURVEY_LU1_2U15
33.07312, 0.00000,SE.Total.SURVEY_LU1_2U21
18.96948, 0.00000,SE.Total.SURVEY_LU1_2U22
79.65466,68.80493,SE.Total.SURVEY_LU1_2U31
2.834725,5.180552,SE.Total.SURVEY_LU1_2U32
0,0,SE.Total.SURVEY_LU1_2U33
23.90632,16.21889,SE.Total.SURVEY_LU1_2U34
37.63899,28.54261,SE.Total.SURVEY_LU1_2U35
107.2086, 41.8312,SE.Total.SURVEY_LU1_2U36
 88.17154,109.87994,SE.Total.SURVEY_LU1_2U37
26.31701,70.15732,SE.Total.SURVEY_LU1_2U41
108.4300,154.5369,SE.Total.SURVEY_LU1_2U42
38.64137,33.06981,SE.Total.SURVEY_LC1_3A11
13.06215,23.48676,SE.Total.SURVEY_LC1_3A21
55.69964,60.70489,SE.Total.SURVEY_LC1_3A22
18.969477, 6.069719,SE.Total.SURVEY_LC1_3A30
 31.49313,221.11768,SE.Total.SURVEY_LC1_3B11
 0.0000,29.8638,SE.Total.SURVEY_LC1_3B12
  0.000,115.673,SE.Total.SURVEY_LC1_3B13
 0.00000,58.43877,SE.Total.SURVEY_LC1_3B14
 0.00000,68.07402,SE.Total.SURVEY_LC1_3B15
 0.0000,42.2275,SE.Total.SURVEY_LC1_3B16
 0.00000,38.11736,SE.Total.SURVEY_LC1_3B18
22.30334,29.86380,SE.Total.SURVEY_LC1_3B19
 0.00000,40.16169,SE.Total.SURVEY_LC1_3B21
 0.00000,22.30334,SE.Total.SURVEY_LC1_3B22
 0.00000,22.30334,SE.Total.SURVEY_LC1_3B23
 38.85836,164.35437,SE.Total.SURVEY_LC1_3B32
0,0,SE.Total.SURVEY_LC1_3B37
 0.00000,76.71777,SE.Total.SURVEY_LC1_3B41
 0.00000,18.14035,SE.Total.SURVEY_LC1_3B43
0,0,SE.Total.SURVEY_LC1_3B44
 0.00000,54.95858,SE.Total.SURVEY_LC1_3B51
 0.00000,16.21889,SE.Total.SURVEY_LC1_3B52
 0.0000,35.5424,SE.Total.SURVEY_LC1_3B53
 0.00000,15.63992,SE.Total.SURVEY_LC1_3B54
 0.00000,90.90289,SE.Total.SURVEY_LC1_3B55
 0.00000,34.54361,SE.Total.SURVEY_LC1_3B71
0,0,SE.Total.SURVEY_LC1_3B72
 0.00000,40.77768,SE.Total.SURVEY_LC1_3B73
 0.00000,22.91853,SE.Total.SURVEY_LC1_3B75
0,0,SE.Total.SURVEY_LC1_3B84
176.0025,  0.0000,SE.Total.SURVEY_LC1_3Bx1
4.386666,0.000000,SE.Total.SURVEY_LC1_3Bx2
190.6593,205.7303,SE.Total.SURVEY_LC1_3C10
13.06233, 0.00000,SE.Total.SURVEY_LC1_3C1x
96.51585,84.19251,SE.Total.SURVEY_LC1_3C21
108.6750,100.5731,SE.Total.SURVEY_LC1_3C22
56.25926,56.09747,SE.Total.SURVEY_LC1_3C23
17.35238, 0.00000,SE.Total.SURVEY_LC1_3C2x
111.7282,112.4183,SE.Total.SURVEY_LC1_3C31
67.22180,73.48621,SE.Total.SURVEY_LC1_3C32
94.21086,61.58466,SE.Total.SURVEY_LC1_3C33
15.67491, 0.00000,SE.Total.SURVEY_LC1_3C3x
55.71492,39.65041,SE.Total.SURVEY_LC1_3D10
50.08213,59.94934,SE.Total.SURVEY_LC1_3D20
69.57036,84.10810,SE.Total.SURVEY_LC1_3E10
198.1070,240.4652,SE.Total.SURVEY_LC1_3E20
104.8357,136.7483,SE.Total.SURVEY_LC1_3E30
14.710593, 5.677141,SE.Total.SURVEY_LC1_3F20
 5.677141,14.241867,SE.Total.SURVEY_LC1_3F30
94.22762,84.48690,SE.Total.SURVEY_LC1_3F40
80.42621,20.88718,SE.Total.SURVEY_LC1_3G11
71.098224, 9.928146,SE.Total.SURVEY_LC1_3G21
0,0,SE.Total.SURVEY_LC1_3G40
60.60031,21.06481,SE.Total.SURVEY_LC1_3H11
50.31100, 6.58313,SE.Total.SURVEY_LC1_3H12
256.0308,275.4601,SE.Total.SURVEY_LU1_3U111
15.63992,56.91442,SE.Total.SURVEY_LU1_3U112
 4.386666,56.017712,SE.Total.SURVEY_LU1_3U113
235.0919,240.0813,SE.Total.SURVEY_LU1_3U120
86.2891, 0.0000,SE.Total.SURVEY_LU1_3U130
24.603522, 6.498715,SE.Total.SURVEY_LU1_3U140
21.87839, 0.00000,SE.Total.SURVEY_LU1_3U150
33.07312, 0.00000,SE.Total.SURVEY_LU1_3U210
0,0,SE.Total.SURVEY_LU1_3U224
18.96948, 0.00000,SE.Total.SURVEY_LU1_3U227
 0.00000,21.35336,SE.Total.SURVEY_LU1_3U311
55.12163,65.13980,SE.Total.SURVEY_LU1_3U312
55.34192, 0.00000,SE.Total.SURVEY_LU1_3U313
0,0,SE.Total.SURVEY_LU1_3U315
15.61226, 0.00000,SE.Total.SURVEY_LU1_3U317
0.000000,6.069719,SE.Total.SURVEY_LU1_3U319
2.834725,5.180552,SE.Total.SURVEY_LU1_3U321
0,0,SE.Total.SURVEY_LU1_3U322
0,0,SE.Total.SURVEY_LU1_3U330
23.90632,16.21889,SE.Total.SURVEY_LU1_3U341
37.63899,28.54261,SE.Total.SURVEY_LU1_3U350
105.48058, 37.89685,SE.Total.SURVEY_LU1_3U361
37.46902,17.71095,SE.Total.SURVEY_LU1_3U362
 88.17154,109.87994,SE.Total.SURVEY_LU1_3U370
19.519431, 5.236511,SE.Total.SURVEY_LU1_3U411
16.21889,23.96887,SE.Total.SURVEY_LU1_3U414
 6.965958,65.843444,SE.Total.SURVEY_LU1_3U415
108.4300,154.5369,SE.Total.SURVEY_LU1_3U420
349.2688,354.4570,SE.Total.settlement0
117.5936,131.8429,SE.Total.settlement1
0.06244984,0.07001719,SE.Total.settl_pc
301.3867,296.7109,SE.Total.fao_class_name0
221.4086,243.1106,SE.Total.fao_class_name1
103.95321, 59.16029,SE.Total.fao_class_name2
45.22454,85.68803,SE.Total.fao_class_name3
362.0394,356.7246,SE.Total.lue0
138.4777,120.6284,SE.Total.lue1
358.9511,353.3086,SE.Total.lud0
89.18097,69.28047,SE.Total.lud1
31168.87,32035.55,CI.l(95%).Total.area
380.2642,563.1134,CI.l(95%).Total.SURVEY_LC1_1A
1864.417,8076.261,CI.l(95%).Total.SURVEY_LC1_1B
18860.58,14667.12,CI.l(95%).Total.SURVEY_LC1_1C
827.6677,368.2783,CI.l(95%).Total.SURVEY_LC1_1D
5268.541,6492.944,CI.l(95%).Total.SURVEY_LC1_1E
554.3953,314.1345,CI.l(95%).Total.SURVEY_LC1_1F
1328.3023, 147.6535,CI.l(95%).Total.SURVEY_LC1_1G
810.55542, 68.77157,CI.l(95%).Total.SURVEY_LC1_1H
25917.74,28141.77,CI.l(95%).Total.SURVEY_LU1_1U1
7.660869,0.000000,CI.l(95%).Total.SURVEY_LU1_1U2
1854.773,1344.155,CI.l(95%).Total.SURVEY_LU1_1U3
2810.480,1955.493,CI.l(95%).Total.SURVEY_LU1_1U4
50.93873,26.54325,CI.l(95%).Total.SURVEY_LC1_2A1
230.3646,448.7867,CI.l(95%).Total.SURVEY_LC1_2A2
-1.940246,17.423180,CI.l(95%).Total.SURVEY_LC1_2A3
   1.709148,4845.127747,CI.l(95%).Total.SURVEY_LC1_2B1
 0.00000,65.46893,CI.l(95%).Total.SURVEY_LC1_2B2
   8.585515,1361.426533,CI.l(95%).Total.SURVEY_LC1_2B3
  0.0000,202.0578,CI.l(95%).Total.SURVEY_LC1_2B4
  0.0000,613.1095,CI.l(95%).Total.SURVEY_LC1_2B5
 12.01338,100.45835,CI.l(95%).Total.SURVEY_LC1_2B7
0.00000,4.00446,CI.l(95%).Total.SURVEY_LC1_2B8
1702.662,   0.000,CI.l(95%).Total.SURVEY_LC1_2Bx
6059.005,5774.512,CI.l(95%).Total.SURVEY_LC1_2C1
5997.793,3929.208,CI.l(95%).Total.SURVEY_LC1_2C2
6304.980,4491.427,CI.l(95%).Total.SURVEY_LC1_2C3
455.1046,131.7880,CI.l(95%).Total.SURVEY_LC1_2D1
311.2671,181.7275,CI.l(95%).Total.SURVEY_LC1_2D2
598.7010,534.8124,CI.l(95%).Total.SURVEY_LC1_2E1
2898.263,4450.971,CI.l(95%).Total.SURVEY_LC1_2E2
1485.601,1121.009,CI.l(95%).Total.SURVEY_LC1_2E3
17.184487,-3.104891,CI.l(95%).Total.SURVEY_LC1_2F2
-3.104891, 2.066178,CI.l(95%).Total.SURVEY_LC1_2F3
502.9184,278.8357,CI.l(95%).Total.SURVEY_LC1_2F4
930.99511, 91.95846,CI.l(95%).Total.SURVEY_LC1_2G1
195.67728, 38.45745,CI.l(95%).Total.SURVEY_LC1_2G2
4.00446,0.00000,CI.l(95%).Total.SURVEY_LC1_2G4
810.55542, 68.77157,CI.l(95%).Total.SURVEY_LC1_2H1
 5032.213,13534.734,CI.l(95%).Total.SURVEY_LU1_2U11
19831.55,14264.92,CI.l(95%).Total.SURVEY_LU1_2U12
301.4203,  0.0000,CI.l(95%).Total.SURVEY_LU1_2U13
236.807308,  9.039303,CI.l(95%).Total.SURVEY_LU1_2U14
-11.63288,  0.00000,CI.l(95%).Total.SURVEY_LU1_2U15
-29.68623,  0.00000,CI.l(95%).Total.SURVEY_LU1_2U21
10.07313, 0.00000,CI.l(95%).Total.SURVEY_LU1_2U22
287.1924,537.5917,CI.l(95%).Total.SURVEY_LU1_2U31
 3.921262,-2.597454,CI.l(95%).Total.SURVEY_LU1_2U32
0.00000,4.00446,CI.l(95%).Total.SURVEY_LU1_2U33
  8.406013,-13.444198,CI.l(95%).Total.SURVEY_LU1_2U34
93.740101, 7.251709,CI.l(95%).Total.SURVEY_LU1_2U35
624.0998,103.2808,CI.l(95%).Total.SURVEY_LU1_2U36
456.2963,446.1389,CI.l(95%).Total.SURVEY_LU1_2U37
 47.06452,195.69107,CI.l(95%).Total.SURVEY_LU1_2U41
2717.815,1647.748,CI.l(95%).Total.SURVEY_LU1_2U42
50.93873,26.54325,CI.l(95%).Total.SURVEY_LC1_3A11
13.64236, 6.82566,CI.l(95%).Total.SURVEY_LC1_3A21
194.0826,401.9273,CI.l(95%).Total.SURVEY_LC1_3A22
-1.940246,17.423180,CI.l(95%).Total.SURVEY_LC1_3A30
 -12.93487,3238.20873,CI.l(95%).Total.SURVEY_LC1_3B11
 0.00000,-4.16519,CI.l(95%).Total.SURVEY_LC1_3B12
  4.00446,569.82802,CI.l(95%).Total.SURVEY_LC1_3B13
 0.00000,95.47427,CI.l(95%).Total.SURVEY_LC1_3B14
  0.0000,193.4531,CI.l(95%).Total.SURVEY_LC1_3B15
 0.00000,38.07449,CI.l(95%).Total.SURVEY_LC1_3B16
 0.000,14.465,CI.l(95%).Total.SURVEY_LC1_3B18
-19.3184855, -0.1607303,CI.l(95%).Total.SURVEY_LC1_3B19
 0.0000,25.7449,CI.l(95%).Total.SURVEY_LC1_3B21
  0.00000,-15.31403,CI.l(95%).Total.SURVEY_LC1_3B22
  0.00000,-11.30957,CI.l(95%).Total.SURVEY_LC1_3B23
   8.585515,1357.422074,CI.l(95%).Total.SURVEY_LC1_3B32
0.00000,4.00446,CI.l(95%).Total.SURVEY_LC1_3B37
  0.0000,175.8893,CI.l(95%).Total.SURVEY_LC1_3B41
 0.000000,-9.321289,CI.l(95%).Total.SURVEY_LC1_3B43
0.00000,4.00446,CI.l(95%).Total.SURVEY_LC1_3B44
 0.00000,52.71713,CI.l(95%).Total.SURVEY_LC1_3B51
 0.000000,-5.435279,CI.l(95%).Total.SURVEY_LC1_3B52
 0.00000,12.46366,CI.l(95%).Total.SURVEY_LC1_3B53
 0.000000,-8.879426,CI.l(95%).Total.SURVEY_LC1_3B54
  0.000,365.573,CI.l(95%).Total.SURVEY_LC1_3B55
12.01338,37.62758,CI.l(95%).Total.SURVEY_LC1_3B71
0.00000,4.00446,CI.l(95%).Total.SURVEY_LC1_3B72
  0.00000,-18.33759,CI.l(95%).Total.SURVEY_LC1_3B73
 0.000000,-5.337262,CI.l(95%).Total.SURVEY_LC1_3B75
0.00000,4.00446,CI.l(95%).Total.SURVEY_LC1_3B84
1667.529,   0.000,CI.l(95%).Total.SURVEY_LC1_3Bx1
26.64154, 0.00000,CI.l(95%).Total.SURVEY_LC1_3Bx2
6037.563,5774.512,CI.l(95%).Total.SURVEY_LC1_3C10
-3.644071, 0.000000,CI.l(95%).Total.SURVEY_LC1_3C1x
1897.855,1116.460,CI.l(95%).Total.SURVEY_LC1_3C21
3094.589,1879.660,CI.l(95%).Total.SURVEY_LC1_3C22
703.8393,731.3454,CI.l(95%).Total.SURVEY_LC1_3C23
49.47902, 0.00000,CI.l(95%).Total.SURVEY_LC1_3C2x
3002.632,2538.275,CI.l(95%).Total.SURVEY_LC1_3C31
952.3398,882.7269,CI.l(95%).Total.SURVEY_LC1_3C32
2044.8283, 865.5618,CI.l(95%).Total.SURVEY_LC1_3C33
37.20871, 0.00000,CI.l(95%).Total.SURVEY_LC1_3C3x
455.1046,131.7880,CI.l(95%).Total.SURVEY_LC1_3D10
311.2671,181.7275,CI.l(95%).Total.SURVEY_LC1_3D20
598.7010,534.8124,CI.l(95%).Total.SURVEY_LC1_3E10
2898.263,4450.971,CI.l(95%).Total.SURVEY_LC1_3E20
1485.601,1121.009,CI.l(95%).Total.SURVEY_LC1_3E30
17.184487,-3.104891,CI.l(95%).Total.SURVEY_LC1_3F20
-3.104891, 2.066178,CI.l(95%).Total.SURVEY_LC1_3F30
502.9184,278.8357,CI.l(95%).Total.SURVEY_LC1_3F40
930.99511, 91.95846,CI.l(95%).Total.SURVEY_LC1_3G11
195.67728, 38.45745,CI.l(95%).Total.SURVEY_LC1_3G21
4.00446,0.00000,CI.l(95%).Total.SURVEY_LC1_3G40
282.62599, 56.59819,CI.l(95%).Total.SURVEY_LC1_3H11
453.329470,  1.239882,CI.l(95%).Total.SURVEY_LC1_3H12
 4959.407,13106.457,CI.l(95%).Total.SURVEY_LU1_3U111
 -8.879426,124.200348,CI.l(95%).Total.SURVEY_LU1_3U112
42.65938,85.05631,CI.l(95%).Total.SURVEY_LU1_3U113
19831.55,14264.92,CI.l(95%).Total.SURVEY_LU1_3U120
301.4203,  0.0000,CI.l(95%).Total.SURVEY_LU1_3U130
236.807308,  9.039303,CI.l(95%).Total.SURVEY_LU1_3U140
-11.63288,  0.00000,CI.l(95%).Total.SURVEY_LU1_3U150
-29.68623,  0.00000,CI.l(95%).Total.SURVEY_LU1_3U210
4.00446,0.00000,CI.l(95%).Total.SURVEY_LU1_3U224
6.068673,0.000000,CI.l(95%).Total.SURVEY_LU1_3U227
 8.008920,-9.682665,CI.l(95%).Total.SURVEY_LU1_3U311
187.4213,475.2776,CI.l(95%).Total.SURVEY_LU1_3U312
0.944003,0.000000,CI.l(95%).Total.SURVEY_LU1_3U313
4.00446,0.00000,CI.l(95%).Total.SURVEY_LU1_3U315
-8.174489, 0.000000,CI.l(95%).Total.SURVEY_LU1_3U317
 4.00446,25.43210,CI.l(95%).Total.SURVEY_LU1_3U319
-0.08319744,-2.59745409,CI.l(95%).Total.SURVEY_LU1_3U321
4.00446,0.00000,CI.l(95%).Total.SURVEY_LU1_3U322
0.00000,4.00446,CI.l(95%).Total.SURVEY_LU1_3U330
  8.406013,-13.444198,CI.l(95%).Total.SURVEY_LU1_3U341
93.740101, 7.251709,CI.l(95%).Total.SURVEY_LU1_3U350
551.98200, 91.16602,CI.l(95%).Total.SURVEY_LU1_3U361
  2.066746,-14.886832,CI.l(95%).Total.SURVEY_LU1_3U362
456.2963,446.1389,CI.l(95%).Total.SURVEY_LU1_3U370
-4.619920, 1.349561,CI.l(95%).Total.SURVEY_LU1_3U411
-9.439739, 1.065162,CI.l(95%).Total.SURVEY_LU1_3U414
 29.00572,144.48990,CI.l(95%).Total.SURVEY_LU1_3U415
2717.815,1647.748,CI.l(95%).Total.SURVEY_LU1_3U420
29773.09,30556.71,CI.l(95%).Total.settlement0
1175.533,1220.500,CI.l(95%).Total.settlement1
0.6242845,0.6481651,CI.l(95%).Total.settl_pc
11562.55,16311.97,CI.l(95%).Total.fao_class_name0
16081.55,14537.26,CI.l(95%).Total.fao_class_name1
2876.2628, 342.6581,CI.l(95%).Total.fao_class_name2
 26.25473,196.52692,CI.l(95%).Total.fao_class_name3
29467.97,31102.87,CI.l(95%).Total.lue0
1414.6955, 691.8792,CI.l(95%).Total.lue1
30339.92,31332.09,CI.l(95%).Total.lud0
645.4163,569.9969,CI.l(95%).Total.lud1
32558.45,33425.13,CI.u(95%).Total.area
628.5543,825.7748,CI.u(95%).Total.SURVEY_LC1_1A
2578.937,9087.775,CI.u(95%).Total.SURVEY_LC1_1B
19796.48,15630.72,CI.u(95%).Total.SURVEY_LC1_1C
1119.7925, 649.1765,CI.u(95%).Total.SURVEY_LC1_1D
6156.814,7528.988,CI.u(95%).Total.SURVEY_LC1_1E
928.8846,650.7232,CI.u(95%).Total.SURVEY_LC1_1F
1527.0163, 233.9722,CI.u(95%).Total.SURVEY_LC1_1G
1096.1199, 155.2825,CI.u(95%).Total.SURVEY_LC1_1H
27309.05,29526.62,CI.u(95%).Total.SURVEY_LU1_1U1
157.1162,  0.0000,CI.u(95%).Total.SURVEY_LU1_1U2
2423.021,1880.473,CI.u(95%).Total.SURVEY_LU1_1U3
3247.479,2612.170,CI.u(95%).Total.SURVEY_LU1_1U4
202.4101,156.1745,CI.u(95%).Total.SURVEY_LC1_2A1
454.6266,698.7445,CI.u(95%).Total.SURVEY_LC1_2A2
72.41874,41.21604,CI.u(95%).Total.SURVEY_LC1_2A3
 152.6714,5810.4180,CI.u(95%).Total.SURVEY_LC1_2B1
  0.0000,265.0596,CI.u(95%).Total.SURVEY_LC1_2B2
 160.9075,2005.6838,CI.u(95%).Total.SURVEY_LC1_2B3
  0.0000,510.9242,CI.u(95%).Total.SURVEY_LC1_2B4
   0.000,1055.743,CI.u(95%).Total.SURVEY_LC1_2B5
 12.01338,320.54903,CI.u(95%).Total.SURVEY_LC1_2B7
0.00000,4.00446,CI.u(95%).Total.SURVEY_LC1_2B8
2392.793,   0.000,CI.u(95%).Total.SURVEY_LC1_2Bx
6807.407,6580.960,CI.u(95%).Total.SURVEY_LC1_2C1
6586.618,4469.889,CI.u(95%).Total.SURVEY_LC1_2C2
6901.253,5051.840,CI.u(95%).Total.SURVEY_LC1_2C3
673.5030,287.2148,CI.u(95%).Total.SURVEY_LC1_2D1
507.5855,416.7246,CI.u(95%).Total.SURVEY_LC1_2D2
871.4118,864.5101,CI.u(95%).Total.SURVEY_LC1_2E1
3674.828,5393.577,CI.u(95%).Total.SURVEY_LC1_2E2
1896.550,1657.052,CI.u(95%).Total.SURVEY_LC1_2E3
74.84895,19.14909,CI.u(95%).Total.SURVEY_LC1_2F2
19.14909,57.89327,CI.u(95%).Total.SURVEY_LC1_2F3
872.2838,610.0183,CI.u(95%).Total.SURVEY_LC1_2F4
1246.2600, 173.8347,CI.u(95%).Total.SURVEY_LC1_2G1
474.37719, 77.37507,CI.u(95%).Total.SURVEY_LC1_2G2
4.00446,0.00000,CI.u(95%).Total.SURVEY_LC1_2G4
1096.1199, 155.2825,CI.u(95%).Total.SURVEY_LC1_2H1
 6036.285,14619.163,CI.u(95%).Total.SURVEY_LU1_2U11
20753.10,15206.02,CI.u(95%).Total.SURVEY_LU1_2U12
639.6674,  0.0000,CI.u(95%).Total.SURVEY_LU1_2U13
333.2513, 34.5138,CI.u(95%).Total.SURVEY_LU1_2U14
74.12882, 0.00000,CI.u(95%).Total.SURVEY_LU1_2U15
99.95804, 0.00000,CI.u(95%).Total.SURVEY_LU1_2U21
84.43212, 0.00000,CI.u(95%).Total.SURVEY_LU1_2U22
599.4330,807.3021,CI.u(95%).Total.SURVEY_LU1_2U31
15.03318,17.70994,CI.u(95%).Total.SURVEY_LU1_2U32
0.00000,4.00446,CI.u(95%).Total.SURVEY_LU1_2U33
102.11708, 50.13268,CI.u(95%).Total.SURVEY_LU1_2U34
241.2822,119.1367,CI.u(95%).Total.SURVEY_LU1_2U35
1044.3499, 267.2561,CI.u(95%).Total.SURVEY_LU1_2U36
801.9224,876.8604,CI.u(95%).Total.SURVEY_LU1_2U37
150.2253,470.7027,CI.u(95%).Total.SURVEY_LU1_2U41
3142.853,2253.521,CI.u(95%).Total.SURVEY_LU1_2U42
202.4101,156.1745,CI.u(95%).Total.SURVEY_LC1_3A11
64.84505,98.89208,CI.u(95%).Total.SURVEY_LC1_3A21
412.4212,639.8861,CI.u(95%).Total.SURVEY_LC1_3A22
72.41874,41.21604,CI.u(95%).Total.SURVEY_LC1_3A30
 110.5159,4104.9741,CI.u(95%).Total.SURVEY_LC1_3B11
  0.0000,112.8988,CI.u(95%).Total.SURVEY_LC1_3B12
   4.00446,1023.25789,CI.u(95%).Total.SURVEY_LC1_3B13
  0.0000,324.5501,CI.u(95%).Total.SURVEY_LC1_3B14
  0.0000,460.2984,CI.u(95%).Total.SURVEY_LC1_3B15
  0.0000,203.6033,CI.u(95%).Total.SURVEY_LC1_3B16
  0.0000,163.8823,CI.u(95%).Total.SURVEY_LC1_3B18
 68.10902,116.90323,CI.u(95%).Total.SURVEY_LC1_3B19
  0.0000,183.1758,CI.u(95%).Total.SURVEY_LC1_3B21
 0.00000,72.11348,CI.u(95%).Total.SURVEY_LC1_3B22
 0.00000,76.11794,CI.u(95%).Total.SURVEY_LC1_3B23
 160.9075,2001.6793,CI.u(95%).Total.SURVEY_LC1_3B32
0.00000,4.00446,CI.u(95%).Total.SURVEY_LC1_3B37
  0.0000,476.6175,CI.u(95%).Total.SURVEY_LC1_3B41
 0.00000,61.78756,CI.u(95%).Total.SURVEY_LC1_3B43
0.00000,4.00446,CI.u(95%).Total.SURVEY_LC1_3B44
  0.0000,268.1508,CI.u(95%).Total.SURVEY_LC1_3B51
 0.0000,58.1416,CI.u(95%).Total.SURVEY_LC1_3B52
  0.0000,151.7873,CI.u(95%).Total.SURVEY_LC1_3B53
 0.00000,52.42793,CI.u(95%).Total.SURVEY_LC1_3B54
  0.0000,721.9058,CI.u(95%).Total.SURVEY_LC1_3B55
 12.01338,173.03604,CI.u(95%).Total.SURVEY_LC1_3B71
0.00000,4.00446,CI.u(95%).Total.SURVEY_LC1_3B72
  0.000,141.508,CI.u(95%).Total.SURVEY_LC1_3B73
 0.00000,84.50172,CI.u(95%).Total.SURVEY_LC1_3B75
0.00000,4.00446,CI.u(95%).Total.SURVEY_LC1_3B84
2357.446,   0.000,CI.u(95%).Total.SURVEY_LC1_3Bx1
43.83695, 0.00000,CI.u(95%).Total.SURVEY_LC1_3Bx2
6784.933,6580.960,CI.u(95%).Total.SURVEY_LC1_3C10
47.55931, 0.00000,CI.u(95%).Total.SURVEY_LC1_3C1x
2276.190,1446.489,CI.u(95%).Total.SURVEY_LC1_3C21
3520.587,2273.899,CI.u(95%).Total.SURVEY_LC1_3C22
924.3716,951.2434,CI.u(95%).Total.SURVEY_LC1_3C23
117.4991,  0.0000,CI.u(95%).Total.SURVEY_LC1_3C2x
3440.598,2978.946,CI.u(95%).Total.SURVEY_LC1_3C31
1215.844,1170.788,CI.u(95%).Total.SURVEY_LC1_3C32
2414.128,1106.969,CI.u(95%).Total.SURVEY_LC1_3C33
98.65324, 0.00000,CI.u(95%).Total.SURVEY_LC1_3C3x
673.5030,287.2148,CI.u(95%).Total.SURVEY_LC1_3D10
507.5855,416.7246,CI.u(95%).Total.SURVEY_LC1_3D20
871.4118,864.5101,CI.u(95%).Total.SURVEY_LC1_3E10
3674.828,5393.577,CI.u(95%).Total.SURVEY_LC1_3E20
1896.550,1657.052,CI.u(95%).Total.SURVEY_LC1_3E30
74.84895,19.14909,CI.u(95%).Total.SURVEY_LC1_3F20
19.14909,57.89327,CI.u(95%).Total.SURVEY_LC1_3F30
872.2838,610.0183,CI.u(95%).Total.SURVEY_LC1_3F40
1246.2600, 173.8347,CI.u(95%).Total.SURVEY_LC1_3G11
474.37719, 77.37507,CI.u(95%).Total.SURVEY_LC1_3G21
4.00446,0.00000,CI.u(95%).Total.SURVEY_LC1_3G40
520.1748,139.1707,CI.u(95%).Total.SURVEY_LC1_3H11
650.54498, 27.04528,CI.u(95%).Total.SURVEY_LC1_3H12
 5963.029,14186.241,CI.u(95%).Total.SURVEY_LU1_3U111
 52.42793,347.30076,CI.u(95%).Total.SURVEY_LU1_3U112
 59.85479,304.64170,CI.u(95%).Total.SURVEY_LU1_3U113
20753.10,15206.02,CI.u(95%).Total.SURVEY_LU1_3U120
639.6674,  0.0000,CI.u(95%).Total.SURVEY_LU1_3U130
333.2513, 34.5138,CI.u(95%).Total.SURVEY_LU1_3U140
74.12882, 0.00000,CI.u(95%).Total.SURVEY_LU1_3U150
99.95804, 0.00000,CI.u(95%).Total.SURVEY_LU1_3U210
4.00446,0.00000,CI.u(95%).Total.SURVEY_LU1_3U224
80.42766, 0.00000,CI.u(95%).Total.SURVEY_LU1_3U227
 8.00892,74.02098,CI.u(95%).Total.SURVEY_LU1_3U311
403.4941,730.6209,CI.u(95%).Total.SURVEY_LU1_3U312
217.8803,  0.0000,CI.u(95%).Total.SURVEY_LU1_3U313
4.00446,0.00000,CI.u(95%).Total.SURVEY_LU1_3U315
53.02444, 0.00000,CI.u(95%).Total.SURVEY_LU1_3U317
 4.00446,49.22496,CI.u(95%).Total.SURVEY_LU1_3U319
11.02872,17.70994,CI.u(95%).Total.SURVEY_LU1_3U321
4.00446,0.00000,CI.u(95%).Total.SURVEY_LU1_3U322
0.00000,4.00446,CI.u(95%).Total.SURVEY_LU1_3U330
102.11708, 50.13268,CI.u(95%).Total.SURVEY_LU1_3U341
241.2822,119.1367,CI.u(95%).Total.SURVEY_LU1_3U350
965.4583,239.7189,CI.u(95%).Total.SURVEY_LU1_3U361
148.94260, 54.53884,CI.u(95%).Total.SURVEY_LU1_3U362
801.9224,876.8604,CI.u(95%).Total.SURVEY_LU1_3U370
71.89484,21.87631,CI.u(95%).Total.SURVEY_LU1_3U411
54.13714,95.02139,CI.u(95%).Total.SURVEY_LU1_3U414
 56.31178,402.59146,CI.u(95%).Total.SURVEY_LU1_3U415
3142.853,2253.521,CI.u(95%).Total.SURVEY_LU1_3U420
31142.20,31946.16,CI.u(95%).Total.settlement0
1636.491,1737.315,CI.u(95%).Total.settlement1
0.8690834,0.9226274,CI.u(95%).Total.settl_pc
12743.97,17475.05,CI.u(95%).Total.fao_class_name0
16949.45,15490.24,CI.u(95%).Total.fao_class_name1
3283.7519, 574.5621,CI.u(95%).Total.fao_class_name2
203.5317,532.4178,CI.u(95%).Total.fao_class_name3
30887.14,32501.20,CI.u(95%).Total.lue0
1957.518,1164.734,CI.u(95%).Total.lue1
31746.98,32717.03,CI.u(95%).Total.lud0
994.9993,841.5714,CI.u(95%).Total.lud1
0.01112529,0.01083069,CV.Total.area
0.1255735,0.0964897,CV.Total.SURVEY_LC1_1A
0.0820456,0.0300680,CV.Total.SURVEY_LC1_1B
0.01235238,0.01622702,CV.Total.SURVEY_LC1_1C
0.07653353,0.14085938,CV.Total.SURVEY_LC1_1D
0.03966692,0.03769834,CV.Total.SURVEY_LC1_1E
0.1288155,0.1779870,CV.Total.SURVEY_LC1_1F
0.03550797,0.11540366,CV.Total.SURVEY_LC1_1G
0.07641512,0.19700175,CV.Total.SURVEY_LC1_1H
0.01333667,0.01225231,CV.Total.SURVEY_LU1_1U1
0.4627714,NA,CV.Total.SURVEY_LU1_1U2
0.06777501,0.08485837,CV.Total.SURVEY_LU1_1U3
0.03680494,0.07335170,CV.Total.SURVEY_LU1_1U4
0.3050448,0.3619769,CV.Total.SURVEY_LC1_2A1
0.1670408,0.1111358,CV.Total.SURVEY_LC1_2A2
0.5383054,0.2070191,CV.Total.SURVEY_LC1_2A3
0.49891631,0.04622044,CV.Total.SURVEY_LC1_2B1
NA,0.308094,CV.Total.SURVEY_LC1_2B2
0.45852465,0.09762339,CV.Total.SURVEY_LC1_2B3
NA,0.2210263,CV.Total.SURVEY_LC1_2B4
NA,0.1353251,CV.Total.SURVEY_LC1_2B5
0.0000000,0.2667251,CV.Total.SURVEY_LC1_2B7
NA,  0,CV.Total.SURVEY_LC1_2B8
0.08597685,NA,CV.Total.SURVEY_LC1_2Bx
0.02967763,0.03330189,CV.Total.SURVEY_LC1_2C1
0.02387288,0.03284435,CV.Total.SURVEY_LC1_2C2
0.02303659,0.02996145,CV.Total.SURVEY_LC1_2C3
0.09873214,0.18926086,CV.Total.SURVEY_LC1_2D1
0.1223227,0.2003480,CV.Total.SURVEY_LC1_2D2
0.09464629,0.12021261,CV.Total.SURVEY_LC1_2E1
0.06027818,0.04885246,CV.Total.SURVEY_LC1_2E2
0.06199348,0.09844875,CV.Total.SURVEY_LC1_2E3
0.3196793,0.7076875,CV.Total.SURVEY_LC1_2F2
0.7076875,0.4750500,CV.Total.SURVEY_LC1_2F3
0.1370382,0.1901030,CV.Total.SURVEY_LC1_2F4
0.07387853,0.15716868,CV.Total.SURVEY_LC1_2G1
0.2122162,0.1714224,CV.Total.SURVEY_LC1_2G2
  0,NA,CV.Total.SURVEY_LC1_2G4
0.07641512,0.19700175,CV.Total.SURVEY_LC1_2H1
0.04628368,0.01965235,CV.Total.SURVEY_LU1_2U11
0.01158526,0.01629275,CV.Total.SURVEY_LU1_2U12
0.1833817,NA,CV.Total.SURVEY_LU1_2U13
0.08631926,0.29842721,CV.Total.SURVEY_LU1_2U14
0.7001539,NA,CV.Total.SURVEY_LU1_2U15
0.9412914,NA,CV.Total.SURVEY_LU1_2U21
0.4014481,NA,CV.Total.SURVEY_LU1_2U22
0.1796805,0.1023202,CV.Total.SURVEY_LU1_2U31
0.2991093,0.6855991,CV.Total.SURVEY_LU1_2U32
NA,  0,CV.Total.SURVEY_LU1_2U33
0.4326032,0.8841407,CV.Total.SURVEY_LU1_2U34
0.2246954,0.4516650,CV.Total.SURVEY_LU1_2U35
0.1285129,0.2257869,CV.Total.SURVEY_LU1_2U36
0.1401530,0.1661073,CV.Total.SURVEY_LU1_2U37
0.2667853,0.2105582,CV.Total.SURVEY_LU1_2U41
0.03700262,0.07922392,CV.Total.SURVEY_LU1_2U42
0.3050448,0.3619769,CV.Total.SURVEY_LC1_3A11
0.3328471,0.4443296,CV.Total.SURVEY_LC1_3A21
0.1836745,0.1165370,CV.Total.SURVEY_LC1_3A22
0.5383054,0.2070191,CV.Total.SURVEY_LC1_3A30
0.64547622,0.06022393,CV.Total.SURVEY_LC1_3B11
NA,0.5493023,CV.Total.SURVEY_LC1_3B12
0.0000000,0.1452188,CV.Total.SURVEY_LC1_3B13
NA,0.2782638,CV.Total.SURVEY_LC1_3B14
NA,0.2082566,CV.Total.SURVEY_LC1_3B15
NA,0.349453,CV.Total.SURVEY_LC1_3B16
NA,0.4274509,CV.Total.SURVEY_LC1_3B18
0.9142488,0.5116184,CV.Total.SURVEY_LC1_3B19
NA,0.3844682,CV.Total.SURVEY_LC1_3B21
NA,0.7853366,CV.Total.SURVEY_LC1_3B22
NA,0.6882859,CV.Total.SURVEY_LC1_3B23
0.45852465,0.09785615,CV.Total.SURVEY_LC1_3B32
NA,  0,CV.Total.SURVEY_LC1_3B37
NA,0.2351478,CV.Total.SURVEY_LC1_3B41
NA,0.6915051,CV.Total.SURVEY_LC1_3B43
NA,  0,CV.Total.SURVEY_LC1_3B44
NA,0.342562,CV.Total.SURVEY_LC1_3B51
NA,0.6154438,CV.Total.SURVEY_LC1_3B52
NA,0.4327816,CV.Total.SURVEY_LC1_3B53
NA,0.7182759,CV.Total.SURVEY_LC1_3B54
NA,0.167181,CV.Total.SURVEY_LC1_3B55
0.0000000,0.3279504,CV.Total.SURVEY_LC1_3B71
NA,  0,CV.Total.SURVEY_LC1_3B72
NA,0.6621345,CV.Total.SURVEY_LC1_3B73
NA,0.5790106,CV.Total.SURVEY_LC1_3B75
NA,  0,CV.Total.SURVEY_LC1_3B84
0.08745517,NA,CV.Total.SURVEY_LC1_3Bx1
0.1244824,NA,CV.Total.SURVEY_LC1_3Bx2
0.02973825,0.03330189,CV.Total.SURVEY_LC1_3C10
0.5948881,NA,CV.Total.SURVEY_LC1_3C1x
0.04624571,0.06569971,CV.Total.SURVEY_LC1_3C21
0.03285626,0.04842744,CV.Total.SURVEY_LC1_3C22
0.06910562,0.06667995,CV.Total.SURVEY_LC1_3C23
0.2078402,NA,CV.Total.SURVEY_LC1_3C2x
0.0346808,0.0407518,CV.Total.SURVEY_LC1_3C31
0.06200746,0.07157117,CV.Total.SURVEY_LC1_3C32
0.04225691,0.06244227,CV.Total.SURVEY_LC1_3C33
0.2307477,NA,CV.Total.SURVEY_LC1_3C3x
0.09873214,0.18926086,CV.Total.SURVEY_LC1_3D10
0.1223227,0.2003480,CV.Total.SURVEY_LC1_3D20
0.09464629,0.12021261,CV.Total.SURVEY_LC1_3E10
0.06027818,0.04885246,CV.Total.SURVEY_LC1_3E20
0.06199348,0.09844875,CV.Total.SURVEY_LC1_3E30
0.3196793,0.7076875,CV.Total.SURVEY_LC1_3F20
0.7076875,0.4750500,CV.Total.SURVEY_LC1_3F30
0.1370382,0.1901030,CV.Total.SURVEY_LC1_3F40
0.07387853,0.15716868,CV.Total.SURVEY_LC1_3G11
0.2122162,0.1714224,CV.Total.SURVEY_LC1_3G21
  0,NA,CV.Total.SURVEY_LC1_3G40
0.1509722,0.2152008,CV.Total.SURVEY_LC1_3H11
0.09115349,0.46548296,CV.Total.SURVEY_LC1_3H12
0.04688163,0.02018563,CV.Total.SURVEY_LU1_3U111
0.7182759,0.2414180,CV.Total.SURVEY_LU1_3U112
0.08558165,0.28749293,CV.Total.SURVEY_LU1_3U113
0.01158526,0.01629275,CV.Total.SURVEY_LU1_3U120
0.1833817,NA,CV.Total.SURVEY_LU1_3U130
0.08631926,0.29842721,CV.Total.SURVEY_LU1_3U140
0.7001539,NA,CV.Total.SURVEY_LU1_3U150
0.9412914,NA,CV.Total.SURVEY_LU1_3U210
  0,NA,CV.Total.SURVEY_LU1_3U224
0.4386192,NA,CV.Total.SURVEY_LU1_3U227
0.0000000,0.6637837,CV.Total.SURVEY_LU1_3U311
0.1865635,0.1080353,CV.Total.SURVEY_LU1_3U312
0.5058114,NA,CV.Total.SURVEY_LU1_3U313
  0,NA,CV.Total.SURVEY_LU1_3U315
0.6961996,NA,CV.Total.SURVEY_LU1_3U317
0.0000000,0.1626027,CV.Total.SURVEY_LU1_3U319
0.5179698,0.6855991,CV.Total.SURVEY_LU1_3U321
  0,NA,CV.Total.SURVEY_LU1_3U322
NA,  0,CV.Total.SURVEY_LU1_3U330
0.4326032,0.8841407,CV.Total.SURVEY_LU1_3U341
0.2246954,0.4516650,CV.Total.SURVEY_LU1_3U350
0.1390244,0.2290636,CV.Total.SURVEY_LU1_3U361
0.4962477,0.8933195,CV.Total.SURVEY_LU1_3U362
0.1401530,0.1661073,CV.Total.SURVEY_LU1_3U370
0.5802885,0.4509206,CV.Total.SURVEY_LU1_3U411
0.7257196,0.4989016,CV.Total.SURVEY_LU1_3U414
0.1632949,0.2407081,CV.Total.SURVEY_LU1_3U415
0.03700262,0.07922392,CV.Total.SURVEY_LU1_3U420
0.01146736,0.01134210,CV.Total.settlement0
0.08363625,0.08914888,CV.Total.settlement1
0.08363625,0.08914888,CV.Total.settl_pc
0.02479884,0.01756361,CV.Total.fao_class_name0
0.01340611,0.01619253,CV.Total.fao_class_name1
0.03375096,0.12899910,CV.Total.fao_class_name2
0.3936224,0.2351016,CV.Total.fao_class_name3
0.01199698,0.01121704,CV.Total.lue0
0.08212867,0.12994458,CV.Total.lue1
0.01156286,0.01103243,CV.Total.lud0
0.1087297,0.0981610,CV.Total.lud1
