No,Yes,variable
19217.27,18173.73,Total.area
3791.788,2296.856,Total.SURVEY_LC1_1A
2903.634,5356.592,Total.SURVEY_LC1_1B
2228.757,3142.261,Total.SURVEY_LC1_1C
514.4806,173.7408,Total.SURVEY_LC1_1D
6056.573,6470.792,Total.SURVEY_LC1_1E
1211.1925, 232.7433,Total.SURVEY_LC1_1F
2209.4497, 426.3155,Total.SURVEY_LC1_1G
301.39407, 74.43096,Total.SURVEY_LC1_1H
 9913.79,13136.57,Total.SURVEY_LU1_1U1
267.27967, 53.84151,Total.SURVEY_LU1_1U2
7384.492,4296.523,Total.SURVEY_LU1_1U3
1651.7071, 686.8008,Total.SURVEY_LU1_1U4
1480.324, 531.579,Total.SURVEY_LC1_2A1
2217.155,1587.854,Total.SURVEY_LC1_2A2
 89.94649,177.42264,Total.SURVEY_LC1_2A3
4.36294,0.00000,Total.SURVEY_LC1_2Ax
 320.8455,1979.3101,Total.SURVEY_LC1_2B1
 149.3531,1563.5952,Total.SURVEY_LC1_2B2
 11.54999,110.82915,Total.SURVEY_LC1_2B3
 41.39309,415.38279,Total.SURVEY_LC1_2B4
  99.83614,1069.48766,Total.SURVEY_LC1_2B5
 83.6632,143.9339,Total.SURVEY_LC1_2B7
15.21232,74.05297,Total.SURVEY_LC1_2B8
2181.781,   0.000,Total.SURVEY_LC1_2Bx
1519.345,1936.666,Total.SURVEY_LC1_2C1
436.0353,409.1166,Total.SURVEY_LC1_2C2
273.3773,796.4779,Total.SURVEY_LC1_2C3
84.49258,46.57207,Total.SURVEY_LC1_2D1
429.9880,127.1688,Total.SURVEY_LC1_2D2
218.2759,204.5830,Total.SURVEY_LC1_2E1
5716.597,6026.414,Total.SURVEY_LC1_2E2
121.6996,239.7949,Total.SURVEY_LC1_2E3
129.36152, 31.97117,Total.SURVEY_LC1_2F2
1081.8310, 200.7722,Total.SURVEY_LC1_2F4
1495.8422, 113.9322,Total.SURVEY_LC1_2G1
663.8556,312.3833,Total.SURVEY_LC1_2G2
41.7229, 0.0000,Total.SURVEY_LC1_2G3
8.028986,0.000000,Total.SURVEY_LC1_2G4
200.87112, 70.22041,Total.SURVEY_LC1_2H1
100.522945,  4.210552,Total.SURVEY_LC1_2H2
 9003.388,11428.830,Total.SURVEY_LU1_2U11
 879.0116,1707.7357,Total.SURVEY_LU1_2U12
13.47913, 0.00000,Total.SURVEY_LU1_2U13
17.91163, 0.00000,Total.SURVEY_LU1_2U14
38.078672, 7.605791,Total.SURVEY_LU1_2U21
229.20100, 46.23572,Total.SURVEY_LU1_2U22
2237.458,2071.063,Total.SURVEY_LU1_2U31
92.38741,16.11985,Total.SURVEY_LU1_2U32
100.6033,116.3947,Total.SURVEY_LU1_2U33
494.0129,326.2523,Total.SURVEY_LU1_2U34
352.84450, 93.87848,Total.SURVEY_LU1_2U35
1959.3249, 809.0845,Total.SURVEY_LU1_2U36
2147.8609, 863.7302,Total.SURVEY_LU1_2U37
70.77463,27.81169,Total.SURVEY_LU1_2U41
1580.9325, 658.9891,Total.SURVEY_LU1_2U42
1063.885, 406.217,Total.SURVEY_LC1_3A11
274.67887, 43.59745,Total.SURVEY_LC1_3A12
141.75960, 81.76457,Total.SURVEY_LC1_3A13
1319.8134, 557.0869,Total.SURVEY_LC1_3A21
 897.3414,1030.7672,Total.SURVEY_LC1_3A22
 89.94649,177.42264,Total.SURVEY_LC1_3A30
4.36294,0.00000,Total.SURVEY_LC1_3Axx
 36.89459,588.36490,Total.SURVEY_LC1_3B11
0.000000,3.978989,Total.SURVEY_LC1_3B12
 15.80589,124.99960,Total.SURVEY_LC1_3B13
 0.00000,36.51672,Total.SURVEY_LC1_3B14
3.978989,4.310682,Total.SURVEY_LC1_3B15
 225.1651,1205.2839,Total.SURVEY_LC1_3B16
 0.00000,15.85523,Total.SURVEY_LC1_3B18
39.00094, 0.00000,Total.SURVEY_LC1_3B19
 89.01948,879.02255,Total.SURVEY_LC1_3B21
 37.66206,448.49702,Total.SURVEY_LC1_3B22
 22.67158,236.07557,Total.SURVEY_LC1_3B23
0.000000,3.903829,Total.SURVEY_LC1_3B31
 3.851934,48.995899,Total.SURVEY_LC1_3B32
 7.698052,54.155296,Total.SURVEY_LC1_3B35
0.000000,3.774126,Total.SURVEY_LC1_3B37
 0.0000,19.2214,Total.SURVEY_LC1_3B41
 24.15663,247.63406,Total.SURVEY_LC1_3B43
 17.23645,133.49234,Total.SURVEY_LC1_3B44
 0.000,15.035,Total.SURVEY_LC1_3B45
 0.00000,42.36548,Total.SURVEY_LC1_3B51
 7.798013,22.467915,Total.SURVEY_LC1_3B52
 0.00000,69.69813,Total.SURVEY_LC1_3B53
 0.00000,11.45101,Total.SURVEY_LC1_3B54
 92.03813,923.50512,Total.SURVEY_LC1_3B55
39.85011,67.01360,Total.SURVEY_LC1_3B71
28.26569,48.84152,Total.SURVEY_LC1_3B72
 7.846102,11.341261,Total.SURVEY_LC1_3B73
 7.701293,16.737535,Total.SURVEY_LC1_3B75
15.21232,65.84993,Total.SURVEY_LC1_3B83
0.000000,8.203045,Total.SURVEY_LC1_3B84
2101.707,   0.000,Total.SURVEY_LC1_3Bx1
80.07351, 0.00000,Total.SURVEY_LC1_3Bx2
1519.345,1936.666,Total.SURVEY_LC1_3C10
 72.60968,105.67619,Total.SURVEY_LC1_3C21
257.0867,242.0407,Total.SURVEY_LC1_3C22
37.28185,61.39971,Total.SURVEY_LC1_3C23
69.05699, 0.00000,Total.SURVEY_LC1_3C2x
11.45390,49.19706,Total.SURVEY_LC1_3C31
 46.83275,390.50414,Total.SURVEY_LC1_3C32
145.9383,356.7767,Total.SURVEY_LC1_3C33
69.15235, 0.00000,Total.SURVEY_LC1_3C3x
84.49258,46.57207,Total.SURVEY_LC1_3D10
429.9880,127.1688,Total.SURVEY_LC1_3D20
218.2759,204.5830,Total.SURVEY_LC1_3E10
5712.775,6026.414,Total.SURVEY_LC1_3E20
3.822799,0.000000,Total.SURVEY_LC1_3E2x
121.6996,239.7949,Total.SURVEY_LC1_3E30
129.36152, 31.97117,Total.SURVEY_LC1_3F20
1073.8730, 200.7722,Total.SURVEY_LC1_3F40
7.957978,0.000000,Total.SURVEY_LC1_3F4x
1451.5542, 113.9322,Total.SURVEY_LC1_3G11
44.28802, 0.00000,Total.SURVEY_LC1_3G12
647.2163,312.3833,Total.SURVEY_LC1_3G21
12.21137, 0.00000,Total.SURVEY_LC1_3G22
4.427939,0.000000,Total.SURVEY_LC1_3G2x
41.7229, 0.0000,Total.SURVEY_LC1_3G30
8.028986,0.000000,Total.SURVEY_LC1_3G40
188.60945, 62.38414,Total.SURVEY_LC1_3H11
12.261677, 7.836269,Total.SURVEY_LC1_3H12
58.048568, 4.210552,Total.SURVEY_LC1_3H21
42.47438, 0.00000,Total.SURVEY_LC1_3H23
 8975.836,11322.213,Total.SURVEY_LU1_3U111
 3.732744,59.208656,Total.SURVEY_LU1_3U112
23.81894,47.40865,Total.SURVEY_LU1_3U113
 879.0116,1707.7357,Total.SURVEY_LU1_3U120
13.47913, 0.00000,Total.SURVEY_LU1_3U130
17.91163, 0.00000,Total.SURVEY_LU1_3U140
38.078672, 7.605791,Total.SURVEY_LU1_3U210
37.385099, 9.001566,Total.SURVEY_LU1_3U221
7.732735,0.000000,Total.SURVEY_LU1_3U222
48.909290, 5.294969,Total.SURVEY_LU1_3U223
20.71268,10.71533,Total.SURVEY_LU1_3U224
33.54369, 5.28909,Total.SURVEY_LU1_3U225
63.48586,15.93477,Total.SURVEY_LU1_3U226
17.43165, 0.00000,Total.SURVEY_LU1_3U227
98.93525,46.34427,Total.SURVEY_LU1_3U311
1088.318,1676.721,Total.SURVEY_LU1_3U312
665.4721,107.1468,Total.SURVEY_LU1_3U313
53.51761, 0.00000,Total.SURVEY_LU1_3U314
3.794297,0.000000,Total.SURVEY_LU1_3U316
222.86965, 50.43376,Total.SURVEY_LU1_3U317
 67.86746,106.68090,Total.SURVEY_LU1_3U318
36.68290,83.73611,Total.SURVEY_LU1_3U319
42.73679,10.33116,Total.SURVEY_LU1_3U321
49.650616, 5.788684,Total.SURVEY_LU1_3U322
100.6033,116.3947,Total.SURVEY_LU1_3U330
473.0599,322.3929,Total.SURVEY_LU1_3U341
20.952994, 3.859384,Total.SURVEY_LU1_3U342
352.84450, 93.87848,Total.SURVEY_LU1_3U350
1738.8249, 663.8992,Total.SURVEY_LU1_3U361
220.4999,145.1853,Total.SURVEY_LU1_3U362
2147.8609, 863.7302,Total.SURVEY_LU1_3U370
5.216740,9.687383,Total.SURVEY_LU1_3U411
7.702445,0.000000,Total.SURVEY_LU1_3U414
57.85544,18.12431,Total.SURVEY_LU1_3U415
1580.9325, 658.9891,Total.SURVEY_LU1_3U420
13527.12,14274.38,Total.settlement0
5690.146,3899.351,Total.settlement1
0.3194685,0.2189258,Total.settl_pc
17597.54,15554.48,Total.fao_class_name0
1206.725,1921.495,Total.fao_class_name1
48.59347,39.14995,Total.fao_class_name2
364.4112,658.6015,Total.fao_class_name3
14263.23,16080.79,Total.lue0
4954.043,2092.945,Total.lue1
16501.63,15916.31,Total.lud0
2715.640,2257.419,Total.lud1
111.1581,111.6173,SE.Total.area
58.29763,49.22955,SE.Total.SURVEY_LC1_1A
 6.124378,15.794968,SE.Total.SURVEY_LC1_1B
83.68337,80.80563,SE.Total.SURVEY_LC1_1C
7.328018,1.895114,SE.Total.SURVEY_LC1_1D
67.76322,61.19587,SE.Total.SURVEY_LC1_1E
 9.721862,16.604256,SE.Total.SURVEY_LC1_1F
7.448304,5.254607,SE.Total.SURVEY_LC1_1G
4.698512,0.000000,SE.Total.SURVEY_LC1_1H
 93.09355,102.10307,SE.Total.SURVEY_LU1_1U1
19.10154, 0.00000,SE.Total.SURVEY_LU1_1U2
71.49989,87.35423,SE.Total.SURVEY_LU1_1U3
34.49881,14.93044,SE.Total.SURVEY_LU1_1U4
75.23988,26.98851,SE.Total.SURVEY_LC1_2A1
73.5636,41.9451,SE.Total.SURVEY_LC1_2A2
 0.00000,16.47452,SE.Total.SURVEY_LC1_2A3
0,0,SE.Total.SURVEY_LC1_2Ax
 1.88390,15.51575,SE.Total.SURVEY_LC1_2B1
0,0,SE.Total.SURVEY_LC1_2B2
0,0,SE.Total.SURVEY_LC1_2B3
0,0,SE.Total.SURVEY_LC1_2B4
0.000000,2.306212,SE.Total.SURVEY_LC1_2B5
1.638347,0.000000,SE.Total.SURVEY_LC1_2B7
0.000000,1.922684,SE.Total.SURVEY_LC1_2B8
5.598402,0.000000,SE.Total.SURVEY_LC1_2Bx
32.55903,66.06350,SE.Total.SURVEY_LC1_2C1
71.60853,59.35440,SE.Total.SURVEY_LC1_2C2
47.13488,77.23931,SE.Total.SURVEY_LC1_2C3
0,0,SE.Total.SURVEY_LC1_2D1
7.328018,1.895114,SE.Total.SURVEY_LC1_2D2
8.287079,5.660289,SE.Total.SURVEY_LC1_2E1
67.76905,61.03569,SE.Total.SURVEY_LC1_2E2
5.144867,1.346310,SE.Total.SURVEY_LC1_2E3
7.706504,0.000000,SE.Total.SURVEY_LC1_2F2
 5.926584,16.604256,SE.Total.SURVEY_LC1_2F4
26.59847, 0.00000,SE.Total.SURVEY_LC1_2G1
23.826008, 5.254607,SE.Total.SURVEY_LC1_2G2
15.3119, 0.0000,SE.Total.SURVEY_LC1_2G3
0,0,SE.Total.SURVEY_LC1_2G4
3.469756,0.000000,SE.Total.SURVEY_LC1_2H1
3.168093,0.000000,SE.Total.SURVEY_LC1_2H2
65.66757,60.77479,SE.Total.SURVEY_LU1_2U11
65.91010,82.04548,SE.Total.SURVEY_LU1_2U12
3.168093,0.000000,SE.Total.SURVEY_LU1_2U13
0,0,SE.Total.SURVEY_LU1_2U14
0,0,SE.Total.SURVEY_LU1_2U21
19.10154, 0.00000,SE.Total.SURVEY_LU1_2U22
78.25811,57.38172,SE.Total.SURVEY_LU1_2U31
11.25233, 0.00000,SE.Total.SURVEY_LU1_2U32
8.673748,0.000000,SE.Total.SURVEY_LU1_2U33
30.02112,26.27665,SE.Total.SURVEY_LU1_2U34
40.93504,17.06001,SE.Total.SURVEY_LU1_2U35
68.97791,56.71517,SE.Total.SURVEY_LU1_2U36
73.02956,36.84803,SE.Total.SURVEY_LU1_2U37
1.630864,0.000000,SE.Total.SURVEY_LU1_2U41
34.46024,14.93044,SE.Total.SURVEY_LU1_2U42
70.50943,25.95777,SE.Total.SURVEY_LC1_3A11
45.727677, 8.229523,SE.Total.SURVEY_LC1_3A12
9.68597,0.00000,SE.Total.SURVEY_LC1_3A13
64.36447,26.17342,SE.Total.SURVEY_LC1_3A21
59.60422,37.43968,SE.Total.SURVEY_LC1_3A22
 0.00000,16.47452,SE.Total.SURVEY_LC1_3A30
0,0,SE.Total.SURVEY_LC1_3Axx
0,0,SE.Total.SURVEY_LC1_3B11
0,0,SE.Total.SURVEY_LC1_3B12
0,0,SE.Total.SURVEY_LC1_3B13
0,0,SE.Total.SURVEY_LC1_3B14
0,0,SE.Total.SURVEY_LC1_3B15
 1.88390,15.51575,SE.Total.SURVEY_LC1_3B16
0,0,SE.Total.SURVEY_LC1_3B18
0,0,SE.Total.SURVEY_LC1_3B19
0,0,SE.Total.SURVEY_LC1_3B21
0,0,SE.Total.SURVEY_LC1_3B22
0,0,SE.Total.SURVEY_LC1_3B23
0,0,SE.Total.SURVEY_LC1_3B31
0,0,SE.Total.SURVEY_LC1_3B32
0,0,SE.Total.SURVEY_LC1_3B35
0,0,SE.Total.SURVEY_LC1_3B37
0,0,SE.Total.SURVEY_LC1_3B41
0,0,SE.Total.SURVEY_LC1_3B43
0,0,SE.Total.SURVEY_LC1_3B44
0,0,SE.Total.SURVEY_LC1_3B45
0,0,SE.Total.SURVEY_LC1_3B51
0,0,SE.Total.SURVEY_LC1_3B52
0,0,SE.Total.SURVEY_LC1_3B53
0,0,SE.Total.SURVEY_LC1_3B54
0.000000,2.306212,SE.Total.SURVEY_LC1_3B55
1.638347,0.000000,SE.Total.SURVEY_LC1_3B71
0,0,SE.Total.SURVEY_LC1_3B72
0,0,SE.Total.SURVEY_LC1_3B73
0,0,SE.Total.SURVEY_LC1_3B75
0.000000,1.330417,SE.Total.SURVEY_LC1_3B83
0.000000,1.400547,SE.Total.SURVEY_LC1_3B84
5.598402,0.000000,SE.Total.SURVEY_LC1_3Bx1
0,0,SE.Total.SURVEY_LC1_3Bx2
32.55903,66.06350,SE.Total.SURVEY_LC1_3C10
33.31207,35.56753,SE.Total.SURVEY_LC1_3C21
62.06736,49.47704,SE.Total.SURVEY_LC1_3C22
 6.200781,12.185960,SE.Total.SURVEY_LC1_3C23
32.26708, 0.00000,SE.Total.SURVEY_LC1_3C2x
0.000000,4.488734,SE.Total.SURVEY_LC1_3C31
 3.797188,59.542722,SE.Total.SURVEY_LC1_3C32
33.32947,60.06601,SE.Total.SURVEY_LC1_3C33
34.64463, 0.00000,SE.Total.SURVEY_LC1_3C3x
0,0,SE.Total.SURVEY_LC1_3D10
7.328018,1.895114,SE.Total.SURVEY_LC1_3D20
8.287079,5.660289,SE.Total.SURVEY_LC1_3E10
67.76905,61.03569,SE.Total.SURVEY_LC1_3E20
0,0,SE.Total.SURVEY_LC1_3E2x
5.144867,1.346310,SE.Total.SURVEY_LC1_3E30
7.706504,0.000000,SE.Total.SURVEY_LC1_3F20
 5.926584,16.604256,SE.Total.SURVEY_LC1_3F40
0,0,SE.Total.SURVEY_LC1_3F4x
25.53932, 0.00000,SE.Total.SURVEY_LC1_3G11
8.580738,0.000000,SE.Total.SURVEY_LC1_3G12
22.144039, 5.254607,SE.Total.SURVEY_LC1_3G21
9.970541,0.000000,SE.Total.SURVEY_LC1_3G22
0,0,SE.Total.SURVEY_LC1_3G2x
15.3119, 0.0000,SE.Total.SURVEY_LC1_3G30
0,0,SE.Total.SURVEY_LC1_3G40
3.469756,0.000000,SE.Total.SURVEY_LC1_3H11
0,0,SE.Total.SURVEY_LC1_3H12
0,0,SE.Total.SURVEY_LC1_3H21
3.168093,0.000000,SE.Total.SURVEY_LC1_3H23
65.65346,60.77479,SE.Total.SURVEY_LU1_3U111
0,0,SE.Total.SURVEY_LU1_3U112
1.638347,0.000000,SE.Total.SURVEY_LU1_3U113
65.91010,82.04548,SE.Total.SURVEY_LU1_3U120
3.168093,0.000000,SE.Total.SURVEY_LU1_3U130
0,0,SE.Total.SURVEY_LU1_3U140
0,0,SE.Total.SURVEY_LU1_3U210
0,0,SE.Total.SURVEY_LU1_3U221
4.384049,0.000000,SE.Total.SURVEY_LU1_3U222
7.53816,0.00000,SE.Total.SURVEY_LU1_3U223
6.025299,0.000000,SE.Total.SURVEY_LU1_3U224
5.182229,0.000000,SE.Total.SURVEY_LU1_3U225
15.78529, 0.00000,SE.Total.SURVEY_LU1_3U226
4.384049,0.000000,SE.Total.SURVEY_LU1_3U227
21.283466, 5.182229,SE.Total.SURVEY_LU1_3U311
58.35561,54.43408,SE.Total.SURVEY_LU1_3U312
46.576985, 5.254607,SE.Total.SURVEY_LU1_3U313
2.713652,0.000000,SE.Total.SURVEY_LU1_3U314
0,0,SE.Total.SURVEY_LU1_3U316
20.350333, 3.135703,SE.Total.SURVEY_LU1_3U317
0.000000,1.874869,SE.Total.SURVEY_LU1_3U318
 0.00000,16.47452,SE.Total.SURVEY_LU1_3U319
10.17332, 0.00000,SE.Total.SURVEY_LU1_3U321
4.808162,0.000000,SE.Total.SURVEY_LU1_3U322
8.673748,0.000000,SE.Total.SURVEY_LU1_3U330
28.58904,26.27665,SE.Total.SURVEY_LU1_3U341
10.41123, 0.00000,SE.Total.SURVEY_LU1_3U342
40.93504,17.06001,SE.Total.SURVEY_LU1_3U350
66.44694,54.89795,SE.Total.SURVEY_LU1_3U361
19.53552,14.24169,SE.Total.SURVEY_LU1_3U362
73.02956,36.84803,SE.Total.SURVEY_LU1_3U370
0,0,SE.Total.SURVEY_LU1_3U411
0,0,SE.Total.SURVEY_LU1_3U414
1.630864,0.000000,SE.Total.SURVEY_LU1_3U415
34.46024,14.93044,SE.Total.SURVEY_LU1_3U420
 99.62148,101.96189,SE.Total.settlement0
59.01865,72.16668,SE.Total.settlement1
0.003313553,0.004051738,SE.Total.settl_pc
78.62656,77.88529,SE.Total.fao_class_name0
75.30992,81.88704,SE.Total.fao_class_name1
0,0,SE.Total.fao_class_name2
44.86208,67.00282,SE.Total.fao_class_name3
124.2038,110.4378,SE.Total.lue0
100.79330, 71.90302,SE.Total.lue1
133.5319,107.2738,SE.Total.lud0
78.52975,57.38172,SE.Total.lud1
18999.40,17954.97,CI.l(95%).Total.area
3677.526,2200.368,CI.l(95%).Total.SURVEY_LC1_1A
2891.630,5325.634,CI.l(95%).Total.SURVEY_LC1_1B
2064.741,2983.885,CI.l(95%).Total.SURVEY_LC1_1C
500.1179,170.0265,CI.l(95%).Total.SURVEY_LC1_1D
5923.759,6350.851,CI.l(95%).Total.SURVEY_LC1_1E
1192.1380, 200.1996,CI.l(95%).Total.SURVEY_LC1_1F
2194.8513, 416.0167,CI.l(95%).Total.SURVEY_LC1_1G
292.18515, 74.43096,CI.l(95%).Total.SURVEY_LC1_1H
 9731.33,12936.45,CI.l(95%).Total.SURVEY_LU1_1U1
229.84134, 53.84151,CI.l(95%).Total.SURVEY_LU1_1U2
7244.354,4125.312,CI.l(95%).Total.SURVEY_LU1_1U3
1584.0907, 657.5377,CI.l(95%).Total.SURVEY_LU1_1U4
1332.8560, 478.6825,CI.l(95%).Total.SURVEY_LC1_2A1
2072.973,1505.643,CI.l(95%).Total.SURVEY_LC1_2A2
 89.94649,145.13318,CI.l(95%).Total.SURVEY_LC1_2A3
4.36294,0.00000,CI.l(95%).Total.SURVEY_LC1_2Ax
 317.1532,1948.8998,CI.l(95%).Total.SURVEY_LC1_2B1
 149.3531,1563.5952,CI.l(95%).Total.SURVEY_LC1_2B2
 11.54999,110.82915,CI.l(95%).Total.SURVEY_LC1_2B3
 41.39309,415.38279,CI.l(95%).Total.SURVEY_LC1_2B4
  99.83614,1064.96757,CI.l(95%).Total.SURVEY_LC1_2B5
 80.4521,143.9339,CI.l(95%).Total.SURVEY_LC1_2B7
15.21232,70.28458,CI.l(95%).Total.SURVEY_LC1_2B8
2170.808,   0.000,CI.l(95%).Total.SURVEY_LC1_2Bx
1455.530,1807.184,CI.l(95%).Total.SURVEY_LC1_2C1
295.6851,292.7841,CI.l(95%).Total.SURVEY_LC1_2C2
180.9946,645.0916,CI.l(95%).Total.SURVEY_LC1_2C3
84.49258,46.57207,CI.l(95%).Total.SURVEY_LC1_2D1
415.6254,123.4544,CI.l(95%).Total.SURVEY_LC1_2D2
202.0335,193.4891,CI.l(95%).Total.SURVEY_LC1_2E1
5583.772,5906.787,CI.l(95%).Total.SURVEY_LC1_2E2
111.6159,237.1561,CI.l(95%).Total.SURVEY_LC1_2E3
114.25705, 31.97117,CI.l(95%).Total.SURVEY_LC1_2F2
1070.2151, 168.2284,CI.l(95%).Total.SURVEY_LC1_2F4
1443.7101, 113.9322,CI.l(95%).Total.SURVEY_LC1_2G1
617.1575,302.0845,CI.l(95%).Total.SURVEY_LC1_2G2
11.71214, 0.00000,CI.l(95%).Total.SURVEY_LC1_2G3
8.028986,0.000000,CI.l(95%).Total.SURVEY_LC1_2G4
194.07053, 70.22041,CI.l(95%).Total.SURVEY_LC1_2H1
94.313597, 4.210552,CI.l(95%).Total.SURVEY_LC1_2H2
 8874.682,11309.714,CI.l(95%).Total.SURVEY_LU1_2U11
 749.8301,1546.9295,CI.l(95%).Total.SURVEY_LU1_2U12
7.269781,0.000000,CI.l(95%).Total.SURVEY_LU1_2U13
17.91163, 0.00000,CI.l(95%).Total.SURVEY_LU1_2U14
38.078672, 7.605791,CI.l(95%).Total.SURVEY_LU1_2U21
191.76266, 46.23572,CI.l(95%).Total.SURVEY_LU1_2U22
2084.075,1958.597,CI.l(95%).Total.SURVEY_LU1_2U31
70.33325,16.11985,CI.l(95%).Total.SURVEY_LU1_2U32
 83.60311,116.39470,CI.l(95%).Total.SURVEY_LU1_2U33
435.1726,274.7510,CI.l(95%).Total.SURVEY_LU1_2U34
272.61330, 60.44148,CI.l(95%).Total.SURVEY_LU1_2U35
1824.1306, 697.9248,CI.l(95%).Total.SURVEY_LU1_2U36
2004.7256, 791.5094,CI.l(95%).Total.SURVEY_LU1_2U37
67.57819,27.81169,CI.l(95%).Total.SURVEY_LU1_2U41
1513.392, 629.726,CI.l(95%).Total.SURVEY_LU1_2U42
925.6891,355.3407,CI.l(95%).Total.SURVEY_LC1_3A11
185.05427, 27.46788,CI.l(95%).Total.SURVEY_LC1_3A12
122.77545, 81.76457,CI.l(95%).Total.SURVEY_LC1_3A13
1193.661, 505.788,CI.l(95%).Total.SURVEY_LC1_3A21
780.5193,957.3867,CI.l(95%).Total.SURVEY_LC1_3A22
 89.94649,145.13318,CI.l(95%).Total.SURVEY_LC1_3A30
4.36294,0.00000,CI.l(95%).Total.SURVEY_LC1_3Axx
 36.89459,588.36490,CI.l(95%).Total.SURVEY_LC1_3B11
0.000000,3.978989,CI.l(95%).Total.SURVEY_LC1_3B12
 15.80589,124.99960,CI.l(95%).Total.SURVEY_LC1_3B13
 0.00000,36.51672,CI.l(95%).Total.SURVEY_LC1_3B14
3.978989,4.310682,CI.l(95%).Total.SURVEY_LC1_3B15
 221.4728,1174.8736,CI.l(95%).Total.SURVEY_LC1_3B16
 0.00000,15.85523,CI.l(95%).Total.SURVEY_LC1_3B18
39.00094, 0.00000,CI.l(95%).Total.SURVEY_LC1_3B19
 89.01948,879.02255,CI.l(95%).Total.SURVEY_LC1_3B21
 37.66206,448.49702,CI.l(95%).Total.SURVEY_LC1_3B22
 22.67158,236.07557,CI.l(95%).Total.SURVEY_LC1_3B23
0.000000,3.903829,CI.l(95%).Total.SURVEY_LC1_3B31
 3.851934,48.995899,CI.l(95%).Total.SURVEY_LC1_3B32
 7.698052,54.155296,CI.l(95%).Total.SURVEY_LC1_3B35
0.000000,3.774126,CI.l(95%).Total.SURVEY_LC1_3B37
 0.0000,19.2214,CI.l(95%).Total.SURVEY_LC1_3B41
 24.15663,247.63406,CI.l(95%).Total.SURVEY_LC1_3B43
 17.23645,133.49234,CI.l(95%).Total.SURVEY_LC1_3B44
 0.000,15.035,CI.l(95%).Total.SURVEY_LC1_3B45
 0.00000,42.36548,CI.l(95%).Total.SURVEY_LC1_3B51
 7.798013,22.467915,CI.l(95%).Total.SURVEY_LC1_3B52
 0.00000,69.69813,CI.l(95%).Total.SURVEY_LC1_3B53
 0.00000,11.45101,CI.l(95%).Total.SURVEY_LC1_3B54
 92.03813,918.98503,CI.l(95%).Total.SURVEY_LC1_3B55
36.63901,67.01360,CI.l(95%).Total.SURVEY_LC1_3B71
28.26569,48.84152,CI.l(95%).Total.SURVEY_LC1_3B72
 7.846102,11.341261,CI.l(95%).Total.SURVEY_LC1_3B73
 7.701293,16.737535,CI.l(95%).Total.SURVEY_LC1_3B75
15.21232,63.24236,CI.l(95%).Total.SURVEY_LC1_3B83
0.000000,5.458023,CI.l(95%).Total.SURVEY_LC1_3B84
2090.734,   0.000,CI.l(95%).Total.SURVEY_LC1_3Bx1
80.07351, 0.00000,CI.l(95%).Total.SURVEY_LC1_3Bx2
1455.530,1807.184,CI.l(95%).Total.SURVEY_LC1_3C10
 7.319228,35.965121,CI.l(95%).Total.SURVEY_LC1_3C21
135.4369,145.0674,CI.l(95%).Total.SURVEY_LC1_3C22
25.12855,37.51567,CI.l(95%).Total.SURVEY_LC1_3C23
5.814678,0.000000,CI.l(95%).Total.SURVEY_LC1_3C2x
11.4539,40.3993,CI.l(95%).Total.SURVEY_LC1_3C31
 39.3904,273.8025,CI.l(95%).Total.SURVEY_LC1_3C32
 80.6137,239.0494,CI.l(95%).Total.SURVEY_LC1_3C33
1.250123,0.000000,CI.l(95%).Total.SURVEY_LC1_3C3x
84.49258,46.57207,CI.l(95%).Total.SURVEY_LC1_3D10
415.6254,123.4544,CI.l(95%).Total.SURVEY_LC1_3D20
202.0335,193.4891,CI.l(95%).Total.SURVEY_LC1_3E10
5579.950,5906.787,CI.l(95%).Total.SURVEY_LC1_3E20
3.822799,0.000000,CI.l(95%).Total.SURVEY_LC1_3E2x
111.6159,237.1561,CI.l(95%).Total.SURVEY_LC1_3E30
114.25705, 31.97117,CI.l(95%).Total.SURVEY_LC1_3F20
1062.2571, 168.2284,CI.l(95%).Total.SURVEY_LC1_3F40
7.957978,0.000000,CI.l(95%).Total.SURVEY_LC1_3F4x
1401.4980, 113.9322,CI.l(95%).Total.SURVEY_LC1_3G11
27.47009, 0.00000,CI.l(95%).Total.SURVEY_LC1_3G12
603.8148,302.0845,CI.l(95%).Total.SURVEY_LC1_3G21
-7.330533, 0.000000,CI.l(95%).Total.SURVEY_LC1_3G22
4.427939,0.000000,CI.l(95%).Total.SURVEY_LC1_3G2x
11.71214, 0.00000,CI.l(95%).Total.SURVEY_LC1_3G30
8.028986,0.000000,CI.l(95%).Total.SURVEY_LC1_3G40
181.80885, 62.38414,CI.l(95%).Total.SURVEY_LC1_3H11
12.261677, 7.836269,CI.l(95%).Total.SURVEY_LC1_3H12
58.048568, 4.210552,CI.l(95%).Total.SURVEY_LC1_3H21
36.26503, 0.00000,CI.l(95%).Total.SURVEY_LC1_3H23
 8847.158,11203.096,CI.l(95%).Total.SURVEY_LU1_3U111
 3.732744,59.208656,CI.l(95%).Total.SURVEY_LU1_3U112
20.60783,47.40865,CI.l(95%).Total.SURVEY_LU1_3U113
 749.8301,1546.9295,CI.l(95%).Total.SURVEY_LU1_3U120
7.269781,0.000000,CI.l(95%).Total.SURVEY_LU1_3U130
17.91163, 0.00000,CI.l(95%).Total.SURVEY_LU1_3U140
38.078672, 7.605791,CI.l(95%).Total.SURVEY_LU1_3U210
37.385099, 9.001566,CI.l(95%).Total.SURVEY_LU1_3U221
-0.8598425, 0.0000000,CI.l(95%).Total.SURVEY_LU1_3U222
34.134767, 5.294969,CI.l(95%).Total.SURVEY_LU1_3U223
 8.903315,10.715330,CI.l(95%).Total.SURVEY_LU1_3U224
23.38671, 5.28909,CI.l(95%).Total.SURVEY_LU1_3U225
32.54727,15.93477,CI.l(95%).Total.SURVEY_LU1_3U226
8.839068,0.000000,CI.l(95%).Total.SURVEY_LU1_3U227
57.22042,36.18728,CI.l(95%).Total.SURVEY_LU1_3U311
 973.9435,1570.0325,CI.l(95%).Total.SURVEY_LU1_3U312
574.18291, 96.84794,CI.l(95%).Total.SURVEY_LU1_3U313
48.19895, 0.00000,CI.l(95%).Total.SURVEY_LU1_3U314
3.794297,0.000000,CI.l(95%).Total.SURVEY_LU1_3U316
182.98373, 44.28789,CI.l(95%).Total.SURVEY_LU1_3U317
 67.86746,103.00622,CI.l(95%).Total.SURVEY_LU1_3U318
36.68290,51.44664,CI.l(95%).Total.SURVEY_LU1_3U319
22.79745,10.33116,CI.l(95%).Total.SURVEY_LU1_3U321
40.226791, 5.788684,CI.l(95%).Total.SURVEY_LU1_3U322
 83.60311,116.39470,CI.l(95%).Total.SURVEY_LU1_3U330
417.0265,270.8916,CI.l(95%).Total.SURVEY_LU1_3U341
0.5473495,3.8593837,CI.l(95%).Total.SURVEY_LU1_3U342
272.61330, 60.44148,CI.l(95%).Total.SURVEY_LU1_3U350
1608.5913, 556.3012,CI.l(95%).Total.SURVEY_LU1_3U361
182.2110,117.2722,CI.l(95%).Total.SURVEY_LU1_3U362
2004.7256, 791.5094,CI.l(95%).Total.SURVEY_LU1_3U370
5.216740,9.687383,CI.l(95%).Total.SURVEY_LU1_3U411
7.702445,0.000000,CI.l(95%).Total.SURVEY_LU1_3U414
54.65901,18.12431,CI.l(95%).Total.SURVEY_LU1_3U415
1513.392, 629.726,CI.l(95%).Total.SURVEY_LU1_3U420
13331.87,14074.54,CI.l(95%).Total.settlement0
5574.471,3757.907,CI.l(95%).Total.settlement1
0.3129740,0.2109845,CI.l(95%).Total.settl_pc
17443.43,15401.83,CI.l(95%).Total.fao_class_name0
1059.12,1761.00,CI.l(95%).Total.fao_class_name1
48.59347,39.14995,CI.l(95%).Total.fao_class_name2
276.4831,527.2784,CI.l(95%).Total.fao_class_name3
14019.79,15864.33,CI.l(95%).Total.lue0
4756.492,1952.018,CI.l(95%).Total.lue1
16239.91,15706.06,CI.l(95%).Total.lud0
2561.724,2144.953,CI.l(95%).Total.lud1
19435.13,18392.50,CI.u(95%).Total.area
3906.049,2393.344,CI.u(95%).Total.SURVEY_LC1_1A
2915.638,5387.549,CI.u(95%).Total.SURVEY_LC1_1B
2392.774,3300.637,CI.u(95%).Total.SURVEY_LC1_1C
528.8433,177.4552,CI.u(95%).Total.SURVEY_LC1_1D
6189.386,6590.734,CI.u(95%).Total.SURVEY_LC1_1E
1230.2470, 265.2871,CI.u(95%).Total.SURVEY_LC1_1F
2224.0481, 436.6144,CI.u(95%).Total.SURVEY_LC1_1G
310.60298, 74.43096,CI.u(95%).Total.SURVEY_LC1_1H
10096.25,13336.68,CI.u(95%).Total.SURVEY_LU1_1U1
304.71801, 53.84151,CI.u(95%).Total.SURVEY_LU1_1U2
7524.629,4467.734,CI.u(95%).Total.SURVEY_LU1_1U3
1719.3235, 716.0639,CI.u(95%).Total.SURVEY_LU1_1U4
1627.7910, 584.4755,CI.u(95%).Total.SURVEY_LC1_2A1
2361.337,1670.065,CI.u(95%).Total.SURVEY_LC1_2A2
 89.94649,209.71211,CI.u(95%).Total.SURVEY_LC1_2A3
4.36294,0.00000,CI.u(95%).Total.SURVEY_LC1_2Ax
 324.5379,2009.7204,CI.u(95%).Total.SURVEY_LC1_2B1
 149.3531,1563.5952,CI.u(95%).Total.SURVEY_LC1_2B2
 11.54999,110.82915,CI.u(95%).Total.SURVEY_LC1_2B3
 41.39309,415.38279,CI.u(95%).Total.SURVEY_LC1_2B4
  99.83614,1074.00775,CI.u(95%).Total.SURVEY_LC1_2B5
 86.8743,143.9339,CI.u(95%).Total.SURVEY_LC1_2B7
15.21232,77.82136,CI.u(95%).Total.SURVEY_LC1_2B8
2192.753,   0.000,CI.u(95%).Total.SURVEY_LC1_2Bx
1583.159,2066.149,CI.u(95%).Total.SURVEY_LC1_2C1
576.3854,525.4490,CI.u(95%).Total.SURVEY_LC1_2C2
365.7599,947.8641,CI.u(95%).Total.SURVEY_LC1_2C3
84.49258,46.57207,CI.u(95%).Total.SURVEY_LC1_2D1
444.3507,130.8831,CI.u(95%).Total.SURVEY_LC1_2D2
234.5183,215.6770,CI.u(95%).Total.SURVEY_LC1_2E1
5849.422,6146.042,CI.u(95%).Total.SURVEY_LC1_2E2
131.7834,242.4336,CI.u(95%).Total.SURVEY_LC1_2E3
144.46599, 31.97117,CI.u(95%).Total.SURVEY_LC1_2F2
1093.4469, 233.3159,CI.u(95%).Total.SURVEY_LC1_2F4
1547.9742, 113.9322,CI.u(95%).Total.SURVEY_LC1_2G1
710.5537,322.6822,CI.u(95%).Total.SURVEY_LC1_2G2
71.73367, 0.00000,CI.u(95%).Total.SURVEY_LC1_2G3
8.028986,0.000000,CI.u(95%).Total.SURVEY_LC1_2G4
207.67172, 70.22041,CI.u(95%).Total.SURVEY_LC1_2H1
106.732292,  4.210552,CI.u(95%).Total.SURVEY_LC1_2H2
 9132.094,11547.947,CI.u(95%).Total.SURVEY_LU1_2U11
1008.193,1868.542,CI.u(95%).Total.SURVEY_LU1_2U12
19.68848, 0.00000,CI.u(95%).Total.SURVEY_LU1_2U13
17.91163, 0.00000,CI.u(95%).Total.SURVEY_LU1_2U14
38.078672, 7.605791,CI.u(95%).Total.SURVEY_LU1_2U21
266.63934, 46.23572,CI.u(95%).Total.SURVEY_LU1_2U22
2390.841,2183.529,CI.u(95%).Total.SURVEY_LU1_2U31
114.44157, 16.11985,CI.u(95%).Total.SURVEY_LU1_2U32
117.6036,116.3947,CI.u(95%).Total.SURVEY_LU1_2U33
552.8532,377.7536,CI.u(95%).Total.SURVEY_LU1_2U34
433.0757,127.3155,CI.u(95%).Total.SURVEY_LU1_2U35
2094.5191, 920.2442,CI.u(95%).Total.SURVEY_LU1_2U36
2290.996, 935.951,CI.u(95%).Total.SURVEY_LU1_2U37
73.97107,27.81169,CI.u(95%).Total.SURVEY_LU1_2U41
1648.4733, 688.2523,CI.u(95%).Total.SURVEY_LU1_2U42
1202.0810, 457.0933,CI.u(95%).Total.SURVEY_LC1_3A11
364.30347, 59.72702,CI.u(95%).Total.SURVEY_LC1_3A12
160.74375, 81.76457,CI.u(95%).Total.SURVEY_LC1_3A13
1445.9655, 608.3859,CI.u(95%).Total.SURVEY_LC1_3A21
1014.164,1104.148,CI.u(95%).Total.SURVEY_LC1_3A22
 89.94649,209.71211,CI.u(95%).Total.SURVEY_LC1_3A30
4.36294,0.00000,CI.u(95%).Total.SURVEY_LC1_3Axx
 36.89459,588.36490,CI.u(95%).Total.SURVEY_LC1_3B11
0.000000,3.978989,CI.u(95%).Total.SURVEY_LC1_3B12
 15.80589,124.99960,CI.u(95%).Total.SURVEY_LC1_3B13
 0.00000,36.51672,CI.u(95%).Total.SURVEY_LC1_3B14
3.978989,4.310682,CI.u(95%).Total.SURVEY_LC1_3B15
 228.8575,1235.6942,CI.u(95%).Total.SURVEY_LC1_3B16
 0.00000,15.85523,CI.u(95%).Total.SURVEY_LC1_3B18
39.00094, 0.00000,CI.u(95%).Total.SURVEY_LC1_3B19
 89.01948,879.02255,CI.u(95%).Total.SURVEY_LC1_3B21
 37.66206,448.49702,CI.u(95%).Total.SURVEY_LC1_3B22
 22.67158,236.07557,CI.u(95%).Total.SURVEY_LC1_3B23
0.000000,3.903829,CI.u(95%).Total.SURVEY_LC1_3B31
 3.851934,48.995899,CI.u(95%).Total.SURVEY_LC1_3B32
 7.698052,54.155296,CI.u(95%).Total.SURVEY_LC1_3B35
0.000000,3.774126,CI.u(95%).Total.SURVEY_LC1_3B37
 0.0000,19.2214,CI.u(95%).Total.SURVEY_LC1_3B41
 24.15663,247.63406,CI.u(95%).Total.SURVEY_LC1_3B43
 17.23645,133.49234,CI.u(95%).Total.SURVEY_LC1_3B44
 0.000,15.035,CI.u(95%).Total.SURVEY_LC1_3B45
 0.00000,42.36548,CI.u(95%).Total.SURVEY_LC1_3B51
 7.798013,22.467915,CI.u(95%).Total.SURVEY_LC1_3B52
 0.00000,69.69813,CI.u(95%).Total.SURVEY_LC1_3B53
 0.00000,11.45101,CI.u(95%).Total.SURVEY_LC1_3B54
 92.03813,928.02521,CI.u(95%).Total.SURVEY_LC1_3B55
43.06121,67.01360,CI.u(95%).Total.SURVEY_LC1_3B71
28.26569,48.84152,CI.u(95%).Total.SURVEY_LC1_3B72
 7.846102,11.341261,CI.u(95%).Total.SURVEY_LC1_3B73
 7.701293,16.737535,CI.u(95%).Total.SURVEY_LC1_3B75
15.21232,68.45749,CI.u(95%).Total.SURVEY_LC1_3B83
 0.00000,10.94807,CI.u(95%).Total.SURVEY_LC1_3B84
2112.68,   0.00,CI.u(95%).Total.SURVEY_LC1_3Bx1
80.07351, 0.00000,CI.u(95%).Total.SURVEY_LC1_3Bx2
1583.159,2066.149,CI.u(95%).Total.SURVEY_LC1_3C10
137.9001,175.3873,CI.u(95%).Total.SURVEY_LC1_3C21
378.7365,339.0139,CI.u(95%).Total.SURVEY_LC1_3C22
49.43516,85.28375,CI.u(95%).Total.SURVEY_LC1_3C23
132.2993,  0.0000,CI.u(95%).Total.SURVEY_LC1_3C2x
11.45390,57.99481,CI.u(95%).Total.SURVEY_LC1_3C31
 54.2751,507.2057,CI.u(95%).Total.SURVEY_LC1_3C32
211.2628,474.5039,CI.u(95%).Total.SURVEY_LC1_3C33
137.0546,  0.0000,CI.u(95%).Total.SURVEY_LC1_3C3x
84.49258,46.57207,CI.u(95%).Total.SURVEY_LC1_3D10
444.3507,130.8831,CI.u(95%).Total.SURVEY_LC1_3D20
234.5183,215.6770,CI.u(95%).Total.SURVEY_LC1_3E10
5845.599,6146.042,CI.u(95%).Total.SURVEY_LC1_3E20
3.822799,0.000000,CI.u(95%).Total.SURVEY_LC1_3E2x
131.7834,242.4336,CI.u(95%).Total.SURVEY_LC1_3E30
144.46599, 31.97117,CI.u(95%).Total.SURVEY_LC1_3F20
1085.4889, 233.3159,CI.u(95%).Total.SURVEY_LC1_3F40
7.957978,0.000000,CI.u(95%).Total.SURVEY_LC1_3F4x
1501.6103, 113.9322,CI.u(95%).Total.SURVEY_LC1_3G11
61.10596, 0.00000,CI.u(95%).Total.SURVEY_LC1_3G12
690.6178,322.6822,CI.u(95%).Total.SURVEY_LC1_3G21
31.75327, 0.00000,CI.u(95%).Total.SURVEY_LC1_3G22
4.427939,0.000000,CI.u(95%).Total.SURVEY_LC1_3G2x
71.73367, 0.00000,CI.u(95%).Total.SURVEY_LC1_3G30
8.028986,0.000000,CI.u(95%).Total.SURVEY_LC1_3G40
195.41004, 62.38414,CI.u(95%).Total.SURVEY_LC1_3H11
12.261677, 7.836269,CI.u(95%).Total.SURVEY_LC1_3H12
58.048568, 4.210552,CI.u(95%).Total.SURVEY_LC1_3H21
48.68372, 0.00000,CI.u(95%).Total.SURVEY_LC1_3H23
 9104.515,11441.329,CI.u(95%).Total.SURVEY_LU1_3U111
 3.732744,59.208656,CI.u(95%).Total.SURVEY_LU1_3U112
27.03004,47.40865,CI.u(95%).Total.SURVEY_LU1_3U113
1008.193,1868.542,CI.u(95%).Total.SURVEY_LU1_3U120
19.68848, 0.00000,CI.u(95%).Total.SURVEY_LU1_3U130
17.91163, 0.00000,CI.u(95%).Total.SURVEY_LU1_3U140
38.078672, 7.605791,CI.u(95%).Total.SURVEY_LU1_3U210
37.385099, 9.001566,CI.u(95%).Total.SURVEY_LU1_3U221
16.32531, 0.00000,CI.u(95%).Total.SURVEY_LU1_3U222
63.683813, 5.294969,CI.u(95%).Total.SURVEY_LU1_3U223
32.52205,10.71533,CI.u(95%).Total.SURVEY_LU1_3U224
43.70067, 5.28909,CI.u(95%).Total.SURVEY_LU1_3U225
94.42445,15.93477,CI.u(95%).Total.SURVEY_LU1_3U226
26.02422, 0.00000,CI.u(95%).Total.SURVEY_LU1_3U227
140.65008, 56.50125,CI.u(95%).Total.SURVEY_LU1_3U311
1202.693,1783.410,CI.u(95%).Total.SURVEY_LU1_3U312
756.7613,117.4456,CI.u(95%).Total.SURVEY_LU1_3U313
58.83627, 0.00000,CI.u(95%).Total.SURVEY_LU1_3U314
3.794297,0.000000,CI.u(95%).Total.SURVEY_LU1_3U316
262.75557, 56.57962,CI.u(95%).Total.SURVEY_LU1_3U317
 67.86746,110.35557,CI.u(95%).Total.SURVEY_LU1_3U318
 36.6829,116.0256,CI.u(95%).Total.SURVEY_LU1_3U319
62.67613,10.33116,CI.u(95%).Total.SURVEY_LU1_3U321
59.074441, 5.788684,CI.u(95%).Total.SURVEY_LU1_3U322
117.6036,116.3947,CI.u(95%).Total.SURVEY_LU1_3U330
529.0934,373.8942,CI.u(95%).Total.SURVEY_LU1_3U341
41.358639, 3.859384,CI.u(95%).Total.SURVEY_LU1_3U342
433.0757,127.3155,CI.u(95%).Total.SURVEY_LU1_3U350
1869.0586, 771.4971,CI.u(95%).Total.SURVEY_LU1_3U361
258.7888,173.0985,CI.u(95%).Total.SURVEY_LU1_3U362
2290.996, 935.951,CI.u(95%).Total.SURVEY_LU1_3U370
5.216740,9.687383,CI.u(95%).Total.SURVEY_LU1_3U411
7.702445,0.000000,CI.u(95%).Total.SURVEY_LU1_3U414
61.05188,18.12431,CI.u(95%).Total.SURVEY_LU1_3U415
1648.4733, 688.2523,CI.u(95%).Total.SURVEY_LU1_3U420
13722.38,14474.22,CI.u(95%).Total.settlement0
5805.820,4040.795,CI.u(95%).Total.settlement1
0.3259629,0.2268670,CI.u(95%).Total.settl_pc
17751.64,15707.14,CI.u(95%).Total.fao_class_name0
1354.330,2081.991,CI.u(95%).Total.fao_class_name1
48.59347,39.14995,CI.u(95%).Total.fao_class_name2
452.3392,789.9246,CI.u(95%).Total.fao_class_name3
14506.66,16297.24,CI.u(95%).Total.lue0
5151.594,2233.873,CI.u(95%).Total.lue1
16763.35,16126.57,CI.u(95%).Total.lud0
2869.555,2369.885,CI.u(95%).Total.lud1
0.005784283,0.006141685,CV.Total.area
0.01537471,0.02143345,CV.Total.SURVEY_LC1_1A
0.002109211,0.002948697,CV.Total.SURVEY_LC1_1B
0.03754710,0.02571576,CV.Total.SURVEY_LC1_1C
0.01424353,0.01090770,CV.Total.SURVEY_LC1_1D
0.011188377,0.009457246,CV.Total.SURVEY_LC1_1E
0.008026686,0.071341493,CV.Total.SURVEY_LC1_1F
0.003371113,0.012325629,CV.Total.SURVEY_LC1_1G
0.01558927,0.00000000,CV.Total.SURVEY_LC1_1H
0.009390308,0.007772432,CV.Total.SURVEY_LU1_1U1
0.0714665,0.0000000,CV.Total.SURVEY_LU1_1U2
0.009682439,0.020331377,CV.Total.SURVEY_LU1_1U3
0.02088676,0.02173910,CV.Total.SURVEY_LU1_1U4
0.05082665,0.05077045,CV.Total.SURVEY_LC1_2A1
0.03317928,0.02641622,CV.Total.SURVEY_LC1_2A2
0.00000000,0.09285467,CV.Total.SURVEY_LC1_2A3
  0,NA,CV.Total.SURVEY_LC1_2Ax
0.005871673,0.007838967,CV.Total.SURVEY_LC1_2B1
0,0,CV.Total.SURVEY_LC1_2B2
0,0,CV.Total.SURVEY_LC1_2B3
0,0,CV.Total.SURVEY_LC1_2B4
0.000000000,0.002156371,CV.Total.SURVEY_LC1_2B5
0.01958265,0.00000000,CV.Total.SURVEY_LC1_2B7
0.00000000,0.02596363,CV.Total.SURVEY_LC1_2B8
0.002565978,NA,CV.Total.SURVEY_LC1_2Bx
0.02142965,0.03411197,CV.Total.SURVEY_LC1_2C1
0.1642265,0.1450794,CV.Total.SURVEY_LC1_2C2
0.17241699,0.09697609,CV.Total.SURVEY_LC1_2C3
0,0,CV.Total.SURVEY_LC1_2D1
0.01704238,0.01490235,CV.Total.SURVEY_LC1_2D2
0.03796608,0.02766744,CV.Total.SURVEY_LC1_2E1
0.01185479,0.01012803,CV.Total.SURVEY_LC1_2E2
0.042275119,0.005614422,CV.Total.SURVEY_LC1_2E3
0.05957339,0.00000000,CV.Total.SURVEY_LC1_2F2
0.00547829,0.08270199,CV.Total.SURVEY_LC1_2F4
0.0177816,0.0000000,CV.Total.SURVEY_LC1_2G1
0.03589035,0.01682102,CV.Total.SURVEY_LC1_2G2
0.3669902,NA,CV.Total.SURVEY_LC1_2G3
  0,NA,CV.Total.SURVEY_LC1_2G4
0.01727354,0.00000000,CV.Total.SURVEY_LC1_2H1
0.03151611,0.00000000,CV.Total.SURVEY_LC1_2H2
0.007293651,0.005317674,CV.Total.SURVEY_LU1_2U11
0.07498207,0.04804343,CV.Total.SURVEY_LU1_2U12
0.2350369,NA,CV.Total.SURVEY_LU1_2U13
  0,NA,CV.Total.SURVEY_LU1_2U14
0,0,CV.Total.SURVEY_LU1_2U21
0.0833397,0.0000000,CV.Total.SURVEY_LU1_2U22
0.03497635,0.02770641,CV.Total.SURVEY_LU1_2U31
0.121795,0.000000,CV.Total.SURVEY_LU1_2U32
0.0862173,0.0000000,CV.Total.SURVEY_LU1_2U33
0.06076990,0.08054089,CV.Total.SURVEY_LU1_2U34
0.1160144,0.1817244,CV.Total.SURVEY_LU1_2U35
0.03520494,0.07009795,CV.Total.SURVEY_LU1_2U36
0.03400107,0.04266151,CV.Total.SURVEY_LU1_2U37
0.02304306,0.00000000,CV.Total.SURVEY_LU1_2U41
0.02179741,0.02265657,CV.Total.SURVEY_LU1_2U42
0.06627543,0.06390125,CV.Total.SURVEY_LC1_3A11
0.1664769,0.1887616,CV.Total.SURVEY_LC1_3A12
0.06832673,0.00000000,CV.Total.SURVEY_LC1_3A13
0.04876786,0.04698265,CV.Total.SURVEY_LC1_3A21
0.06642313,0.03632215,CV.Total.SURVEY_LC1_3A22
0.00000000,0.09285467,CV.Total.SURVEY_LC1_3A30
  0,NA,CV.Total.SURVEY_LC1_3Axx
0,0,CV.Total.SURVEY_LC1_3B11
NA,  0,CV.Total.SURVEY_LC1_3B12
0,0,CV.Total.SURVEY_LC1_3B13
NA,  0,CV.Total.SURVEY_LC1_3B14
0,0,CV.Total.SURVEY_LC1_3B15
0.008366749,0.012873105,CV.Total.SURVEY_LC1_3B16
NA,  0,CV.Total.SURVEY_LC1_3B18
  0,NA,CV.Total.SURVEY_LC1_3B19
0,0,CV.Total.SURVEY_LC1_3B21
0,0,CV.Total.SURVEY_LC1_3B22
0,0,CV.Total.SURVEY_LC1_3B23
NA,  0,CV.Total.SURVEY_LC1_3B31
0,0,CV.Total.SURVEY_LC1_3B32
0,0,CV.Total.SURVEY_LC1_3B35
NA,  0,CV.Total.SURVEY_LC1_3B37
NA,  0,CV.Total.SURVEY_LC1_3B41
0,0,CV.Total.SURVEY_LC1_3B43
0,0,CV.Total.SURVEY_LC1_3B44
NA,  0,CV.Total.SURVEY_LC1_3B45
NA,  0,CV.Total.SURVEY_LC1_3B51
0,0,CV.Total.SURVEY_LC1_3B52
NA,  0,CV.Total.SURVEY_LC1_3B53
NA,  0,CV.Total.SURVEY_LC1_3B54
0.000000000,0.002497238,CV.Total.SURVEY_LC1_3B55
0.04111273,0.00000000,CV.Total.SURVEY_LC1_3B71
0,0,CV.Total.SURVEY_LC1_3B72
0,0,CV.Total.SURVEY_LC1_3B73
0,0,CV.Total.SURVEY_LC1_3B75
0.00000000,0.02020378,CV.Total.SURVEY_LC1_3B83
NA,0.170735,CV.Total.SURVEY_LC1_3B84
0.00266374,NA,CV.Total.SURVEY_LC1_3Bx1
  0,NA,CV.Total.SURVEY_LC1_3Bx2
0.02142965,0.03411197,CV.Total.SURVEY_LC1_3C10
0.4587827,0.3365709,CV.Total.SURVEY_LC1_3C21
0.2414258,0.2044162,CV.Total.SURVEY_LC1_3C22
0.1663217,0.1984693,CV.Total.SURVEY_LC1_3C23
0.4672529,NA,CV.Total.SURVEY_LC1_3C2x
0.0000000,0.0912399,CV.Total.SURVEY_LC1_3C31
0.08107975,0.15247654,CV.Total.SURVEY_LC1_3C32
0.2283806,0.1683575,CV.Total.SURVEY_LC1_3C33
0.5009899,NA,CV.Total.SURVEY_LC1_3C3x
0,0,CV.Total.SURVEY_LC1_3D10
0.01704238,0.01490235,CV.Total.SURVEY_LC1_3D20
0.03796608,0.02766744,CV.Total.SURVEY_LC1_3E10
0.01186272,0.01012803,CV.Total.SURVEY_LC1_3E20
  0,NA,CV.Total.SURVEY_LC1_3E2x
0.042275119,0.005614422,CV.Total.SURVEY_LC1_3E30
0.05957339,0.00000000,CV.Total.SURVEY_LC1_3F20
0.005518887,0.082701989,CV.Total.SURVEY_LC1_3F40
  0,NA,CV.Total.SURVEY_LC1_3F4x
0.01759446,0.00000000,CV.Total.SURVEY_LC1_3G11
0.1937485,NA,CV.Total.SURVEY_LC1_3G12
0.03421428,0.01682102,CV.Total.SURVEY_LC1_3G21
0.8164966,NA,CV.Total.SURVEY_LC1_3G22
  0,NA,CV.Total.SURVEY_LC1_3G2x
0.3669902,NA,CV.Total.SURVEY_LC1_3G30
  0,NA,CV.Total.SURVEY_LC1_3G40
0.01839651,0.00000000,CV.Total.SURVEY_LC1_3H11
0,0,CV.Total.SURVEY_LC1_3H12
0,0,CV.Total.SURVEY_LC1_3H21
0.07458832,NA,CV.Total.SURVEY_LC1_3H23
0.007314467,0.005367749,CV.Total.SURVEY_LU1_3U111
0,0,CV.Total.SURVEY_LU1_3U112
0.06878338,0.00000000,CV.Total.SURVEY_LU1_3U113
0.07498207,0.04804343,CV.Total.SURVEY_LU1_3U120
0.2350369,NA,CV.Total.SURVEY_LU1_3U130
  0,NA,CV.Total.SURVEY_LU1_3U140
0,0,CV.Total.SURVEY_LU1_3U210
0,0,CV.Total.SURVEY_LU1_3U221
0.5669467,NA,CV.Total.SURVEY_LU1_3U222
0.1541253,0.0000000,CV.Total.SURVEY_LU1_3U223
0.290899,0.000000,CV.Total.SURVEY_LU1_3U224
0.1544919,0.0000000,CV.Total.SURVEY_LU1_3U225
0.2486425,0.0000000,CV.Total.SURVEY_LU1_3U226
0.2514994,NA,CV.Total.SURVEY_LU1_3U227
0.2151252,0.1118203,CV.Total.SURVEY_LU1_3U311
0.05361997,0.03246459,CV.Total.SURVEY_LU1_3U312
0.06999089,0.04904121,CV.Total.SURVEY_LU1_3U313
0.05070577,NA,CV.Total.SURVEY_LU1_3U314
  0,NA,CV.Total.SURVEY_LU1_3U316
0.09131047,0.06217469,CV.Total.SURVEY_LU1_3U317
0.00000000,0.01757455,CV.Total.SURVEY_LU1_3U318
0.0000000,0.1967433,CV.Total.SURVEY_LU1_3U319
0.238046,0.000000,CV.Total.SURVEY_LU1_3U321
0.09683993,0.00000000,CV.Total.SURVEY_LU1_3U322
0.0862173,0.0000000,CV.Total.SURVEY_LU1_3U330
0.06043429,0.08150505,CV.Total.SURVEY_LU1_3U341
0.4968853,0.0000000,CV.Total.SURVEY_LU1_3U342
0.1160144,0.1817244,CV.Total.SURVEY_LU1_3U350
0.03821370,0.08269019,CV.Total.SURVEY_LU1_3U361
0.08859649,0.09809314,CV.Total.SURVEY_LU1_3U362
0.03400107,0.04266151,CV.Total.SURVEY_LU1_3U370
0,0,CV.Total.SURVEY_LU1_3U411
  0,NA,CV.Total.SURVEY_LU1_3U414
0.02818861,0.00000000,CV.Total.SURVEY_LU1_3U415
0.02179741,0.02265657,CV.Total.SURVEY_LU1_3U420
0.007364573,0.007142999,CV.Total.settlement0
0.01037208,0.01850736,CV.Total.settlement1
0.01037208,0.01850736,CV.Total.settl_pc
0.004468043,0.005007256,CV.Total.fao_class_name0
0.06240853,0.04261631,CV.Total.fao_class_name1
0,0,CV.Total.fao_class_name2
0.1231084,0.1017350,CV.Total.fao_class_name3
0.008707975,0.006867688,CV.Total.lue0
0.02034566,0.03435494,CV.Total.lue1
0.008092041,0.006739868,CV.Total.lud0
0.02891759,0.02541917,CV.Total.lud1
