No,Yes,variable
153954.5,157973.5,Total.area
7731.059,4443.925,Total.SURVEY_LC1_1A
40589.20,62228.54,Total.SURVEY_LC1_1B
57890.82,56352.75,Total.SURVEY_LC1_1C
1264.9151, 820.7874,Total.SURVEY_LC1_1D
32396.31,30212.47,Total.SURVEY_LC1_1E
6791.905,3303.520,Total.SURVEY_LC1_1F
4977.3509, 287.5025,Total.SURVEY_LC1_1G
2312.9383, 324.0021,Total.SURVEY_LC1_1H
119992.1,142257.3,Total.SURVEY_LU1_1U1
456.50415, 78.14151,Total.SURVEY_LU1_1U2
19839.158, 8240.778,Total.SURVEY_LU1_1U3
13666.749, 7397.278,Total.SURVEY_LU1_1U4
2902.2090, 970.9733,Total.SURVEY_LC1_2A1
4582.177,3142.191,Total.SURVEY_LC1_2A2
246.6733,330.7606,Total.SURVEY_LC1_2A3
 1918.025,43941.084,Total.SURVEY_LC1_2B1
  86.34219,2896.90092,Total.SURVEY_LC1_2B2
 499.9454,7751.4662,Total.SURVEY_LC1_2B3
 107.0833,1933.4917,Total.SURVEY_LC1_2B4
  29.10152,3029.66072,Total.SURVEY_LC1_2B5
 541.9877,2509.3810,Total.SURVEY_LC1_2B7
 78.2615,166.5570,Total.SURVEY_LC1_2B8
37328.45,    0.00,Total.SURVEY_LC1_2Bx
24815.64,16891.47,Total.SURVEY_LC1_2C1
23947.99,23543.61,Total.SURVEY_LC1_2C2
 9127.193,15917.666,Total.SURVEY_LC1_2C3
429.0788,220.5026,Total.SURVEY_LC1_2D1
835.8364,600.2847,Total.SURVEY_LC1_2D2
1724.031,1146.975,Total.SURVEY_LC1_2E1
29775.93,24384.87,Total.SURVEY_LC1_2E2
 896.3514,4680.6285,Total.SURVEY_LC1_2E3
26.625720, 4.632985,Total.SURVEY_LC1_2F1
368.85197, 65.69915,Total.SURVEY_LC1_2F2
0.000000,7.912777,Total.SURVEY_LC1_2F3
6396.427,3225.275,Total.SURVEY_LC1_2F4
4178.5797, 199.1933,Total.SURVEY_LC1_2G1
798.77118, 88.30917,Total.SURVEY_LC1_2G2
2304.8557, 324.0021,Total.SURVEY_LC1_2H1
8.082593,0.000000,Total.SURVEY_LC1_2H2
67187.04,89586.64,Total.SURVEY_LU1_2U11
51413.04,52535.08,Total.SURVEY_LU1_2U12
641.5753, 37.1789,Total.SURVEY_LU1_2U13
746.27926, 94.40192,Total.SURVEY_LU1_2U14
4.152429,4.000731,Total.SURVEY_LU1_2U15
80.18137,23.39773,Total.SURVEY_LU1_2U21
376.32278, 54.74378,Total.SURVEY_LU1_2U22
5367.008,3678.337,Total.SURVEY_LU1_2U31
119.17277, 42.69365,Total.SURVEY_LU1_2U32
259.1570,340.8119,Total.SURVEY_LU1_2U33
635.489,121.148,Total.SURVEY_LU1_2U34
1629.9788, 170.0685,Total.SURVEY_LU1_2U35
4053.0744, 432.6516,Total.SURVEY_LU1_2U36
7775.277,3455.068,Total.SURVEY_LU1_2U37
423.6153,330.7837,Total.SURVEY_LU1_2U41
13243.134, 7066.494,Total.SURVEY_LU1_2U42
2710.8256, 915.6743,Total.SURVEY_LC1_3A11
127.106933,  4.094752,Total.SURVEY_LC1_3A12
64.27644,51.20429,Total.SURVEY_LC1_3A13
1585.7987, 474.1461,Total.SURVEY_LC1_3A21
2996.378,2668.045,Total.SURVEY_LC1_3A22
246.6733,330.7606,Total.SURVEY_LC1_3A30
  442.5502,12360.2881,Total.SURVEY_LC1_3B11
 27.27304,217.21675,Total.SURVEY_LC1_3B12
 120.4221,3622.5921,Total.SURVEY_LC1_3B13
 174.6721,4887.9894,Total.SURVEY_LC1_3B14
  16.58285,4243.92018,Total.SURVEY_LC1_3B15
  947.1044,10981.5721,Total.SURVEY_LC1_3B16
 148.9308,6692.2886,Total.SURVEY_LC1_3B18
 40.48944,935.21644,Total.SURVEY_LC1_3B19
  31.13908,1393.37754,Total.SURVEY_LC1_3B21
  40.7157,1115.6672,Total.SURVEY_LC1_3B22
 14.48742,387.85619,Total.SURVEY_LC1_3B23
 57.7843,348.9603,Total.SURVEY_LC1_3B31
 415.9327,6426.7299,Total.SURVEY_LC1_3B32
 16.29943,266.99368,Total.SURVEY_LC1_3B33
0.00000,3.78675,Total.SURVEY_LC1_3B34
  9.928949,520.377775,Total.SURVEY_LC1_3B35
 0.00000,29.91824,Total.SURVEY_LC1_3B36
  0.0000,154.6996,Total.SURVEY_LC1_3B37
  41.22993,1212.81942,Total.SURVEY_LC1_3B41
 0.00000,55.15044,Total.SURVEY_LC1_3B42
 29.65786,399.73055,Total.SURVEY_LC1_3B43
20.93359,26.85371,Total.SURVEY_LC1_3B44
 15.26193,238.93758,Total.SURVEY_LC1_3B45
  0.0000,221.7729,Total.SURVEY_LC1_3B51
 18.85046,468.75629,Total.SURVEY_LC1_3B52
  0.0000,640.9068,Total.SURVEY_LC1_3B53
  0.0000,383.6093,Total.SURVEY_LC1_3B54
  10.25105,1314.61548,Total.SURVEY_LC1_3B55
 371.4209,1143.7291,Total.SURVEY_LC1_3B71
 13.08354,108.04417,Total.SURVEY_LC1_3B72
 75.74373,247.79675,Total.SURVEY_LC1_3B73
 3.824607,97.866883,Total.SURVEY_LC1_3B74
 77.91491,911.94407,Total.SURVEY_LC1_3B75
 0.00000,14.63658,Total.SURVEY_LC1_3B82
42.51599,46.67250,Total.SURVEY_LC1_3B83
 35.74551,105.24788,Total.SURVEY_LC1_3B84
36259.7,    0.0,Total.SURVEY_LC1_3Bx1
1052.756,   0.000,Total.SURVEY_LC1_3Bx2
15.98851, 0.00000,Total.SURVEY_LC1_3Bxx
24815.64,16891.47,Total.SURVEY_LC1_3C10
2027.957,2165.805,Total.SURVEY_LC1_3C21
21423.91,21121.26,Total.SURVEY_LC1_3C22
203.5526,256.5491,Total.SURVEY_LC1_3C23
292.5767,  0.0000,Total.SURVEY_LC1_3C2x
1052.937,1356.644,Total.SURVEY_LC1_3C31
 3656.734,12602.573,Total.SURVEY_LC1_3C32
4300.363,1958.448,Total.SURVEY_LC1_3C33
117.1585,  0.0000,Total.SURVEY_LC1_3C3x
429.0788,220.5026,Total.SURVEY_LC1_3D10
835.8364,600.2847,Total.SURVEY_LC1_3D20
1724.031,1146.975,Total.SURVEY_LC1_3E10
29775.93,24384.87,Total.SURVEY_LC1_3E20
 896.3514,4680.6285,Total.SURVEY_LC1_3E30
26.625720, 4.632985,Total.SURVEY_LC1_3F10
368.85197, 65.69915,Total.SURVEY_LC1_3F20
0.000000,7.912777,Total.SURVEY_LC1_3F30
6396.427,3225.275,Total.SURVEY_LC1_3F40
4178.5797, 199.1933,Total.SURVEY_LC1_3G11
798.77118, 88.30917,Total.SURVEY_LC1_3G21
2272.7369, 324.0021,Total.SURVEY_LC1_3H11
32.11873, 0.00000,Total.SURVEY_LC1_3H12
8.082593,0.000000,Total.SURVEY_LC1_3H21
66649.97,86781.28,Total.SURVEY_LU1_3U111
 154.151,2319.719,Total.SURVEY_LU1_3U112
382.9214,485.6446,Total.SURVEY_LU1_3U113
51413.04,52535.08,Total.SURVEY_LU1_3U120
641.5753, 37.1789,Total.SURVEY_LU1_3U130
746.27926, 94.40192,Total.SURVEY_LU1_3U140
4.152429,4.000731,Total.SURVEY_LU1_3U150
80.18137,23.39773,Total.SURVEY_LU1_3U210
65.16975, 5.70466,Total.SURVEY_LU1_3U221
3.951987,0.000000,Total.SURVEY_LU1_3U222
74.946082, 3.979159,Total.SURVEY_LU1_3U223
28.610996, 8.012248,Total.SURVEY_LU1_3U224
47.64927, 7.80858,Total.SURVEY_LU1_3U225
91.574505, 3.778356,Total.SURVEY_LU1_3U226
39.68931,25.46078,Total.SURVEY_LU1_3U227
24.73088, 0.00000,Total.SURVEY_LU1_3U228
484.90072, 93.41816,Total.SURVEY_LU1_3U311
3327.668,3154.732,Total.SURVEY_LU1_3U312
566.67537, 28.74297,Total.SURVEY_LU1_3U313
152.586029,  3.824607,Total.SURVEY_LU1_3U314
9.769123,0.000000,Total.SURVEY_LU1_3U315
3.885895,0.000000,Total.SURVEY_LU1_3U316
620.9004, 84.7314,Total.SURVEY_LU1_3U317
41.16335,41.56737,Total.SURVEY_LU1_3U318
159.4592,271.3209,Total.SURVEY_LU1_3U319
51.20282,34.32468,Total.SURVEY_LU1_3U321
67.969946, 8.368972,Total.SURVEY_LU1_3U322
259.1570,340.8119,Total.SURVEY_LU1_3U330
557.91781, 97.19501,Total.SURVEY_LU1_3U341
77.57117,23.95302,Total.SURVEY_LU1_3U342
1629.9788, 170.0685,Total.SURVEY_LU1_3U350
3770.8110, 347.8187,Total.SURVEY_LU1_3U361
282.26347, 84.83284,Total.SURVEY_LU1_3U362
7775.277,3455.068,Total.SURVEY_LU1_3U370
133.098947,  8.683338,Total.SURVEY_LU1_3U411
20.844397, 8.174247,Total.SURVEY_LU1_3U413
173.2517,114.6005,Total.SURVEY_LU1_3U414
 96.42028,199.32565,Total.SURVEY_LU1_3U415
13243.134, 7066.494,Total.SURVEY_LU1_3U420
137268.1,149619.6,Total.settlement0
16686.376, 8353.898,Total.settlement1
0.4540049,0.2272938,Total.settl_pc
 97510.46,100404.90,Total.fao_class_name0
55003.31,54715.75,Total.fao_class_name1
512.8996,498.8005,Total.fao_class_name2
 927.8268,2354.0487,Total.fao_class_name3
139860.7,153794.6,Total.lue0
14093.820, 4178.936,Total.lue1
147006.4,153739.1,Total.lud0
6948.121,4234.386,Total.lud1
2303.078,2248.160,SE.Total.area
446.7991,249.9796,SE.Total.SURVEY_LC1_1A
363.9519,411.5310,SE.Total.SURVEY_LC1_1B
2272.105,2229.609,SE.Total.SURVEY_LC1_1C
103.37385, 70.59465,SE.Total.SURVEY_LC1_1D
582.7183,485.2302,SE.Total.SURVEY_LC1_1E
385.9745,146.0907,SE.Total.SURVEY_LC1_1F
63.76315,13.49991,SE.Total.SURVEY_LC1_1G
81.89767,20.71824,SE.Total.SURVEY_LC1_1H
2301.373,2250.821,SE.Total.SURVEY_LU1_1U1
39.244182, 4.869713,SE.Total.SURVEY_LU1_1U2
626.8476,329.0870,SE.Total.SURVEY_LU1_1U3
726.6197,239.4119,SE.Total.SURVEY_LU1_1U4
178.25126, 91.77401,SE.Total.SURVEY_LC1_2A1
453.2259,235.7780,SE.Total.SURVEY_LC1_2A2
37.62579,55.35001,SE.Total.SURVEY_LC1_2A3
 91.86771,377.73565,SE.Total.SURVEY_LC1_2B1
 15.65995,120.16716,SE.Total.SURVEY_LC1_2B2
 47.08412,203.49229,SE.Total.SURVEY_LC1_2B3
21.03486,99.79352,SE.Total.SURVEY_LC1_2B4
 12.91767,119.64346,SE.Total.SURVEY_LC1_2B5
 78.29973,150.06315,SE.Total.SURVEY_LC1_2B7
15.23223,40.20895,SE.Total.SURVEY_LC1_2B8
358.212,  0.000,SE.Total.SURVEY_LC1_2Bx
1683.353,1549.819,SE.Total.SURVEY_LC1_2C1
1731.914,1877.203,SE.Total.SURVEY_LC1_2C2
1313.524,1750.353,SE.Total.SURVEY_LC1_2C3
53.04261,24.68789,SE.Total.SURVEY_LC1_2D1
90.04215,66.13805,SE.Total.SURVEY_LC1_2D2
116.34964, 60.29239,SE.Total.SURVEY_LC1_2E1
577.1799,350.9914,SE.Total.SURVEY_LC1_2E2
 47.46024,335.09300,SE.Total.SURVEY_LC1_2E3
0,0,SE.Total.SURVEY_LC1_2F1
57.75216,19.78505,SE.Total.SURVEY_LC1_2F2
0,0,SE.Total.SURVEY_LC1_2F3
381.8022,144.7473,SE.Total.SURVEY_LC1_2F4
84.79126,13.49991,SE.Total.SURVEY_LC1_2G1
67.26971, 0.00000,SE.Total.SURVEY_LC1_2G2
81.89767,20.71824,SE.Total.SURVEY_LC1_2H1
0,0,SE.Total.SURVEY_LC1_2H2
438.0111,441.5725,SE.Total.SURVEY_LU1_2U11
2263.007,2213.016,SE.Total.SURVEY_LU1_2U12
79.558929, 1.049277,SE.Total.SURVEY_LU1_2U13
58.42674,12.46401,SE.Total.SURVEY_LU1_2U14
0,0,SE.Total.SURVEY_LU1_2U15
15.570606, 3.120276,SE.Total.SURVEY_LU1_2U21
36.023077, 3.738714,SE.Total.SURVEY_LU1_2U22
455.0888,243.4301,SE.Total.SURVEY_LU1_2U31
15.843277, 7.557715,SE.Total.SURVEY_LU1_2U32
27.82867,34.49387,SE.Total.SURVEY_LU1_2U33
100.32894, 45.44101,SE.Total.SURVEY_LU1_2U34
415.05211, 43.04548,SE.Total.SURVEY_LU1_2U35
157.4185, 28.9758,SE.Total.SURVEY_LU1_2U36
234.2870,218.9268,SE.Total.SURVEY_LU1_2U37
67.44809,37.21518,SE.Total.SURVEY_LU1_2U41
724.0896,237.2530,SE.Total.SURVEY_LU1_2U42
176.15576, 91.40517,SE.Total.SURVEY_LC1_3A11
35.78762, 0.00000,SE.Total.SURVEY_LC1_3A12
16.565115, 8.233152,SE.Total.SURVEY_LC1_3A13
143.23328, 44.37078,SE.Total.SURVEY_LC1_3A21
438.4775,233.3429,SE.Total.SURVEY_LC1_3A22
37.62579,55.35001,SE.Total.SURVEY_LC1_3A30
 46.7568,238.8623,SE.Total.SURVEY_LC1_3B11
11.85422,28.92280,SE.Total.SURVEY_LC1_3B12
 24.69706,133.27324,SE.Total.SURVEY_LC1_3B13
 26.77166,148.33284,SE.Total.SURVEY_LC1_3B14
  6.313834,142.634034,SE.Total.SURVEY_LC1_3B15
 63.78607,234.07032,SE.Total.SURVEY_LC1_3B16
 24.30727,173.03015,SE.Total.SURVEY_LC1_3B18
15.70816,73.91542,SE.Total.SURVEY_LC1_3B19
 8.247856,80.297014,SE.Total.SURVEY_LC1_3B21
10.53226,77.64884,SE.Total.SURVEY_LC1_3B22
 8.141162,46.991398,SE.Total.SURVEY_LC1_3B23
15.15773,42.61633,SE.Total.SURVEY_LC1_3B31
 43.20681,185.94189,SE.Total.SURVEY_LC1_3B32
 8.27563,41.31105,SE.Total.SURVEY_LC1_3B33
0,0,SE.Total.SURVEY_LC1_3B34
 7.557715,60.229817,SE.Total.SURVEY_LC1_3B35
 0.00000,16.03563,SE.Total.SURVEY_LC1_3B36
 0.00000,32.22985,SE.Total.SURVEY_LC1_3B37
12.27718,78.72368,SE.Total.SURVEY_LC1_3B41
 0.00000,23.91985,SE.Total.SURVEY_LC1_3B42
15.57405,44.67465,SE.Total.SURVEY_LC1_3B43
5.498386,7.195500,SE.Total.SURVEY_LC1_3B44
 4.672519,35.364993,SE.Total.SURVEY_LC1_3B45
 0.00000,31.86248,SE.Total.SURVEY_LC1_3B51
10.16378,48.94168,SE.Total.SURVEY_LC1_3B52
 0.0000,54.9142,SE.Total.SURVEY_LC1_3B53
 0.00000,54.74345,SE.Total.SURVEY_LC1_3B54
 7.972685,71.468696,SE.Total.SURVEY_LC1_3B55
 75.65531,131.18989,SE.Total.SURVEY_LC1_3B71
 1.311097,37.559672,SE.Total.SURVEY_LC1_3B72
18.77774,32.28834,SE.Total.SURVEY_LC1_3B73
 0.00000,13.90298,SE.Total.SURVEY_LC1_3B74
 7.420812,82.823270,SE.Total.SURVEY_LC1_3B75
 0.00000,12.37017,SE.Total.SURVEY_LC1_3B82
11.71150,12.79784,SE.Total.SURVEY_LC1_3B83
 9.739693,36.054869,SE.Total.SURVEY_LC1_3B84
346.429,  0.000,SE.Total.SURVEY_LC1_3Bx1
94.87633, 0.00000,SE.Total.SURVEY_LC1_3Bx2
5.232879,0.000000,SE.Total.SURVEY_LC1_3Bxx
1683.353,1549.819,SE.Total.SURVEY_LC1_3C10
404.0720,731.0691,SE.Total.SURVEY_LC1_3C21
1701.225,1791.688,SE.Total.SURVEY_LC1_3C22
 39.33772,204.36825,SE.Total.SURVEY_LC1_3C23
40.66901, 0.00000,SE.Total.SURVEY_LC1_3C2x
473.6545,566.2837,SE.Total.SURVEY_LC1_3C31
 643.9817,1595.2418,SE.Total.SURVEY_LC1_3C32
1064.2571, 665.4798,SE.Total.SURVEY_LC1_3C33
35.66941, 0.00000,SE.Total.SURVEY_LC1_3C3x
53.04261,24.68789,SE.Total.SURVEY_LC1_3D10
90.04215,66.13805,SE.Total.SURVEY_LC1_3D20
116.34964, 60.29239,SE.Total.SURVEY_LC1_3E10
577.1799,350.9914,SE.Total.SURVEY_LC1_3E20
 47.46024,335.09300,SE.Total.SURVEY_LC1_3E30
0,0,SE.Total.SURVEY_LC1_3F10
57.75216,19.78505,SE.Total.SURVEY_LC1_3F20
0,0,SE.Total.SURVEY_LC1_3F30
381.8022,144.7473,SE.Total.SURVEY_LC1_3F40
84.79126,13.49991,SE.Total.SURVEY_LC1_3G11
67.26971, 0.00000,SE.Total.SURVEY_LC1_3G21
81.89767,20.71824,SE.Total.SURVEY_LC1_3H11
0,0,SE.Total.SURVEY_LC1_3H12
0,0,SE.Total.SURVEY_LC1_3H21
436.7885,442.5330,SE.Total.SURVEY_LU1_3U111
20.96326,96.64153,SE.Total.SURVEY_LU1_3U112
36.94447,47.20950,SE.Total.SURVEY_LU1_3U113
2263.007,2213.016,SE.Total.SURVEY_LU1_3U120
79.558929, 1.049277,SE.Total.SURVEY_LU1_3U130
58.42674,12.46401,SE.Total.SURVEY_LU1_3U140
0,0,SE.Total.SURVEY_LU1_3U150
15.570606, 3.120276,SE.Total.SURVEY_LU1_3U210
6.951063,3.164376,SE.Total.SURVEY_LU1_3U221
0,0,SE.Total.SURVEY_LU1_3U222
16.62161, 0.00000,SE.Total.SURVEY_LU1_3U223
0.0000000,0.8407667,SE.Total.SURVEY_LU1_3U224
7.736833,0.000000,SE.Total.SURVEY_LU1_3U225
27.84568, 0.00000,SE.Total.SURVEY_LU1_3U226
0.000000,1.804942,SE.Total.SURVEY_LU1_3U227
15.67307, 0.00000,SE.Total.SURVEY_LU1_3U228
51.037576, 3.886521,SE.Total.SURVEY_LU1_3U311
439.6451,237.3793,SE.Total.SURVEY_LU1_3U312
74.98023, 0.00000,SE.Total.SURVEY_LU1_3U313
5.240949,0.000000,SE.Total.SURVEY_LU1_3U314
3.204477,0.000000,SE.Total.SURVEY_LU1_3U315
0,0,SE.Total.SURVEY_LU1_3U316
83.46174,21.21366,SE.Total.SURVEY_LU1_3U317
1.483385,2.794533,SE.Total.SURVEY_LU1_3U318
33.61527,53.33719,SE.Total.SURVEY_LU1_3U319
3.654329,7.557715,SE.Total.SURVEY_LU1_3U321
15.41607, 0.00000,SE.Total.SURVEY_LU1_3U322
27.82867,34.49387,SE.Total.SURVEY_LU1_3U330
95.70160,39.83419,SE.Total.SURVEY_LU1_3U341
30.53686,21.86602,SE.Total.SURVEY_LU1_3U342
415.05211, 43.04548,SE.Total.SURVEY_LU1_3U350
145.8743, 28.5546,SE.Total.SURVEY_LU1_3U361
59.958792, 4.922574,SE.Total.SURVEY_LU1_3U362
234.2870,218.9268,SE.Total.SURVEY_LU1_3U370
45.36638, 0.00000,SE.Total.SURVEY_LU1_3U411
0.000000,5.938453,SE.Total.SURVEY_LU1_3U413
48.55254,27.93628,SE.Total.SURVEY_LU1_3U414
11.56661,23.85934,SE.Total.SURVEY_LU1_3U415
724.0896,237.2530,SE.Total.SURVEY_LU1_3U420
2306.772,2253.721,SE.Total.settlement0
611.3962,328.9434,SE.Total.settlement1
0.01663494,0.00894993,SE.Total.settl_pc
793.8101,546.4491,SE.Total.fao_class_name0
2269.097,2222.062,SE.Total.fao_class_name1
33.00768,52.46031,SE.Total.fao_class_name2
 87.28678,205.31558,SE.Total.fao_class_name3
2297.297,2251.366,SE.Total.lue0
481.7294,229.1552,SE.Total.lue1
2327.509,2252.093,SE.Total.lud0
460.1739,246.2827,SE.Total.lud1
149440.5,153567.2,CI.l(95%).Total.area
6855.349,3953.974,CI.l(95%).Total.SURVEY_LC1_1A
39875.86,61421.96,CI.l(95%).Total.SURVEY_LC1_1B
53437.58,51982.80,CI.l(95%).Total.SURVEY_LC1_1C
1062.3061, 682.4244,CI.l(95%).Total.SURVEY_LC1_1D
31254.20,29261.44,CI.l(95%).Total.SURVEY_LC1_1E
6035.409,3017.187,CI.l(95%).Total.SURVEY_LC1_1F
4852.3774, 261.0431,CI.l(95%).Total.SURVEY_LC1_1G
2152.4218, 283.3951,CI.l(95%).Total.SURVEY_LC1_1H
115481.5,137845.8,CI.l(95%).Total.SURVEY_LU1_1U1
379.58697, 68.59705,CI.l(95%).Total.SURVEY_LU1_1U2
18610.56, 7595.78,CI.l(95%).Total.SURVEY_LU1_1U3
12242.601, 6928.039,CI.l(95%).Total.SURVEY_LU1_1U4
2552.8429, 791.0995,CI.l(95%).Total.SURVEY_LC1_2A1
3693.870,2680.075,CI.l(95%).Total.SURVEY_LC1_2A2
172.9281,222.2766,CI.l(95%).Total.SURVEY_LC1_2A3
 1737.967,43200.735,CI.l(95%).Total.SURVEY_LC1_2B1
  55.64925,2661.37761,CI.l(95%).Total.SURVEY_LC1_2B2
 407.6622,7352.6287,CI.l(95%).Total.SURVEY_LC1_2B3
  65.85574,1737.90000,CI.l(95%).Total.SURVEY_LC1_2B4
   3.783351,2795.163842,CI.l(95%).Total.SURVEY_LC1_2B5
 388.5231,2215.2626,CI.l(95%).Total.SURVEY_LC1_2B7
48.40688,87.74887,CI.l(95%).Total.SURVEY_LC1_2B8
36626.37,    0.00,CI.l(95%).Total.SURVEY_LC1_2Bx
21516.33,13853.89,CI.l(95%).Total.SURVEY_LC1_2C1
20553.50,19864.36,CI.l(95%).Total.SURVEY_LC1_2C2
 6552.732,12487.037,CI.l(95%).Total.SURVEY_LC1_2C3
325.1172,172.1152,CI.l(95%).Total.SURVEY_LC1_2D1
659.3570,470.6566,CI.l(95%).Total.SURVEY_LC1_2D2
1495.990,1028.804,CI.l(95%).Total.SURVEY_LC1_2E1
28644.68,23696.94,CI.l(95%).Total.SURVEY_LC1_2E2
 803.331,4023.858,CI.l(95%).Total.SURVEY_LC1_2E3
26.625720, 4.632985,CI.l(95%).Total.SURVEY_LC1_2F1
255.65982, 26.92117,CI.l(95%).Total.SURVEY_LC1_2F2
0.000000,7.912777,CI.l(95%).Total.SURVEY_LC1_2F3
5648.109,2941.575,CI.l(95%).Total.SURVEY_LC1_2F4
4012.3919, 172.7339,CI.l(95%).Total.SURVEY_LC1_2G1
666.92497, 88.30917,CI.l(95%).Total.SURVEY_LC1_2G2
2144.3392, 283.3951,CI.l(95%).Total.SURVEY_LC1_2H1
8.082593,0.000000,CI.l(95%).Total.SURVEY_LC1_2H2
66328.56,88721.18,CI.l(95%).Total.SURVEY_LU1_2U11
46977.63,48197.65,CI.l(95%).Total.SURVEY_LU1_2U12
485.64267, 35.12235,CI.l(95%).Total.SURVEY_LU1_2U13
631.76496, 69.97291,CI.l(95%).Total.SURVEY_LU1_2U14
4.152429,4.000731,CI.l(95%).Total.SURVEY_LU1_2U15
49.66355,17.28211,CI.l(95%).Total.SURVEY_LU1_2U21
305.71885, 47.41603,CI.l(95%).Total.SURVEY_LU1_2U22
4475.051,3201.223,CI.l(95%).Total.SURVEY_LU1_2U31
88.12051,27.88080,CI.l(95%).Total.SURVEY_LU1_2U32
204.6138,273.2051,CI.l(95%).Total.SURVEY_LU1_2U33
438.84788, 32.08528,CI.l(95%).Total.SURVEY_LU1_2U34
816.49158, 85.70092,CI.l(95%).Total.SURVEY_LU1_2U35
3744.54, 375.86,CI.l(95%).Total.SURVEY_LU1_2U36
7316.083,3025.979,CI.l(95%).Total.SURVEY_LU1_2U37
291.4195,257.8433,CI.l(95%).Total.SURVEY_LU1_2U41
11823.944, 6601.487,CI.l(95%).Total.SURVEY_LU1_2U42
2365.5667, 736.5234,CI.l(95%).Total.SURVEY_LC1_3A11
56.964478, 4.094752,CI.l(95%).Total.SURVEY_LC1_3A12
31.80941,35.06760,CI.l(95%).Total.SURVEY_LC1_3A13
1305.067, 387.181,CI.l(95%).Total.SURVEY_LC1_3A21
2136.978,2210.701,CI.l(95%).Total.SURVEY_LC1_3A22
172.9281,222.2766,CI.l(95%).Total.SURVEY_LC1_3A30
  350.9085,11892.1266,CI.l(95%).Total.SURVEY_LC1_3B11
  4.039194,160.529104,CI.l(95%).Total.SURVEY_LC1_3B12
  72.01678,3361.38133,CI.l(95%).Total.SURVEY_LC1_3B13
 122.2007,4597.2623,CI.l(95%).Total.SURVEY_LC1_3B14
   4.207962,3964.362616,CI.l(95%).Total.SURVEY_LC1_3B15
  822.086,10522.803,CI.l(95%).Total.SURVEY_LC1_3B16
 101.2894,6353.1557,CI.l(95%).Total.SURVEY_LC1_3B18
  9.702015,790.344878,CI.l(95%).Total.SURVEY_LC1_3B19
  14.97358,1235.99828,CI.l(95%).Total.SURVEY_LC1_3B21
 20.07284,963.47825,CI.l(95%).Total.SURVEY_LC1_3B22
 -1.468966,295.754745,CI.l(95%).Total.SURVEY_LC1_3B23
 28.07569,265.43382,CI.l(95%).Total.SURVEY_LC1_3B31
 331.2489,6062.2905,CI.l(95%).Total.SURVEY_LC1_3B32
  0.07949164,186.02550948,CI.l(95%).Total.SURVEY_LC1_3B33
0.00000,3.78675,CI.l(95%).Total.SURVEY_LC1_3B34
 -4.8839,402.3295,CI.l(95%).Total.SURVEY_LC1_3B35
 0.00000,-1.51102,CI.l(95%).Total.SURVEY_LC1_3B36
 0.00000,91.53029,CI.l(95%).Total.SURVEY_LC1_3B37
  17.1671,1058.5238,CI.l(95%).Total.SURVEY_LC1_3B41
0.000000,8.268399,CI.l(95%).Total.SURVEY_LC1_3B42
 -0.8667168,312.1698328,CI.l(95%).Total.SURVEY_LC1_3B43
10.15696,12.75079,CI.l(95%).Total.SURVEY_LC1_3B44
  6.103962,169.623466,CI.l(95%).Total.SURVEY_LC1_3B45
  0.0000,159.3235,CI.l(95%).Total.SURVEY_LC1_3B51
 -1.070184,372.832354,CI.l(95%).Total.SURVEY_LC1_3B52
  0.000,533.277,CI.l(95%).Total.SURVEY_LC1_3B53
  0.0000,276.3141,CI.l(95%).Total.SURVEY_LC1_3B54
  -5.375122,1174.539405,CI.l(95%).Total.SURVEY_LC1_3B55
223.1393,886.6017,CI.l(95%).Total.SURVEY_LC1_3B71
10.51384,34.42856,CI.l(95%).Total.SURVEY_LC1_3B72
 38.94003,184.51277,CI.l(95%).Total.SURVEY_LC1_3B73
 3.824607,70.617548,CI.l(95%).Total.SURVEY_LC1_3B74
 63.37039,749.61345,CI.l(95%).Total.SURVEY_LC1_3B75
 0.000000,-9.608502,CI.l(95%).Total.SURVEY_LC1_3B82
19.56188,21.58919,CI.l(95%).Total.SURVEY_LC1_3B83
16.65606,34.58163,CI.l(95%).Total.SURVEY_LC1_3B84
35580.72,    0.00,CI.l(95%).Total.SURVEY_LC1_3Bx1
866.8019,  0.0000,CI.l(95%).Total.SURVEY_LC1_3Bx2
5.732257,0.000000,CI.l(95%).Total.SURVEY_LC1_3Bxx
21516.33,13853.89,CI.l(95%).Total.SURVEY_LC1_3C10
1235.9908, 732.9355,CI.l(95%).Total.SURVEY_LC1_3C21
18089.57,17609.61,CI.l(95%).Total.SURVEY_LC1_3C22
 126.4521,-144.0053,CI.l(95%).Total.SURVEY_LC1_3C23
212.8669,  0.0000,CI.l(95%).Total.SURVEY_LC1_3C2x
124.5912,246.7486,CI.l(95%).Total.SURVEY_LC1_3C31
2394.553,9475.957,CI.l(95%).Total.SURVEY_LC1_3C32
2214.4577, 654.1319,CI.l(95%).Total.SURVEY_LC1_3C33
47.24774, 0.00000,CI.l(95%).Total.SURVEY_LC1_3C3x
325.1172,172.1152,CI.l(95%).Total.SURVEY_LC1_3D10
659.3570,470.6566,CI.l(95%).Total.SURVEY_LC1_3D20
1495.990,1028.804,CI.l(95%).Total.SURVEY_LC1_3E10
28644.68,23696.94,CI.l(95%).Total.SURVEY_LC1_3E20
 803.331,4023.858,CI.l(95%).Total.SURVEY_LC1_3E30
26.625720, 4.632985,CI.l(95%).Total.SURVEY_LC1_3F10
255.65982, 26.92117,CI.l(95%).Total.SURVEY_LC1_3F20
0.000000,7.912777,CI.l(95%).Total.SURVEY_LC1_3F30
5648.109,2941.575,CI.l(95%).Total.SURVEY_LC1_3F40
4012.3919, 172.7339,CI.l(95%).Total.SURVEY_LC1_3G11
666.92497, 88.30917,CI.l(95%).Total.SURVEY_LC1_3G21
2112.2205, 283.3951,CI.l(95%).Total.SURVEY_LC1_3H11
32.11873, 0.00000,CI.l(95%).Total.SURVEY_LC1_3H12
8.082593,0.000000,CI.l(95%).Total.SURVEY_LC1_3H21
65793.88,85913.93,CI.l(95%).Total.SURVEY_LU1_3U111
 113.0638,2130.3051,CI.l(95%).Total.SURVEY_LU1_3U112
310.5116,393.1156,CI.l(95%).Total.SURVEY_LU1_3U113
46977.63,48197.65,CI.l(95%).Total.SURVEY_LU1_3U120
485.64267, 35.12235,CI.l(95%).Total.SURVEY_LU1_3U130
631.76496, 69.97291,CI.l(95%).Total.SURVEY_LU1_3U140
4.152429,4.000731,CI.l(95%).Total.SURVEY_LU1_3U150
49.66355,17.28211,CI.l(95%).Total.SURVEY_LU1_3U210
51.5459170,-0.4974031,CI.l(95%).Total.SURVEY_LU1_3U221
3.951987,0.000000,CI.l(95%).Total.SURVEY_LU1_3U222
42.368317, 3.979159,CI.l(95%).Total.SURVEY_LU1_3U223
28.610996, 6.364375,CI.l(95%).Total.SURVEY_LU1_3U224
32.48535, 7.80858,CI.l(95%).Total.SURVEY_LU1_3U225
36.997981, 3.778356,CI.l(95%).Total.SURVEY_LU1_3U226
39.68931,21.92315,CI.l(95%).Total.SURVEY_LU1_3U227
-5.987766, 0.000000,CI.l(95%).Total.SURVEY_LU1_3U228
384.86891, 85.80072,CI.l(95%).Total.SURVEY_LU1_3U311
2465.979,2689.477,CI.l(95%).Total.SURVEY_LU1_3U312
419.71683, 28.74297,CI.l(95%).Total.SURVEY_LU1_3U313
142.313958,  3.824607,CI.l(95%).Total.SURVEY_LU1_3U314
3.488464,0.000000,CI.l(95%).Total.SURVEY_LU1_3U315
3.885895,0.000000,CI.l(95%).Total.SURVEY_LU1_3U316
457.31843, 43.15339,CI.l(95%).Total.SURVEY_LU1_3U317
38.25597,36.09019,CI.l(95%).Total.SURVEY_LU1_3U318
 93.5745,166.7819,CI.l(95%).Total.SURVEY_LU1_3U319
44.04047,19.51183,CI.l(95%).Total.SURVEY_LU1_3U321
37.754998, 8.368972,CI.l(95%).Total.SURVEY_LU1_3U322
204.6138,273.2051,CI.l(95%).Total.SURVEY_LU1_3U330
370.34613, 19.12142,CI.l(95%).Total.SURVEY_LU1_3U341
 17.72003,-18.90359,CI.l(95%).Total.SURVEY_LU1_3U342
816.49158, 85.70092,CI.l(95%).Total.SURVEY_LU1_3U350
3484.9027, 291.8527,CI.l(95%).Total.SURVEY_LU1_3U361
164.74640, 75.18477,CI.l(95%).Total.SURVEY_LU1_3U362
7316.083,3025.979,CI.l(95%).Total.SURVEY_LU1_3U370
44.182472, 8.683338,CI.l(95%).Total.SURVEY_LU1_3U411
20.844397,-3.464907,CI.l(95%).Total.SURVEY_LU1_3U413
78.09044,59.84640,CI.l(95%).Total.SURVEY_LU1_3U414
 73.75014,152.56220,CI.l(95%).Total.SURVEY_LU1_3U415
11823.944, 6601.487,CI.l(95%).Total.SURVEY_LU1_3U420
132746.9,145202.4,CI.l(95%).Total.settlement0
15488.062, 7709.181,CI.l(95%).Total.settlement1
0.4214010,0.2097523,CI.l(95%).Total.settl_pc
95954.62,99333.88,CI.l(95%).Total.fao_class_name0
50555.96,50360.59,CI.l(95%).Total.fao_class_name1
448.2057,395.9802,CI.l(95%).Total.fao_class_name2
 756.7478,1951.6376,CI.l(95%).Total.fao_class_name3
135358.1,149382.0,CI.l(95%).Total.lue0
13149.65, 3729.80,CI.l(95%).Total.lue1
142444.5,149325.1,CI.l(95%).Total.lud0
6046.197,3751.681,CI.l(95%).Total.lud1
158468.4,162379.8,CI.u(95%).Total.area
8606.769,4933.876,CI.u(95%).Total.SURVEY_LC1_1A
41302.53,63035.13,CI.u(95%).Total.SURVEY_LC1_1B
62344.07,60722.71,CI.u(95%).Total.SURVEY_LC1_1C
1467.5241, 959.1503,CI.u(95%).Total.SURVEY_LC1_1D
33538.42,31163.51,CI.u(95%).Total.SURVEY_LC1_1E
7548.401,3589.852,CI.u(95%).Total.SURVEY_LC1_1F
5102.3243, 313.9618,CI.u(95%).Total.SURVEY_LC1_1G
2473.4547, 364.6091,CI.u(95%).Total.SURVEY_LC1_1H
124502.7,146668.8,CI.u(95%).Total.SURVEY_LU1_1U1
533.42134, 87.68598,CI.u(95%).Total.SURVEY_LU1_1U2
21067.756, 8885.777,CI.u(95%).Total.SURVEY_LU1_1U3
15090.897, 7866.517,CI.u(95%).Total.SURVEY_LU1_1U4
3251.575,1150.847,CI.u(95%).Total.SURVEY_LC1_2A1
5470.483,3604.308,CI.u(95%).Total.SURVEY_LC1_2A2
320.4185,439.2447,CI.u(95%).Total.SURVEY_LC1_2A3
 2098.082,44681.432,CI.u(95%).Total.SURVEY_LC1_2B1
 117.0351,3132.4242,CI.u(95%).Total.SURVEY_LC1_2B2
 592.2286,8150.3038,CI.u(95%).Total.SURVEY_LC1_2B3
 148.3109,2129.0834,CI.u(95%).Total.SURVEY_LC1_2B4
  54.41968,3264.15759,CI.u(95%).Total.SURVEY_LC1_2B5
 695.4524,2803.4994,CI.u(95%).Total.SURVEY_LC1_2B7
108.1161,245.3650,CI.u(95%).Total.SURVEY_LC1_2B8
38030.53,    0.00,CI.u(95%).Total.SURVEY_LC1_2Bx
28114.95,19929.06,CI.u(95%).Total.SURVEY_LC1_2C1
27342.48,27222.86,CI.u(95%).Total.SURVEY_LC1_2C2
11701.65,19348.29,CI.u(95%).Total.SURVEY_LC1_2C3
533.0404,268.8900,CI.u(95%).Total.SURVEY_LC1_2D1
1012.3157, 729.9129,CI.u(95%).Total.SURVEY_LC1_2D2
1952.073,1265.146,CI.u(95%).Total.SURVEY_LC1_2E1
30907.18,25072.80,CI.u(95%).Total.SURVEY_LC1_2E2
 989.3718,5337.3987,CI.u(95%).Total.SURVEY_LC1_2E3
26.625720, 4.632985,CI.u(95%).Total.SURVEY_LC1_2F1
482.0441,104.4771,CI.u(95%).Total.SURVEY_LC1_2F2
0.000000,7.912777,CI.u(95%).Total.SURVEY_LC1_2F3
7144.746,3508.974,CI.u(95%).Total.SURVEY_LC1_2F4
4344.7675, 225.6526,CI.u(95%).Total.SURVEY_LC1_2G1
930.61739, 88.30917,CI.u(95%).Total.SURVEY_LC1_2G2
2465.3721, 364.6091,CI.u(95%).Total.SURVEY_LC1_2H1
8.082593,0.000000,CI.u(95%).Total.SURVEY_LC1_2H2
68045.53,90452.11,CI.u(95%).Total.SURVEY_LU1_2U11
55848.45,56872.51,CI.u(95%).Total.SURVEY_LU1_2U12
797.50794, 39.23544,CI.u(95%).Total.SURVEY_LU1_2U13
860.7936,118.8309,CI.u(95%).Total.SURVEY_LU1_2U14
4.152429,4.000731,CI.u(95%).Total.SURVEY_LU1_2U15
110.69920, 29.51336,CI.u(95%).Total.SURVEY_LU1_2U21
446.92671, 62.07152,CI.u(95%).Total.SURVEY_LU1_2U22
6258.966,4155.451,CI.u(95%).Total.SURVEY_LU1_2U31
150.2250, 57.5065,CI.u(95%).Total.SURVEY_LU1_2U32
313.7002,408.4186,CI.u(95%).Total.SURVEY_LU1_2U33
832.1301,210.2108,CI.u(95%).Total.SURVEY_LU1_2U34
2443.4660, 254.4361,CI.u(95%).Total.SURVEY_LU1_2U35
4361.6091, 489.4431,CI.u(95%).Total.SURVEY_LU1_2U36
8234.471,3884.156,CI.u(95%).Total.SURVEY_LU1_2U37
555.8111,403.7241,CI.u(95%).Total.SURVEY_LU1_2U41
14662.323, 7531.501,CI.u(95%).Total.SURVEY_LU1_2U42
3056.085,1094.825,CI.u(95%).Total.SURVEY_LC1_3A11
197.249388,  4.094752,CI.u(95%).Total.SURVEY_LC1_3A12
96.74347,67.34097,CI.u(95%).Total.SURVEY_LC1_3A13
1866.5308, 561.1112,CI.u(95%).Total.SURVEY_LC1_3A21
3855.778,3125.389,CI.u(95%).Total.SURVEY_LC1_3A22
320.4185,439.2447,CI.u(95%).Total.SURVEY_LC1_3A30
  534.1918,12828.4495,CI.u(95%).Total.SURVEY_LC1_3B11
 50.50688,273.90439,CI.u(95%).Total.SURVEY_LC1_3B12
 168.8275,3883.8028,CI.u(95%).Total.SURVEY_LC1_3B13
 227.1436,5178.7164,CI.u(95%).Total.SURVEY_LC1_3B14
  28.95773,4523.47775,CI.u(95%).Total.SURVEY_LC1_3B15
 1072.123,11440.341,CI.u(95%).Total.SURVEY_LC1_3B16
 196.5721,7031.4214,CI.u(95%).Total.SURVEY_LC1_3B18
  71.27686,1080.08801,CI.u(95%).Total.SURVEY_LC1_3B19
  47.30458,1550.75680,CI.u(95%).Total.SURVEY_LC1_3B21
  61.35855,1267.85611,CI.u(95%).Total.SURVEY_LC1_3B22
 30.4438,479.9576,CI.u(95%).Total.SURVEY_LC1_3B23
 87.49291,432.48676,CI.u(95%).Total.SURVEY_LC1_3B31
 500.6165,6791.1693,CI.u(95%).Total.SURVEY_LC1_3B32
 32.51937,347.96185,CI.u(95%).Total.SURVEY_LC1_3B33
0.00000,3.78675,CI.u(95%).Total.SURVEY_LC1_3B34
 24.7418,638.4260,CI.u(95%).Total.SURVEY_LC1_3B35
 0.00000,61.34749,CI.u(95%).Total.SURVEY_LC1_3B36
  0.000,217.869,CI.u(95%).Total.SURVEY_LC1_3B37
  65.29276,1367.11501,CI.u(95%).Total.SURVEY_LC1_3B41
  0.0000,102.0325,CI.u(95%).Total.SURVEY_LC1_3B42
 60.18243,487.29126,CI.u(95%).Total.SURVEY_LC1_3B43
31.71023,40.95663,CI.u(95%).Total.SURVEY_LC1_3B44
 24.4199,308.2517,CI.u(95%).Total.SURVEY_LC1_3B45
  0.0000,284.2222,CI.u(95%).Total.SURVEY_LC1_3B51
 38.77111,564.68023,CI.u(95%).Total.SURVEY_LC1_3B52
  0.0000,748.5367,CI.u(95%).Total.SURVEY_LC1_3B53
  0.0000,490.9045,CI.u(95%).Total.SURVEY_LC1_3B54
  25.87723,1454.69155,CI.u(95%).Total.SURVEY_LC1_3B55
 519.7026,1400.8566,CI.u(95%).Total.SURVEY_LC1_3B71
 15.65325,181.65977,CI.u(95%).Total.SURVEY_LC1_3B72
112.5474,311.0807,CI.u(95%).Total.SURVEY_LC1_3B73
  3.824607,125.116217,CI.u(95%).Total.SURVEY_LC1_3B74
  92.45944,1074.27470,CI.u(95%).Total.SURVEY_LC1_3B75
 0.00000,38.88166,CI.u(95%).Total.SURVEY_LC1_3B82
65.47010,71.75581,CI.u(95%).Total.SURVEY_LC1_3B83
 54.83495,175.91412,CI.u(95%).Total.SURVEY_LC1_3B84
36938.69,    0.00,CI.u(95%).Total.SURVEY_LC1_3Bx1
1238.71,   0.00,CI.u(95%).Total.SURVEY_LC1_3Bx2
26.24476, 0.00000,CI.u(95%).Total.SURVEY_LC1_3Bxx
28114.95,19929.06,CI.u(95%).Total.SURVEY_LC1_3C10
2819.924,3598.674,CI.u(95%).Total.SURVEY_LC1_3C21
24758.25,24632.90,CI.u(95%).Total.SURVEY_LC1_3C22
280.6531,657.1035,CI.u(95%).Total.SURVEY_LC1_3C23
372.2865,  0.0000,CI.u(95%).Total.SURVEY_LC1_3C2x
1981.283,2466.540,CI.u(95%).Total.SURVEY_LC1_3C31
 4918.915,15729.190,CI.u(95%).Total.SURVEY_LC1_3C32
6386.269,3262.765,CI.u(95%).Total.SURVEY_LC1_3C33
187.0693,  0.0000,CI.u(95%).Total.SURVEY_LC1_3C3x
533.0404,268.8900,CI.u(95%).Total.SURVEY_LC1_3D10
1012.3157, 729.9129,CI.u(95%).Total.SURVEY_LC1_3D20
1952.073,1265.146,CI.u(95%).Total.SURVEY_LC1_3E10
30907.18,25072.80,CI.u(95%).Total.SURVEY_LC1_3E20
 989.3718,5337.3987,CI.u(95%).Total.SURVEY_LC1_3E30
26.625720, 4.632985,CI.u(95%).Total.SURVEY_LC1_3F10
482.0441,104.4771,CI.u(95%).Total.SURVEY_LC1_3F20
0.000000,7.912777,CI.u(95%).Total.SURVEY_LC1_3F30
7144.746,3508.974,CI.u(95%).Total.SURVEY_LC1_3F40
4344.7675, 225.6526,CI.u(95%).Total.SURVEY_LC1_3G11
930.61739, 88.30917,CI.u(95%).Total.SURVEY_LC1_3G21
2433.2534, 364.6091,CI.u(95%).Total.SURVEY_LC1_3H11
32.11873, 0.00000,CI.u(95%).Total.SURVEY_LC1_3H12
8.082593,0.000000,CI.u(95%).Total.SURVEY_LC1_3H21
67506.06,87648.63,CI.u(95%).Total.SURVEY_LU1_3U111
 195.2382,2509.1330,CI.u(95%).Total.SURVEY_LU1_3U112
455.3313,578.1735,CI.u(95%).Total.SURVEY_LU1_3U113
55848.45,56872.51,CI.u(95%).Total.SURVEY_LU1_3U120
797.50794, 39.23544,CI.u(95%).Total.SURVEY_LU1_3U130
860.7936,118.8309,CI.u(95%).Total.SURVEY_LU1_3U140
4.152429,4.000731,CI.u(95%).Total.SURVEY_LU1_3U150
110.69920, 29.51336,CI.u(95%).Total.SURVEY_LU1_3U210
78.79358,11.90672,CI.u(95%).Total.SURVEY_LU1_3U221
3.951987,0.000000,CI.u(95%).Total.SURVEY_LU1_3U222
107.523847,  3.979159,CI.u(95%).Total.SURVEY_LU1_3U223
28.61100, 9.66012,CI.u(95%).Total.SURVEY_LU1_3U224
62.81318, 7.80858,CI.u(95%).Total.SURVEY_LU1_3U225
146.151028,  3.778356,CI.u(95%).Total.SURVEY_LU1_3U226
39.68931,28.99840,CI.u(95%).Total.SURVEY_LU1_3U227
55.44953, 0.00000,CI.u(95%).Total.SURVEY_LU1_3U228
584.9325,101.0356,CI.u(95%).Total.SURVEY_LU1_3U311
4189.357,3619.987,CI.u(95%).Total.SURVEY_LU1_3U312
713.63392, 28.74297,CI.u(95%).Total.SURVEY_LU1_3U313
162.858101,  3.824607,CI.u(95%).Total.SURVEY_LU1_3U314
16.04978, 0.00000,CI.u(95%).Total.SURVEY_LU1_3U315
3.885895,0.000000,CI.u(95%).Total.SURVEY_LU1_3U316
784.4824,126.3094,CI.u(95%).Total.SURVEY_LU1_3U317
44.07073,47.04455,CI.u(95%).Total.SURVEY_LU1_3U318
225.3440,375.8599,CI.u(95%).Total.SURVEY_LU1_3U319
58.36517,49.13753,CI.u(95%).Total.SURVEY_LU1_3U321
98.184894, 8.368972,CI.u(95%).Total.SURVEY_LU1_3U322
313.7002,408.4186,CI.u(95%).Total.SURVEY_LU1_3U330
745.4895,175.2686,CI.u(95%).Total.SURVEY_LU1_3U341
137.42230, 66.80963,CI.u(95%).Total.SURVEY_LU1_3U342
2443.4660, 254.4361,CI.u(95%).Total.SURVEY_LU1_3U350
4056.7193, 403.7847,CI.u(95%).Total.SURVEY_LU1_3U361
399.78054, 94.48091,CI.u(95%).Total.SURVEY_LU1_3U362
8234.471,3884.156,CI.u(95%).Total.SURVEY_LU1_3U370
222.015421,  8.683338,CI.u(95%).Total.SURVEY_LU1_3U411
20.8444,19.8134,CI.u(95%).Total.SURVEY_LU1_3U413
268.4129,169.3546,CI.u(95%).Total.SURVEY_LU1_3U414
119.0904,246.0891,CI.u(95%).Total.SURVEY_LU1_3U415
14662.323, 7531.501,CI.u(95%).Total.SURVEY_LU1_3U420
141789.3,154036.8,CI.u(95%).Total.settlement0
17884.691, 8998.615,CI.u(95%).Total.settlement1
0.4866088,0.2448354,CI.u(95%).Total.settl_pc
 99066.3,101475.9,CI.u(95%).Total.fao_class_name0
59450.66,59070.91,CI.u(95%).Total.fao_class_name1
577.5934,601.6208,CI.u(95%).Total.fao_class_name2
1098.906,2756.460,CI.u(95%).Total.fao_class_name3
144363.3,158207.2,CI.u(95%).Total.lue0
15037.992, 4628.072,CI.u(95%).Total.lue1
151568.2,158153.1,CI.u(95%).Total.lud0
7850.046,4717.091,CI.u(95%).Total.lud1
0.01495947,0.01423125,CV.Total.area
0.05779274,0.05625198,CV.Total.SURVEY_LC1_1A
0.008966719,0.006613219,CV.Total.SURVEY_LC1_1B
0.03924811,0.03956522,CV.Total.SURVEY_LC1_1C
0.08172394,0.08600845,CV.Total.SURVEY_LC1_1D
0.01798718,0.01606059,CV.Total.SURVEY_LC1_1E
0.05682860,0.04422275,CV.Total.SURVEY_LC1_1F
0.01281066,0.04695581,CV.Total.SURVEY_LC1_1G
0.03540850,0.06394476,CV.Total.SURVEY_LC1_1H
0.01917937,0.01582218,CV.Total.SURVEY_LU1_1U1
0.08596676,0.06231915,CV.Total.SURVEY_LU1_1U2
0.03159648,0.03993397,CV.Total.SURVEY_LU1_1U3
0.05316697,0.03236487,CV.Total.SURVEY_LU1_1U4
0.06141917,0.09451755,CV.Total.SURVEY_LC1_2A1
0.09891061,0.07503618,CV.Total.SURVEY_LC1_2A2
0.1525329,0.1673416,CV.Total.SURVEY_LC1_2A3
0.047897038,0.008596412,CV.Total.SURVEY_LC1_2B1
0.18137081,0.04148128,CV.Total.SURVEY_LC1_2B2
0.09417852,0.02625210,CV.Total.SURVEY_LC1_2B3
0.19643456,0.05161311,CV.Total.SURVEY_LC1_2B4
0.44388302,0.03949071,CV.Total.SURVEY_LC1_2B5
0.14446771,0.05980086,CV.Total.SURVEY_LC1_2B7
0.1946325,0.2414126,CV.Total.SURVEY_LC1_2B8
0.00959622,NA,CV.Total.SURVEY_LC1_2Bx
0.06783435,0.09175153,CV.Total.SURVEY_LC1_2C1
0.07231978,0.07973299,CV.Total.SURVEY_LC1_2C2
0.1439133,0.1099629,CV.Total.SURVEY_LC1_2C3
0.1236198,0.1119619,CV.Total.SURVEY_LC1_2D1
0.1077270,0.1101778,CV.Total.SURVEY_LC1_2D2
0.06748696,0.05256646,CV.Total.SURVEY_LC1_2E1
0.01938411,0.01439382,CV.Total.SURVEY_LC1_2E2
0.05294825,0.07159145,CV.Total.SURVEY_LC1_2E3
0,0,CV.Total.SURVEY_LC1_2F1
0.1565727,0.3011462,CV.Total.SURVEY_LC1_2F2
NA,  0,CV.Total.SURVEY_LC1_2F3
0.05968991,0.04487906,CV.Total.SURVEY_LC1_2F4
0.02029188,0.06777292,CV.Total.SURVEY_LC1_2G1
0.0842165,0.0000000,CV.Total.SURVEY_LC1_2G2
0.03553267,0.06394476,CV.Total.SURVEY_LC1_2H1
  0,NA,CV.Total.SURVEY_LC1_2H2
0.006519279,0.004928999,CV.Total.SURVEY_LU1_2U11
0.04401620,0.04212454,CV.Total.SURVEY_LU1_2U12
0.12400560,0.02822238,CV.Total.SURVEY_LU1_2U13
0.07829071,0.13203135,CV.Total.SURVEY_LU1_2U14
0,0,CV.Total.SURVEY_LU1_2U15
0.1941923,0.1333580,CV.Total.SURVEY_LU1_2U21
0.09572388,0.06829477,CV.Total.SURVEY_LU1_2U22
0.08479376,0.06617938,CV.Total.SURVEY_LU1_2U31
0.1329438,0.1770220,CV.Total.SURVEY_LU1_2U32
0.1073815,0.1012109,CV.Total.SURVEY_LU1_2U33
0.1578768,0.3750867,CV.Total.SURVEY_LU1_2U34
0.2546365,0.2531067,CV.Total.SURVEY_LU1_2U35
0.03883928,0.06697259,CV.Total.SURVEY_LU1_2U36
0.03013230,0.06336397,CV.Total.SURVEY_LU1_2U37
0.1592201,0.1125061,CV.Total.SURVEY_LU1_2U41
0.05467661,0.03357436,CV.Total.SURVEY_LU1_2U42
0.06498233,0.09982280,CV.Total.SURVEY_LC1_3A11
0.2815553,0.0000000,CV.Total.SURVEY_LC1_3A12
0.2577167,0.1607903,CV.Total.SURVEY_LC1_3A13
0.09032248,0.09358039,CV.Total.SURVEY_LC1_3A21
0.14633586,0.08745837,CV.Total.SURVEY_LC1_3A22
0.1525329,0.1673416,CV.Total.SURVEY_LC1_3A30
0.10565310,0.01932498,CV.Total.SURVEY_LC1_3B11
0.4346498,0.1331518,CV.Total.SURVEY_LC1_3B12
0.20508741,0.03678947,CV.Total.SURVEY_LC1_3B13
0.15326804,0.03034639,CV.Total.SURVEY_LC1_3B14
0.38074482,0.03360903,CV.Total.SURVEY_LC1_3B15
0.06734851,0.02131483,CV.Total.SURVEY_LC1_3B16
0.16321189,0.02585515,CV.Total.SURVEY_LC1_3B18
0.38795692,0.07903563,CV.Total.SURVEY_LC1_3B19
0.26487154,0.05762761,CV.Total.SURVEY_LC1_3B21
0.25867813,0.06959857,CV.Total.SURVEY_LC1_3B22
0.5619471,0.1211568,CV.Total.SURVEY_LC1_3B23
0.2623158,0.1221237,CV.Total.SURVEY_LC1_3B31
0.10387932,0.02893258,CV.Total.SURVEY_LC1_3B32
0.5077252,0.1547267,CV.Total.SURVEY_LC1_3B33
NA,  0,CV.Total.SURVEY_LC1_3B34
0.7611797,0.1157425,CV.Total.SURVEY_LC1_3B35
NA,0.5359818,CV.Total.SURVEY_LC1_3B36
NA,0.2083382,CV.Total.SURVEY_LC1_3B37
0.29777345,0.06490965,CV.Total.SURVEY_LC1_3B41
NA,0.43372,CV.Total.SURVEY_LC1_3B42
0.5251239,0.1117619,CV.Total.SURVEY_LC1_3B43
0.2626585,0.2679518,CV.Total.SURVEY_LC1_3B44
0.3061552,0.1480093,CV.Total.SURVEY_LC1_3B45
NA,0.1436717,CV.Total.SURVEY_LC1_3B51
0.5391794,0.1044075,CV.Total.SURVEY_LC1_3B52
NA,0.08568203,CV.Total.SURVEY_LC1_3B53
NA,0.1427063,CV.Total.SURVEY_LC1_3B54
0.77774299,0.05436472,CV.Total.SURVEY_LC1_3B55
0.2036916,0.1147036,CV.Total.SURVEY_LC1_3B71
0.1002096,0.3476326,CV.Total.SURVEY_LC1_3B72
0.2479115,0.1303017,CV.Total.SURVEY_LC1_3B73
0.0000000,0.1420601,CV.Total.SURVEY_LC1_3B74
0.09524252,0.09082056,CV.Total.SURVEY_LC1_3B75
NA,0.8451543,CV.Total.SURVEY_LC1_3B82
0.2754610,0.2742052,CV.Total.SURVEY_LC1_3B83
0.2724732,0.3425710,CV.Total.SURVEY_LC1_3B84
0.009554104,NA,CV.Total.SURVEY_LC1_3Bx1
0.09012185,NA,CV.Total.SURVEY_LC1_3Bx2
0.3272899,NA,CV.Total.SURVEY_LC1_3Bxx
0.06783435,0.09175153,CV.Total.SURVEY_LC1_3C10
0.1992507,0.3375508,CV.Total.SURVEY_LC1_3C21
0.07940781,0.08482867,CV.Total.SURVEY_LC1_3C22
0.1932557,0.7966049,CV.Total.SURVEY_LC1_3C23
0.1390029,NA,CV.Total.SURVEY_LC1_3C2x
0.4498413,0.4174150,CV.Total.SURVEY_LC1_3C31
0.1761084,0.1265806,CV.Total.SURVEY_LC1_3C32
0.2474807,0.3397995,CV.Total.SURVEY_LC1_3C33
0.3044543,NA,CV.Total.SURVEY_LC1_3C3x
0.1236198,0.1119619,CV.Total.SURVEY_LC1_3D10
0.1077270,0.1101778,CV.Total.SURVEY_LC1_3D20
0.06748696,0.05256646,CV.Total.SURVEY_LC1_3E10
0.01938411,0.01439382,CV.Total.SURVEY_LC1_3E20
0.05294825,0.07159145,CV.Total.SURVEY_LC1_3E30
0,0,CV.Total.SURVEY_LC1_3F10
0.1565727,0.3011462,CV.Total.SURVEY_LC1_3F20
NA,  0,CV.Total.SURVEY_LC1_3F30
0.05968991,0.04487906,CV.Total.SURVEY_LC1_3F40
0.02029188,0.06777292,CV.Total.SURVEY_LC1_3G11
0.0842165,0.0000000,CV.Total.SURVEY_LC1_3G21
0.03603482,0.06394476,CV.Total.SURVEY_LC1_3H11
  0,NA,CV.Total.SURVEY_LC1_3H12
  0,NA,CV.Total.SURVEY_LC1_3H21
0.006553469,0.005099407,CV.Total.SURVEY_LU1_3U111
0.13599171,0.04166088,CV.Total.SURVEY_LU1_3U112
0.09648056,0.09720998,CV.Total.SURVEY_LU1_3U113
0.04401620,0.04212454,CV.Total.SURVEY_LU1_3U120
0.12400560,0.02822238,CV.Total.SURVEY_LU1_3U130
0.07829071,0.13203135,CV.Total.SURVEY_LU1_3U140
0,0,CV.Total.SURVEY_LU1_3U150
0.1941923,0.1333580,CV.Total.SURVEY_LU1_3U210
0.1066609,0.5547002,CV.Total.SURVEY_LU1_3U221
  0,NA,CV.Total.SURVEY_LU1_3U222
0.221781,0.000000,CV.Total.SURVEY_LU1_3U223
0.0000000,0.1049352,CV.Total.SURVEY_LU1_3U224
0.1623704,0.0000000,CV.Total.SURVEY_LU1_3U225
0.3040767,0.0000000,CV.Total.SURVEY_LU1_3U226
0.00000000,0.07089109,CV.Total.SURVEY_LU1_3U227
0.6337448,NA,CV.Total.SURVEY_LU1_3U228
0.10525366,0.04160348,CV.Total.SURVEY_LU1_3U311
0.13211809,0.07524547,CV.Total.SURVEY_LU1_3U312
0.132316,0.000000,CV.Total.SURVEY_LU1_3U313
0.0343475,0.0000000,CV.Total.SURVEY_LU1_3U314
0.3280209,NA,CV.Total.SURVEY_LU1_3U315
  0,NA,CV.Total.SURVEY_LU1_3U316
0.1344205,0.2503636,CV.Total.SURVEY_LU1_3U317
0.03603654,0.06722900,CV.Total.SURVEY_LU1_3U318
0.2108080,0.1965834,CV.Total.SURVEY_LU1_3U319
0.07136968,0.22018312,CV.Total.SURVEY_LU1_3U321
0.2268072,0.0000000,CV.Total.SURVEY_LU1_3U322
0.1073815,0.1012109,CV.Total.SURVEY_LU1_3U330
0.1715335,0.4098379,CV.Total.SURVEY_LU1_3U341
0.3936625,0.9128709,CV.Total.SURVEY_LU1_3U342
0.2546365,0.2531067,CV.Total.SURVEY_LU1_3U350
0.03868512,0.08209621,CV.Total.SURVEY_LU1_3U361
0.21242136,0.05802675,CV.Total.SURVEY_LU1_3U362
0.03013230,0.06336397,CV.Total.SURVEY_LU1_3U370
0.340847,0.000000,CV.Total.SURVEY_LU1_3U411
0.0000000,0.7264832,CV.Total.SURVEY_LU1_3U413
0.2802428,0.2437710,CV.Total.SURVEY_LU1_3U414
0.1199604,0.1197003,CV.Total.SURVEY_LU1_3U415
0.05467661,0.03357436,CV.Total.SURVEY_LU1_3U420
0.01680487,0.01506301,CV.Total.settlement0
0.03664044,0.03937603,CV.Total.settlement1
0.03664044,0.03937603,CV.Total.settl_pc
0.008140768,0.005442454,CV.Total.fao_class_name0
0.04125383,0.04061100,CV.Total.fao_class_name1
0.06435505,0.10517293,CV.Total.fao_class_name2
0.09407659,0.08721807,CV.Total.fao_class_name3
0.01642561,0.01463879,CV.Total.lue0
0.03418019,0.05483577,CV.Total.lue1
0.01583271,0.01464880,CV.Total.lud0
0.06622997,0.05816254,CV.Total.lud1
