No,Yes,variable
173834.32, 64563.68,Total.area
4999.792,1772.792,Total.SURVEY_LC1_1A
47849.20,28696.26,Total.SURVEY_LC1_1B
72929.67,10814.04,Total.SURVEY_LC1_1C
3985.993,2599.346,Total.SURVEY_LC1_1D
30969.08,19519.32,Total.SURVEY_LC1_1E
6773.9365, 580.0077,Total.SURVEY_LC1_1F
3287.6082, 339.5713,Total.SURVEY_LC1_1G
3039.0341, 242.3431,Total.SURVEY_LC1_1H
156993.77, 58720.63,Total.SURVEY_LU1_1U1
273.46988, 40.95969,Total.SURVEY_LU1_1U2
7502.553,2112.265,Total.SURVEY_LU1_1U3
9064.522,3689.832,Total.SURVEY_LU1_1U4
1856.3816, 327.8372,Total.SURVEY_LC1_2A1
3027.331,1307.467,Total.SURVEY_LC1_2A2
116.0792,137.4883,Total.SURVEY_LC1_2A3
 2615.386,16501.974,Total.SURVEY_LC1_2B1
 28.44945,341.19709,Total.SURVEY_LC1_2B2
1162.000,6334.458,Total.SURVEY_LC1_2B3
 28.95842,306.46574,Total.SURVEY_LC1_2B4
  92.43022,3030.98593,Total.SURVEY_LC1_2B5
 149.1757,1489.9955,Total.SURVEY_LC1_2B7
 46.16232,691.18065,Total.SURVEY_LC1_2B8
43726.63,    0.00,Total.SURVEY_LC1_2Bx
40913.295, 8538.416,Total.SURVEY_LC1_2C1
10450.277, 2233.812,Total.SURVEY_LC1_2C2
21566.10054,   41.81568,Total.SURVEY_LC1_2C3
2234.476,1162.060,Total.SURVEY_LC1_2D1
1751.516,1437.286,Total.SURVEY_LC1_2D2
8041.530,2097.748,Total.SURVEY_LC1_2E1
21370.83,13785.25,Total.SURVEY_LC1_2E2
1556.726,3636.321,Total.SURVEY_LC1_2E3
296.0290, 13.9415,Total.SURVEY_LC1_2F1
54.69673,30.09732,Total.SURVEY_LC1_2F2
7.996292,0.000000,Total.SURVEY_LC1_2F3
6415.2145, 535.9689,Total.SURVEY_LC1_2F4
1744.72413,  74.12893,Total.SURVEY_LC1_2G1
1542.8840, 265.4423,Total.SURVEY_LC1_2G2
3039.0341, 242.3431,Total.SURVEY_LC1_2H1
82155.30,47983.17,Total.SURVEY_LU1_2U11
73008.48,10585.68,Total.SURVEY_LU1_2U12
1623.96908,  71.88051,Total.SURVEY_LU1_2U13
194.35450, 76.39493,Total.SURVEY_LU1_2U14
11.665893, 3.503292,Total.SURVEY_LU1_2U15
165.7167, 11.1292,Total.SURVEY_LU1_2U21
107.7532, 29.8305,Total.SURVEY_LU1_2U22
3108.816,1287.688,Total.SURVEY_LU1_2U31
112.89126, 16.33092,Total.SURVEY_LU1_2U32
54.60402,64.59706,Total.SURVEY_LU1_2U33
105.036984,  8.206921,Total.SURVEY_LU1_2U34
236.3938,108.9799,Total.SURVEY_LU1_2U35
188.4189, 61.0084,Total.SURVEY_LU1_2U36
3696.3921, 565.4538,Total.SURVEY_LU1_2U37
393.6066,311.4477,Total.SURVEY_LU1_2U41
8670.915,3378.384,Total.SURVEY_LU1_2U42
1714.4945, 295.6574,Total.SURVEY_LC1_3A11
44.91817, 0.00000,Total.SURVEY_LC1_3A12
96.96898,32.17989,Total.SURVEY_LC1_3A13
1214.5186, 150.5137,Total.SURVEY_LC1_3A21
1812.813,1156.953,Total.SURVEY_LC1_3A22
116.0792,137.4883,Total.SURVEY_LC1_3A30
 557.0716,5389.0033,Total.SURVEY_LC1_3B11
151.896,387.988,Total.SURVEY_LC1_3B12
182.1799,923.8162,Total.SURVEY_LC1_3B13
  3.887466,317.295224,Total.SURVEY_LC1_3B14
 23.71864,285.13212,Total.SURVEY_LC1_3B15
1645.464,9085.137,Total.SURVEY_LC1_3B16
51.16859,82.49113,Total.SURVEY_LC1_3B18
 0.00000,31.11166,Total.SURVEY_LC1_3B19
  5.236976,236.310993,Total.SURVEY_LC1_3B21
23.21247,81.29219,Total.SURVEY_LC1_3B22
 0.00000,23.59391,Total.SURVEY_LC1_3B23
 849.9491,4358.6438,Total.SURVEY_LC1_3B31
 255.2311,1506.6982,Total.SURVEY_LC1_3B32
 56.82006,440.40565,Total.SURVEY_LC1_3B33
 0.00000,16.12602,Total.SURVEY_LC1_3B35
 0.00000,12.58461,Total.SURVEY_LC1_3B37
 0.00000,37.31267,Total.SURVEY_LC1_3B41
 0.00000,47.23262,Total.SURVEY_LC1_3B42
 18.75012,212.91661,Total.SURVEY_LC1_3B43
0.000000,9.003842,Total.SURVEY_LC1_3B44
10.20829, 0.00000,Total.SURVEY_LC1_3B45
 0.00000,36.55739,Total.SURVEY_LC1_3B51
  79.57454,2507.65168,Total.SURVEY_LC1_3B52
 12.85568,140.28282,Total.SURVEY_LC1_3B53
 0.00000,71.37126,Total.SURVEY_LC1_3B54
  0.0000,275.1228,Total.SURVEY_LC1_3B55
 64.36649,564.06552,Total.SURVEY_LC1_3B71
 0.00000,92.63716,Total.SURVEY_LC1_3B72
34.06897,44.18208,Total.SURVEY_LC1_3B73
  3.597117,130.974356,Total.SURVEY_LC1_3B74
 47.14312,658.13637,Total.SURVEY_LC1_3B75
 34.62061,666.00135,Total.SURVEY_LC1_3B82
 7.31375,12.37782,Total.SURVEY_LC1_3B83
 4.227956,12.801489,Total.SURVEY_LC1_3B84
40691.79,    0.00,Total.SURVEY_LC1_3Bx1
3034.841,   0.000,Total.SURVEY_LC1_3Bx2
40898.149, 8538.416,Total.SURVEY_LC1_3C10
15.14567, 0.00000,Total.SURVEY_LC1_3C1x
3695.475,1195.231,Total.SURVEY_LC1_3C21
232.17612, 17.13756,Total.SURVEY_LC1_3C22
 138.9417,1021.4431,Total.SURVEY_LC1_3C23
6383.685,   0.000,Total.SURVEY_LC1_3C2x
1533.09806,  20.39833,Total.SURVEY_LC1_3C31
18.554589, 4.458404,Total.SURVEY_LC1_3C32
2367.42353,  16.95895,Total.SURVEY_LC1_3C33
17647.02,    0.00,Total.SURVEY_LC1_3C3x
2230.457,1162.060,Total.SURVEY_LC1_3D10
4.019692,0.000000,Total.SURVEY_LC1_3D1x
1751.516,1437.286,Total.SURVEY_LC1_3D20
8041.530,2097.748,Total.SURVEY_LC1_3E10
21370.83,13785.25,Total.SURVEY_LC1_3E20
1551.206,3636.321,Total.SURVEY_LC1_3E30
5.519323,0.000000,Total.SURVEY_LC1_3E3x
296.0290, 13.9415,Total.SURVEY_LC1_3F10
54.69673,30.09732,Total.SURVEY_LC1_3F20
7.996292,0.000000,Total.SURVEY_LC1_3F30
6410.9775, 535.9689,Total.SURVEY_LC1_3F40
4.236936,0.000000,Total.SURVEY_LC1_3F4x
1740.12939,  74.12893,Total.SURVEY_LC1_3G11
4.594739,0.000000,Total.SURVEY_LC1_3G12
1542.8840, 265.4423,Total.SURVEY_LC1_3G21
3034.8830, 242.3431,Total.SURVEY_LC1_3H11
4.151084,0.000000,Total.SURVEY_LC1_3H12
80563.24,44839.79,Total.SURVEY_LU1_3U111
 899.1609,2887.9507,Total.SURVEY_LU1_3U112
692.9023,255.4223,Total.SURVEY_LU1_3U113
73008.48,10585.68,Total.SURVEY_LU1_3U120
1623.96908,  71.88051,Total.SURVEY_LU1_3U130
194.35450, 76.39493,Total.SURVEY_LU1_3U140
11.665893, 3.503292,Total.SURVEY_LU1_3U150
165.7167, 11.1292,Total.SURVEY_LU1_3U210
10.66856, 0.00000,Total.SURVEY_LU1_3U221
3.968412,0.000000,Total.SURVEY_LU1_3U222
31.65584, 0.00000,Total.SURVEY_LU1_3U223
 8.448114,18.773257,Total.SURVEY_LU1_3U224
8.673999,0.000000,Total.SURVEY_LU1_3U225
27.762310, 7.553947,Total.SURVEY_LU1_3U226
16.575997, 3.503292,Total.SURVEY_LU1_3U227
52.68136,29.34049,Total.SURVEY_LU1_3U311
1820.123,1118.942,Total.SURVEY_LU1_3U312
1029.12440,  54.33529,Total.SURVEY_LU1_3U313
28.298084, 4.010292,Total.SURVEY_LU1_3U314
124.50282, 12.55745,Total.SURVEY_LU1_3U317
45.79518,39.97144,Total.SURVEY_LU1_3U318
 8.291334,28.530261,Total.SURVEY_LU1_3U319
99.40491,16.33092,Total.SURVEY_LU1_3U321
13.48636, 0.00000,Total.SURVEY_LU1_3U322
54.60402,64.59706,Total.SURVEY_LU1_3U330
105.036984,  8.206921,Total.SURVEY_LU1_3U341
236.3938,108.9799,Total.SURVEY_LU1_3U350
133.89019, 49.86739,Total.SURVEY_LU1_3U361
54.52868,11.14100,Total.SURVEY_LU1_3U362
3696.3921, 565.4538,Total.SURVEY_LU1_3U370
127.48213, 27.81171,Total.SURVEY_LU1_3U411
4.189903,0.000000,Total.SURVEY_LU1_3U412
11.93276, 0.00000,Total.SURVEY_LU1_3U413
25.00898,25.96536,Total.SURVEY_LU1_3U414
224.9928,257.6706,Total.SURVEY_LU1_3U415
8670.915,3378.384,Total.SURVEY_LU1_3U420
166894.93, 62410.03,Total.settlement0
6939.385,2153.653,Total.settlement1
0.3641853,0.1130257,Total.settl_pc
105318.30, 52333.17,Total.fao_class_name0
67140.77,10380.53,Total.fao_class_name1
1203.4636, 532.7215,Total.fao_class_name2
 171.7766,1317.2698,Total.fao_class_name3
169608.07, 63820.04,Total.lue0
4226.242, 743.649,Total.lue1
170090.18, 63077.71,Total.lud0
3744.136,1485.970,Total.lud1
2687.005,2471.834,SE.Total.area
161.4135,116.9564,SE.Total.SURVEY_LC1_1A
477.8144,416.0711,SE.Total.SURVEY_LC1_1B
2667.562,2409.432,SE.Total.SURVEY_LC1_1C
149.4598,133.5090,SE.Total.SURVEY_LC1_1D
766.8217,430.7463,SE.Total.SURVEY_LC1_1E
224.35185, 62.94324,SE.Total.SURVEY_LC1_1F
40.74759,20.04908,SE.Total.SURVEY_LC1_1G
107.96385, 21.30287,SE.Total.SURVEY_LC1_1H
2693.584,2470.018,SE.Total.SURVEY_LU1_1U1
14.58049,13.28805,SE.Total.SURVEY_LU1_1U2
163.7224,127.0258,SE.Total.SURVEY_LU1_1U3
219.4144,163.3262,SE.Total.SURVEY_LU1_1U4
143.06876, 43.36937,SE.Total.SURVEY_LC1_2A1
170.1853,106.5911,SE.Total.SURVEY_LC1_2A2
 4.794516,34.686466,SE.Total.SURVEY_LC1_2A3
137.8813,335.6191,SE.Total.SURVEY_LC1_2B1
13.84742,51.57409,SE.Total.SURVEY_LC1_2B2
 90.79909,219.65630,SE.Total.SURVEY_LC1_2B3
 4.890778,45.181810,SE.Total.SURVEY_LC1_2B4
 25.89736,157.83694,SE.Total.SURVEY_LC1_2B5
 28.9081,114.3373,SE.Total.SURVEY_LC1_2B7
12.18978,94.17508,SE.Total.SURVEY_LC1_2B8
470.7583,  0.0000,SE.Total.SURVEY_LC1_2Bx
3204.340,2037.502,SE.Total.SURVEY_LC1_2C1
1937.87,1422.83,SE.Total.SURVEY_LC1_2C2
2924.523441,   9.211081,SE.Total.SURVEY_LC1_2C3
112.32245, 95.92432,SE.Total.SURVEY_LC1_2D1
99.11598,93.10990,SE.Total.SURVEY_LC1_2D2
659.3369,133.4258,SE.Total.SURVEY_LC1_2E1
433.3328,398.4798,SE.Total.SURVEY_LC1_2E2
 92.34493,171.13045,SE.Total.SURVEY_LC1_2E3
32.90971, 0.00000,SE.Total.SURVEY_LC1_2F1
8.469389,3.374727,SE.Total.SURVEY_LC1_2F2
5.654232,0.000000,SE.Total.SURVEY_LC1_2F3
221.7116, 62.8527,SE.Total.SURVEY_LC1_2F4
24.069206, 4.531556,SE.Total.SURVEY_LC1_2G1
38.83096,19.53034,SE.Total.SURVEY_LC1_2G2
107.96385, 21.30287,SE.Total.SURVEY_LC1_2H1
857.4902,538.4722,SE.Total.SURVEY_LU1_2U11
2669.164,2411.234,SE.Total.SURVEY_LU1_2U12
23.768001, 4.044527,SE.Total.SURVEY_LU1_2U13
19.99216,13.67914,SE.Total.SURVEY_LU1_2U14
0,0,SE.Total.SURVEY_LU1_2U15
8.533655,0.000000,SE.Total.SURVEY_LU1_2U21
11.82233,13.28805,SE.Total.SURVEY_LU1_2U22
144.1483,105.5039,SE.Total.SURVEY_LU1_2U31
4.74072,0.00000,SE.Total.SURVEY_LU1_2U32
15.11249,15.07652,SE.Total.SURVEY_LU1_2U33
42.60555, 0.00000,SE.Total.SURVEY_LU1_2U34
69.04177,36.33199,SE.Total.SURVEY_LU1_2U35
10.93266,10.00654,SE.Total.SURVEY_LU1_2U36
154.07164, 64.24357,SE.Total.SURVEY_LU1_2U37
42.05577,68.77241,SE.Total.SURVEY_LU1_2U41
215.5071,148.2782,SE.Total.SURVEY_LU1_2U42
138.76716, 39.90178,SE.Total.SURVEY_LC1_3A11
17.02351, 0.00000,SE.Total.SURVEY_LC1_3A12
44.81941,16.99265,SE.Total.SURVEY_LC1_3A13
124.64448, 21.32771,SE.Total.SURVEY_LC1_3A21
140.6379,104.4694,SE.Total.SURVEY_LC1_3A22
 4.794516,34.686466,SE.Total.SURVEY_LC1_3A30
 62.27764,203.02907,SE.Total.SURVEY_LC1_3B11
29.8609,55.4949,SE.Total.SURVEY_LC1_3B12
34.63538,80.53723,SE.Total.SURVEY_LC1_3B13
 0.00000,54.65131,SE.Total.SURVEY_LC1_3B14
11.88895,54.50502,SE.Total.SURVEY_LC1_3B15
112.3845,263.4055,SE.Total.SURVEY_LC1_3B16
23.45533,26.47874,SE.Total.SURVEY_LC1_3B18
 0.00000,15.72668,SE.Total.SURVEY_LC1_3B19
 2.437793,43.103387,SE.Total.SURVEY_LC1_3B21
13.63115,25.88452,SE.Total.SURVEY_LC1_3B22
 0.00000,11.57786,SE.Total.SURVEY_LC1_3B23
 79.6778,186.4631,SE.Total.SURVEY_LC1_3B31
39.92162,99.77205,SE.Total.SURVEY_LC1_3B32
18.09343,70.17483,SE.Total.SURVEY_LC1_3B33
0.000000,9.765932,SE.Total.SURVEY_LC1_3B35
0.000000,1.568218,SE.Total.SURVEY_LC1_3B37
 0.00000,23.50342,SE.Total.SURVEY_LC1_3B41
 0.00000,11.74026,SE.Total.SURVEY_LC1_3B42
 3.556279,36.700159,SE.Total.SURVEY_LC1_3B43
0.000000,2.173926,SE.Total.SURVEY_LC1_3B44
3.359599,0.000000,SE.Total.SURVEY_LC1_3B45
0.000000,7.346775,SE.Total.SURVEY_LC1_3B51
 23.5915,142.9734,SE.Total.SURVEY_LC1_3B52
10.68241,32.03916,SE.Total.SURVEY_LC1_3B53
 0.00000,32.23742,SE.Total.SURVEY_LC1_3B54
 0.00000,51.48036,SE.Total.SURVEY_LC1_3B55
19.87184,70.32769,SE.Total.SURVEY_LC1_3B71
 0.00000,37.53957,SE.Total.SURVEY_LC1_3B72
14.290471, 8.159447,SE.Total.SURVEY_LC1_3B73
 0.00000,31.31856,SE.Total.SURVEY_LC1_3B74
15.38086,84.98154,SE.Total.SURVEY_LC1_3B75
12.10804,93.73890,SE.Total.SURVEY_LC1_3B82
0.000000,5.990058,SE.Total.SURVEY_LC1_3B83
1.409319,6.788470,SE.Total.SURVEY_LC1_3B84
432.9933,  0.0000,SE.Total.SURVEY_LC1_3Bx1
193.9353,  0.0000,SE.Total.SURVEY_LC1_3Bx2
3204.330,2037.502,SE.Total.SURVEY_LC1_3C10
12.69924, 0.00000,SE.Total.SURVEY_LC1_3C1x
1004.108,1093.141,SE.Total.SURVEY_LC1_3C21
120.6908,  4.5028,SE.Total.SURVEY_LC1_3C22
  26.01985,1015.50109,SE.Total.SURVEY_LC1_3C23
1756.053,   0.000,SE.Total.SURVEY_LC1_3C2x
1227.904538,   9.211081,SE.Total.SURVEY_LC1_3C31
8.270282,0.000000,SE.Total.SURVEY_LC1_3C32
1136.606,   0.000,SE.Total.SURVEY_LC1_3C33
2643.705,   0.000,SE.Total.SURVEY_LC1_3C3x
112.32245, 95.92432,SE.Total.SURVEY_LC1_3D10
0,0,SE.Total.SURVEY_LC1_3D1x
99.11598,93.10990,SE.Total.SURVEY_LC1_3D20
659.3369,133.4258,SE.Total.SURVEY_LC1_3E10
433.3328,398.4798,SE.Total.SURVEY_LC1_3E20
 92.29994,171.13045,SE.Total.SURVEY_LC1_3E30
2.882372,0.000000,SE.Total.SURVEY_LC1_3E3x
32.90971, 0.00000,SE.Total.SURVEY_LC1_3F10
8.469389,3.374727,SE.Total.SURVEY_LC1_3F20
5.654232,0.000000,SE.Total.SURVEY_LC1_3F30
221.7116, 62.8527,SE.Total.SURVEY_LC1_3F40
0,0,SE.Total.SURVEY_LC1_3F4x
24.069206, 4.531556,SE.Total.SURVEY_LC1_3G11
0,0,SE.Total.SURVEY_LC1_3G12
38.83096,19.53034,SE.Total.SURVEY_LC1_3G21
107.96385, 21.30287,SE.Total.SURVEY_LC1_3H11
0,0,SE.Total.SURVEY_LC1_3H12
857.2005,534.8992,SE.Total.SURVEY_LU1_3U111
 84.80059,158.57114,SE.Total.SURVEY_LU1_3U112
90.73367,48.06458,SE.Total.SURVEY_LU1_3U113
2669.164,2411.234,SE.Total.SURVEY_LU1_3U120
23.768001, 4.044527,SE.Total.SURVEY_LU1_3U130
19.99216,13.67914,SE.Total.SURVEY_LU1_3U140
0,0,SE.Total.SURVEY_LU1_3U150
8.533655,0.000000,SE.Total.SURVEY_LU1_3U210
2.967838,0.000000,SE.Total.SURVEY_LU1_3U221
0,0,SE.Total.SURVEY_LU1_3U222
6.51874,0.00000,SE.Total.SURVEY_LU1_3U223
 0.00000,12.11126,SE.Total.SURVEY_LU1_3U224
0,0,SE.Total.SURVEY_LU1_3U225
9.914697,5.467145,SE.Total.SURVEY_LU1_3U226
1.445263,0.000000,SE.Total.SURVEY_LU1_3U227
10.49131,12.50821,SE.Total.SURVEY_LU1_3U311
136.3419,103.9602,SE.Total.SURVEY_LU1_3U312
34.046490, 3.544594,SE.Total.SURVEY_LU1_3U313
12.86688, 0.00000,SE.Total.SURVEY_LU1_3U314
41.44053, 0.00000,SE.Total.SURVEY_LU1_3U317
12.15606,12.45616,SE.Total.SURVEY_LU1_3U318
0.000000,3.152336,SE.Total.SURVEY_LU1_3U319
4.190014,0.000000,SE.Total.SURVEY_LU1_3U321
2.217703,0.000000,SE.Total.SURVEY_LU1_3U322
15.11249,15.07652,SE.Total.SURVEY_LU1_3U330
42.60555, 0.00000,SE.Total.SURVEY_LU1_3U341
69.04177,36.33199,SE.Total.SURVEY_LU1_3U350
10.60505,10.00654,SE.Total.SURVEY_LU1_3U361
2.663694,0.000000,SE.Total.SURVEY_LU1_3U362
154.07164, 64.24357,SE.Total.SURVEY_LU1_3U370
35.69306,11.23903,SE.Total.SURVEY_LU1_3U411
0,0,SE.Total.SURVEY_LU1_3U412
5.245534,0.000000,SE.Total.SURVEY_LU1_3U413
0.000000,2.898153,SE.Total.SURVEY_LU1_3U414
21.67812,67.78591,SE.Total.SURVEY_LU1_3U415
215.5071,148.2782,SE.Total.SURVEY_LU1_3U420
2687.876,2470.948,SE.Total.settlement0
155.1790,128.5081,SE.Total.settlement1
0.008143932,0.006744220,SE.Total.settl_pc
1441.8235, 550.4833,SE.Total.fao_class_name0
2780.467,2408.901,SE.Total.fao_class_name1
135.73307, 56.11858,SE.Total.fao_class_name2
 27.18897,109.40902,SE.Total.fao_class_name3
2689.358,2471.487,SE.Total.lue0
153.26861, 74.36007,SE.Total.lue1
2689.559,2471.381,SE.Total.lud0
146.0477,108.2556,SE.Total.lud1
168567.88, 59718.98,CI.l(95%).Total.area
4683.427,1543.562,CI.l(95%).Total.SURVEY_LC1_1A
46912.70,27880.77,CI.l(95%).Total.SURVEY_LC1_1B
67701.347, 6091.643,CI.l(95%).Total.SURVEY_LC1_1C
3693.057,2337.673,CI.l(95%).Total.SURVEY_LC1_1D
29466.14,18675.08,CI.l(95%).Total.SURVEY_LC1_1E
6334.2150, 456.6412,CI.l(95%).Total.SURVEY_LC1_1F
3207.7444, 300.2758,CI.l(95%).Total.SURVEY_LC1_1G
2827.4288, 200.5903,CI.l(95%).Total.SURVEY_LC1_1H
151714.44, 53879.48,CI.l(95%).Total.SURVEY_LU1_1U1
244.8926, 14.9156,CI.l(95%).Total.SURVEY_LU1_1U2
7181.663,1863.299,CI.l(95%).Total.SURVEY_LU1_1U3
8634.478,3369.718,CI.l(95%).Total.SURVEY_LU1_1U4
1575.9720, 242.8348,CI.l(95%).Total.SURVEY_LC1_2A1
2693.774,1098.552,CI.l(95%).Total.SURVEY_LC1_2A2
106.68209, 69.50405,CI.l(95%).Total.SURVEY_LC1_2A3
 2345.143,15844.173,CI.l(95%).Total.SURVEY_LC1_2B1
  1.308999,240.113737,CI.l(95%).Total.SURVEY_LC1_2B2
 984.0372,5903.9399,CI.l(95%).Total.SURVEY_LC1_2B3
 19.37267,217.91102,CI.l(95%).Total.SURVEY_LC1_2B4
  41.67233,2721.63122,CI.l(95%).Total.SURVEY_LC1_2B5
  92.51685,1265.89843,CI.l(95%).Total.SURVEY_LC1_2B7
 22.27079,506.60088,CI.l(95%).Total.SURVEY_LC1_2B8
42803.96,    0.00,CI.l(95%).Total.SURVEY_LC1_2Bx
34632.903, 4544.984,CI.l(95%).Total.SURVEY_LC1_2C1
6652.1218,-554.8828,CI.l(95%).Total.SURVEY_LC1_2C2
15834.13993,   23.76229,CI.l(95%).Total.SURVEY_LC1_2C3
2014.3284, 974.0521,CI.l(95%).Total.SURVEY_LC1_2D1
1557.253,1254.793,CI.l(95%).Total.SURVEY_LC1_2D2
6749.253,1836.239,CI.l(95%).Total.SURVEY_LC1_2E1
20521.51,13004.25,CI.l(95%).Total.SURVEY_LC1_2E2
1375.733,3300.911,CI.l(95%).Total.SURVEY_LC1_2E3
231.5272, 13.9415,CI.l(95%).Total.SURVEY_LC1_2F1
38.09703,23.48298,CI.l(95%).Total.SURVEY_LC1_2F2
-3.0858, 0.0000,CI.l(95%).Total.SURVEY_LC1_2F3
5980.6678, 412.7799,CI.l(95%).Total.SURVEY_LC1_2F4
1697.54936,  65.24724,CI.l(95%).Total.SURVEY_LC1_2G1
1466.7768, 227.1636,CI.l(95%).Total.SURVEY_LC1_2G2
2827.4288, 200.5903,CI.l(95%).Total.SURVEY_LC1_2H1
80474.65,46927.78,CI.l(95%).Total.SURVEY_LU1_2U11
67777.012, 5859.752,CI.l(95%).Total.SURVEY_LU1_2U12
1577.38466,  63.95338,CI.l(95%).Total.SURVEY_LU1_2U13
155.1706, 49.5843,CI.l(95%).Total.SURVEY_LU1_2U14
11.665893, 3.503292,CI.l(95%).Total.SURVEY_LU1_2U15
148.9910, 11.1292,CI.l(95%).Total.SURVEY_LU1_2U21
84.581885, 3.786402,CI.l(95%).Total.SURVEY_LU1_2U22
2826.291,1080.904,CI.l(95%).Total.SURVEY_LU1_2U31
103.59962, 16.33092,CI.l(95%).Total.SURVEY_LU1_2U32
24.98408,35.04763,CI.l(95%).Total.SURVEY_LU1_2U33
21.531647, 8.206921,CI.l(95%).Total.SURVEY_LU1_2U34
101.07443, 37.77052,CI.l(95%).Total.SURVEY_LU1_2U35
166.99126, 41.39593,CI.l(95%).Total.SURVEY_LU1_2U36
3394.4172, 439.5387,CI.l(95%).Total.SURVEY_LU1_2U37
311.1788,176.6562,CI.l(95%).Total.SURVEY_LU1_2U41
8248.529,3087.764,CI.l(95%).Total.SURVEY_LU1_2U42
1442.5158, 217.4513,CI.l(95%).Total.SURVEY_LC1_3A11
11.5527, 0.0000,CI.l(95%).Total.SURVEY_LC1_3A12
 9.124555,-1.125091,CI.l(95%).Total.SURVEY_LC1_3A13
970.2199,108.7121,CI.l(95%).Total.SURVEY_LC1_3A21
1537.167, 952.197,CI.l(95%).Total.SURVEY_LC1_3A22
106.68209, 69.50405,CI.l(95%).Total.SURVEY_LC1_3A30
 435.0097,4991.0737,CI.l(95%).Total.SURVEY_LC1_3B11
 93.36967,279.21999,CI.l(95%).Total.SURVEY_LC1_3B12
114.2958,765.9661,CI.l(95%).Total.SURVEY_LC1_3B13
  3.887466,210.180621,CI.l(95%).Total.SURVEY_LC1_3B14
  0.4167175,178.3042520,CI.l(95%).Total.SURVEY_LC1_3B15
1425.194,8568.871,CI.l(95%).Total.SURVEY_LC1_3B16
 5.196993,30.593751,CI.l(95%).Total.SURVEY_LC1_3B18
0.0000000,0.2879343,CI.l(95%).Total.SURVEY_LC1_3B19
  0.4589895,151.8299064,CI.l(95%).Total.SURVEY_LC1_3B21
-3.504093,30.559465,CI.l(95%).Total.SURVEY_LC1_3B22
0.0000000,0.9017155,CI.l(95%).Total.SURVEY_LC1_3B23
 693.7834,3993.1828,CI.l(95%).Total.SURVEY_LC1_3B31
 176.9861,1311.1486,CI.l(95%).Total.SURVEY_LC1_3B32
 21.35759,302.86552,CI.l(95%).Total.SURVEY_LC1_3B33
 0.000000,-3.014856,CI.l(95%).Total.SURVEY_LC1_3B35
0.000000,9.510955,CI.l(95%).Total.SURVEY_LC1_3B37
 0.000000,-8.753186,CI.l(95%).Total.SURVEY_LC1_3B41
 0.00000,24.22212,CI.l(95%).Total.SURVEY_LC1_3B42
 11.77994,140.98562,CI.l(95%).Total.SURVEY_LC1_3B43
0.000000,4.743026,CI.l(95%).Total.SURVEY_LC1_3B44
3.623603,0.000000,CI.l(95%).Total.SURVEY_LC1_3B45
 0.00000,22.15798,CI.l(95%).Total.SURVEY_LC1_3B51
  33.33604,2227.42893,CI.l(95%).Total.SURVEY_LC1_3B52
-8.081467,77.487214,CI.l(95%).Total.SURVEY_LC1_3B53
0.000000,8.187085,CI.l(95%).Total.SURVEY_LC1_3B54
  0.0000,174.2231,CI.l(95%).Total.SURVEY_LC1_3B55
 25.41839,426.22578,CI.l(95%).Total.SURVEY_LC1_3B71
 0.00000,19.06097,CI.l(95%).Total.SURVEY_LC1_3B72
 6.060164,28.189856,CI.l(95%).Total.SURVEY_LC1_3B73
 3.597117,69.591099,CI.l(95%).Total.SURVEY_LC1_3B74
 16.99719,491.57561,CI.l(95%).Total.SURVEY_LC1_3B75
 10.88929,482.27647,CI.l(95%).Total.SURVEY_LC1_3B82
7.313750,0.637519,CI.l(95%).Total.SURVEY_LC1_3B83
 1.465742,-0.503667,CI.l(95%).Total.SURVEY_LC1_3B84
39843.14,    0.00,CI.l(95%).Total.SURVEY_LC1_3Bx1
2654.735,   0.000,CI.l(95%).Total.SURVEY_LC1_3Bx2
34617.777, 4544.984,CI.l(95%).Total.SURVEY_LC1_3C10
-9.744379, 0.000000,CI.l(95%).Total.SURVEY_LC1_3C1x
1727.4591,-947.2863,CI.l(95%).Total.SURVEY_LC1_3C21
-4.373565, 8.312234,CI.l(95%).Total.SURVEY_LC1_3C22
  87.9437,-968.9025,CI.l(95%).Total.SURVEY_LC1_3C23
2941.884,   0.000,CI.l(95%).Total.SURVEY_LC1_3C2x
-873.550610,   2.344941,CI.l(95%).Total.SURVEY_LC1_3C31
2.345134,4.458404,CI.l(95%).Total.SURVEY_LC1_3C32
139.71592, 16.95895,CI.l(95%).Total.SURVEY_LC1_3C33
12465.46,    0.00,CI.l(95%).Total.SURVEY_LC1_3C3x
2010.3087, 974.0521,CI.l(95%).Total.SURVEY_LC1_3D10
4.019692,0.000000,CI.l(95%).Total.SURVEY_LC1_3D1x
1557.253,1254.793,CI.l(95%).Total.SURVEY_LC1_3D20
6749.253,1836.239,CI.l(95%).Total.SURVEY_LC1_3E10
20521.51,13004.25,CI.l(95%).Total.SURVEY_LC1_3E20
1370.302,3300.911,CI.l(95%).Total.SURVEY_LC1_3E30
-0.1300232, 0.0000000,CI.l(95%).Total.SURVEY_LC1_3E3x
231.5272, 13.9415,CI.l(95%).Total.SURVEY_LC1_3F10
38.09703,23.48298,CI.l(95%).Total.SURVEY_LC1_3F20
-3.0858, 0.0000,CI.l(95%).Total.SURVEY_LC1_3F30
5976.4309, 412.7799,CI.l(95%).Total.SURVEY_LC1_3F40
4.236936,0.000000,CI.l(95%).Total.SURVEY_LC1_3F4x
1692.95462,  65.24724,CI.l(95%).Total.SURVEY_LC1_3G11
4.594739,0.000000,CI.l(95%).Total.SURVEY_LC1_3G12
1466.7768, 227.1636,CI.l(95%).Total.SURVEY_LC1_3G21
2823.2778, 200.5903,CI.l(95%).Total.SURVEY_LC1_3H11
4.151084,0.000000,CI.l(95%).Total.SURVEY_LC1_3H12
78883.16,43791.41,CI.l(95%).Total.SURVEY_LU1_3U111
 732.9548,2577.1569,CI.l(95%).Total.SURVEY_LU1_3U112
515.0676,161.2175,CI.l(95%).Total.SURVEY_LU1_3U113
67777.012, 5859.752,CI.l(95%).Total.SURVEY_LU1_3U120
1577.38466,  63.95338,CI.l(95%).Total.SURVEY_LU1_3U130
155.1706, 49.5843,CI.l(95%).Total.SURVEY_LU1_3U140
11.665893, 3.503292,CI.l(95%).Total.SURVEY_LU1_3U150
148.9910, 11.1292,CI.l(95%).Total.SURVEY_LU1_3U210
4.8517,0.0000,CI.l(95%).Total.SURVEY_LU1_3U221
3.968412,0.000000,CI.l(95%).Total.SURVEY_LU1_3U222
18.87934, 0.00000,CI.l(95%).Total.SURVEY_LU1_3U223
 8.448114,-4.964368,CI.l(95%).Total.SURVEY_LU1_3U224
8.673999,0.000000,CI.l(95%).Total.SURVEY_LU1_3U225
 8.329861,-3.161461,CI.l(95%).Total.SURVEY_LU1_3U226
13.743333, 3.503292,CI.l(95%).Total.SURVEY_LU1_3U227
32.118772, 4.824858,CI.l(95%).Total.SURVEY_LU1_3U311
1552.8979, 915.1841,CI.l(95%).Total.SURVEY_LU1_3U312
962.39450, 47.38801,CI.l(95%).Total.SURVEY_LU1_3U313
3.079455,4.010292,CI.l(95%).Total.SURVEY_LU1_3U314
43.28088,12.55745,CI.l(95%).Total.SURVEY_LU1_3U317
21.96975,15.55782,CI.l(95%).Total.SURVEY_LU1_3U318
 8.291334,22.351796,CI.l(95%).Total.SURVEY_LU1_3U319
91.19263,16.33092,CI.l(95%).Total.SURVEY_LU1_3U321
9.139741,0.000000,CI.l(95%).Total.SURVEY_LU1_3U322
24.98408,35.04763,CI.l(95%).Total.SURVEY_LU1_3U330
21.531647, 8.206921,CI.l(95%).Total.SURVEY_LU1_3U341
101.07443, 37.77052,CI.l(95%).Total.SURVEY_LU1_3U350
113.10466, 30.25493,CI.l(95%).Total.SURVEY_LU1_3U361
49.30794,11.14100,CI.l(95%).Total.SURVEY_LU1_3U362
3394.4172, 439.5387,CI.l(95%).Total.SURVEY_LU1_3U370
57.525015, 5.783625,CI.l(95%).Total.SURVEY_LU1_3U411
4.189903,0.000000,CI.l(95%).Total.SURVEY_LU1_3U412
1.651704,0.000000,CI.l(95%).Total.SURVEY_LU1_3U413
25.00898,20.28508,CI.l(95%).Total.SURVEY_LU1_3U414
182.5045,124.8127,CI.l(95%).Total.SURVEY_LU1_3U415
8248.529,3087.764,CI.l(95%).Total.SURVEY_LU1_3U420
161626.79, 57567.06,CI.l(95%).Total.settlement0
6635.240,1901.782,CI.l(95%).Total.settlement1
0.34822344,0.09980725,CI.l(95%).Total.settl_pc
102492.38, 51254.24,CI.l(95%).Total.fao_class_name0
61691.158, 5659.169,CI.l(95%).Total.fao_class_name1
937.4317,422.7311,CI.l(95%).Total.fao_class_name2
 118.4872,1102.8321,CI.l(95%).Total.fao_class_name3
164337.03, 58976.01,CI.l(95%).Total.lue0
3925.8408, 597.9059,CI.l(95%).Total.lue1
164818.7, 58233.9,CI.l(95%).Total.lud0
3457.888,1273.793,CI.l(95%).Total.lud1
179100.75, 69408.39,CI.u(95%).Total.area
5316.156,2002.023,CI.u(95%).Total.SURVEY_LC1_1A
48785.69,29511.74,CI.u(95%).Total.SURVEY_LC1_1B
78158.00,15536.44,CI.u(95%).Total.SURVEY_LC1_1C
4278.929,2861.019,CI.u(95%).Total.SURVEY_LC1_1D
32472.03,20363.57,CI.u(95%).Total.SURVEY_LC1_1E
7213.6581, 703.3742,CI.u(95%).Total.SURVEY_LC1_1F
3367.4720, 378.8668,CI.u(95%).Total.SURVEY_LC1_1G
3250.639, 284.096,CI.u(95%).Total.SURVEY_LC1_1H
162273.10, 63561.78,CI.u(95%).Total.SURVEY_LU1_1U1
302.04712, 67.00379,CI.u(95%).Total.SURVEY_LU1_1U2
7823.443,2361.231,CI.u(95%).Total.SURVEY_LU1_1U3
9494.566,4009.945,CI.u(95%).Total.SURVEY_LU1_1U4
2136.7912, 412.8396,CI.u(95%).Total.SURVEY_LC1_2A1
3360.888,1516.382,CI.u(95%).Total.SURVEY_LC1_2A2
125.4762,205.4725,CI.u(95%).Total.SURVEY_LC1_2A3
 2885.628,17159.776,CI.u(95%).Total.SURVEY_LC1_2B1
 55.5899,442.2805,CI.u(95%).Total.SURVEY_LC1_2B2
1339.963,6764.977,CI.u(95%).Total.SURVEY_LC1_2B3
 38.54417,395.02046,CI.u(95%).Total.SURVEY_LC1_2B4
 143.1881,3340.3406,CI.u(95%).Total.SURVEY_LC1_2B5
 205.8345,1714.0925,CI.u(95%).Total.SURVEY_LC1_2B7
 70.05385,875.76042,CI.u(95%).Total.SURVEY_LC1_2B8
44649.3,    0.0,CI.u(95%).Total.SURVEY_LC1_2Bx
47193.69,12531.85,CI.u(95%).Total.SURVEY_LC1_2C1
14248.433, 5022.507,CI.u(95%).Total.SURVEY_LC1_2C2
27298.06116,   59.86907,CI.u(95%).Total.SURVEY_LC1_2C3
2454.624,1350.069,CI.u(95%).Total.SURVEY_LC1_2D1
1945.780,1619.778,CI.u(95%).Total.SURVEY_LC1_2D2
9333.806,2359.258,CI.u(95%).Total.SURVEY_LC1_2E1
22220.14,14566.26,CI.u(95%).Total.SURVEY_LC1_2E2
1737.718,3971.730,CI.u(95%).Total.SURVEY_LC1_2E3
360.5309, 13.9415,CI.u(95%).Total.SURVEY_LC1_2F1
71.29643,36.71166,CI.u(95%).Total.SURVEY_LC1_2F2
19.07838, 0.00000,CI.u(95%).Total.SURVEY_LC1_2F3
6849.7611, 659.1579,CI.u(95%).Total.SURVEY_LC1_2F4
1791.89891,  83.01061,CI.u(95%).Total.SURVEY_LC1_2G1
1618.9913, 303.7211,CI.u(95%).Total.SURVEY_LC1_2G2
3250.639, 284.096,CI.u(95%).Total.SURVEY_LC1_2H1
83835.95,49038.55,CI.u(95%).Total.SURVEY_LU1_2U11
78239.94,15311.61,CI.u(95%).Total.SURVEY_LU1_2U12
1670.55351,  79.80763,CI.u(95%).Total.SURVEY_LU1_2U13
233.5384,103.2056,CI.u(95%).Total.SURVEY_LU1_2U14
11.665893, 3.503292,CI.u(95%).Total.SURVEY_LU1_2U15
182.4423, 11.1292,CI.u(95%).Total.SURVEY_LU1_2U21
130.92457, 55.87459,CI.u(95%).Total.SURVEY_LU1_2U22
3391.342,1494.471,CI.u(95%).Total.SURVEY_LU1_2U31
122.18290, 16.33092,CI.u(95%).Total.SURVEY_LU1_2U32
84.22396,94.14649,CI.u(95%).Total.SURVEY_LU1_2U33
188.542320,  8.206921,CI.u(95%).Total.SURVEY_LU1_2U34
371.7132,180.1893,CI.u(95%).Total.SURVEY_LU1_2U35
209.84648, 80.62086,CI.u(95%).Total.SURVEY_LU1_2U36
3998.3670, 691.3689,CI.u(95%).Total.SURVEY_LU1_2U37
476.0344,446.2391,CI.u(95%).Total.SURVEY_LU1_2U41
9093.301,3669.004,CI.u(95%).Total.SURVEY_LU1_2U42
1986.4731, 373.8634,CI.u(95%).Total.SURVEY_LC1_3A11
78.28363, 0.00000,CI.u(95%).Total.SURVEY_LC1_3A12
184.81340, 65.48486,CI.u(95%).Total.SURVEY_LC1_3A13
1458.8173, 192.3152,CI.u(95%).Total.SURVEY_LC1_3A21
2088.458,1361.710,CI.u(95%).Total.SURVEY_LC1_3A22
125.4762,205.4725,CI.u(95%).Total.SURVEY_LC1_3A30
 679.1336,5786.9330,CI.u(95%).Total.SURVEY_LC1_3B11
210.4222,496.7560,CI.u(95%).Total.SURVEY_LC1_3B12
 250.064,1081.666,CI.u(95%).Total.SURVEY_LC1_3B13
  3.887466,424.409828,CI.u(95%).Total.SURVEY_LC1_3B14
 47.02055,391.95999,CI.u(95%).Total.SURVEY_LC1_3B15
1865.733,9601.402,CI.u(95%).Total.SURVEY_LC1_3B16
 97.14018,134.38851,CI.u(95%).Total.SURVEY_LC1_3B18
 0.00000,61.93539,CI.u(95%).Total.SURVEY_LC1_3B19
 10.01496,320.79208,CI.u(95%).Total.SURVEY_LC1_3B21
 49.92904,132.02491,CI.u(95%).Total.SURVEY_LC1_3B22
 0.00000,46.28611,CI.u(95%).Total.SURVEY_LC1_3B23
1006.115,4724.105,CI.u(95%).Total.SURVEY_LC1_3B31
 333.476,1702.248,CI.u(95%).Total.SURVEY_LC1_3B32
 92.28254,577.94578,CI.u(95%).Total.SURVEY_LC1_3B33
 0.0000,35.2669,CI.u(95%).Total.SURVEY_LC1_3B35
 0.00000,15.65826,CI.u(95%).Total.SURVEY_LC1_3B37
 0.00000,83.37853,CI.u(95%).Total.SURVEY_LC1_3B41
 0.00000,70.24312,CI.u(95%).Total.SURVEY_LC1_3B42
 25.7203,284.8476,CI.u(95%).Total.SURVEY_LC1_3B43
 0.00000,13.26466,CI.u(95%).Total.SURVEY_LC1_3B44
16.79299, 0.00000,CI.u(95%).Total.SURVEY_LC1_3B45
 0.00000,50.95681,CI.u(95%).Total.SURVEY_LC1_3B51
 125.813,2787.874,CI.u(95%).Total.SURVEY_LC1_3B52
 33.79283,203.07842,CI.u(95%).Total.SURVEY_LC1_3B53
  0.0000,134.5554,CI.u(95%).Total.SURVEY_LC1_3B54
  0.0000,376.0224,CI.u(95%).Total.SURVEY_LC1_3B55
103.3146,701.9053,CI.u(95%).Total.SURVEY_LC1_3B71
  0.0000,166.2134,CI.u(95%).Total.SURVEY_LC1_3B72
62.07778,60.17430,CI.u(95%).Total.SURVEY_LC1_3B73
  3.597117,192.357613,CI.u(95%).Total.SURVEY_LC1_3B74
 77.28904,824.69713,CI.u(95%).Total.SURVEY_LC1_3B75
 58.35193,849.72622,CI.u(95%).Total.SURVEY_LC1_3B82
 7.31375,24.11812,CI.u(95%).Total.SURVEY_LC1_3B83
 6.99017,26.10665,CI.u(95%).Total.SURVEY_LC1_3B84
41540.44,    0.00,CI.u(95%).Total.SURVEY_LC1_3Bx1
3414.947,   0.000,CI.u(95%).Total.SURVEY_LC1_3Bx2
47178.52,12531.85,CI.u(95%).Total.SURVEY_LC1_3C10
40.03573, 0.00000,CI.u(95%).Total.SURVEY_LC1_3C1x
5663.490,3337.749,CI.u(95%).Total.SURVEY_LC1_3C21
468.72580, 25.96289,CI.u(95%).Total.SURVEY_LC1_3C22
 189.9397,3011.7886,CI.u(95%).Total.SURVEY_LC1_3C23
9825.486,   0.000,CI.u(95%).Total.SURVEY_LC1_3C2x
3939.74673,  38.45172,CI.u(95%).Total.SURVEY_LC1_3C31
34.764044, 4.458404,CI.u(95%).Total.SURVEY_LC1_3C32
4595.13115,  16.95895,CI.u(95%).Total.SURVEY_LC1_3C33
22828.59,    0.00,CI.u(95%).Total.SURVEY_LC1_3C3x
2450.605,1350.069,CI.u(95%).Total.SURVEY_LC1_3D10
4.019692,0.000000,CI.u(95%).Total.SURVEY_LC1_3D1x
1945.780,1619.778,CI.u(95%).Total.SURVEY_LC1_3D20
9333.806,2359.258,CI.u(95%).Total.SURVEY_LC1_3E10
22220.14,14566.26,CI.u(95%).Total.SURVEY_LC1_3E20
1732.111,3971.730,CI.u(95%).Total.SURVEY_LC1_3E30
11.16867, 0.00000,CI.u(95%).Total.SURVEY_LC1_3E3x
360.5309, 13.9415,CI.u(95%).Total.SURVEY_LC1_3F10
71.29643,36.71166,CI.u(95%).Total.SURVEY_LC1_3F20
19.07838, 0.00000,CI.u(95%).Total.SURVEY_LC1_3F30
6845.5242, 659.1579,CI.u(95%).Total.SURVEY_LC1_3F40
4.236936,0.000000,CI.u(95%).Total.SURVEY_LC1_3F4x
1787.30417,  83.01061,CI.u(95%).Total.SURVEY_LC1_3G11
4.594739,0.000000,CI.u(95%).Total.SURVEY_LC1_3G12
1618.9913, 303.7211,CI.u(95%).Total.SURVEY_LC1_3G21
3246.488, 284.096,CI.u(95%).Total.SURVEY_LC1_3H11
4.151084,0.000000,CI.u(95%).Total.SURVEY_LC1_3H12
82243.32,45888.18,CI.u(95%).Total.SURVEY_LU1_3U111
1065.367,3198.744,CI.u(95%).Total.SURVEY_LU1_3U112
870.7370,349.6271,CI.u(95%).Total.SURVEY_LU1_3U113
78239.94,15311.61,CI.u(95%).Total.SURVEY_LU1_3U120
1670.55351,  79.80763,CI.u(95%).Total.SURVEY_LU1_3U130
233.5384,103.2056,CI.u(95%).Total.SURVEY_LU1_3U140
11.665893, 3.503292,CI.u(95%).Total.SURVEY_LU1_3U150
182.4423, 11.1292,CI.u(95%).Total.SURVEY_LU1_3U210
16.48541, 0.00000,CI.u(95%).Total.SURVEY_LU1_3U221
3.968412,0.000000,CI.u(95%).Total.SURVEY_LU1_3U222
44.43233, 0.00000,CI.u(95%).Total.SURVEY_LU1_3U223
 8.448114,42.510883,CI.u(95%).Total.SURVEY_LU1_3U224
8.673999,0.000000,CI.u(95%).Total.SURVEY_LU1_3U225
47.19476,18.26935,CI.u(95%).Total.SURVEY_LU1_3U226
19.408661, 3.503292,CI.u(95%).Total.SURVEY_LU1_3U227
73.24394,53.85612,CI.u(95%).Total.SURVEY_LU1_3U311
2087.348,1322.701,CI.u(95%).Total.SURVEY_LU1_3U312
1095.85429,  61.28257,CI.u(95%).Total.SURVEY_LU1_3U313
53.516712, 4.010292,CI.u(95%).Total.SURVEY_LU1_3U314
205.72476, 12.55745,CI.u(95%).Total.SURVEY_LU1_3U317
69.62062,64.38506,CI.u(95%).Total.SURVEY_LU1_3U318
 8.291334,34.708727,CI.u(95%).Total.SURVEY_LU1_3U319
107.61718, 16.33092,CI.u(95%).Total.SURVEY_LU1_3U321
17.83298, 0.00000,CI.u(95%).Total.SURVEY_LU1_3U322
84.22396,94.14649,CI.u(95%).Total.SURVEY_LU1_3U330
188.542320,  8.206921,CI.u(95%).Total.SURVEY_LU1_3U341
371.7132,180.1893,CI.u(95%).Total.SURVEY_LU1_3U350
154.67571, 69.47986,CI.u(95%).Total.SURVEY_LU1_3U361
59.74943,11.14100,CI.u(95%).Total.SURVEY_LU1_3U362
3998.3670, 691.3689,CI.u(95%).Total.SURVEY_LU1_3U370
197.4392, 49.8398,CI.u(95%).Total.SURVEY_LU1_3U411
4.189903,0.000000,CI.u(95%).Total.SURVEY_LU1_3U412
22.21382, 0.00000,CI.u(95%).Total.SURVEY_LU1_3U413
25.00898,31.64563,CI.u(95%).Total.SURVEY_LU1_3U414
267.4811,390.5285,CI.u(95%).Total.SURVEY_LU1_3U415
9093.301,3669.004,CI.u(95%).Total.SURVEY_LU1_3U420
172163.1, 67253.0,CI.u(95%).Total.settlement0
7243.531,2405.524,CI.u(95%).Total.settlement1
0.3801471,0.1262441,CI.u(95%).Total.settl_pc
108144.22, 53412.09,CI.u(95%).Total.fao_class_name0
72590.39,15101.89,CI.u(95%).Total.fao_class_name1
1469.4955, 642.7119,CI.u(95%).Total.fao_class_name2
 225.066,1531.708,CI.u(95%).Total.fao_class_name3
174879.12, 68664.06,CI.u(95%).Total.lue0
4526.6427, 889.3921,CI.u(95%).Total.lue1
175361.62, 67921.53,CI.u(95%).Total.lud0
4030.384,1698.147,CI.u(95%).Total.lud1
0.01545728,0.03828521,CV.Total.area
0.03228404,0.06597296,CV.Total.SURVEY_LC1_1A
0.009985839,0.014499142,CV.Total.SURVEY_LC1_1B
0.03657719,0.22280586,CV.Total.SURVEY_LC1_1C
0.03749626,0.05136255,CV.Total.SURVEY_LC1_1D
0.02476088,0.02206768,CV.Total.SURVEY_LC1_1E
0.03311986,0.10852138,CV.Total.SURVEY_LC1_1F
0.01239430,0.05904234,CV.Total.SURVEY_LC1_1G
0.03552571,0.08790376,CV.Total.SURVEY_LC1_1H
0.01715726,0.04206389,CV.Total.SURVEY_LU1_1U1
0.05331663,0.32441765,CV.Total.SURVEY_LU1_1U2
0.02182222,0.06013723,CV.Total.SURVEY_LU1_1U3
0.02420584,0.04426386,CV.Total.SURVEY_LU1_1U4
0.07706862,0.13228933,CV.Total.SURVEY_LC1_2A1
0.05621628,0.08152486,CV.Total.SURVEY_LC1_2A2
0.04130384,0.25228672,CV.Total.SURVEY_LC1_2A3
0.05271930,0.02033812,CV.Total.SURVEY_LC1_2B1
0.4867378,0.1511563,CV.Total.SURVEY_LC1_2B2
0.07814034,0.03467641,CV.Total.SURVEY_LC1_2B3
0.1688897,0.1474286,CV.Total.SURVEY_LC1_2B4
0.28018278,0.05207445,CV.Total.SURVEY_LC1_2B5
0.1937856,0.0767367,CV.Total.SURVEY_LC1_2B7
0.2640634,0.1362525,CV.Total.SURVEY_LC1_2B8
0.01076594,NA,CV.Total.SURVEY_LC1_2Bx
0.07832027,0.23862768,CV.Total.SURVEY_LC1_2C1
0.1854372,0.6369514,CV.Total.SURVEY_LC1_2C2
0.1356074,0.2202782,CV.Total.SURVEY_LC1_2C3
0.05026791,0.08254676,CV.Total.SURVEY_LC1_2D1
0.05658867,0.06478177,CV.Total.SURVEY_LC1_2D2
0.08199148,0.06360430,CV.Total.SURVEY_LC1_2E1
0.02027684,0.02890623,CV.Total.SURVEY_LC1_2E2
0.05931998,0.04706143,CV.Total.SURVEY_LC1_2E3
0.1111705,0.0000000,CV.Total.SURVEY_LC1_2F1
0.1548427,0.1121272,CV.Total.SURVEY_LC1_2F2
0.7071068,NA,CV.Total.SURVEY_LC1_2F3
0.03456027,0.11726931,CV.Total.SURVEY_LC1_2F4
0.01379542,0.06113075,CV.Total.SURVEY_LC1_2G1
0.02516778,0.07357659,CV.Total.SURVEY_LC1_2G2
0.03552571,0.08790376,CV.Total.SURVEY_LC1_2H1
0.01043743,0.01122211,CV.Total.SURVEY_LU1_2U11
0.03655965,0.22778254,CV.Total.SURVEY_LU1_2U12
0.01463575,0.05626738,CV.Total.SURVEY_LU1_2U13
0.1028644,0.1790583,CV.Total.SURVEY_LU1_2U14
0,0,CV.Total.SURVEY_LU1_2U15
0.05149546,0.00000000,CV.Total.SURVEY_LU1_2U21
0.1097167,0.4454518,CV.Total.SURVEY_LU1_2U22
0.04636758,0.08193282,CV.Total.SURVEY_LU1_2U31
0.04199368,0.00000000,CV.Total.SURVEY_LU1_2U32
0.2767652,0.2333933,CV.Total.SURVEY_LU1_2U33
0.4056242,0.0000000,CV.Total.SURVEY_LU1_2U34
0.2920625,0.3333824,CV.Total.SURVEY_LU1_2U35
0.05802315,0.16401913,CV.Total.SURVEY_LU1_2U36
0.04168163,0.11361419,CV.Total.SURVEY_LU1_2U37
0.1068472,0.2208153,CV.Total.SURVEY_LU1_2U41
0.02485402,0.04389028,CV.Total.SURVEY_LU1_2U42
0.08093766,0.13495954,CV.Total.SURVEY_LC1_3A11
0.3789894,NA,CV.Total.SURVEY_LC1_3A12
0.4622036,0.5280518,CV.Total.SURVEY_LC1_3A13
0.1026287,0.1416995,CV.Total.SURVEY_LC1_3A21
0.07757997,0.09029700,CV.Total.SURVEY_LC1_3A22
0.04130384,0.25228672,CV.Total.SURVEY_LC1_3A30
0.1117947,0.0376747,CV.Total.SURVEY_LC1_3B11
0.1965878,0.1430325,CV.Total.SURVEY_LC1_3B12
0.19011638,0.08717885,CV.Total.SURVEY_LC1_3B13
0.0000000,0.1722412,CV.Total.SURVEY_LC1_3B14
0.5012494,0.1911571,CV.Total.SURVEY_LC1_3B15
0.06829959,0.02899301,CV.Total.SURVEY_LC1_3B16
0.4583931,0.3209889,CV.Total.SURVEY_LC1_3B18
NA,0.5054915,CV.Total.SURVEY_LC1_3B19
0.4654963,0.1824011,CV.Total.SURVEY_LC1_3B21
0.5872339,0.3184134,CV.Total.SURVEY_LC1_3B22
NA,0.490714,CV.Total.SURVEY_LC1_3B23
0.09374421,0.04278008,CV.Total.SURVEY_LC1_3B31
0.1564136,0.0662190,CV.Total.SURVEY_LC1_3B32
0.3184339,0.1593413,CV.Total.SURVEY_LC1_3B33
NA,0.6056009,CV.Total.SURVEY_LC1_3B35
NA,0.124614,CV.Total.SURVEY_LC1_3B37
NA,0.6299045,CV.Total.SURVEY_LC1_3B41
NA,0.2485626,CV.Total.SURVEY_LC1_3B42
0.1896670,0.1723687,CV.Total.SURVEY_LC1_3B43
NA,0.2414442,CV.Total.SURVEY_LC1_3B44
0.3291048,NA,CV.Total.SURVEY_LC1_3B45
NA,0.2009655,CV.Total.SURVEY_LC1_3B51
0.29647051,0.05701486,CV.Total.SURVEY_LC1_3B52
0.8309490,0.2283898,CV.Total.SURVEY_LC1_3B53
NA,0.4516862,CV.Total.SURVEY_LC1_3B54
NA,0.1871178,CV.Total.SURVEY_LC1_3B55
0.3087297,0.1246800,CV.Total.SURVEY_LC1_3B71
NA,0.4052323,CV.Total.SURVEY_LC1_3B72
0.4194571,0.1846778,CV.Total.SURVEY_LC1_3B73
0.0000000,0.2391198,CV.Total.SURVEY_LC1_3B74
0.3262588,0.1291245,CV.Total.SURVEY_LC1_3B75
0.3497349,0.1407488,CV.Total.SURVEY_LC1_3B82
0.0000000,0.4839349,CV.Total.SURVEY_LC1_3B83
0.3333333,0.5302875,CV.Total.SURVEY_LC1_3B84
0.0106408,NA,CV.Total.SURVEY_LC1_3Bx1
0.06390294,NA,CV.Total.SURVEY_LC1_3Bx2
0.07834903,0.23862768,CV.Total.SURVEY_LC1_3C10
0.8384731,NA,CV.Total.SURVEY_LC1_3C1x
0.2717129,0.9145855,CV.Total.SURVEY_LC1_3C21
0.5198245,0.2627445,CV.Total.SURVEY_LC1_3C22
0.1872718,0.9941828,CV.Total.SURVEY_LC1_3C23
0.2750845,NA,CV.Total.SURVEY_LC1_3C2x
0.8009302,0.4515606,CV.Total.SURVEY_LC1_3C31
0.445727,0.000000,CV.Total.SURVEY_LC1_3C32
0.4801027,0.0000000,CV.Total.SURVEY_LC1_3C33
0.1498102,NA,CV.Total.SURVEY_LC1_3C3x
0.05035850,0.08254676,CV.Total.SURVEY_LC1_3D10
  0,NA,CV.Total.SURVEY_LC1_3D1x
0.05658867,0.06478177,CV.Total.SURVEY_LC1_3D20
0.08199148,0.06360430,CV.Total.SURVEY_LC1_3E10
0.02027684,0.02890623,CV.Total.SURVEY_LC1_3E20
0.05950204,0.04706143,CV.Total.SURVEY_LC1_3E30
0.522233,NA,CV.Total.SURVEY_LC1_3E3x
0.1111705,0.0000000,CV.Total.SURVEY_LC1_3F10
0.1548427,0.1121272,CV.Total.SURVEY_LC1_3F20
0.7071068,NA,CV.Total.SURVEY_LC1_3F30
0.03458311,0.11726931,CV.Total.SURVEY_LC1_3F40
  0,NA,CV.Total.SURVEY_LC1_3F4x
0.01383185,0.06113075,CV.Total.SURVEY_LC1_3G11
  0,NA,CV.Total.SURVEY_LC1_3G12
0.02516778,0.07357659,CV.Total.SURVEY_LC1_3G21
0.03557430,0.08790376,CV.Total.SURVEY_LC1_3H11
  0,NA,CV.Total.SURVEY_LC1_3H12
0.01064010,0.01192912,CV.Total.SURVEY_LU1_3U111
0.09431081,0.05490784,CV.Total.SURVEY_LU1_3U112
0.1309473,0.1881769,CV.Total.SURVEY_LU1_3U113
0.03655965,0.22778254,CV.Total.SURVEY_LU1_3U120
0.01463575,0.05626738,CV.Total.SURVEY_LU1_3U130
0.1028644,0.1790583,CV.Total.SURVEY_LU1_3U140
0,0,CV.Total.SURVEY_LU1_3U150
0.05149546,0.00000000,CV.Total.SURVEY_LU1_3U210
0.2781856,NA,CV.Total.SURVEY_LU1_3U221
  0,NA,CV.Total.SURVEY_LU1_3U222
0.2059254,NA,CV.Total.SURVEY_LU1_3U223
0.0000000,0.6451334,CV.Total.SURVEY_LU1_3U224
  0,NA,CV.Total.SURVEY_LU1_3U225
0.3571280,0.7237469,CV.Total.SURVEY_LU1_3U226
0.08719012,0.00000000,CV.Total.SURVEY_LU1_3U227
0.1991465,0.4263121,CV.Total.SURVEY_LU1_3U311
0.07490808,0.09290938,CV.Total.SURVEY_LU1_3U312
0.03308297,0.06523557,CV.Total.SURVEY_LU1_3U313
0.454691,0.000000,CV.Total.SURVEY_LU1_3U314
0.3328481,0.0000000,CV.Total.SURVEY_LU1_3U317
0.2654440,0.3116264,CV.Total.SURVEY_LU1_3U318
0.000000,0.110491,CV.Total.SURVEY_LU1_3U319
0.04215098,0.00000000,CV.Total.SURVEY_LU1_3U321
0.1644404,NA,CV.Total.SURVEY_LU1_3U322
0.2767652,0.2333933,CV.Total.SURVEY_LU1_3U330
0.4056242,0.0000000,CV.Total.SURVEY_LU1_3U341
0.2920625,0.3333824,CV.Total.SURVEY_LU1_3U350
0.07920711,0.20066305,CV.Total.SURVEY_LU1_3U361
0.04884941,0.00000000,CV.Total.SURVEY_LU1_3U362
0.04168163,0.11361419,CV.Total.SURVEY_LU1_3U370
0.2799848,0.4041113,CV.Total.SURVEY_LU1_3U411
  0,NA,CV.Total.SURVEY_LU1_3U412
0.4395909,NA,CV.Total.SURVEY_LU1_3U413
0.0000000,0.1116162,CV.Total.SURVEY_LU1_3U414
0.09635026,0.26307194,CV.Total.SURVEY_LU1_3U415
0.02485402,0.04389028,CV.Total.SURVEY_LU1_3U420
0.01610520,0.03959215,CV.Total.settlement0
0.02236206,0.05966980,CV.Total.settlement1
0.02236206,0.05966980,CV.Total.settl_pc
0.01369015,0.01051882,CV.Total.fao_class_name0
0.0414125,0.2320596,CV.Total.fao_class_name1
0.1127854,0.1053432,CV.Total.fao_class_name2
0.15828097,0.08305741,CV.Total.fao_class_name3
0.01585631,0.03872588,CV.Total.lue0
0.03626593,0.09999351,CV.Total.lue1
0.01581255,0.03917993,CV.Total.lud0
0.03900706,0.07285183,CV.Total.lud1
