No,Yes,variable
17072.26,31962.74,Total.area
876.204,615.592,Total.SURVEY_LC1_1A
4765.093,7416.101,Total.SURVEY_LC1_1B
 6832.14,15680.15,Total.SURVEY_LC1_1C
 961.0012,1153.6031,Total.SURVEY_LC1_1D
2609.948,6164.216,Total.SURVEY_LC1_1E
656.6539,694.5047,Total.SURVEY_LC1_1F
343.8387,167.7477,Total.SURVEY_LC1_1G
27.37661,70.83183,Total.SURVEY_LC1_1H
13735.55,27944.24,Total.SURVEY_LU1_1U1
159.12497, 42.20243,Total.SURVEY_LU1_1U2
1936.317,1063.770,Total.SURVEY_LU1_1U3
1241.261,2912.528,Total.SURVEY_LU1_1U4
343.3441,161.8602,Total.SURVEY_LC1_2A1
503.4330,380.4232,Total.SURVEY_LC1_2A2
29.42692,73.30863,Total.SURVEY_LC1_2A3
 678.8191,4312.6419,Total.SURVEY_LC1_2B1
  4.921378,133.965668,Total.SURVEY_LC1_2B2
 294.3345,1697.7896,Total.SURVEY_LC1_2B3
 13.26509,121.56754,Total.SURVEY_LC1_2B4
 18.40877,827.46245,Total.SURVEY_LC1_2B5
 34.29996,249.80844,Total.SURVEY_LC1_2B7
32.88998,72.86532,Total.SURVEY_LC1_2B8
3688.154,   0.000,Total.SURVEY_LC1_2Bx
 3475.246,10364.463,Total.SURVEY_LC1_2C1
2084.035,2613.722,Total.SURVEY_LC1_2C2
1272.859,2701.963,Total.SURVEY_LC1_2C3
458.6046,793.8331,Total.SURVEY_LC1_2D1
502.3966,359.7700,Total.SURVEY_LC1_2D2
411.8953,483.0615,Total.SURVEY_LC1_2E1
1764.693,4575.239,Total.SURVEY_LC1_2E2
 425.2953,1105.9156,Total.SURVEY_LC1_2E3
8.065226,0.000000,Total.SURVEY_LC1_2Ex
133.739926,  3.580796,Total.SURVEY_LC1_2F1
3.592064,0.000000,Total.SURVEY_LC1_2F2
8.663839,0.000000,Total.SURVEY_LC1_2F3
510.6580,690.9239,Total.SURVEY_LC1_2F4
177.64828, 48.99932,Total.SURVEY_LC1_2G1
166.1904,118.7484,Total.SURVEY_LC1_2G2
27.37661,70.83183,Total.SURVEY_LC1_2H1
 6537.711,13091.897,Total.SURVEY_LU1_2U11
 7110.933,14789.865,Total.SURVEY_LU1_2U12
42.74342,23.64532,Total.SURVEY_LU1_2U13
36.77310,38.83666,Total.SURVEY_LU1_2U14
7.392535,0.000000,Total.SURVEY_LU1_2U15
72.65127,12.55185,Total.SURVEY_LU1_2U21
86.47371,29.65058,Total.SURVEY_LU1_2U22
573.2430,479.4952,Total.SURVEY_LU1_2U31
75.55681,37.71131,Total.SURVEY_LU1_2U32
21.09517,21.34051,Total.SURVEY_LU1_2U33
25.59489,30.05461,Total.SURVEY_LU1_2U34
182.46199, 49.03877,Total.SURVEY_LU1_2U35
175.0042,111.6067,Total.SURVEY_LU1_2U36
883.3605,334.5233,Total.SURVEY_LU1_2U37
152.8104,249.7238,Total.SURVEY_LU1_2U41
1088.451,2662.804,Total.SURVEY_LU1_2U42
317.1078,161.8602,Total.SURVEY_LC1_3A11
26.23627, 0.00000,Total.SURVEY_LC1_3A12
162.41188, 81.49635,Total.SURVEY_LC1_3A21
341.0211,298.9269,Total.SURVEY_LC1_3A22
29.42692,73.30863,Total.SURVEY_LC1_3A30
 147.9332,1968.0718,Total.SURVEY_LC1_3B11
 10.67153,194.74497,Total.SURVEY_LC1_3B12
 54.39865,600.60406,Total.SURVEY_LC1_3B13
 6.647521,71.910749,Total.SURVEY_LC1_3B14
 0.00000,92.97465,Total.SURVEY_LC1_3B15
 433.6191,1271.7972,Total.SURVEY_LC1_3B16
12.64413,64.96967,Total.SURVEY_LC1_3B18
12.90499,47.56885,Total.SURVEY_LC1_3B19
 0.00000,24.99713,Total.SURVEY_LC1_3B21
 4.921378,81.996751,Total.SURVEY_LC1_3B22
 0.00000,26.97178,Total.SURVEY_LC1_3B23
105.8152,385.0123,Total.SURVEY_LC1_3B31
137.2457,795.1128,Total.SURVEY_LC1_3B32
 51.27361,458.55343,Total.SURVEY_LC1_3B33
 0.00000,40.19409,Total.SURVEY_LC1_3B35
 0.00000,18.91688,Total.SURVEY_LC1_3B37
 7.84595,96.36859,Total.SURVEY_LC1_3B41
 5.419144,25.198953,Total.SURVEY_LC1_3B43
 4.869825,98.396044,Total.SURVEY_LC1_3B51
  4.024007,317.637363,Total.SURVEY_LC1_3B52
  9.514936,233.175969,Total.SURVEY_LC1_3B53
 0.00000,28.82668,Total.SURVEY_LC1_3B54
  0.0000,149.4264,Total.SURVEY_LC1_3B55
 11.52583,150.37186,Total.SURVEY_LC1_3B71
 0.00000,11.13092,Total.SURVEY_LC1_3B72
 0.00000,19.65715,Total.SURVEY_LC1_3B73
 5.297735,16.068380,Total.SURVEY_LC1_3B74
17.47639,52.58014,Total.SURVEY_LC1_3B75
24.22124,61.48584,Total.SURVEY_LC1_3B82
8.668739,8.375989,Total.SURVEY_LC1_3B83
0.00000,3.00349,Total.SURVEY_LC1_3B84
3396.853,   0.000,Total.SURVEY_LC1_3Bx1
273.8895,  0.0000,Total.SURVEY_LC1_3Bx2
17.41127, 0.00000,Total.SURVEY_LC1_3Bxx
 3470.854,10364.463,Total.SURVEY_LC1_3C10
4.391229,0.000000,Total.SURVEY_LC1_3C1x
1891.982,1822.195,Total.SURVEY_LC1_3C21
168.2346,772.5115,Total.SURVEY_LC1_3C22
23.81923,19.01584,Total.SURVEY_LC1_3C23
 692.4094,1903.1667,Total.SURVEY_LC1_3C31
 71.76839,392.27429,Total.SURVEY_LC1_3C32
503.6157,406.5221,Total.SURVEY_LC1_3C33
5.065707,0.000000,Total.SURVEY_LC1_3C3x
454.8498,793.8331,Total.SURVEY_LC1_3D10
3.754786,0.000000,Total.SURVEY_LC1_3D1x
494.8583,359.7700,Total.SURVEY_LC1_3D20
7.538256,0.000000,Total.SURVEY_LC1_3D2x
411.8953,483.0615,Total.SURVEY_LC1_3E10
1764.693,4575.239,Total.SURVEY_LC1_3E20
 425.2953,1105.9156,Total.SURVEY_LC1_3E30
8.065226,0.000000,Total.SURVEY_LC1_3Exx
133.739926,  3.580796,Total.SURVEY_LC1_3F10
3.592064,0.000000,Total.SURVEY_LC1_3F20
8.663839,0.000000,Total.SURVEY_LC1_3F30
506.0139,690.9239,Total.SURVEY_LC1_3F40
4.644078,0.000000,Total.SURVEY_LC1_3F4x
177.64828, 48.99932,Total.SURVEY_LC1_3G11
166.1904,118.7484,Total.SURVEY_LC1_3G21
27.37661,70.83183,Total.SURVEY_LC1_3H11
 6192.558,12626.554,Total.SURVEY_LU1_3U111
 58.8059,239.3213,Total.SURVEY_LU1_3U112
286.3471,226.0215,Total.SURVEY_LU1_3U113
 7110.933,14789.865,Total.SURVEY_LU1_3U120
42.74342,23.64532,Total.SURVEY_LU1_3U130
36.77310,38.83666,Total.SURVEY_LU1_3U140
7.392535,0.000000,Total.SURVEY_LU1_3U150
72.65127,12.55185,Total.SURVEY_LU1_3U210
10.48179,13.77454,Total.SURVEY_LU1_3U221
19.56864, 0.00000,Total.SURVEY_LU1_3U222
17.61021, 0.00000,Total.SURVEY_LU1_3U223
0.000000,4.163172,Total.SURVEY_LU1_3U224
9.000969,3.544307,Total.SURVEY_LU1_3U225
21.119967, 4.164104,Total.SURVEY_LU1_3U226
8.692132,4.004452,Total.SURVEY_LU1_3U227
35.25078,55.72913,Total.SURVEY_LU1_3U311
337.8245,284.4281,Total.SURVEY_LU1_3U312
92.58229,15.52141,Total.SURVEY_LU1_3U313
13.99272, 0.00000,Total.SURVEY_LU1_3U314
0.000000,6.967035,Total.SURVEY_LU1_3U315
55.24632,23.89842,Total.SURVEY_LU1_3U317
29.59699,37.14346,Total.SURVEY_LU1_3U318
 8.749379,55.807607,Total.SURVEY_LU1_3U319
55.52890,33.65448,Total.SURVEY_LU1_3U321
20.027905, 4.056828,Total.SURVEY_LU1_3U322
21.09517,21.34051,Total.SURVEY_LU1_3U330
25.59489,30.05461,Total.SURVEY_LU1_3U341
182.46199, 49.03877,Total.SURVEY_LU1_3U350
88.47950,79.14778,Total.SURVEY_LU1_3U361
86.52473,32.45896,Total.SURVEY_LU1_3U362
883.3605,334.5233,Total.SURVEY_LU1_3U370
7.361232,8.189352,Total.SURVEY_LU1_3U411
3.71958,0.00000,Total.SURVEY_LU1_3U412
0.000000,2.899875,Total.SURVEY_LU1_3U413
11.903388, 7.960988,Total.SURVEY_LU1_3U414
129.8262,230.6736,Total.SURVEY_LU1_3U415
1088.451,2662.804,Total.SURVEY_LU1_3U420
15120.44,30912.23,Total.settlement0
1951.819,1050.514,Total.settlement1
0.3595310,0.1935078,Total.settl_pc
 9953.445,15261.468,Total.fao_class_name0
 6722.829,15924.843,Total.fao_class_name1
330.3987,601.0641,Total.fao_class_name2
 65.58358,175.36872,Total.fao_class_name3
15805.83,31437.52,Total.lue0
1266.4216, 525.2234,Total.lue1
16206.46,31343.16,Total.lud0
865.7930,619.5861,Total.lud1
1036.565,1027.450,SE.Total.area
57.06847,43.11947,SE.Total.SURVEY_LC1_1A
71.28391,89.45722,SE.Total.SURVEY_LC1_1B
1029.295,1093.119,SE.Total.SURVEY_LC1_1C
197.3541,344.1749,SE.Total.SURVEY_LC1_1D
 78.28435,541.08748,SE.Total.SURVEY_LC1_1E
40.56267,35.17146,SE.Total.SURVEY_LC1_1F
17.91590,16.39662,SE.Total.SURVEY_LC1_1G
0.000000,7.574741,SE.Total.SURVEY_LC1_1H
1036.043,1083.384,SE.Total.SURVEY_LU1_1U1
21.67670,14.36072,SE.Total.SURVEY_LU1_1U2
57.98455,52.38597,SE.Total.SURVEY_LU1_1U3
 25.09944,482.26829,SE.Total.SURVEY_LU1_1U4
42.39576,36.98879,SE.Total.SURVEY_LC1_2A1
57.01475,26.88449,SE.Total.SURVEY_LC1_2A2
 7.107879,12.256580,SE.Total.SURVEY_LC1_2A3
32.06360,73.62624,SE.Total.SURVEY_LC1_2B1
 2.431975,12.681571,SE.Total.SURVEY_LC1_2B2
22.06074,54.38967,SE.Total.SURVEY_LC1_2B3
 2.677954,15.632878,SE.Total.SURVEY_LC1_2B4
 3.598997,43.605904,SE.Total.SURVEY_LC1_2B5
 4.134811,21.533333,SE.Total.SURVEY_LC1_2B7
11.89636,10.16235,SE.Total.SURVEY_LC1_2B8
66.1998, 0.0000,SE.Total.SURVEY_LC1_2Bx
 741.5779,1214.0045,SE.Total.SURVEY_LC1_2C1
658.6498,774.2084,SE.Total.SURVEY_LC1_2C2
530.4175,711.0093,SE.Total.SURVEY_LC1_2C3
178.1651,336.3638,SE.Total.SURVEY_LC1_2D1
85.00861,72.93878,SE.Total.SURVEY_LC1_2D2
44.95224,45.88737,SE.Total.SURVEY_LC1_2E1
 66.57213,427.96459,SE.Total.SURVEY_LC1_2E2
 22.92852,333.76657,SE.Total.SURVEY_LC1_2E3
5.600211,0.000000,SE.Total.SURVEY_LC1_2Ex
3.345767,0.000000,SE.Total.SURVEY_LC1_2F1
0,0,SE.Total.SURVEY_LC1_2F2
0,0,SE.Total.SURVEY_LC1_2F3
40.42444,35.17146,SE.Total.SURVEY_LC1_2F4
21.200840, 2.677954,SE.Total.SURVEY_LC1_2G1
21.71043,16.17646,SE.Total.SURVEY_LC1_2G2
0.000000,7.574741,SE.Total.SURVEY_LC1_2H1
 91.21742,429.31887,SE.Total.SURVEY_LU1_2U11
1031.977,1092.914,SE.Total.SURVEY_LU1_2U12
18.89182, 0.00000,SE.Total.SURVEY_LU1_2U13
3.396375,7.179856,SE.Total.SURVEY_LU1_2U14
0,0,SE.Total.SURVEY_LU1_2U15
18.29606,10.44377,SE.Total.SURVEY_LU1_2U21
11.72277,11.46111,SE.Total.SURVEY_LU1_2U22
57.24303,29.08450,SE.Total.SURVEY_LU1_2U31
13.45572,13.09556,SE.Total.SURVEY_LU1_2U32
6.779513,2.431975,SE.Total.SURVEY_LU1_2U33
15.68076,15.73958,SE.Total.SURVEY_LU1_2U34
15.61041,10.87558,SE.Total.SURVEY_LU1_2U35
17.37934,11.98318,SE.Total.SURVEY_LU1_2U36
59.58548,35.54854,SE.Total.SURVEY_LU1_2U37
 6.383309,15.632199,SE.Total.SURVEY_LU1_2U41
 24.33719,482.02419,SE.Total.SURVEY_LU1_2U42
42.47369,36.98879,SE.Total.SURVEY_LC1_3A11
15.47069, 0.00000,SE.Total.SURVEY_LC1_3A12
37.045216, 9.652566,SE.Total.SURVEY_LC1_3A21
51.60669,25.31284,SE.Total.SURVEY_LC1_3A22
 7.107879,12.256580,SE.Total.SURVEY_LC1_3A30
13.67815,52.30311,SE.Total.SURVEY_LC1_3B11
 4.466257,16.324405,SE.Total.SURVEY_LC1_3B12
 9.579042,30.550311,SE.Total.SURVEY_LC1_3B13
 4.466257,25.199920,SE.Total.SURVEY_LC1_3B14
 0.00000,14.21567,SE.Total.SURVEY_LC1_3B15
25.88357,41.93964,SE.Total.SURVEY_LC1_3B16
 5.635725,10.152833,SE.Total.SURVEY_LC1_3B18
5.698012,8.180985,SE.Total.SURVEY_LC1_3B19
0.000000,5.195753,SE.Total.SURVEY_LC1_3B21
2.431975,9.717098,SE.Total.SURVEY_LC1_3B22
0.000000,6.356463,SE.Total.SURVEY_LC1_3B23
11.36192,22.90563,SE.Total.SURVEY_LC1_3B31
16.34118,35.84777,SE.Total.SURVEY_LC1_3B32
 9.772101,36.133184,SE.Total.SURVEY_LC1_3B33
0.000000,6.918265,SE.Total.SURVEY_LC1_3B35
0.000000,6.742676,SE.Total.SURVEY_LC1_3B37
 0.00000,12.14923,SE.Total.SURVEY_LC1_3B41
2.677954,9.848308,SE.Total.SURVEY_LC1_3B43
 2.406499,14.520424,SE.Total.SURVEY_LC1_3B51
 0.00000,21.96898,SE.Total.SURVEY_LC1_3B52
 2.677954,22.290599,SE.Total.SURVEY_LC1_3B53
0.000000,7.901452,SE.Total.SURVEY_LC1_3B54
 0.000,26.669,SE.Total.SURVEY_LC1_3B55
 0.00000,19.78716,SE.Total.SURVEY_LC1_3B71
0.000000,4.381845,SE.Total.SURVEY_LC1_3B72
0,0,SE.Total.SURVEY_LC1_3B73
2.862738,5.493401,SE.Total.SURVEY_LC1_3B74
2.991641,5.619595,SE.Total.SURVEY_LC1_3B75
11.736698, 9.867062,SE.Total.SURVEY_LC1_3B82
1.942485,2.431975,SE.Total.SURVEY_LC1_3B83
0,0,SE.Total.SURVEY_LC1_3B84
64.01633, 0.00000,SE.Total.SURVEY_LC1_3Bx1
16.67515, 0.00000,SE.Total.SURVEY_LC1_3Bx2
6.175266,0.000000,SE.Total.SURVEY_LC1_3Bxx
 741.5779,1214.0045,SE.Total.SURVEY_LC1_3C10
0,0,SE.Total.SURVEY_LC1_3C1x
658.3211,666.6653,SE.Total.SURVEY_LC1_3C21
 20.85357,420.66746,SE.Total.SURVEY_LC1_3C22
4.381341,8.322745,SE.Total.SURVEY_LC1_3C23
349.3191,649.4048,SE.Total.SURVEY_LC1_3C31
 12.4286,282.0131,SE.Total.SURVEY_LC1_3C32
418.9671,298.8050,SE.Total.SURVEY_LC1_3C33
2.216728,0.000000,SE.Total.SURVEY_LC1_3C3x
178.1651,336.3638,SE.Total.SURVEY_LC1_3D10
0,0,SE.Total.SURVEY_LC1_3D1x
85.00861,72.93878,SE.Total.SURVEY_LC1_3D20
0,0,SE.Total.SURVEY_LC1_3D2x
44.95224,45.88737,SE.Total.SURVEY_LC1_3E10
 66.57213,427.96459,SE.Total.SURVEY_LC1_3E20
 22.92852,333.76657,SE.Total.SURVEY_LC1_3E30
5.600211,0.000000,SE.Total.SURVEY_LC1_3Exx
3.345767,0.000000,SE.Total.SURVEY_LC1_3F10
0,0,SE.Total.SURVEY_LC1_3F20
0,0,SE.Total.SURVEY_LC1_3F30
40.37333,35.17146,SE.Total.SURVEY_LC1_3F40
2.032225,0.000000,SE.Total.SURVEY_LC1_3F4x
21.200840, 2.677954,SE.Total.SURVEY_LC1_3G11
21.71043,16.17646,SE.Total.SURVEY_LC1_3G21
0.000000,7.574741,SE.Total.SURVEY_LC1_3H11
 90.03932,429.38564,SE.Total.SURVEY_LU1_3U111
12.42323,24.16089,SE.Total.SURVEY_LU1_3U112
14.88489,22.61863,SE.Total.SURVEY_LU1_3U113
1031.977,1092.914,SE.Total.SURVEY_LU1_3U120
18.89182, 0.00000,SE.Total.SURVEY_LU1_3U130
3.396375,7.179856,SE.Total.SURVEY_LU1_3U140
0,0,SE.Total.SURVEY_LU1_3U150
18.29606,10.44377,SE.Total.SURVEY_LU1_3U210
 3.940037,11.461111,SE.Total.SURVEY_LU1_3U221
7.974416,0.000000,SE.Total.SURVEY_LU1_3U222
2.773208,0.000000,SE.Total.SURVEY_LU1_3U223
0,0,SE.Total.SURVEY_LU1_3U224
2.327805,0.000000,SE.Total.SURVEY_LU1_3U225
8.30208,0.00000,SE.Total.SURVEY_LU1_3U226
2.118073,0.000000,SE.Total.SURVEY_LU1_3U227
 0.00000,15.96915,SE.Total.SURVEY_LU1_3U311
51.55733,27.12805,SE.Total.SURVEY_LU1_3U312
22.42244, 0.00000,SE.Total.SURVEY_LU1_3U313
3.923306,0.000000,SE.Total.SURVEY_LU1_3U314
0.000000,4.837666,SE.Total.SURVEY_LU1_3U315
17.209536, 4.905939,SE.Total.SURVEY_LU1_3U317
2.7877867,0.8107652,SE.Total.SURVEY_LU1_3U318
0.000000,6.414931,SE.Total.SURVEY_LU1_3U319
11.97985,13.09556,SE.Total.SURVEY_LU1_3U321
6.126953,0.000000,SE.Total.SURVEY_LU1_3U322
6.779513,2.431975,SE.Total.SURVEY_LU1_3U330
15.68076,15.73958,SE.Total.SURVEY_LU1_3U341
15.61041,10.87558,SE.Total.SURVEY_LU1_3U350
8.673952,4.117165,SE.Total.SURVEY_LU1_3U361
15.52131,11.25653,SE.Total.SURVEY_LU1_3U362
59.58548,35.54854,SE.Total.SURVEY_LU1_3U370
0.000000,1.923245,SE.Total.SURVEY_LU1_3U411
0,0,SE.Total.SURVEY_LU1_3U412
0,0,SE.Total.SURVEY_LU1_3U413
0,0,SE.Total.SURVEY_LU1_3U414
 6.383309,15.513438,SE.Total.SURVEY_LU1_3U415
 24.33719,482.02419,SE.Total.SURVEY_LU1_3U420
1036.160,1026.919,SE.Total.settlement0
55.24593,51.11929,SE.Total.settlement1
0.010176468,0.009416329,SE.Total.settl_pc
132.3530,436.7631,SE.Total.fao_class_name0
1029.153,1068.602,SE.Total.fao_class_name1
178.0682,336.1181,SE.Total.fao_class_name2
 4.791111,10.551907,SE.Total.fao_class_name3
1037.178,1026.845,SE.Total.lue0
61.00782,42.01674,SE.Total.lue1
1037.408,1027.533,SE.Total.lud0
59.12780,30.08554,SE.Total.lud1
15040.62,29948.98,CI.l(95%).Total.area
764.3519,531.0794,CI.l(95%).Total.SURVEY_LC1_1A
4625.379,7240.768,CI.l(95%).Total.SURVEY_LC1_1B
 4814.76,13537.67,CI.l(95%).Total.SURVEY_LC1_1C
574.1942,479.0328,CI.l(95%).Total.SURVEY_LC1_1D
2456.514,5103.704,CI.l(95%).Total.SURVEY_LC1_1E
577.1525,625.5699,CI.l(95%).Total.SURVEY_LC1_1F
308.7241,135.6109,CI.l(95%).Total.SURVEY_LC1_1G
27.37661,55.98561,CI.l(95%).Total.SURVEY_LC1_1H
11704.95,25820.85,CI.l(95%).Total.SURVEY_LU1_1U1
116.63942, 14.05594,CI.l(95%).Total.SURVEY_LU1_1U2
1822.6689, 961.0958,CI.l(95%).Total.SURVEY_LU1_1U3
1192.067,1967.299,CI.l(95%).Total.SURVEY_LU1_1U4
260.24996, 89.36349,CI.l(95%).Total.SURVEY_LC1_2A1
391.6861,327.7306,CI.l(95%).Total.SURVEY_LC1_2A2
15.49573,49.28617,CI.l(95%).Total.SURVEY_LC1_2A3
 615.9756,4168.3371,CI.l(95%).Total.SURVEY_LC1_2B1
  0.1547942,109.1102448,CI.l(95%).Total.SURVEY_LC1_2B2
 251.0962,1591.1878,CI.l(95%).Total.SURVEY_LC1_2B3
 8.016401,90.927662,CI.l(95%).Total.SURVEY_LC1_2B4
 11.35486,741.99645,CI.l(95%).Total.SURVEY_LC1_2B5
 26.19587,207.60388,CI.l(95%).Total.SURVEY_LC1_2B7
 9.573548,52.947469,CI.l(95%).Total.SURVEY_LC1_2B8
3558.405,   0.000,CI.l(95%).Total.SURVEY_LC1_2Bx
2021.780,7985.058,CI.l(95%).Total.SURVEY_LC1_2C1
 793.1055,1096.3015,CI.l(95%).Total.SURVEY_LC1_2C2
 233.26,1308.41,CI.l(95%).Total.SURVEY_LC1_2C3
109.4074,134.5721,CI.l(95%).Total.SURVEY_LC1_2D1
335.7828,216.8126,CI.l(95%).Total.SURVEY_LC1_2D2
323.7905,393.1239,CI.l(95%).Total.SURVEY_LC1_2E1
1634.214,3736.444,CI.l(95%).Total.SURVEY_LC1_2E2
380.3562,451.7452,CI.l(95%).Total.SURVEY_LC1_2E3
-2.910986, 0.000000,CI.l(95%).Total.SURVEY_LC1_2Ex
127.182343,  3.580796,CI.l(95%).Total.SURVEY_LC1_2F1
3.592064,0.000000,CI.l(95%).Total.SURVEY_LC1_2F2
8.663839,0.000000,CI.l(95%).Total.SURVEY_LC1_2F3
431.4276,621.9891,CI.l(95%).Total.SURVEY_LC1_2F4
136.09539, 43.75062,CI.l(95%).Total.SURVEY_LC1_2G1
123.63873, 87.04314,CI.l(95%).Total.SURVEY_LC1_2G2
27.37661,55.98561,CI.l(95%).Total.SURVEY_LC1_2H1
 6358.928,12250.447,CI.l(95%).Total.SURVEY_LU1_2U11
 5088.295,12647.793,CI.l(95%).Total.SURVEY_LU1_2U12
 5.716144,23.645319,CI.l(95%).Total.SURVEY_LU1_2U13
30.11633,24.76440,CI.l(95%).Total.SURVEY_LU1_2U14
7.392535,0.000000,CI.l(95%).Total.SURVEY_LU1_2U15
36.791639,-7.917566,CI.l(95%).Total.SURVEY_LU1_2U21
63.497500, 7.187212,CI.l(95%).Total.SURVEY_LU1_2U22
461.0487,422.4906,CI.l(95%).Total.SURVEY_LU1_2U31
49.18409,12.04448,CI.l(95%).Total.SURVEY_LU1_2U32
 7.807566,16.573921,CI.l(95%).Total.SURVEY_LU1_2U33
-5.1388325,-0.7944016,CI.l(95%).Total.SURVEY_LU1_2U34
151.86614, 27.72302,CI.l(95%).Total.SURVEY_LU1_2U35
140.94135, 88.12013,CI.l(95%).Total.SURVEY_LU1_2U36
766.5751,264.8495,CI.l(95%).Total.SURVEY_LU1_2U37
140.2994,219.0853,CI.l(95%).Total.SURVEY_LU1_2U41
1040.751,1718.054,CI.l(95%).Total.SURVEY_LU1_2U42
233.86095, 89.36349,CI.l(95%).Total.SURVEY_LC1_3A11
-4.085733, 0.000000,CI.l(95%).Total.SURVEY_LC1_3A12
89.80459,62.57767,CI.l(95%).Total.SURVEY_LC1_3A21
239.8739,249.3146,CI.l(95%).Total.SURVEY_LC1_3A22
15.49573,49.28617,CI.l(95%).Total.SURVEY_LC1_3A30
 121.1245,1865.5596,CI.l(95%).Total.SURVEY_LC1_3B11
  1.917825,162.749727,CI.l(95%).Total.SURVEY_LC1_3B12
 35.62407,540.72655,CI.l(95%).Total.SURVEY_LC1_3B13
-2.106182,22.519813,CI.l(95%).Total.SURVEY_LC1_3B14
 0.00000,65.11245,CI.l(95%).Total.SURVEY_LC1_3B15
 382.8882,1189.5970,CI.l(95%).Total.SURVEY_LC1_3B16
 1.598308,45.070480,CI.l(95%).Total.SURVEY_LC1_3B18
 1.737096,31.534414,CI.l(95%).Total.SURVEY_LC1_3B19
 0.00000,14.81364,CI.l(95%).Total.SURVEY_LC1_3B21
 0.1547942,62.9515896,CI.l(95%).Total.SURVEY_LC1_3B22
 0.00000,14.51335,CI.l(95%).Total.SURVEY_LC1_3B23
 83.54623,340.11812,CI.l(95%).Total.SURVEY_LC1_3B31
105.2176,724.8525,CI.l(95%).Total.SURVEY_LC1_3B32
 32.12065,387.73369,CI.l(95%).Total.SURVEY_LC1_3B33
 0.00000,26.63454,CI.l(95%).Total.SURVEY_LC1_3B35
0.000000,5.701482,CI.l(95%).Total.SURVEY_LC1_3B37
 7.84595,72.55653,CI.l(95%).Total.SURVEY_LC1_3B41
0.1704507,5.8966243,CI.l(95%).Total.SURVEY_LC1_3B43
 0.1531727,69.9365351,CI.l(95%).Total.SURVEY_LC1_3B51
  4.024007,274.578960,CI.l(95%).Total.SURVEY_LC1_3B52
  4.266242,189.487198,CI.l(95%).Total.SURVEY_LC1_3B53
 0.00000,13.34011,CI.l(95%).Total.SURVEY_LC1_3B54
 0.00000,97.15612,CI.l(95%).Total.SURVEY_LC1_3B55
 11.52583,111.58975,CI.l(95%).Total.SURVEY_LC1_3B71
0.00000,2.54266,CI.l(95%).Total.SURVEY_LC1_3B72
 0.00000,19.65715,CI.l(95%).Total.SURVEY_LC1_3B73
-0.3131291, 5.3015116,CI.l(95%).Total.SURVEY_LC1_3B74
11.61288,41.56593,CI.l(95%).Total.SURVEY_LC1_3B75
 1.217737,42.146750,CI.l(95%).Total.SURVEY_LC1_3B82
4.861538,3.609405,CI.l(95%).Total.SURVEY_LC1_3B83
0.00000,3.00349,CI.l(95%).Total.SURVEY_LC1_3B84
3271.384,   0.000,CI.l(95%).Total.SURVEY_LC1_3Bx1
241.2068,  0.0000,CI.l(95%).Total.SURVEY_LC1_3Bx2
5.307969,0.000000,CI.l(95%).Total.SURVEY_LC1_3Bxx
2017.388,7985.058,CI.l(95%).Total.SURVEY_LC1_3C10
4.391229,0.000000,CI.l(95%).Total.SURVEY_LC1_3C1x
601.6959,515.5547,CI.l(95%).Total.SURVEY_LC1_3C21
127.36240,-51.98159,CI.l(95%).Total.SURVEY_LC1_3C22
15.231956, 2.703559,CI.l(95%).Total.SURVEY_LC1_3C23
  7.756479,630.356622,CI.l(95%).Total.SURVEY_LC1_3C31
  47.40878,-160.46131,CI.l(95%).Total.SURVEY_LC1_3C32
-317.5447,-179.1250,CI.l(95%).Total.SURVEY_LC1_3C33
0.7210002,0.0000000,CI.l(95%).Total.SURVEY_LC1_3C3x
105.6526,134.5721,CI.l(95%).Total.SURVEY_LC1_3D10
3.754786,0.000000,CI.l(95%).Total.SURVEY_LC1_3D1x
328.2445,216.8126,CI.l(95%).Total.SURVEY_LC1_3D20
7.538256,0.000000,CI.l(95%).Total.SURVEY_LC1_3D2x
323.7905,393.1239,CI.l(95%).Total.SURVEY_LC1_3E10
1634.214,3736.444,CI.l(95%).Total.SURVEY_LC1_3E20
380.3562,451.7452,CI.l(95%).Total.SURVEY_LC1_3E30
-2.910986, 0.000000,CI.l(95%).Total.SURVEY_LC1_3Exx
127.182343,  3.580796,CI.l(95%).Total.SURVEY_LC1_3F10
3.592064,0.000000,CI.l(95%).Total.SURVEY_LC1_3F20
8.663839,0.000000,CI.l(95%).Total.SURVEY_LC1_3F30
426.8837,621.9891,CI.l(95%).Total.SURVEY_LC1_3F40
0.6609898,0.0000000,CI.l(95%).Total.SURVEY_LC1_3F4x
136.09539, 43.75062,CI.l(95%).Total.SURVEY_LC1_3G11
123.63873, 87.04314,CI.l(95%).Total.SURVEY_LC1_3G21
27.37661,55.98561,CI.l(95%).Total.SURVEY_LC1_3H11
 6016.084,11784.974,CI.l(95%).Total.SURVEY_LU1_3U111
 34.45682,191.96677,CI.l(95%).Total.SURVEY_LU1_3U112
257.1732,181.6898,CI.l(95%).Total.SURVEY_LU1_3U113
 5088.295,12647.793,CI.l(95%).Total.SURVEY_LU1_3U120
 5.716144,23.645319,CI.l(95%).Total.SURVEY_LU1_3U130
30.11633,24.76440,CI.l(95%).Total.SURVEY_LU1_3U140
7.392535,0.000000,CI.l(95%).Total.SURVEY_LU1_3U150
36.791639,-7.917566,CI.l(95%).Total.SURVEY_LU1_3U210
 2.759456,-8.688824,CI.l(95%).Total.SURVEY_LU1_3U221
3.939076,0.000000,CI.l(95%).Total.SURVEY_LU1_3U222
12.17482, 0.00000,CI.l(95%).Total.SURVEY_LU1_3U223
0.000000,4.163172,CI.l(95%).Total.SURVEY_LU1_3U224
4.438555,3.544307,CI.l(95%).Total.SURVEY_LU1_3U225
4.848189,4.164104,CI.l(95%).Total.SURVEY_LU1_3U226
4.540785,4.004452,CI.l(95%).Total.SURVEY_LU1_3U227
35.25078,24.43018,CI.l(95%).Total.SURVEY_LU1_3U311
236.7740,231.2581,CI.l(95%).Total.SURVEY_LU1_3U312
48.63512,15.52141,CI.l(95%).Total.SURVEY_LU1_3U313
6.303181,0.000000,CI.l(95%).Total.SURVEY_LU1_3U314
 0.000000,-2.514616,CI.l(95%).Total.SURVEY_LU1_3U315
21.51625,14.28296,CI.l(95%).Total.SURVEY_LU1_3U317
24.13303,35.55439,CI.l(95%).Total.SURVEY_LU1_3U318
 8.749379,43.234573,CI.l(95%).Total.SURVEY_LU1_3U319
32.048833, 7.987648,CI.l(95%).Total.SURVEY_LU1_3U321
8.019298,4.056828,CI.l(95%).Total.SURVEY_LU1_3U322
 7.807566,16.573921,CI.l(95%).Total.SURVEY_LU1_3U330
-5.1388325,-0.7944016,CI.l(95%).Total.SURVEY_LU1_3U341
151.86614, 27.72302,CI.l(95%).Total.SURVEY_LU1_3U350
71.47886,71.07828,CI.l(95%).Total.SURVEY_LU1_3U361
56.10352,10.39656,CI.l(95%).Total.SURVEY_LU1_3U362
766.5751,264.8495,CI.l(95%).Total.SURVEY_LU1_3U370
7.361232,4.419860,CI.l(95%).Total.SURVEY_LU1_3U411
3.71958,0.00000,CI.l(95%).Total.SURVEY_LU1_3U412
0.000000,2.899875,CI.l(95%).Total.SURVEY_LU1_3U413
11.903388, 7.960988,CI.l(95%).Total.SURVEY_LU1_3U414
117.3152,200.2678,CI.l(95%).Total.SURVEY_LU1_3U415
1040.751,1718.054,CI.l(95%).Total.SURVEY_LU1_3U420
13089.60,28899.51,CI.l(95%).Total.settlement0
1843.5387, 950.3217,CI.l(95%).Total.settlement1
0.3395854,0.1750521,CI.l(95%).Total.settl_pc
 9694.038,14405.428,CI.l(95%).Total.fao_class_name0
 4705.726,13830.423,CI.l(95%).Total.fao_class_name1
-18.60862,-57.71523,CI.l(95%).Total.fao_class_name2
 56.19318,154.68736,CI.l(95%).Total.fao_class_name3
13773.00,29424.94,CI.l(95%).Total.lue0
1146.8485, 442.8721,CI.l(95%).Total.lue1
14173.18,29329.23,CI.l(95%).Total.lud0
749.9047,560.6195,CI.l(95%).Total.lud1
19103.89,33976.51,CI.u(95%).Total.area
988.0562,700.1047,CI.u(95%).Total.SURVEY_LC1_1A
4904.807,7591.434,CI.u(95%).Total.SURVEY_LC1_1B
 8849.521,17822.622,CI.u(95%).Total.SURVEY_LC1_1C
1347.808,1828.174,CI.u(95%).Total.SURVEY_LC1_1D
2763.383,7224.728,CI.u(95%).Total.SURVEY_LC1_1E
736.1552,763.4395,CI.u(95%).Total.SURVEY_LC1_1F
378.9532,199.8845,CI.u(95%).Total.SURVEY_LC1_1G
27.37661,85.67805,CI.u(95%).Total.SURVEY_LC1_1H
15766.16,30067.64,CI.u(95%).Total.SURVEY_LU1_1U1
201.61053, 70.34892,CI.u(95%).Total.SURVEY_LU1_1U2
2049.964,1166.445,CI.u(95%).Total.SURVEY_LU1_1U3
1290.455,3857.756,CI.u(95%).Total.SURVEY_LU1_1U4
426.4383,234.3569,CI.u(95%).Total.SURVEY_LC1_2A1
615.1798,433.1159,CI.u(95%).Total.SURVEY_LC1_2A2
43.35811,97.33108,CI.u(95%).Total.SURVEY_LC1_2A3
 741.6625,4456.9467,CI.u(95%).Total.SURVEY_LC1_2B1
  9.687962,158.821091,CI.u(95%).Total.SURVEY_LC1_2B2
 337.5727,1804.3914,CI.u(95%).Total.SURVEY_LC1_2B3
 18.51379,152.20742,CI.u(95%).Total.SURVEY_LC1_2B4
 25.46267,912.92845,CI.u(95%).Total.SURVEY_LC1_2B5
 42.40404,292.01300,CI.u(95%).Total.SURVEY_LC1_2B7
56.20641,92.78316,CI.u(95%).Total.SURVEY_LC1_2B8
3817.903,   0.000,CI.u(95%).Total.SURVEY_LC1_2Bx
 4928.712,12743.868,CI.u(95%).Total.SURVEY_LC1_2C1
3374.965,4131.142,CI.u(95%).Total.SURVEY_LC1_2C2
2312.458,4095.516,CI.u(95%).Total.SURVEY_LC1_2C3
 807.8018,1453.0942,CI.u(95%).Total.SURVEY_LC1_2D1
669.0104,502.7274,CI.u(95%).Total.SURVEY_LC1_2D2
500.0000,572.9991,CI.u(95%).Total.SURVEY_LC1_2E1
1895.172,5414.034,CI.u(95%).Total.SURVEY_LC1_2E2
 470.2344,1760.0861,CI.u(95%).Total.SURVEY_LC1_2E3
19.04144, 0.00000,CI.u(95%).Total.SURVEY_LC1_2Ex
140.297509,  3.580796,CI.u(95%).Total.SURVEY_LC1_2F1
3.592064,0.000000,CI.u(95%).Total.SURVEY_LC1_2F2
8.663839,0.000000,CI.u(95%).Total.SURVEY_LC1_2F3
589.8885,759.8587,CI.u(95%).Total.SURVEY_LC1_2F4
219.20116, 54.24801,CI.u(95%).Total.SURVEY_LC1_2G1
208.7421,150.4537,CI.u(95%).Total.SURVEY_LC1_2G2
27.37661,85.67805,CI.u(95%).Total.SURVEY_LC1_2H1
 6716.494,13933.346,CI.u(95%).Total.SURVEY_LU1_2U11
 9133.571,16931.936,CI.u(95%).Total.SURVEY_LU1_2U12
79.77070,23.64532,CI.u(95%).Total.SURVEY_LU1_2U13
43.42987,52.90892,CI.u(95%).Total.SURVEY_LU1_2U14
7.392535,0.000000,CI.u(95%).Total.SURVEY_LU1_2U15
108.51089, 33.02127,CI.u(95%).Total.SURVEY_LU1_2U21
109.44991, 52.11394,CI.u(95%).Total.SURVEY_LU1_2U22
685.4373,536.4997,CI.u(95%).Total.SURVEY_LU1_2U31
101.92953, 63.37814,CI.u(95%).Total.SURVEY_LU1_2U32
34.38277,26.10709,CI.u(95%).Total.SURVEY_LU1_2U33
56.32860,60.90362,CI.u(95%).Total.SURVEY_LU1_2U34
213.05784, 70.35451,CI.u(95%).Total.SURVEY_LU1_2U35
209.0671,135.0933,CI.u(95%).Total.SURVEY_LU1_2U36
1000.1459, 404.1972,CI.u(95%).Total.SURVEY_LU1_2U37
165.3215,280.3623,CI.u(95%).Total.SURVEY_LU1_2U41
1136.151,3607.554,CI.u(95%).Total.SURVEY_LU1_2U42
400.3547,234.3569,CI.u(95%).Total.SURVEY_LC1_3A11
56.55827, 0.00000,CI.u(95%).Total.SURVEY_LC1_3A12
235.0192,100.4150,CI.u(95%).Total.SURVEY_LC1_3A21
442.1684,348.5391,CI.u(95%).Total.SURVEY_LC1_3A22
43.35811,97.33108,CI.u(95%).Total.SURVEY_LC1_3A30
 174.7418,2070.5840,CI.u(95%).Total.SURVEY_LC1_3B11
 19.42523,226.74022,CI.u(95%).Total.SURVEY_LC1_3B12
 73.17322,660.48157,CI.u(95%).Total.SURVEY_LC1_3B13
 15.40122,121.30168,CI.u(95%).Total.SURVEY_LC1_3B14
  0.0000,120.8369,CI.u(95%).Total.SURVEY_LC1_3B15
 484.3499,1353.9973,CI.u(95%).Total.SURVEY_LC1_3B16
23.68994,84.86885,CI.u(95%).Total.SURVEY_LC1_3B18
24.07289,63.60329,CI.u(95%).Total.SURVEY_LC1_3B19
 0.00000,35.18062,CI.u(95%).Total.SURVEY_LC1_3B21
  9.687962,101.041913,CI.u(95%).Total.SURVEY_LC1_3B22
 0.00000,39.43022,CI.u(95%).Total.SURVEY_LC1_3B23
128.0841,429.9065,CI.u(95%).Total.SURVEY_LC1_3B31
169.2738,865.3732,CI.u(95%).Total.SURVEY_LC1_3B32
 70.42658,529.37317,CI.u(95%).Total.SURVEY_LC1_3B33
 0.00000,53.75364,CI.u(95%).Total.SURVEY_LC1_3B35
 0.00000,32.13229,CI.u(95%).Total.SURVEY_LC1_3B37
  7.84595,120.18064,CI.u(95%).Total.SURVEY_LC1_3B41
10.66784,44.50128,CI.u(95%).Total.SURVEY_LC1_3B43
  9.586477,126.855552,CI.u(95%).Total.SURVEY_LC1_3B51
  4.024007,360.695767,CI.u(95%).Total.SURVEY_LC1_3B52
 14.76363,276.86474,CI.u(95%).Total.SURVEY_LC1_3B53
 0.00000,44.31324,CI.u(95%).Total.SURVEY_LC1_3B54
  0.0000,201.6967,CI.u(95%).Total.SURVEY_LC1_3B55
 11.52583,189.15397,CI.u(95%).Total.SURVEY_LC1_3B71
 0.00000,19.71918,CI.u(95%).Total.SURVEY_LC1_3B72
 0.00000,19.65715,CI.u(95%).Total.SURVEY_LC1_3B73
10.90860,26.83525,CI.u(95%).Total.SURVEY_LC1_3B74
23.33989,63.59434,CI.u(95%).Total.SURVEY_LC1_3B75
47.22475,80.82492,CI.u(95%).Total.SURVEY_LC1_3B82
12.47594,13.14257,CI.u(95%).Total.SURVEY_LC1_3B83
0.00000,3.00349,CI.u(95%).Total.SURVEY_LC1_3B84
3522.323,   0.000,CI.u(95%).Total.SURVEY_LC1_3Bx1
306.5722,  0.0000,CI.u(95%).Total.SURVEY_LC1_3Bx2
29.51457, 0.00000,CI.u(95%).Total.SURVEY_LC1_3Bxx
 4924.32,12743.87,CI.u(95%).Total.SURVEY_LC1_3C10
4.391229,0.000000,CI.u(95%).Total.SURVEY_LC1_3C1x
3182.267,3128.835,CI.u(95%).Total.SURVEY_LC1_3C21
 209.1069,1597.0045,CI.u(95%).Total.SURVEY_LC1_3C22
32.40650,35.32812,CI.u(95%).Total.SURVEY_LC1_3C23
1377.062,3175.977,CI.u(95%).Total.SURVEY_LC1_3C31
 96.1280,945.0099,CI.u(95%).Total.SURVEY_LC1_3C32
1324.7761, 992.1692,CI.u(95%).Total.SURVEY_LC1_3C33
9.410415,0.000000,CI.u(95%).Total.SURVEY_LC1_3C3x
 804.047,1453.094,CI.u(95%).Total.SURVEY_LC1_3D10
3.754786,0.000000,CI.u(95%).Total.SURVEY_LC1_3D1x
661.4721,502.7274,CI.u(95%).Total.SURVEY_LC1_3D20
7.538256,0.000000,CI.u(95%).Total.SURVEY_LC1_3D2x
500.0000,572.9991,CI.u(95%).Total.SURVEY_LC1_3E10
1895.172,5414.034,CI.u(95%).Total.SURVEY_LC1_3E20
 470.2344,1760.0861,CI.u(95%).Total.SURVEY_LC1_3E30
19.04144, 0.00000,CI.u(95%).Total.SURVEY_LC1_3Exx
140.297509,  3.580796,CI.u(95%).Total.SURVEY_LC1_3F10
3.592064,0.000000,CI.u(95%).Total.SURVEY_LC1_3F20
8.663839,0.000000,CI.u(95%).Total.SURVEY_LC1_3F30
585.1442,759.8587,CI.u(95%).Total.SURVEY_LC1_3F40
8.627166,0.000000,CI.u(95%).Total.SURVEY_LC1_3F4x
219.20116, 54.24801,CI.u(95%).Total.SURVEY_LC1_3G11
208.7421,150.4537,CI.u(95%).Total.SURVEY_LC1_3G21
27.37661,85.67805,CI.u(95%).Total.SURVEY_LC1_3H11
 6369.032,13468.134,CI.u(95%).Total.SURVEY_LU1_3U111
 83.15498,286.67574,CI.u(95%).Total.SURVEY_LU1_3U112
315.5209,270.3532,CI.u(95%).Total.SURVEY_LU1_3U113
 9133.571,16931.936,CI.u(95%).Total.SURVEY_LU1_3U120
79.77070,23.64532,CI.u(95%).Total.SURVEY_LU1_3U130
43.42987,52.90892,CI.u(95%).Total.SURVEY_LU1_3U140
7.392535,0.000000,CI.u(95%).Total.SURVEY_LU1_3U150
108.51089, 33.02127,CI.u(95%).Total.SURVEY_LU1_3U210
18.20412,36.23791,CI.u(95%).Total.SURVEY_LU1_3U221
35.19821, 0.00000,CI.u(95%).Total.SURVEY_LU1_3U222
23.0456, 0.0000,CI.u(95%).Total.SURVEY_LU1_3U223
0.000000,4.163172,CI.u(95%).Total.SURVEY_LU1_3U224
13.563383, 3.544307,CI.u(95%).Total.SURVEY_LU1_3U225
37.391745, 4.164104,CI.u(95%).Total.SURVEY_LU1_3U226
12.843478, 4.004452,CI.u(95%).Total.SURVEY_LU1_3U227
35.25078,87.02808,CI.u(95%).Total.SURVEY_LU1_3U311
438.8750,337.5981,CI.u(95%).Total.SURVEY_LU1_3U312
136.52947, 15.52141,CI.u(95%).Total.SURVEY_LU1_3U313
21.68226, 0.00000,CI.u(95%).Total.SURVEY_LU1_3U314
 0.00000,16.44869,CI.u(95%).Total.SURVEY_LU1_3U315
88.97639,33.51388,CI.u(95%).Total.SURVEY_LU1_3U317
35.06095,38.73253,CI.u(95%).Total.SURVEY_LU1_3U318
 8.749379,68.380642,CI.u(95%).Total.SURVEY_LU1_3U319
79.00898,59.32131,CI.u(95%).Total.SURVEY_LU1_3U321
32.036511, 4.056828,CI.u(95%).Total.SURVEY_LU1_3U322
34.38277,26.10709,CI.u(95%).Total.SURVEY_LU1_3U330
56.32860,60.90362,CI.u(95%).Total.SURVEY_LU1_3U341
213.05784, 70.35451,CI.u(95%).Total.SURVEY_LU1_3U350
105.48013, 87.21727,CI.u(95%).Total.SURVEY_LU1_3U361
116.94593, 54.52135,CI.u(95%).Total.SURVEY_LU1_3U362
1000.1459, 404.1972,CI.u(95%).Total.SURVEY_LU1_3U370
 7.361232,11.958844,CI.u(95%).Total.SURVEY_LU1_3U411
3.71958,0.00000,CI.u(95%).Total.SURVEY_LU1_3U412
0.000000,2.899875,CI.u(95%).Total.SURVEY_LU1_3U413
11.903388, 7.960988,CI.u(95%).Total.SURVEY_LU1_3U414
142.3373,261.0794,CI.u(95%).Total.SURVEY_LU1_3U415
1136.151,3607.554,CI.u(95%).Total.SURVEY_LU1_3U420
17151.27,32924.95,CI.u(95%).Total.settlement0
2060.099,1150.706,CI.u(95%).Total.settlement1
0.3794765,0.2119635,CI.u(95%).Total.settl_pc
10212.85,16117.51,CI.u(95%).Total.fao_class_name0
 8739.931,18019.264,CI.u(95%).Total.fao_class_name1
 679.4061,1259.8435,CI.u(95%).Total.fao_class_name2
 74.97399,196.05008,CI.u(95%).Total.fao_class_name3
17838.67,33450.10,CI.u(95%).Total.lue0
1385.9947, 607.5747,CI.u(95%).Total.lue1
18239.74,33357.09,CI.u(95%).Total.lud0
981.6814,678.5526,CI.u(95%).Total.lud1
0.06071637,0.03214522,CV.Total.area
0.06513148,0.07004554,CV.Total.SURVEY_LC1_1A
0.01495961,0.01206257,CV.Total.SURVEY_LC1_1B
0.15065481,0.06971356,CV.Total.SURVEY_LC1_1C
0.2053631,0.2983477,CV.Total.SURVEY_LC1_1D
0.0299946,0.0877788,CV.Total.SURVEY_LC1_1E
0.06177176,0.05064251,CV.Total.SURVEY_LC1_1F
0.05210555,0.09774571,CV.Total.SURVEY_LC1_1G
0.0000000,0.1069398,CV.Total.SURVEY_LC1_1H
0.07542784,0.03876948,CV.Total.SURVEY_LU1_1U1
0.1362244,0.3402818,CV.Total.SURVEY_LU1_1U2
0.02994580,0.04924556,CV.Total.SURVEY_LU1_1U3
0.02022091,0.16558410,CV.Total.SURVEY_LU1_1U4
0.1234789,0.2285231,CV.Total.SURVEY_LC1_2A1
0.11325191,0.07066996,CV.Total.SURVEY_LC1_2A2
0.2415435,0.1671915,CV.Total.SURVEY_LC1_2A3
0.04723438,0.01707219,CV.Total.SURVEY_LC1_2B1
0.49416549,0.09466285,CV.Total.SURVEY_LC1_2B2
0.07495125,0.03203558,CV.Total.SURVEY_LC1_2B3
0.2018798,0.1285942,CV.Total.SURVEY_LC1_2B4
0.19550450,0.05269835,CV.Total.SURVEY_LC1_2B5
0.12054858,0.08619938,CV.Total.SURVEY_LC1_2B7
0.3617016,0.1394676,CV.Total.SURVEY_LC1_2B8
0.0179493,NA,CV.Total.SURVEY_LC1_2Bx
0.2133886,0.1171314,CV.Total.SURVEY_LC1_2C1
0.3160454,0.2962092,CV.Total.SURVEY_LC1_2C2
0.4167134,0.2631455,CV.Total.SURVEY_LC1_2C3
0.3884940,0.4237211,CV.Total.SURVEY_LC1_2D1
0.1692062,0.2027372,CV.Total.SURVEY_LC1_2D2
0.10913512,0.09499282,CV.Total.SURVEY_LC1_2E1
0.03772449,0.09353929,CV.Total.SURVEY_LC1_2E2
0.0539120,0.3018011,CV.Total.SURVEY_LC1_2E3
0.6943651,NA,CV.Total.SURVEY_LC1_2Ex
0.02501696,0.00000000,CV.Total.SURVEY_LC1_2F1
  0,NA,CV.Total.SURVEY_LC1_2F2
  0,NA,CV.Total.SURVEY_LC1_2F3
0.07916148,0.05090497,CV.Total.SURVEY_LC1_2F4
0.11934166,0.05465289,CV.Total.SURVEY_LC1_2G1
0.1306359,0.1362246,CV.Total.SURVEY_LC1_2G2
0.0000000,0.1069398,CV.Total.SURVEY_LC1_2H1
0.01395250,0.03279272,CV.Total.SURVEY_LU1_2U11
0.14512543,0.07389612,CV.Total.SURVEY_LU1_2U12
0.4419818,0.0000000,CV.Total.SURVEY_LU1_2U13
0.09236031,0.18487319,CV.Total.SURVEY_LU1_2U14
  0,NA,CV.Total.SURVEY_LU1_2U15
0.2518341,0.8320503,CV.Total.SURVEY_LU1_2U21
0.1355646,0.3865392,CV.Total.SURVEY_LU1_2U22
0.09985824,0.06065649,CV.Total.SURVEY_LU1_2U31
0.1780874,0.3472583,CV.Total.SURVEY_LU1_2U32
0.3213775,0.1139605,CV.Total.SURVEY_LU1_2U33
0.6126519,0.5236994,CV.Total.SURVEY_LU1_2U34
0.08555433,0.22177513,CV.Total.SURVEY_LU1_2U35
0.09930809,0.10736971,CV.Total.SURVEY_LU1_2U36
0.06745318,0.10626624,CV.Total.SURVEY_LU1_2U37
0.04177273,0.06259795,CV.Total.SURVEY_LU1_2U41
0.02235947,0.18102128,CV.Total.SURVEY_LU1_2U42
0.1339408,0.2285231,CV.Total.SURVEY_LC1_3A11
0.5896682,NA,CV.Total.SURVEY_LC1_3A12
0.2280943,0.1184417,CV.Total.SURVEY_LC1_3A21
0.15132989,0.08467905,CV.Total.SURVEY_LC1_3A22
0.2415435,0.1671915,CV.Total.SURVEY_LC1_3A30
0.09246166,0.02657581,CV.Total.SURVEY_LC1_3B11
0.41852086,0.08382453,CV.Total.SURVEY_LC1_3B12
0.17608971,0.05086598,CV.Total.SURVEY_LC1_3B13
0.6718680,0.3504333,CV.Total.SURVEY_LC1_3B14
NA,0.1528984,CV.Total.SURVEY_LC1_3B15
0.05969196,0.03297668,CV.Total.SURVEY_LC1_3B16
0.4457188,0.1562704,CV.Total.SURVEY_LC1_3B18
0.4415354,0.1719820,CV.Total.SURVEY_LC1_3B19
NA,0.2078539,CV.Total.SURVEY_LC1_3B21
0.4941655,0.1185059,CV.Total.SURVEY_LC1_3B22
NA,0.2356708,CV.Total.SURVEY_LC1_3B23
0.10737514,0.05949324,CV.Total.SURVEY_LC1_3B31
0.11906512,0.04508513,CV.Total.SURVEY_LC1_3B32
0.1905873,0.0787982,CV.Total.SURVEY_LC1_3B33
NA,0.1721214,CV.Total.SURVEY_LC1_3B35
NA,0.3564369,CV.Total.SURVEY_LC1_3B37
0.0000000,0.1260704,CV.Total.SURVEY_LC1_3B41
0.4941655,0.3908221,CV.Total.SURVEY_LC1_3B43
0.4941655,0.1475712,CV.Total.SURVEY_LC1_3B51
0.0000000,0.0691637,CV.Total.SURVEY_LC1_3B52
0.28144741,0.09559561,CV.Total.SURVEY_LC1_3B53
NA,0.2741021,CV.Total.SURVEY_LC1_3B54
NA,0.1784758,CV.Total.SURVEY_LC1_3B55
0.0000000,0.1315882,CV.Total.SURVEY_LC1_3B71
NA,0.3936643,CV.Total.SURVEY_LC1_3B72
NA,  0,CV.Total.SURVEY_LC1_3B73
0.5403702,0.3418765,CV.Total.SURVEY_LC1_3B74
0.1711819,0.1068768,CV.Total.SURVEY_LC1_3B75
0.4845622,0.1604770,CV.Total.SURVEY_LC1_3B82
0.2240793,0.2903508,CV.Total.SURVEY_LC1_3B83
NA,  0,CV.Total.SURVEY_LC1_3B84
0.01884577,NA,CV.Total.SURVEY_LC1_3Bx1
0.06088277,NA,CV.Total.SURVEY_LC1_3Bx2
0.3546707,NA,CV.Total.SURVEY_LC1_3Bxx
0.2136586,0.1171314,CV.Total.SURVEY_LC1_3C10
  0,NA,CV.Total.SURVEY_LC1_3C1x
0.3479532,0.3658584,CV.Total.SURVEY_LC1_3C21
0.1239553,0.5445453,CV.Total.SURVEY_LC1_3C22
0.1839414,0.4376743,CV.Total.SURVEY_LC1_3C23
0.5044980,0.3412233,CV.Total.SURVEY_LC1_3C31
0.1731765,0.7189182,CV.Total.SURVEY_LC1_3C32
0.8319183,0.7350278,CV.Total.SURVEY_LC1_3C33
0.437595,NA,CV.Total.SURVEY_LC1_3C3x
0.3917010,0.4237211,CV.Total.SURVEY_LC1_3D10
  0,NA,CV.Total.SURVEY_LC1_3D1x
0.1717837,0.2027372,CV.Total.SURVEY_LC1_3D20
  0,NA,CV.Total.SURVEY_LC1_3D2x
0.10913512,0.09499282,CV.Total.SURVEY_LC1_3E10
0.03772449,0.09353929,CV.Total.SURVEY_LC1_3E20
0.0539120,0.3018011,CV.Total.SURVEY_LC1_3E30
0.6943651,NA,CV.Total.SURVEY_LC1_3Exx
0.02501696,0.00000000,CV.Total.SURVEY_LC1_3F10
  0,NA,CV.Total.SURVEY_LC1_3F20
  0,NA,CV.Total.SURVEY_LC1_3F30
0.07978699,0.05090497,CV.Total.SURVEY_LC1_3F40
0.437595,NA,CV.Total.SURVEY_LC1_3F4x
0.11934166,0.05465289,CV.Total.SURVEY_LC1_3G11
0.1306359,0.1362246,CV.Total.SURVEY_LC1_3G21
0.0000000,0.1069398,CV.Total.SURVEY_LC1_3H11
0.01453992,0.03400656,CV.Total.SURVEY_LU1_3U111
0.2112582,0.1009559,CV.Total.SURVEY_LU1_3U112
0.05198198,0.10007290,CV.Total.SURVEY_LU1_3U113
0.14512543,0.07389612,CV.Total.SURVEY_LU1_3U120
0.4419818,0.0000000,CV.Total.SURVEY_LU1_3U130
0.09236031,0.18487319,CV.Total.SURVEY_LU1_3U140
  0,NA,CV.Total.SURVEY_LU1_3U150
0.2518341,0.8320503,CV.Total.SURVEY_LU1_3U210
0.3758936,0.8320503,CV.Total.SURVEY_LU1_3U221
0.4075099,NA,CV.Total.SURVEY_LU1_3U222
0.1574773,NA,CV.Total.SURVEY_LU1_3U223
NA,  0,CV.Total.SURVEY_LU1_3U224
0.2586172,0.0000000,CV.Total.SURVEY_LU1_3U225
0.3930915,0.0000000,CV.Total.SURVEY_LU1_3U226
0.243677,0.000000,CV.Total.SURVEY_LU1_3U227
0.0000000,0.2865494,CV.Total.SURVEY_LU1_3U311
0.15261572,0.09537754,CV.Total.SURVEY_LU1_3U312
0.2421893,0.0000000,CV.Total.SURVEY_LU1_3U313
0.280382,NA,CV.Total.SURVEY_LU1_3U314
NA,0.6943651,CV.Total.SURVEY_LU1_3U315
0.3115056,0.2052830,CV.Total.SURVEY_LU1_3U317
0.09419156,0.02182794,CV.Total.SURVEY_LU1_3U318
0.0000000,0.1149473,CV.Total.SURVEY_LU1_3U319
0.2157408,0.3891180,CV.Total.SURVEY_LU1_3U321
0.3059208,0.0000000,CV.Total.SURVEY_LU1_3U322
0.3213775,0.1139605,CV.Total.SURVEY_LU1_3U330
0.6126519,0.5236994,CV.Total.SURVEY_LU1_3U341
0.08555433,0.22177513,CV.Total.SURVEY_LU1_3U350
0.09803347,0.05201871,CV.Total.SURVEY_LU1_3U361
0.1793858,0.3467927,CV.Total.SURVEY_LU1_3U362
0.06745318,0.10626624,CV.Total.SURVEY_LU1_3U370
0.0000000,0.2348471,CV.Total.SURVEY_LU1_3U411
  0,NA,CV.Total.SURVEY_LU1_3U412
NA,  0,CV.Total.SURVEY_LU1_3U413
0,0,CV.Total.SURVEY_LU1_3U414
0.04916810,0.06725277,CV.Total.SURVEY_LU1_3U415
0.02235947,0.18102128,CV.Total.SURVEY_LU1_3U420
0.06852714,0.03322047,CV.Total.settlement0
0.02830485,0.04866123,CV.Total.settlement1
0.02830485,0.04866123,CV.Total.settl_pc
0.01329720,0.02861868,CV.Total.fao_class_name0
0.1530833,0.0671028,CV.Total.fao_class_name1
0.5389495,0.5592050,CV.Total.fao_class_name2
0.07305351,0.06016984,CV.Total.fao_class_name3
0.06561995,0.03266304,CV.Total.lue0
0.04817338,0.07999785,CV.Total.lue1
0.06401197,0.03278333,CV.Total.lud0
0.06829322,0.04855749,CV.Total.lud1
